2026-04-07 14:35:05.635201: I tensorflow/core/util/port.cc:113] oneDNN custom operations are on. You may see slightly different numerical results due to floating-point round-off errors from different computation orders. To turn them off, set the environment variable `TF_ENABLE_ONEDNN_OPTS=0`.
2026-04-07 14:35:06.318250: E external/local_xla/xla/stream_executor/cuda/cuda_dnn.cc:9261] Unable to register cuDNN factory: Attempting to register factory for plugin cuDNN when one has already been registered
2026-04-07 14:35:06.318373: E external/local_xla/xla/stream_executor/cuda/cuda_fft.cc:607] Unable to register cuFFT factory: Attempting to register factory for plugin cuFFT when one has already been registered
2026-04-07 14:35:06.420812: E external/local_xla/xla/stream_executor/cuda/cuda_blas.cc:1515] Unable to register cuBLAS factory: Attempting to register factory for plugin cuBLAS when one has already been registered
2026-04-07 14:35:06.641199: I tensorflow/core/platform/cpu_feature_guard.cc:182] This TensorFlow binary is optimized to use available CPU instructions in performance-critical operations.
To enable the following instructions: AVX2 AVX512F AVX512_VNNI FMA, in other operations, rebuild TensorFlow with the appropriate compiler flags.
2026-04-07 14:35:08.328134: W tensorflow/compiler/tf2tensorrt/utils/py_utils.cc:38] TF-TRT Warning: Could not find TensorRT
[robosuite WARNING] No private macro file found! (macros.py:53)
[robosuite WARNING] It is recommended to use a private macro file (macros.py:54)
[robosuite WARNING] To setup, run: python /root/sj-tmp/conda-envs/openvla-oft/lib/python3.10/site-packages/robosuite/scripts/setup_macros.py (macros.py:55)
Gym has been unmaintained since 2022 and does not support NumPy 2.0 amongst other critical functionality.
Please upgrade to Gymnasium, the maintained drop-in replacement of Gym, or contact the authors of your software and request that they upgrade.
See the migration guide at https://gymnasium.farama.org/introduction/migration_guide/ for additional information.
Using LIBERO constants:
  NUM_ACTIONS_CHUNK = 8
  ACTION_DIM = 7
  PROPRIO_DIM = 8
  ACTION_PROPRIO_NORMALIZATION_TYPE = bounds_q99
If needed, manually set the correct constants in `prismatic/vla/constants.py`!
04/07 [14:35:37] INFO     | >> generated new fontManager    font_manager.py:1443
/root/sj-tmp/conda-envs/openvla-oft/lib/python3.10/site-packages/matplotlib/_mathtext.py:30: PyparsingDeprecationWarning: 'enablePackrat' deprecated - use 'enable_packrat'
  ParserElement.enablePackrat()
                 WARNING  | >> In                                    core.py:201
                          /root/sj-tmp/conda-envs/openvla-oft/lib/py            
                          thon3.10/site-packages/matplotlib/mpl-data            
                          /stylelib/classic.mplstyle: 'parseString'             
                          deprecated - use 'parse_string'                       
                 WARNING  | >> In                                    core.py:201
                          /root/sj-tmp/conda-envs/openvla-oft/lib/py            
                          thon3.10/site-packages/matplotlib/mpl-data            
                          /stylelib/classic.mplstyle: 'resetCache'              
                          deprecated - use 'reset_cache'                        
Instantiating pretrained VLA policy...
Created backup of original config at: /root/sj-tmp/workspace/vla-cache/src/openvla-oft/checkpoints/openvla-7b-oft-finetuned-libero-spatial-object-goal-10/config.json.back.20260407_143539
Updated config.json at: /root/sj-tmp/workspace/vla-cache/src/openvla-oft/checkpoints/openvla-7b-oft-finetuned-libero-spatial-object-goal-10/config.json
Changes made:
  - Set AutoConfig to "configuration_prismatic.OpenVLAConfig"
  - Set AutoModelForVision2Seq to "modeling_prismatic.OpenVLAForActionPrediction"
04/07 [14:35:39] WARNING  | >> Expected                modeling_prismatic.py:333
                          `transformers==4.40.1` and                            
                          `tokenizers==0.19.1` but got                          
                          `transformers==4.47.0` and                            
                          `tokenizers==0.21.1`; there                           
                          might be inference-time                               
                          regressions due to                                    
                          dependency changes. If in                             
                          doubt, pleaseuse the above                            
                          versions.                                             
Loading checkpoint shards:   0%|          | 0/4 [00:00<?, ?it/s]Loading checkpoint shards:  25%|██▌       | 1/4 [00:00<00:01,  1.99it/s]Loading checkpoint shards:  50%|█████     | 2/4 [00:00<00:00,  2.27it/s]Loading checkpoint shards:  75%|███████▌  | 3/4 [00:01<00:00,  2.35it/s]Loading checkpoint shards: 100%|██████████| 4/4 [00:01<00:00,  2.62it/s]Loading checkpoint shards: 100%|██████████| 4/4 [00:01<00:00,  2.46it/s]
Loaded model: <class 'transformers_modules.openvla-7b-oft-finetuned-libero-spatial-object-goal-10.modeling_prismatic.OpenVLAForActionPrediction'>
04/07 [14:36:22] INFO     | >> Logging to local log file: run_libero_eval.py:215
                          ./experiments/logs/EVAL-libero_                       
                          object-openvla-2026_04_07-14_35                       
                          _38--E5i_vlacache_skip34_bf16_2                       
                          0t.txt                                                
[info] using task orders [0, 1, 2, 3, 4, 5, 6, 7, 8, 9]
                 INFO     | >> Task suite: libero_object  run_libero_eval.py:230
  0%|          | 0/10 [00:00<?, ?it/s][Warning]: datasets path /root/sj-tmp/workspace/LIBERO/libero/libero/../datasets does not exist!
                 INFO     | >> Using default initial      run_libero_eval.py:230
                          states                                                
[Warning]: datasets path /root/sj-tmp/workspace/LIBERO/libero/libero/../datasets does not exist!

  0%|          | 0/20 [00:00<?, ?it/s][A04/07 [14:36:25] INFO     | >>                            run_libero_eval.py:230
                          Task: pick up the alphabet soup                       
                          and place it in the basket                            
                 INFO     | >> Starting episode 1...      run_libero_eval.py:230
LlamaModel is using LlamaSdpaAttention, but `torch.nn.functional.scaled_dot_product_attention` does not support `output_attentions=True`. Falling back to the manual attention implementation, but specifying the manual implementation will be required from Transformers version v5.0.0 onwards. This warning can be removed using the argument `attn_implementation="eager"` when loading the model.
huggingface/tokenizers: The current process just got forked, after parallelism has already been used. Disabling parallelism to avoid deadlocks...
To disable this warning, you can either:
	- Avoid using `tokenizers` before the fork if possible
	- Explicitly set the environment variable TOKENIZERS_PARALLELISM=(true | false)
huggingface/tokenizers: The current process just got forked, after parallelism has already been used. Disabling parallelism to avoid deadlocks...
To disable this warning, you can either:
	- Avoid using `tokenizers` before the fork if possible
	- Explicitly set the environment variable TOKENIZERS_PARALLELISM=(true | false)
>> VLA-Cache inference mode
Current CUDA latency: 710.924255 ms | Average CUDA latency: 710.924255 ms, Average TFLOPs: 3.705766
>> VLA-Cache inference mode
Current CUDA latency: 568.495483 ms | Average CUDA latency: 639.709869 ms, Average TFLOPs: 3.330907
>> VLA-Cache inference mode
Current CUDA latency: 260.741180 ms | Average CUDA latency: 513.386973 ms, Average TFLOPs: 3.198677
>> VLA-Cache inference mode
Current CUDA latency: 311.632050 ms | Average CUDA latency: 462.948242 ms, Average TFLOPs: 3.126471
>> VLA-Cache inference mode
Current CUDA latency: 246.981445 ms | Average CUDA latency: 419.754883 ms, Average TFLOPs: 3.085161
>> VLA-Cache inference mode
Current CUDA latency: 255.467270 ms | Average CUDA latency: 392.373614 ms, Average TFLOPs: 3.051884
>> VLA-Cache inference mode
Current CUDA latency: 185.059296 ms | Average CUDA latency: 362.757283 ms, Average TFLOPs: 3.020086
>> VLA-Cache inference mode
Current CUDA latency: 165.051239 ms | Average CUDA latency: 338.044027 ms, Average TFLOPs: 3.005150
>> VLA-Cache inference mode
Current CUDA latency: 203.973465 ms | Average CUDA latency: 323.147298 ms, Average TFLOPs: 2.990597
>> VLA-Cache inference mode
Current CUDA latency: 153.762375 ms | Average CUDA latency: 306.208806 ms, Average TFLOPs: 2.980801
>> VLA-Cache inference mode
Current CUDA latency: 121.925758 ms | Average CUDA latency: 289.455802 ms, Average TFLOPs: 2.967831
>> VLA-Cache inference mode
Current CUDA latency: 104.113983 ms | Average CUDA latency: 274.010650 ms, Average TFLOPs: 2.956184
>> VLA-Cache inference mode
Current CUDA latency: 100.543777 ms | Average CUDA latency: 260.667044 ms, Average TFLOPs: 2.946556
>> VLA-Cache inference mode
Current CUDA latency: 203.440765 ms | Average CUDA latency: 256.579453 ms, Average TFLOPs: 2.938542
>> VLA-Cache inference mode
Current CUDA latency: 182.050842 ms | Average CUDA latency: 251.610879 ms, Average TFLOPs: 2.934169
>> VLA-Cache inference mode
Current CUDA latency: 134.499847 ms | Average CUDA latency: 244.291440 ms, Average TFLOPs: 2.930499
>> VLA-Cache inference mode
Current CUDA latency: 134.334106 ms | Average CUDA latency: 237.823361 ms, Average TFLOPs: 2.927730
Average time per step: 727.1416 ms, Control Frequency: 11.00 Hz, Token Reusing Ratio (Primary): 33.64 %, , Token Reusing Ratio (Wrist): 35.98 %
Saved rollout MP4 at path ./rollouts/2026_04_07/primary--2026_04_07-14_35_38--episode=1--success=True--task=pick_up_the_alphabet_soup_and_place_it_in_the_bask.mp4
Saved rollout MP4 at path ./rollouts/2026_04_07/wrist--2026_04_07-14_35_38--episode=1--success=True--task=pick_up_the_alphabet_soup_and_place_it_in_the_bask.mp4
04/07 [14:37:44] INFO     | >> Success: True              run_libero_eval.py:230
                 INFO     | >> # episodes completed so    run_libero_eval.py:230
                          far: 1                                                
                 INFO     | >> # successes: 1 (100.0%)    run_libero_eval.py:230

  5%|▌         | 1/20 [01:19<25:02, 79.06s/it][A                 INFO     | >>                            run_libero_eval.py:230
                          Task: pick up the alphabet soup                       
                          and place it in the basket                            
                 INFO     | >> Starting episode 2...      run_libero_eval.py:230
huggingface/tokenizers: The current process just got forked, after parallelism has already been used. Disabling parallelism to avoid deadlocks...
To disable this warning, you can either:
	- Avoid using `tokenizers` before the fork if possible
	- Explicitly set the environment variable TOKENIZERS_PARALLELISM=(true | false)
huggingface/tokenizers: The current process just got forked, after parallelism has already been used. Disabling parallelism to avoid deadlocks...
To disable this warning, you can either:
	- Avoid using `tokenizers` before the fork if possible
	- Explicitly set the environment variable TOKENIZERS_PARALLELISM=(true | false)
>> VLA-Cache inference mode
Current CUDA latency: 262.932617 ms | Average CUDA latency: 239.218320 ms, Average TFLOPs: 2.970954
>> VLA-Cache inference mode
Current CUDA latency: 367.840393 ms | Average CUDA latency: 245.987903 ms, Average TFLOPs: 2.969882
>> VLA-Cache inference mode
Current CUDA latency: 138.042084 ms | Average CUDA latency: 240.590612 ms, Average TFLOPs: 2.968350
>> VLA-Cache inference mode
Current CUDA latency: 130.555969 ms | Average CUDA latency: 235.350867 ms, Average TFLOPs: 2.964806
>> VLA-Cache inference mode
Current CUDA latency: 125.055168 ms | Average CUDA latency: 230.337426 ms, Average TFLOPs: 2.963110
>> VLA-Cache inference mode
Current CUDA latency: 167.584961 ms | Average CUDA latency: 227.609058 ms, Average TFLOPs: 2.961725
>> VLA-Cache inference mode
Current CUDA latency: 131.555481 ms | Average CUDA latency: 223.606826 ms, Average TFLOPs: 2.959738
>> VLA-Cache inference mode
Current CUDA latency: 125.557091 ms | Average CUDA latency: 219.684836 ms, Average TFLOPs: 2.956735
>> VLA-Cache inference mode
Current CUDA latency: 131.982407 ms | Average CUDA latency: 216.311666 ms, Average TFLOPs: 2.953284
>> VLA-Cache inference mode
Current CUDA latency: 119.848030 ms | Average CUDA latency: 212.738939 ms, Average TFLOPs: 2.949298
>> VLA-Cache inference mode
Current CUDA latency: 105.165154 ms | Average CUDA latency: 208.897018 ms, Average TFLOPs: 2.946060
>> VLA-Cache inference mode
Current CUDA latency: 144.150726 ms | Average CUDA latency: 206.664387 ms, Average TFLOPs: 2.943510
>> VLA-Cache inference mode
Current CUDA latency: 246.895264 ms | Average CUDA latency: 208.005416 ms, Average TFLOPs: 2.941242
>> VLA-Cache inference mode
Current CUDA latency: 142.091965 ms | Average CUDA latency: 205.879176 ms, Average TFLOPs: 2.939690
>> VLA-Cache inference mode
Current CUDA latency: 217.173721 ms | Average CUDA latency: 206.232130 ms, Average TFLOPs: 2.936215
>> VLA-Cache inference mode
Current CUDA latency: 118.909309 ms | Average CUDA latency: 203.585984 ms, Average TFLOPs: 2.933776
>> VLA-Cache inference mode
Current CUDA latency: 285.245331 ms | Average CUDA latency: 205.987730 ms, Average TFLOPs: 2.933221
>> VLA-Cache inference mode
Current CUDA latency: 154.747040 ms | Average CUDA latency: 204.523710 ms, Average TFLOPs: 2.932421
Average time per step: 646.9179 ms, Control Frequency: 12.37 Hz, Token Reusing Ratio (Primary): 33.07 %, , Token Reusing Ratio (Wrist): 36.04 %
Saved rollout MP4 at path ./rollouts/2026_04_07/primary--2026_04_07-14_35_38--episode=2--success=True--task=pick_up_the_alphabet_soup_and_place_it_in_the_bask.mp4
Saved rollout MP4 at path ./rollouts/2026_04_07/wrist--2026_04_07-14_35_38--episode=2--success=True--task=pick_up_the_alphabet_soup_and_place_it_in_the_bask.mp4
04/07 [14:39:00] INFO     | >> Success: True              run_libero_eval.py:230
                 INFO     | >> # episodes completed so    run_libero_eval.py:230
                          far: 2                                                
                 INFO     | >> # successes: 2 (100.0%)    run_libero_eval.py:230

 10%|█         | 2/20 [02:34<23:06, 77.00s/it][A                 INFO     | >>                            run_libero_eval.py:230
                          Task: pick up the alphabet soup                       
                          and place it in the basket                            
                 INFO     | >> Starting episode 3...      run_libero_eval.py:230
huggingface/tokenizers: The current process just got forked, after parallelism has already been used. Disabling parallelism to avoid deadlocks...
To disable this warning, you can either:
	- Avoid using `tokenizers` before the fork if possible
	- Explicitly set the environment variable TOKENIZERS_PARALLELISM=(true | false)
huggingface/tokenizers: The current process just got forked, after parallelism has already been used. Disabling parallelism to avoid deadlocks...
To disable this warning, you can either:
	- Avoid using `tokenizers` before the fork if possible
	- Explicitly set the environment variable TOKENIZERS_PARALLELISM=(true | false)
>> VLA-Cache inference mode
Current CUDA latency: 369.832092 ms | Average CUDA latency: 209.115609 ms, Average TFLOPs: 2.953903
>> VLA-Cache inference mode
Current CUDA latency: 362.653625 ms | Average CUDA latency: 213.265286 ms, Average TFLOPs: 2.954279
>> VLA-Cache inference mode
Current CUDA latency: 139.711807 ms | Average CUDA latency: 211.329668 ms, Average TFLOPs: 2.954061
>> VLA-Cache inference mode
Current CUDA latency: 167.619080 ms | Average CUDA latency: 210.208883 ms, Average TFLOPs: 2.953390
>> VLA-Cache inference mode
Current CUDA latency: 169.558395 ms | Average CUDA latency: 209.192621 ms, Average TFLOPs: 2.953414
>> VLA-Cache inference mode
Current CUDA latency: 108.514946 ms | Average CUDA latency: 206.737068 ms, Average TFLOPs: 2.952321
>> VLA-Cache inference mode
Current CUDA latency: 151.008133 ms | Average CUDA latency: 205.410189 ms, Average TFLOPs: 2.949941
>> VLA-Cache inference mode
Current CUDA latency: 118.656387 ms | Average CUDA latency: 203.392658 ms, Average TFLOPs: 2.946180
>> VLA-Cache inference mode
Current CUDA latency: 120.658493 ms | Average CUDA latency: 201.512337 ms, Average TFLOPs: 2.943971
>> VLA-Cache inference mode
Current CUDA latency: 117.219582 ms | Average CUDA latency: 199.639164 ms, Average TFLOPs: 2.943166
>> VLA-Cache inference mode
Current CUDA latency: 125.832993 ms | Average CUDA latency: 198.034682 ms, Average TFLOPs: 2.941721
>> VLA-Cache inference mode
Current CUDA latency: 112.798332 ms | Average CUDA latency: 196.221143 ms, Average TFLOPs: 2.940239
>> VLA-Cache inference mode
Current CUDA latency: 203.565536 ms | Average CUDA latency: 196.374151 ms, Average TFLOPs: 2.938873
>> VLA-Cache inference mode
Current CUDA latency: 253.099197 ms | Average CUDA latency: 197.531805 ms, Average TFLOPs: 2.938264
>> VLA-Cache inference mode
Current CUDA latency: 159.315140 ms | Average CUDA latency: 196.767472 ms, Average TFLOPs: 2.937210
>> VLA-Cache inference mode
Current CUDA latency: 126.902115 ms | Average CUDA latency: 195.397563 ms, Average TFLOPs: 2.936073
>> VLA-Cache inference mode
Current CUDA latency: 187.585922 ms | Average CUDA latency: 195.247339 ms, Average TFLOPs: 2.935706
Average time per step: 634.4303 ms, Control Frequency: 12.61 Hz, Token Reusing Ratio (Primary): 32.85 %, , Token Reusing Ratio (Wrist): 35.95 %
Saved rollout MP4 at path ./rollouts/2026_04_07/primary--2026_04_07-14_35_38--episode=3--success=True--task=pick_up_the_alphabet_soup_and_place_it_in_the_bask.mp4
Saved rollout MP4 at path ./rollouts/2026_04_07/wrist--2026_04_07-14_35_38--episode=3--success=True--task=pick_up_the_alphabet_soup_and_place_it_in_the_bask.mp4
04/07 [14:40:14] INFO     | >> Success: True              run_libero_eval.py:230
                 INFO     | >> # episodes completed so    run_libero_eval.py:230
                          far: 3                                                
                 INFO     | >> # successes: 3 (100.0%)    run_libero_eval.py:230

 15%|█▌        | 3/20 [03:49<21:32, 76.00s/it][A                 INFO     | >>                            run_libero_eval.py:230
                          Task: pick up the alphabet soup                       
                          and place it in the basket                            
                 INFO     | >> Starting episode 4...      run_libero_eval.py:230
huggingface/tokenizers: The current process just got forked, after parallelism has already been used. Disabling parallelism to avoid deadlocks...
To disable this warning, you can either:
	- Avoid using `tokenizers` before the fork if possible
	- Explicitly set the environment variable TOKENIZERS_PARALLELISM=(true | false)
huggingface/tokenizers: The current process just got forked, after parallelism has already been used. Disabling parallelism to avoid deadlocks...
To disable this warning, you can either:
	- Avoid using `tokenizers` before the fork if possible
	- Explicitly set the environment variable TOKENIZERS_PARALLELISM=(true | false)
>> VLA-Cache inference mode
Current CUDA latency: 402.033508 ms | Average CUDA latency: 199.148965 ms, Average TFLOPs: 2.950236
>> VLA-Cache inference mode
Current CUDA latency: 265.880463 ms | Average CUDA latency: 200.384733 ms, Average TFLOPs: 2.950569
>> VLA-Cache inference mode
Current CUDA latency: 141.215775 ms | Average CUDA latency: 199.308934 ms, Average TFLOPs: 2.950264
>> VLA-Cache inference mode
Current CUDA latency: 130.712738 ms | Average CUDA latency: 198.084002 ms, Average TFLOPs: 2.949355
>> VLA-Cache inference mode
Current CUDA latency: 109.905632 ms | Average CUDA latency: 196.537013 ms, Average TFLOPs: 2.948161
>> VLA-Cache inference mode
Current CUDA latency: 122.911842 ms | Average CUDA latency: 195.267614 ms, Average TFLOPs: 2.947573
>> VLA-Cache inference mode
Current CUDA latency: 161.287460 ms | Average CUDA latency: 194.691679 ms, Average TFLOPs: 2.946805
>> VLA-Cache inference mode
Current CUDA latency: 108.580322 ms | Average CUDA latency: 193.256489 ms, Average TFLOPs: 2.945294
>> VLA-Cache inference mode
Current CUDA latency: 422.629272 ms | Average CUDA latency: 197.016699 ms, Average TFLOPs: 2.943447
>> VLA-Cache inference mode
Current CUDA latency: 179.397476 ms | Average CUDA latency: 196.732518 ms, Average TFLOPs: 2.942052
>> VLA-Cache inference mode
Current CUDA latency: 131.399582 ms | Average CUDA latency: 195.695487 ms, Average TFLOPs: 2.940389
>> VLA-Cache inference mode
Current CUDA latency: 102.045410 ms | Average CUDA latency: 194.232205 ms, Average TFLOPs: 2.939165
>> VLA-Cache inference mode
Current CUDA latency: 133.723557 ms | Average CUDA latency: 193.301303 ms, Average TFLOPs: 2.938095
>> VLA-Cache inference mode
Current CUDA latency: 188.500519 ms | Average CUDA latency: 193.228563 ms, Average TFLOPs: 2.936542
>> VLA-Cache inference mode
Current CUDA latency: 257.513397 ms | Average CUDA latency: 194.188038 ms, Average TFLOPs: 2.935274
>> VLA-Cache inference mode
Current CUDA latency: 170.705383 ms | Average CUDA latency: 193.842705 ms, Average TFLOPs: 2.935086
>> VLA-Cache inference mode
Current CUDA latency: 137.082779 ms | Average CUDA latency: 193.020098 ms, Average TFLOPs: 2.934385
>> VLA-Cache inference mode
Current CUDA latency: 123.417503 ms | Average CUDA latency: 192.025775 ms, Average TFLOPs: 2.933573
Average time per step: 635.5278 ms, Control Frequency: 12.59 Hz, Token Reusing Ratio (Primary): 32.94 %, , Token Reusing Ratio (Wrist): 35.95 %
Saved rollout MP4 at path ./rollouts/2026_04_07/primary--2026_04_07-14_35_38--episode=4--success=True--task=pick_up_the_alphabet_soup_and_place_it_in_the_bask.mp4
Saved rollout MP4 at path ./rollouts/2026_04_07/wrist--2026_04_07-14_35_38--episode=4--success=True--task=pick_up_the_alphabet_soup_and_place_it_in_the_bask.mp4
04/07 [14:41:34] INFO     | >> Success: True              run_libero_eval.py:230
                 INFO     | >> # episodes completed so    run_libero_eval.py:230
                          far: 4                                                
                 INFO     | >> # successes: 4 (100.0%)    run_libero_eval.py:230

 20%|██        | 4/20 [05:08<20:38, 77.39s/it][A                 INFO     | >>                            run_libero_eval.py:230
                          Task: pick up the alphabet soup                       
                          and place it in the basket                            
                 INFO     | >> Starting episode 5...      run_libero_eval.py:230
huggingface/tokenizers: The current process just got forked, after parallelism has already been used. Disabling parallelism to avoid deadlocks...
To disable this warning, you can either:
	- Avoid using `tokenizers` before the fork if possible
	- Explicitly set the environment variable TOKENIZERS_PARALLELISM=(true | false)
huggingface/tokenizers: The current process just got forked, after parallelism has already been used. Disabling parallelism to avoid deadlocks...
To disable this warning, you can either:
	- Avoid using `tokenizers` before the fork if possible
	- Explicitly set the environment variable TOKENIZERS_PARALLELISM=(true | false)
>> VLA-Cache inference mode
Current CUDA latency: 395.267639 ms | Average CUDA latency: 194.888336 ms, Average TFLOPs: 2.944449
>> VLA-Cache inference mode
Current CUDA latency: 266.159454 ms | Average CUDA latency: 195.878213 ms, Average TFLOPs: 2.945112
>> VLA-Cache inference mode
Current CUDA latency: 265.713470 ms | Average CUDA latency: 196.834860 ms, Average TFLOPs: 2.944779
>> VLA-Cache inference mode
Current CUDA latency: 162.639481 ms | Average CUDA latency: 196.372761 ms, Average TFLOPs: 2.944535
>> VLA-Cache inference mode
Current CUDA latency: 138.872864 ms | Average CUDA latency: 195.606095 ms, Average TFLOPs: 2.944342
>> VLA-Cache inference mode
Current CUDA latency: 126.193695 ms | Average CUDA latency: 194.692774 ms, Average TFLOPs: 2.943810
>> VLA-Cache inference mode
Current CUDA latency: 124.541695 ms | Average CUDA latency: 193.781721 ms, Average TFLOPs: 2.943860
>> VLA-Cache inference mode
Current CUDA latency: 110.676003 ms | Average CUDA latency: 192.716263 ms, Average TFLOPs: 2.942703
>> VLA-Cache inference mode
Current CUDA latency: 127.920547 ms | Average CUDA latency: 191.896064 ms, Average TFLOPs: 2.941835
>> VLA-Cache inference mode
Current CUDA latency: 121.434212 ms | Average CUDA latency: 191.015291 ms, Average TFLOPs: 2.941151
>> VLA-Cache inference mode
Current CUDA latency: 119.342079 ms | Average CUDA latency: 190.130437 ms, Average TFLOPs: 2.940034
>> VLA-Cache inference mode
Current CUDA latency: 169.437500 ms | Average CUDA latency: 189.878084 ms, Average TFLOPs: 2.939661
>> VLA-Cache inference mode
Current CUDA latency: 267.130219 ms | Average CUDA latency: 190.808833 ms, Average TFLOPs: 2.938984
>> VLA-Cache inference mode
Current CUDA latency: 183.975998 ms | Average CUDA latency: 190.727489 ms, Average TFLOPs: 2.938627
>> VLA-Cache inference mode
Current CUDA latency: 190.600449 ms | Average CUDA latency: 190.725995 ms, Average TFLOPs: 2.938506
>> VLA-Cache inference mode
Current CUDA latency: 108.206848 ms | Average CUDA latency: 189.766470 ms, Average TFLOPs: 2.937797
>> VLA-Cache inference mode
Current CUDA latency: 142.077820 ms | Average CUDA latency: 189.218324 ms, Average TFLOPs: 2.937524
>> VLA-Cache inference mode
Current CUDA latency: 194.529251 ms | Average CUDA latency: 189.278676 ms, Average TFLOPs: 2.937358
>> VLA-Cache inference mode
Current CUDA latency: 109.959297 ms | Average CUDA latency: 188.387447 ms, Average TFLOPs: 2.937331
Average time per step: 632.1776 ms, Control Frequency: 12.65 Hz, Token Reusing Ratio (Primary): 33.13 %, , Token Reusing Ratio (Wrist): 35.77 %
Saved rollout MP4 at path ./rollouts/2026_04_07/primary--2026_04_07-14_35_38--episode=5--success=True--task=pick_up_the_alphabet_soup_and_place_it_in_the_bask.mp4
Saved rollout MP4 at path ./rollouts/2026_04_07/wrist--2026_04_07-14_35_38--episode=5--success=True--task=pick_up_the_alphabet_soup_and_place_it_in_the_bask.mp4
04/07 [14:43:08] INFO     | >> Success: True              run_libero_eval.py:230
                 INFO     | >> # episodes completed so    run_libero_eval.py:230
                          far: 5                                                
                 INFO     | >> # successes: 5 (100.0%)    run_libero_eval.py:230

 25%|██▌       | 5/20 [06:42<20:48, 83.26s/it][A                 INFO     | >>                            run_libero_eval.py:230
                          Task: pick up the alphabet soup                       
                          and place it in the basket                            
                 INFO     | >> Starting episode 6...      run_libero_eval.py:230
huggingface/tokenizers: The current process just got forked, after parallelism has already been used. Disabling parallelism to avoid deadlocks...
To disable this warning, you can either:
	- Avoid using `tokenizers` before the fork if possible
	- Explicitly set the environment variable TOKENIZERS_PARALLELISM=(true | false)
huggingface/tokenizers: The current process just got forked, after parallelism has already been used. Disabling parallelism to avoid deadlocks...
To disable this warning, you can either:
	- Avoid using `tokenizers` before the fork if possible
	- Explicitly set the environment variable TOKENIZERS_PARALLELISM=(true | false)
>> VLA-Cache inference mode
Current CUDA latency: 336.491058 ms | Average CUDA latency: 190.033042 ms, Average TFLOPs: 2.945869
>> VLA-Cache inference mode
Current CUDA latency: 394.987091 ms | Average CUDA latency: 192.285285 ms, Average TFLOPs: 2.946166
>> VLA-Cache inference mode
Current CUDA latency: 144.840195 ms | Average CUDA latency: 191.769577 ms, Average TFLOPs: 2.946278
>> VLA-Cache inference mode
Current CUDA latency: 158.236069 ms | Average CUDA latency: 191.409002 ms, Average TFLOPs: 2.946085
>> VLA-Cache inference mode
Current CUDA latency: 110.894592 ms | Average CUDA latency: 190.552466 ms, Average TFLOPs: 2.945932
>> VLA-Cache inference mode
Current CUDA latency: 149.562042 ms | Average CUDA latency: 190.120988 ms, Average TFLOPs: 2.945658
>> VLA-Cache inference mode
Current CUDA latency: 139.393799 ms | Average CUDA latency: 189.592579 ms, Average TFLOPs: 2.945084
>> VLA-Cache inference mode
Current CUDA latency: 123.783455 ms | Average CUDA latency: 188.914135 ms, Average TFLOPs: 2.944227
>> VLA-Cache inference mode
Current CUDA latency: 136.190781 ms | Average CUDA latency: 188.376141 ms, Average TFLOPs: 2.943273
>> VLA-Cache inference mode
Current CUDA latency: 191.338715 ms | Average CUDA latency: 188.406066 ms, Average TFLOPs: 2.942130
>> VLA-Cache inference mode
Current CUDA latency: 322.234131 ms | Average CUDA latency: 189.744347 ms, Average TFLOPs: 2.941643
>> VLA-Cache inference mode
Current CUDA latency: 167.533600 ms | Average CUDA latency: 189.524439 ms, Average TFLOPs: 2.941021
>> VLA-Cache inference mode
Current CUDA latency: 110.624481 ms | Average CUDA latency: 188.750910 ms, Average TFLOPs: 2.940321
>> VLA-Cache inference mode
Current CUDA latency: 178.343323 ms | Average CUDA latency: 188.649865 ms, Average TFLOPs: 2.939818
>> VLA-Cache inference mode
Current CUDA latency: 258.680084 ms | Average CUDA latency: 189.323233 ms, Average TFLOPs: 2.938764
>> VLA-Cache inference mode
Current CUDA latency: 380.150940 ms | Average CUDA latency: 191.140639 ms, Average TFLOPs: 2.937997
>> VLA-Cache inference mode
Current CUDA latency: 258.860840 ms | Average CUDA latency: 191.779509 ms, Average TFLOPs: 2.937265
>> VLA-Cache inference mode
Current CUDA latency: 127.017471 ms | Average CUDA latency: 191.174256 ms, Average TFLOPs: 2.936923
Average time per step: 643.8353 ms, Control Frequency: 12.43 Hz, Token Reusing Ratio (Primary): 33.02 %, , Token Reusing Ratio (Wrist): 35.93 %
Saved rollout MP4 at path ./rollouts/2026_04_07/primary--2026_04_07-14_35_38--episode=6--success=True--task=pick_up_the_alphabet_soup_and_place_it_in_the_bask.mp4
Saved rollout MP4 at path ./rollouts/2026_04_07/wrist--2026_04_07-14_35_38--episode=6--success=True--task=pick_up_the_alphabet_soup_and_place_it_in_the_bask.mp4
04/07 [14:45:00] INFO     | >> Success: True              run_libero_eval.py:230
                 INFO     | >> # episodes completed so    run_libero_eval.py:230
                          far: 6                                                
                 INFO     | >> # successes: 6 (100.0%)    run_libero_eval.py:230

 30%|███       | 6/20 [08:35<21:44, 93.18s/it][A                 INFO     | >>                            run_libero_eval.py:230
                          Task: pick up the alphabet soup                       
                          and place it in the basket                            
                 INFO     | >> Starting episode 7...      run_libero_eval.py:230
huggingface/tokenizers: The current process just got forked, after parallelism has already been used. Disabling parallelism to avoid deadlocks...
To disable this warning, you can either:
	- Avoid using `tokenizers` before the fork if possible
	- Explicitly set the environment variable TOKENIZERS_PARALLELISM=(true | false)
huggingface/tokenizers: The current process just got forked, after parallelism has already been used. Disabling parallelism to avoid deadlocks...
To disable this warning, you can either:
	- Avoid using `tokenizers` before the fork if possible
	- Explicitly set the environment variable TOKENIZERS_PARALLELISM=(true | false)
>> VLA-Cache inference mode
Current CUDA latency: 345.619232 ms | Average CUDA latency: 192.604302 ms, Average TFLOPs: 2.944041
>> VLA-Cache inference mode
Current CUDA latency: 284.730957 ms | Average CUDA latency: 193.449501 ms, Average TFLOPs: 2.944229
>> VLA-Cache inference mode
Current CUDA latency: 140.990662 ms | Average CUDA latency: 192.972603 ms, Average TFLOPs: 2.944611
>> VLA-Cache inference mode
Current CUDA latency: 201.773117 ms | Average CUDA latency: 193.051886 ms, Average TFLOPs: 2.944571
>> VLA-Cache inference mode
Current CUDA latency: 221.859039 ms | Average CUDA latency: 193.309093 ms, Average TFLOPs: 2.944182
>> VLA-Cache inference mode
Current CUDA latency: 120.809631 ms | Average CUDA latency: 192.667505 ms, Average TFLOPs: 2.943834
>> VLA-Cache inference mode
Current CUDA latency: 129.508316 ms | Average CUDA latency: 192.113477 ms, Average TFLOPs: 2.943860
>> VLA-Cache inference mode
Current CUDA latency: 119.218147 ms | Average CUDA latency: 191.479605 ms, Average TFLOPs: 2.943374
>> VLA-Cache inference mode
Current CUDA latency: 129.220551 ms | Average CUDA latency: 190.942889 ms, Average TFLOPs: 2.942878
>> VLA-Cache inference mode
Current CUDA latency: 142.116318 ms | Average CUDA latency: 190.525568 ms, Average TFLOPs: 2.942438
>> VLA-Cache inference mode
Current CUDA latency: 125.481216 ms | Average CUDA latency: 189.974344 ms, Average TFLOPs: 2.942041
>> VLA-Cache inference mode
Current CUDA latency: 138.061478 ms | Average CUDA latency: 189.538102 ms, Average TFLOPs: 2.941161
>> VLA-Cache inference mode
Current CUDA latency: 124.549858 ms | Average CUDA latency: 188.996533 ms, Average TFLOPs: 2.940271
>> VLA-Cache inference mode
Current CUDA latency: 135.886307 ms | Average CUDA latency: 188.557605 ms, Average TFLOPs: 2.940016
>> VLA-Cache inference mode
Current CUDA latency: 179.689285 ms | Average CUDA latency: 188.484914 ms, Average TFLOPs: 2.939900
>> VLA-Cache inference mode
Current CUDA latency: 133.231674 ms | Average CUDA latency: 188.035701 ms, Average TFLOPs: 2.939502
>> VLA-Cache inference mode
Current CUDA latency: 451.422516 ms | Average CUDA latency: 190.159788 ms, Average TFLOPs: 2.939233
>> VLA-Cache inference mode
Current CUDA latency: 203.314758 ms | Average CUDA latency: 190.265028 ms, Average TFLOPs: 2.939021
>> VLA-Cache inference mode
Current CUDA latency: 175.119003 ms | Average CUDA latency: 190.144821 ms, Average TFLOPs: 2.939223
>> VLA-Cache inference mode
Current CUDA latency: 119.515167 ms | Average CUDA latency: 189.588682 ms, Average TFLOPs: 2.939471
>> VLA-Cache inference mode
Current CUDA latency: 127.385406 ms | Average CUDA latency: 189.102719 ms, Average TFLOPs: 2.939495
>> VLA-Cache inference mode
Current CUDA latency: 138.897125 ms | Average CUDA latency: 188.713529 ms, Average TFLOPs: 2.939558
>> VLA-Cache inference mode
Current CUDA latency: 296.756866 ms | Average CUDA latency: 189.544631 ms, Average TFLOPs: 2.939876
>> VLA-Cache inference mode
Current CUDA latency: 202.559738 ms | Average CUDA latency: 189.643983 ms, Average TFLOPs: 2.940063
>> VLA-Cache inference mode
Current CUDA latency: 158.344345 ms | Average CUDA latency: 189.406865 ms, Average TFLOPs: 2.940076
>> VLA-Cache inference mode
Current CUDA latency: 127.681091 ms | Average CUDA latency: 188.942761 ms, Average TFLOPs: 2.939962
Average time per step: 648.1222 ms, Control Frequency: 12.34 Hz, Token Reusing Ratio (Primary): 33.13 %, , Token Reusing Ratio (Wrist): 35.76 %
Saved rollout MP4 at path ./rollouts/2026_04_07/primary--2026_04_07-14_35_38--episode=7--success=True--task=pick_up_the_alphabet_soup_and_place_it_in_the_bask.mp4
Saved rollout MP4 at path ./rollouts/2026_04_07/wrist--2026_04_07-14_35_38--episode=7--success=True--task=pick_up_the_alphabet_soup_and_place_it_in_the_bask.mp4
04/07 [14:47:44] INFO     | >> Success: True              run_libero_eval.py:230
                 INFO     | >> # episodes completed so    run_libero_eval.py:230
                          far: 7                                                
                 INFO     | >> # successes: 7 (100.0%)    run_libero_eval.py:230

 35%|███▌      | 7/20 [11:19<25:13, 116.45s/it][A                 INFO     | >>                            run_libero_eval.py:230
                          Task: pick up the alphabet soup                       
                          and place it in the basket                            
                 INFO     | >> Starting episode 8...      run_libero_eval.py:230
huggingface/tokenizers: The current process just got forked, after parallelism has already been used. Disabling parallelism to avoid deadlocks...
To disable this warning, you can either:
	- Avoid using `tokenizers` before the fork if possible
	- Explicitly set the environment variable TOKENIZERS_PARALLELISM=(true | false)
huggingface/tokenizers: The current process just got forked, after parallelism has already been used. Disabling parallelism to avoid deadlocks...
To disable this warning, you can either:
	- Avoid using `tokenizers` before the fork if possible
	- Explicitly set the environment variable TOKENIZERS_PARALLELISM=(true | false)
>> VLA-Cache inference mode
Current CUDA latency: 338.554718 ms | Average CUDA latency: 190.059268 ms, Average TFLOPs: 2.945677
>> VLA-Cache inference mode
Current CUDA latency: 310.191589 ms | Average CUDA latency: 190.949137 ms, Average TFLOPs: 2.945760
>> VLA-Cache inference mode
Current CUDA latency: 167.378174 ms | Average CUDA latency: 190.775821 ms, Average TFLOPs: 2.945611
>> VLA-Cache inference mode
Current CUDA latency: 128.787430 ms | Average CUDA latency: 190.323351 ms, Average TFLOPs: 2.945316
>> VLA-Cache inference mode
Current CUDA latency: 144.861511 ms | Average CUDA latency: 189.993918 ms, Average TFLOPs: 2.945543
>> VLA-Cache inference mode
Current CUDA latency: 123.650146 ms | Average CUDA latency: 189.516625 ms, Average TFLOPs: 2.945516
>> VLA-Cache inference mode
Current CUDA latency: 126.357597 ms | Average CUDA latency: 189.065489 ms, Average TFLOPs: 2.945313
>> VLA-Cache inference mode
Current CUDA latency: 119.145409 ms | Average CUDA latency: 188.569602 ms, Average TFLOPs: 2.944660
>> VLA-Cache inference mode
Current CUDA latency: 160.825668 ms | Average CUDA latency: 188.374222 ms, Average TFLOPs: 2.943877
>> VLA-Cache inference mode
Current CUDA latency: 167.412323 ms | Average CUDA latency: 188.227635 ms, Average TFLOPs: 2.943069
>> VLA-Cache inference mode
Current CUDA latency: 168.908066 ms | Average CUDA latency: 188.093471 ms, Average TFLOPs: 2.942833
>> VLA-Cache inference mode
Current CUDA latency: 140.627106 ms | Average CUDA latency: 187.766117 ms, Average TFLOPs: 2.942658
>> VLA-Cache inference mode
Current CUDA latency: 117.569153 ms | Average CUDA latency: 187.285316 ms, Average TFLOPs: 2.942468
>> VLA-Cache inference mode
Current CUDA latency: 109.888191 ms | Average CUDA latency: 186.758805 ms, Average TFLOPs: 2.942300
>> VLA-Cache inference mode
Current CUDA latency: 110.267906 ms | Average CUDA latency: 186.241974 ms, Average TFLOPs: 2.942096
>> VLA-Cache inference mode
Current CUDA latency: 121.676895 ms | Average CUDA latency: 185.808652 ms, Average TFLOPs: 2.941545
>> VLA-Cache inference mode
Current CUDA latency: 124.143906 ms | Average CUDA latency: 185.397554 ms, Average TFLOPs: 2.941210
>> VLA-Cache inference mode
Current CUDA latency: 117.444221 ms | Average CUDA latency: 184.947531 ms, Average TFLOPs: 2.940903
Average time per step: 639.6667 ms, Control Frequency: 12.51 Hz, Token Reusing Ratio (Primary): 33.06 %, , Token Reusing Ratio (Wrist): 35.78 %
Saved rollout MP4 at path ./rollouts/2026_04_07/primary--2026_04_07-14_35_38--episode=8--success=True--task=pick_up_the_alphabet_soup_and_place_it_in_the_bask.mp4
Saved rollout MP4 at path ./rollouts/2026_04_07/wrist--2026_04_07-14_35_38--episode=8--success=True--task=pick_up_the_alphabet_soup_and_place_it_in_the_bask.mp4
04/07 [14:49:05] INFO     | >> Success: True              run_libero_eval.py:230
                 INFO     | >> # episodes completed so    run_libero_eval.py:230
                          far: 8                                                
                 INFO     | >> # successes: 8 (100.0%)    run_libero_eval.py:230

 40%|████      | 8/20 [12:40<21:01, 105.15s/it][A                 INFO     | >>                            run_libero_eval.py:230
                          Task: pick up the alphabet soup                       
                          and place it in the basket                            
                 INFO     | >> Starting episode 9...      run_libero_eval.py:230
huggingface/tokenizers: The current process just got forked, after parallelism has already been used. Disabling parallelism to avoid deadlocks...
To disable this warning, you can either:
	- Avoid using `tokenizers` before the fork if possible
	- Explicitly set the environment variable TOKENIZERS_PARALLELISM=(true | false)
huggingface/tokenizers: The current process just got forked, after parallelism has already been used. Disabling parallelism to avoid deadlocks...
To disable this warning, you can either:
	- Avoid using `tokenizers` before the fork if possible
	- Explicitly set the environment variable TOKENIZERS_PARALLELISM=(true | false)
>> VLA-Cache inference mode
Current CUDA latency: 373.276550 ms | Average CUDA latency: 186.186538 ms, Average TFLOPs: 2.945935
>> VLA-Cache inference mode
Current CUDA latency: 501.521301 ms | Average CUDA latency: 188.247550 ms, Average TFLOPs: 2.945888
>> VLA-Cache inference mode
Current CUDA latency: 175.809433 ms | Average CUDA latency: 188.166783 ms, Average TFLOPs: 2.945701
>> VLA-Cache inference mode
Current CUDA latency: 175.017670 ms | Average CUDA latency: 188.081950 ms, Average TFLOPs: 2.945082
>> VLA-Cache inference mode
Current CUDA latency: 110.506721 ms | Average CUDA latency: 187.584673 ms, Average TFLOPs: 2.944892
>> VLA-Cache inference mode
Current CUDA latency: 109.165123 ms | Average CUDA latency: 187.085185 ms, Average TFLOPs: 2.944553
>> VLA-Cache inference mode
Current CUDA latency: 126.524254 ms | Average CUDA latency: 186.701888 ms, Average TFLOPs: 2.944010
>> VLA-Cache inference mode
Current CUDA latency: 124.620033 ms | Average CUDA latency: 186.311436 ms, Average TFLOPs: 2.943631
>> VLA-Cache inference mode
Current CUDA latency: 108.383492 ms | Average CUDA latency: 185.824386 ms, Average TFLOPs: 2.942841
>> VLA-Cache inference mode
Current CUDA latency: 104.637405 ms | Average CUDA latency: 185.320119 ms, Average TFLOPs: 2.942385
>> VLA-Cache inference mode
Current CUDA latency: 124.771133 ms | Average CUDA latency: 184.946360 ms, Average TFLOPs: 2.942123
>> VLA-Cache inference mode
Current CUDA latency: 227.918243 ms | Average CUDA latency: 185.209991 ms, Average TFLOPs: 2.941842
>> VLA-Cache inference mode
Current CUDA latency: 198.235580 ms | Average CUDA latency: 185.289416 ms, Average TFLOPs: 2.941548
>> VLA-Cache inference mode
Current CUDA latency: 120.515907 ms | Average CUDA latency: 184.896849 ms, Average TFLOPs: 2.941221
>> VLA-Cache inference mode
Current CUDA latency: 169.006882 ms | Average CUDA latency: 184.801126 ms, Average TFLOPs: 2.940716
>> VLA-Cache inference mode
Current CUDA latency: 137.512512 ms | Average CUDA latency: 184.517961 ms, Average TFLOPs: 2.940107
>> VLA-Cache inference mode
Current CUDA latency: 142.840103 ms | Average CUDA latency: 184.269879 ms, Average TFLOPs: 2.939827
Average time per step: 636.6482 ms, Control Frequency: 12.57 Hz, Token Reusing Ratio (Primary): 33.04 %, , Token Reusing Ratio (Wrist): 35.82 %
Saved rollout MP4 at path ./rollouts/2026_04_07/primary--2026_04_07-14_35_38--episode=9--success=True--task=pick_up_the_alphabet_soup_and_place_it_in_the_bask.mp4
Saved rollout MP4 at path ./rollouts/2026_04_07/wrist--2026_04_07-14_35_38--episode=9--success=True--task=pick_up_the_alphabet_soup_and_place_it_in_the_bask.mp4
04/07 [14:50:16] INFO     | >> Success: True              run_libero_eval.py:230
                 INFO     | >> # episodes completed so    run_libero_eval.py:230
                          far: 9                                                
                 INFO     | >> # successes: 9 (100.0%)    run_libero_eval.py:230

 45%|████▌     | 9/20 [13:50<17:17, 94.29s/it] [A                 INFO     | >>                            run_libero_eval.py:230
                          Task: pick up the alphabet soup                       
                          and place it in the basket                            
                 INFO     | >> Starting episode 10...     run_libero_eval.py:230
huggingface/tokenizers: The current process just got forked, after parallelism has already been used. Disabling parallelism to avoid deadlocks...
To disable this warning, you can either:
	- Avoid using `tokenizers` before the fork if possible
	- Explicitly set the environment variable TOKENIZERS_PARALLELISM=(true | false)
huggingface/tokenizers: The current process just got forked, after parallelism has already been used. Disabling parallelism to avoid deadlocks...
To disable this warning, you can either:
	- Avoid using `tokenizers` before the fork if possible
	- Explicitly set the environment variable TOKENIZERS_PARALLELISM=(true | false)
>> VLA-Cache inference mode
Current CUDA latency: 305.434723 ms | Average CUDA latency: 184.986830 ms, Average TFLOPs: 2.944359
>> VLA-Cache inference mode
Current CUDA latency: 383.903992 ms | Average CUDA latency: 186.156931 ms, Average TFLOPs: 2.944571
>> VLA-Cache inference mode
Current CUDA latency: 179.350143 ms | Average CUDA latency: 186.117125 ms, Average TFLOPs: 2.944629
>> VLA-Cache inference mode
Current CUDA latency: 143.226883 ms | Average CUDA latency: 185.867764 ms, Average TFLOPs: 2.944879
>> VLA-Cache inference mode
Current CUDA latency: 162.869476 ms | Average CUDA latency: 185.734825 ms, Average TFLOPs: 2.944912
>> VLA-Cache inference mode
Current CUDA latency: 115.875458 ms | Average CUDA latency: 185.333335 ms, Average TFLOPs: 2.944833
>> VLA-Cache inference mode
Current CUDA latency: 129.507385 ms | Average CUDA latency: 185.014329 ms, Average TFLOPs: 2.944496
>> VLA-Cache inference mode
Current CUDA latency: 110.192223 ms | Average CUDA latency: 184.589204 ms, Average TFLOPs: 2.944183
>> VLA-Cache inference mode
Current CUDA latency: 113.249565 ms | Average CUDA latency: 184.186155 ms, Average TFLOPs: 2.943486
>> VLA-Cache inference mode
Current CUDA latency: 270.056885 ms | Average CUDA latency: 184.668575 ms, Average TFLOPs: 2.942988
>> VLA-Cache inference mode
Current CUDA latency: 161.004959 ms | Average CUDA latency: 184.536376 ms, Average TFLOPs: 2.942388
>> VLA-Cache inference mode
Current CUDA latency: 113.087967 ms | Average CUDA latency: 184.139440 ms, Average TFLOPs: 2.941835
>> VLA-Cache inference mode
Current CUDA latency: 294.303467 ms | Average CUDA latency: 184.748081 ms, Average TFLOPs: 2.941343
>> VLA-Cache inference mode
Current CUDA latency: 379.440643 ms | Average CUDA latency: 185.817821 ms, Average TFLOPs: 2.940896
>> VLA-Cache inference mode
Current CUDA latency: 192.795105 ms | Average CUDA latency: 185.855948 ms, Average TFLOPs: 2.940591
>> VLA-Cache inference mode
Current CUDA latency: 152.978561 ms | Average CUDA latency: 185.677266 ms, Average TFLOPs: 2.940248
>> VLA-Cache inference mode
Current CUDA latency: 168.735428 ms | Average CUDA latency: 185.585689 ms, Average TFLOPs: 2.939989
>> VLA-Cache inference mode
Current CUDA latency: 152.051422 ms | Average CUDA latency: 185.405397 ms, Average TFLOPs: 2.939883
>> VLA-Cache inference mode
Current CUDA latency: 125.233376 ms | Average CUDA latency: 185.083622 ms, Average TFLOPs: 2.939698
Average time per step: 637.4679 ms, Control Frequency: 12.55 Hz, Token Reusing Ratio (Primary): 33.04 %, , Token Reusing Ratio (Wrist): 35.86 %
Saved rollout MP4 at path ./rollouts/2026_04_07/primary--2026_04_07-14_35_38--episode=10--success=True--task=pick_up_the_alphabet_soup_and_place_it_in_the_bask.mp4
Saved rollout MP4 at path ./rollouts/2026_04_07/wrist--2026_04_07-14_35_38--episode=10--success=True--task=pick_up_the_alphabet_soup_and_place_it_in_the_bask.mp4
04/07 [14:52:00] INFO     | >> Success: True              run_libero_eval.py:230
                 INFO     | >> # episodes completed so    run_libero_eval.py:230
                          far: 10                                               
                 INFO     | >> # successes: 10 (100.0%)   run_libero_eval.py:230

 50%|█████     | 10/20 [15:34<16:12, 97.25s/it][A                 INFO     | >>                            run_libero_eval.py:230
                          Task: pick up the alphabet soup                       
                          and place it in the basket                            
                 INFO     | >> Starting episode 11...     run_libero_eval.py:230
huggingface/tokenizers: The current process just got forked, after parallelism has already been used. Disabling parallelism to avoid deadlocks...
To disable this warning, you can either:
	- Avoid using `tokenizers` before the fork if possible
	- Explicitly set the environment variable TOKENIZERS_PARALLELISM=(true | false)
huggingface/tokenizers: The current process just got forked, after parallelism has already been used. Disabling parallelism to avoid deadlocks...
To disable this warning, you can either:
	- Avoid using `tokenizers` before the fork if possible
	- Explicitly set the environment variable TOKENIZERS_PARALLELISM=(true | false)
>> VLA-Cache inference mode
Current CUDA latency: 332.563416 ms | Average CUDA latency: 185.868089 ms, Average TFLOPs: 2.943773
>> VLA-Cache inference mode
Current CUDA latency: 313.485321 ms | Average CUDA latency: 186.543312 ms, Average TFLOPs: 2.943809
>> VLA-Cache inference mode
Current CUDA latency: 196.030914 ms | Average CUDA latency: 186.593247 ms, Average TFLOPs: 2.943643
>> VLA-Cache inference mode
Current CUDA latency: 197.183868 ms | Average CUDA latency: 186.648695 ms, Average TFLOPs: 2.943445
>> VLA-Cache inference mode
Current CUDA latency: 156.688354 ms | Average CUDA latency: 186.492652 ms, Average TFLOPs: 2.943270
>> VLA-Cache inference mode
Current CUDA latency: 127.637283 ms | Average CUDA latency: 186.187702 ms, Average TFLOPs: 2.943292
>> VLA-Cache inference mode
Current CUDA latency: 159.662430 ms | Average CUDA latency: 186.050973 ms, Average TFLOPs: 2.943198
>> VLA-Cache inference mode
Current CUDA latency: 110.070717 ms | Average CUDA latency: 185.661331 ms, Average TFLOPs: 2.942999
>> VLA-Cache inference mode
Current CUDA latency: 118.381218 ms | Average CUDA latency: 185.318065 ms, Average TFLOPs: 2.942627
>> VLA-Cache inference mode
Current CUDA latency: 105.579231 ms | Average CUDA latency: 184.913300 ms, Average TFLOPs: 2.942071
>> VLA-Cache inference mode
Current CUDA latency: 119.417664 ms | Average CUDA latency: 184.582513 ms, Average TFLOPs: 2.941707
>> VLA-Cache inference mode
Current CUDA latency: 119.674370 ms | Average CUDA latency: 184.256342 ms, Average TFLOPs: 2.941296
>> VLA-Cache inference mode
Current CUDA latency: 243.058655 ms | Average CUDA latency: 184.550353 ms, Average TFLOPs: 2.941107
>> VLA-Cache inference mode
Current CUDA latency: 274.421082 ms | Average CUDA latency: 184.997472 ms, Average TFLOPs: 2.940835
>> VLA-Cache inference mode
Current CUDA latency: 146.131454 ms | Average CUDA latency: 184.805065 ms, Average TFLOPs: 2.940544
>> VLA-Cache inference mode
Current CUDA latency: 147.784378 ms | Average CUDA latency: 184.622698 ms, Average TFLOPs: 2.940414
>> VLA-Cache inference mode
Current CUDA latency: 224.757217 ms | Average CUDA latency: 184.819435 ms, Average TFLOPs: 2.940505
>> VLA-Cache inference mode
Current CUDA latency: 350.742249 ms | Average CUDA latency: 185.628815 ms, Average TFLOPs: 2.940544
Average time per step: 638.5462 ms, Control Frequency: 12.53 Hz, Token Reusing Ratio (Primary): 32.98 %, , Token Reusing Ratio (Wrist): 35.90 %
Saved rollout MP4 at path ./rollouts/2026_04_07/primary--2026_04_07-14_35_38--episode=11--success=True--task=pick_up_the_alphabet_soup_and_place_it_in_the_bask.mp4
Saved rollout MP4 at path ./rollouts/2026_04_07/wrist--2026_04_07-14_35_38--episode=11--success=True--task=pick_up_the_alphabet_soup_and_place_it_in_the_bask.mp4
04/07 [14:53:28] INFO     | >> Success: True              run_libero_eval.py:230
                 INFO     | >> # episodes completed so    run_libero_eval.py:230
                          far: 11                                               
                 INFO     | >> # successes: 11 (100.0%)   run_libero_eval.py:230

 55%|█████▌    | 11/20 [17:03<14:12, 94.68s/it][A                 INFO     | >>                            run_libero_eval.py:230
                          Task: pick up the alphabet soup                       
                          and place it in the basket                            
                 INFO     | >> Starting episode 12...     run_libero_eval.py:230
huggingface/tokenizers: The current process just got forked, after parallelism has already been used. Disabling parallelism to avoid deadlocks...
To disable this warning, you can either:
	- Avoid using `tokenizers` before the fork if possible
	- Explicitly set the environment variable TOKENIZERS_PARALLELISM=(true | false)
huggingface/tokenizers: The current process just got forked, after parallelism has already been used. Disabling parallelism to avoid deadlocks...
To disable this warning, you can either:
	- Avoid using `tokenizers` before the fork if possible
	- Explicitly set the environment variable TOKENIZERS_PARALLELISM=(true | false)
>> VLA-Cache inference mode
Current CUDA latency: 396.836121 ms | Average CUDA latency: 186.654093 ms, Average TFLOPs: 2.944258
>> VLA-Cache inference mode
Current CUDA latency: 314.855957 ms | Average CUDA latency: 187.273426 ms, Average TFLOPs: 2.944236
>> VLA-Cache inference mode
Current CUDA latency: 130.052475 ms | Average CUDA latency: 186.998325 ms, Average TFLOPs: 2.944194
>> VLA-Cache inference mode
Current CUDA latency: 126.340927 ms | Average CUDA latency: 186.708098 ms, Average TFLOPs: 2.944211
>> VLA-Cache inference mode
Current CUDA latency: 128.242111 ms | Average CUDA latency: 186.429689 ms, Average TFLOPs: 2.944191
>> VLA-Cache inference mode
Current CUDA latency: 124.060066 ms | Average CUDA latency: 186.134098 ms, Average TFLOPs: 2.944110
>> VLA-Cache inference mode
Current CUDA latency: 128.938492 ms | Average CUDA latency: 185.864308 ms, Average TFLOPs: 2.943867
>> VLA-Cache inference mode
Current CUDA latency: 121.327103 ms | Average CUDA latency: 185.561316 ms, Average TFLOPs: 2.943379
>> VLA-Cache inference mode
Current CUDA latency: 118.171806 ms | Average CUDA latency: 185.246412 ms, Average TFLOPs: 2.942889
>> VLA-Cache inference mode
Current CUDA latency: 134.372391 ms | Average CUDA latency: 185.009788 ms, Average TFLOPs: 2.942230
>> VLA-Cache inference mode
Current CUDA latency: 387.111023 ms | Average CUDA latency: 185.945442 ms, Average TFLOPs: 2.941798
>> VLA-Cache inference mode
Current CUDA latency: 169.083878 ms | Average CUDA latency: 185.867739 ms, Average TFLOPs: 2.941330
>> VLA-Cache inference mode
Current CUDA latency: 160.785767 ms | Average CUDA latency: 185.752684 ms, Average TFLOPs: 2.940978
>> VLA-Cache inference mode
Current CUDA latency: 159.526169 ms | Average CUDA latency: 185.632929 ms, Average TFLOPs: 2.940788
>> VLA-Cache inference mode
Current CUDA latency: 117.541245 ms | Average CUDA latency: 185.323421 ms, Average TFLOPs: 2.940390
>> VLA-Cache inference mode
Current CUDA latency: 118.203552 ms | Average CUDA latency: 185.019711 ms, Average TFLOPs: 2.939918
>> VLA-Cache inference mode
Current CUDA latency: 168.728287 ms | Average CUDA latency: 184.946326 ms, Average TFLOPs: 2.939562
Average time per step: 636.3318 ms, Control Frequency: 12.57 Hz, Token Reusing Ratio (Primary): 32.99 %, , Token Reusing Ratio (Wrist): 35.95 %
Saved rollout MP4 at path ./rollouts/2026_04_07/primary--2026_04_07-14_35_38--episode=12--success=True--task=pick_up_the_alphabet_soup_and_place_it_in_the_bask.mp4
Saved rollout MP4 at path ./rollouts/2026_04_07/wrist--2026_04_07-14_35_38--episode=12--success=True--task=pick_up_the_alphabet_soup_and_place_it_in_the_bask.mp4
04/07 [14:55:03] INFO     | >> Success: True              run_libero_eval.py:230
                 INFO     | >> # episodes completed so    run_libero_eval.py:230
                          far: 12                                               
                 INFO     | >> # successes: 12 (100.0%)   run_libero_eval.py:230

 60%|██████    | 12/20 [18:37<12:35, 94.50s/it][A                 INFO     | >>                            run_libero_eval.py:230
                          Task: pick up the alphabet soup                       
                          and place it in the basket                            
                 INFO     | >> Starting episode 13...     run_libero_eval.py:230
huggingface/tokenizers: The current process just got forked, after parallelism has already been used. Disabling parallelism to avoid deadlocks...
To disable this warning, you can either:
	- Avoid using `tokenizers` before the fork if possible
	- Explicitly set the environment variable TOKENIZERS_PARALLELISM=(true | false)
huggingface/tokenizers: The current process just got forked, after parallelism has already been used. Disabling parallelism to avoid deadlocks...
To disable this warning, you can either:
	- Avoid using `tokenizers` before the fork if possible
	- Explicitly set the environment variable TOKENIZERS_PARALLELISM=(true | false)
>> VLA-Cache inference mode
Current CUDA latency: 360.258026 ms | Average CUDA latency: 185.732477 ms, Average TFLOPs: 2.942997
>> VLA-Cache inference mode
Current CUDA latency: 288.545044 ms | Average CUDA latency: 186.191462 ms, Average TFLOPs: 2.943084
>> VLA-Cache inference mode
Current CUDA latency: 113.291008 ms | Average CUDA latency: 185.867460 ms, Average TFLOPs: 2.943026
>> VLA-Cache inference mode
Current CUDA latency: 193.709091 ms | Average CUDA latency: 185.902158 ms, Average TFLOPs: 2.943019
>> VLA-Cache inference mode
Current CUDA latency: 183.232483 ms | Average CUDA latency: 185.890397 ms, Average TFLOPs: 2.943107
>> VLA-Cache inference mode
Current CUDA latency: 119.449631 ms | Average CUDA latency: 185.598990 ms, Average TFLOPs: 2.943091
>> VLA-Cache inference mode
Current CUDA latency: 108.885437 ms | Average CUDA latency: 185.263996 ms, Average TFLOPs: 2.943021
>> VLA-Cache inference mode
Current CUDA latency: 113.416542 ms | Average CUDA latency: 184.951616 ms, Average TFLOPs: 2.942874
>> VLA-Cache inference mode
Current CUDA latency: 122.026237 ms | Average CUDA latency: 184.679212 ms, Average TFLOPs: 2.942713
>> VLA-Cache inference mode
Current CUDA latency: 125.296478 ms | Average CUDA latency: 184.423252 ms, Average TFLOPs: 2.942510
>> VLA-Cache inference mode
Current CUDA latency: 137.286118 ms | Average CUDA latency: 184.220947 ms, Average TFLOPs: 2.942244
>> VLA-Cache inference mode
Current CUDA latency: 135.546204 ms | Average CUDA latency: 184.012935 ms, Average TFLOPs: 2.942014
>> VLA-Cache inference mode
Current CUDA latency: 125.078529 ms | Average CUDA latency: 183.762150 ms, Average TFLOPs: 2.941699
>> VLA-Cache inference mode
Current CUDA latency: 470.462097 ms | Average CUDA latency: 184.976980 ms, Average TFLOPs: 2.941374
>> VLA-Cache inference mode
Current CUDA latency: 318.468689 ms | Average CUDA latency: 185.540237 ms, Average TFLOPs: 2.940991
>> VLA-Cache inference mode
Current CUDA latency: 171.750854 ms | Average CUDA latency: 185.482298 ms, Average TFLOPs: 2.940677
>> VLA-Cache inference mode
Current CUDA latency: 217.357346 ms | Average CUDA latency: 185.615666 ms, Average TFLOPs: 2.940425
>> VLA-Cache inference mode
Current CUDA latency: 156.091751 ms | Average CUDA latency: 185.492650 ms, Average TFLOPs: 2.940201
Average time per step: 636.7976 ms, Control Frequency: 12.56 Hz, Token Reusing Ratio (Primary): 32.99 %, , Token Reusing Ratio (Wrist): 35.90 %
Saved rollout MP4 at path ./rollouts/2026_04_07/primary--2026_04_07-14_35_38--episode=13--success=True--task=pick_up_the_alphabet_soup_and_place_it_in_the_bask.mp4
Saved rollout MP4 at path ./rollouts/2026_04_07/wrist--2026_04_07-14_35_38--episode=13--success=True--task=pick_up_the_alphabet_soup_and_place_it_in_the_bask.mp4
04/07 [14:56:24] INFO     | >> Success: True              run_libero_eval.py:230
                 INFO     | >> # episodes completed so    run_libero_eval.py:230
                          far: 13                                               
                 INFO     | >> # successes: 13 (100.0%)   run_libero_eval.py:230

 65%|██████▌   | 13/20 [19:59<10:33, 90.54s/it][A                 INFO     | >>                            run_libero_eval.py:230
                          Task: pick up the alphabet soup                       
                          and place it in the basket                            
                 INFO     | >> Starting episode 14...     run_libero_eval.py:230
huggingface/tokenizers: The current process just got forked, after parallelism has already been used. Disabling parallelism to avoid deadlocks...
To disable this warning, you can either:
	- Avoid using `tokenizers` before the fork if possible
	- Explicitly set the environment variable TOKENIZERS_PARALLELISM=(true | false)
huggingface/tokenizers: The current process just got forked, after parallelism has already been used. Disabling parallelism to avoid deadlocks...
To disable this warning, you can either:
	- Avoid using `tokenizers` before the fork if possible
	- Explicitly set the environment variable TOKENIZERS_PARALLELISM=(true | false)
>> VLA-Cache inference mode
Current CUDA latency: 566.229187 ms | Average CUDA latency: 187.072470 ms, Average TFLOPs: 2.943378
>> VLA-Cache inference mode
Current CUDA latency: 366.783325 ms | Average CUDA latency: 187.815077 ms, Average TFLOPs: 2.943502
>> VLA-Cache inference mode
Current CUDA latency: 147.203812 ms | Average CUDA latency: 187.647952 ms, Average TFLOPs: 2.943417
>> VLA-Cache inference mode
Current CUDA latency: 130.526398 ms | Average CUDA latency: 187.413847 ms, Average TFLOPs: 2.943197
>> VLA-Cache inference mode
Current CUDA latency: 114.415779 ms | Average CUDA latency: 187.115896 ms, Average TFLOPs: 2.942948
>> VLA-Cache inference mode
Current CUDA latency: 134.543549 ms | Average CUDA latency: 186.902187 ms, Average TFLOPs: 2.942670
>> VLA-Cache inference mode
Current CUDA latency: 199.032379 ms | Average CUDA latency: 186.951297 ms, Average TFLOPs: 2.942690
>> VLA-Cache inference mode
Current CUDA latency: 105.767555 ms | Average CUDA latency: 186.623944 ms, Average TFLOPs: 2.942368
>> VLA-Cache inference mode
Current CUDA latency: 102.545532 ms | Average CUDA latency: 186.286279 ms, Average TFLOPs: 2.942020
>> VLA-Cache inference mode
Current CUDA latency: 161.448761 ms | Average CUDA latency: 186.186929 ms, Average TFLOPs: 2.941614
>> VLA-Cache inference mode
Current CUDA latency: 175.016281 ms | Average CUDA latency: 186.142425 ms, Average TFLOPs: 2.941198
>> VLA-Cache inference mode
Current CUDA latency: 203.288635 ms | Average CUDA latency: 186.210465 ms, Average TFLOPs: 2.940884
>> VLA-Cache inference mode
Current CUDA latency: 187.305923 ms | Average CUDA latency: 186.214795 ms, Average TFLOPs: 2.940624
>> VLA-Cache inference mode
Current CUDA latency: 122.669731 ms | Average CUDA latency: 185.964618 ms, Average TFLOPs: 2.940330
>> VLA-Cache inference mode
Current CUDA latency: 115.003807 ms | Average CUDA latency: 185.686340 ms, Average TFLOPs: 2.939942
>> VLA-Cache inference mode
Current CUDA latency: 104.164673 ms | Average CUDA latency: 185.367896 ms, Average TFLOPs: 2.939556
>> VLA-Cache inference mode
Current CUDA latency: 201.878403 ms | Average CUDA latency: 185.432139 ms, Average TFLOPs: 2.939272
Average time per step: 631.6849 ms, Control Frequency: 12.66 Hz, Token Reusing Ratio (Primary): 33.03 %, , Token Reusing Ratio (Wrist): 35.93 %
Saved rollout MP4 at path ./rollouts/2026_04_07/primary--2026_04_07-14_35_38--episode=14--success=True--task=pick_up_the_alphabet_soup_and_place_it_in_the_bask.mp4
Saved rollout MP4 at path ./rollouts/2026_04_07/wrist--2026_04_07-14_35_38--episode=14--success=True--task=pick_up_the_alphabet_soup_and_place_it_in_the_bask.mp4
04/07 [14:57:39] INFO     | >> Success: True              run_libero_eval.py:230
                 INFO     | >> # episodes completed so    run_libero_eval.py:230
                          far: 14                                               
                 INFO     | >> # successes: 14 (100.0%)   run_libero_eval.py:230

 70%|███████   | 14/20 [21:14<08:35, 85.88s/it][A                 INFO     | >>                            run_libero_eval.py:230
                          Task: pick up the alphabet soup                       
                          and place it in the basket                            
                 INFO     | >> Starting episode 15...     run_libero_eval.py:230
huggingface/tokenizers: The current process just got forked, after parallelism has already been used. Disabling parallelism to avoid deadlocks...
To disable this warning, you can either:
	- Avoid using `tokenizers` before the fork if possible
	- Explicitly set the environment variable TOKENIZERS_PARALLELISM=(true | false)
huggingface/tokenizers: The current process just got forked, after parallelism has already been used. Disabling parallelism to avoid deadlocks...
To disable this warning, you can either:
	- Avoid using `tokenizers` before the fork if possible
	- Explicitly set the environment variable TOKENIZERS_PARALLELISM=(true | false)
>> VLA-Cache inference mode
Current CUDA latency: 373.193726 ms | Average CUDA latency: 186.159897 ms, Average TFLOPs: 2.942243
>> VLA-Cache inference mode
Current CUDA latency: 370.674286 ms | Average CUDA latency: 186.872308 ms, Average TFLOPs: 2.942233
>> VLA-Cache inference mode
Current CUDA latency: 118.602211 ms | Average CUDA latency: 186.609731 ms, Average TFLOPs: 2.942309
>> VLA-Cache inference mode
Current CUDA latency: 208.369980 ms | Average CUDA latency: 186.693103 ms, Average TFLOPs: 2.942143
>> VLA-Cache inference mode
Current CUDA latency: 127.884674 ms | Average CUDA latency: 186.468644 ms, Average TFLOPs: 2.942149
>> VLA-Cache inference mode
Current CUDA latency: 173.040512 ms | Average CUDA latency: 186.417586 ms, Average TFLOPs: 2.942065
>> VLA-Cache inference mode
Current CUDA latency: 132.199875 ms | Average CUDA latency: 186.212216 ms, Average TFLOPs: 2.941827
>> VLA-Cache inference mode
Current CUDA latency: 144.123779 ms | Average CUDA latency: 186.053392 ms, Average TFLOPs: 2.941522
>> VLA-Cache inference mode
Current CUDA latency: 249.869019 ms | Average CUDA latency: 186.293300 ms, Average TFLOPs: 2.941220
>> VLA-Cache inference mode
Current CUDA latency: 336.686859 ms | Average CUDA latency: 186.856572 ms, Average TFLOPs: 2.940971
>> VLA-Cache inference mode
Current CUDA latency: 212.096039 ms | Average CUDA latency: 186.950749 ms, Average TFLOPs: 2.940920
>> VLA-Cache inference mode
Current CUDA latency: 183.366394 ms | Average CUDA latency: 186.937424 ms, Average TFLOPs: 2.940750
>> VLA-Cache inference mode
Current CUDA latency: 283.810822 ms | Average CUDA latency: 187.296214 ms, Average TFLOPs: 2.940425
>> VLA-Cache inference mode
Current CUDA latency: 151.646500 ms | Average CUDA latency: 187.164666 ms, Average TFLOPs: 2.940245
>> VLA-Cache inference mode
Current CUDA latency: 202.086914 ms | Average CUDA latency: 187.219527 ms, Average TFLOPs: 2.940001
>> VLA-Cache inference mode
Current CUDA latency: 118.380867 ms | Average CUDA latency: 186.967371 ms, Average TFLOPs: 2.939728
>> VLA-Cache inference mode
Current CUDA latency: 110.740799 ms | Average CUDA latency: 186.689172 ms, Average TFLOPs: 2.939660
>> VLA-Cache inference mode
Current CUDA latency: 163.990662 ms | Average CUDA latency: 186.606631 ms, Average TFLOPs: 2.939595
>> VLA-Cache inference mode
Current CUDA latency: 143.926727 ms | Average CUDA latency: 186.451994 ms, Average TFLOPs: 2.939634
Average time per step: 632.2154 ms, Control Frequency: 12.65 Hz, Token Reusing Ratio (Primary): 33.00 %, , Token Reusing Ratio (Wrist): 35.92 %
Saved rollout MP4 at path ./rollouts/2026_04_07/primary--2026_04_07-14_35_38--episode=15--success=True--task=pick_up_the_alphabet_soup_and_place_it_in_the_bask.mp4
Saved rollout MP4 at path ./rollouts/2026_04_07/wrist--2026_04_07-14_35_38--episode=15--success=True--task=pick_up_the_alphabet_soup_and_place_it_in_the_bask.mp4
04/07 [14:59:29] INFO     | >> Success: True              run_libero_eval.py:230
                 INFO     | >> # episodes completed so    run_libero_eval.py:230
                          far: 15                                               
                 INFO     | >> # successes: 15 (100.0%)   run_libero_eval.py:230

 75%|███████▌  | 15/20 [23:03<07:45, 93.00s/it][A                 INFO     | >>                            run_libero_eval.py:230
                          Task: pick up the alphabet soup                       
                          and place it in the basket                            
                 INFO     | >> Starting episode 16...     run_libero_eval.py:230
huggingface/tokenizers: The current process just got forked, after parallelism has already been used. Disabling parallelism to avoid deadlocks...
To disable this warning, you can either:
	- Avoid using `tokenizers` before the fork if possible
	- Explicitly set the environment variable TOKENIZERS_PARALLELISM=(true | false)
huggingface/tokenizers: The current process just got forked, after parallelism has already been used. Disabling parallelism to avoid deadlocks...
To disable this warning, you can either:
	- Avoid using `tokenizers` before the fork if possible
	- Explicitly set the environment variable TOKENIZERS_PARALLELISM=(true | false)
>> VLA-Cache inference mode
Current CUDA latency: 361.265747 ms | Average CUDA latency: 187.083091 ms, Average TFLOPs: 2.942400
>> VLA-Cache inference mode
Current CUDA latency: 307.526367 ms | Average CUDA latency: 187.516340 ms, Average TFLOPs: 2.942412
>> VLA-Cache inference mode
Current CUDA latency: 132.720734 ms | Average CUDA latency: 187.319940 ms, Average TFLOPs: 2.942328
>> VLA-Cache inference mode
Current CUDA latency: 106.894653 ms | Average CUDA latency: 187.032707 ms, Average TFLOPs: 2.942086
>> VLA-Cache inference mode
Current CUDA latency: 121.982399 ms | Average CUDA latency: 186.801211 ms, Average TFLOPs: 2.942120
>> VLA-Cache inference mode
Current CUDA latency: 127.084259 ms | Average CUDA latency: 186.589449 ms, Average TFLOPs: 2.942066
>> VLA-Cache inference mode
Current CUDA latency: 146.384644 ms | Average CUDA latency: 186.447382 ms, Average TFLOPs: 2.941889
>> VLA-Cache inference mode
Current CUDA latency: 117.807327 ms | Average CUDA latency: 186.205692 ms, Average TFLOPs: 2.941604
>> VLA-Cache inference mode
Current CUDA latency: 116.102562 ms | Average CUDA latency: 185.959716 ms, Average TFLOPs: 2.941295
>> VLA-Cache inference mode
Current CUDA latency: 117.232033 ms | Average CUDA latency: 185.719409 ms, Average TFLOPs: 2.940993
>> VLA-Cache inference mode
Current CUDA latency: 103.509506 ms | Average CUDA latency: 185.432964 ms, Average TFLOPs: 2.940645
>> VLA-Cache inference mode
Current CUDA latency: 145.476288 ms | Average CUDA latency: 185.294225 ms, Average TFLOPs: 2.940232
>> VLA-Cache inference mode
Current CUDA latency: 245.982208 ms | Average CUDA latency: 185.504218 ms, Average TFLOPs: 2.940127
>> VLA-Cache inference mode
Current CUDA latency: 164.285187 ms | Average CUDA latency: 185.431049 ms, Average TFLOPs: 2.940045
>> VLA-Cache inference mode
Current CUDA latency: 125.925468 ms | Average CUDA latency: 185.226563 ms, Average TFLOPs: 2.939746
>> VLA-Cache inference mode
Current CUDA latency: 117.176003 ms | Average CUDA latency: 184.993513 ms, Average TFLOPs: 2.939466
>> VLA-Cache inference mode
Current CUDA latency: 163.781158 ms | Average CUDA latency: 184.921116 ms, Average TFLOPs: 2.939295
Average time per step: 627.9940 ms, Control Frequency: 12.74 Hz, Token Reusing Ratio (Primary): 33.04 %, , Token Reusing Ratio (Wrist): 35.92 %
Saved rollout MP4 at path ./rollouts/2026_04_07/primary--2026_04_07-14_35_38--episode=16--success=True--task=pick_up_the_alphabet_soup_and_place_it_in_the_bask.mp4
Saved rollout MP4 at path ./rollouts/2026_04_07/wrist--2026_04_07-14_35_38--episode=16--success=True--task=pick_up_the_alphabet_soup_and_place_it_in_the_bask.mp4
04/07 [15:00:45] INFO     | >> Success: True              run_libero_eval.py:230
                 INFO     | >> # episodes completed so    run_libero_eval.py:230
                          far: 16                                               
                 INFO     | >> # successes: 16 (100.0%)   run_libero_eval.py:230

 80%|████████  | 16/20 [24:20<05:52, 88.08s/it][A                 INFO     | >>                            run_libero_eval.py:230
                          Task: pick up the alphabet soup                       
                          and place it in the basket                            
                 INFO     | >> Starting episode 17...     run_libero_eval.py:230
huggingface/tokenizers: The current process just got forked, after parallelism has already been used. Disabling parallelism to avoid deadlocks...
To disable this warning, you can either:
	- Avoid using `tokenizers` before the fork if possible
	- Explicitly set the environment variable TOKENIZERS_PARALLELISM=(true | false)
huggingface/tokenizers: The current process just got forked, after parallelism has already been used. Disabling parallelism to avoid deadlocks...
To disable this warning, you can either:
	- Avoid using `tokenizers` before the fork if possible
	- Explicitly set the environment variable TOKENIZERS_PARALLELISM=(true | false)
>> VLA-Cache inference mode
Current CUDA latency: 355.330414 ms | Average CUDA latency: 185.500739 ms, Average TFLOPs: 2.941902
>> VLA-Cache inference mode
Current CUDA latency: 339.161499 ms | Average CUDA latency: 186.021623 ms, Average TFLOPs: 2.941933
>> VLA-Cache inference mode
Current CUDA latency: 238.657471 ms | Average CUDA latency: 186.199447 ms, Average TFLOPs: 2.941892
>> VLA-Cache inference mode
Current CUDA latency: 159.473785 ms | Average CUDA latency: 186.109462 ms, Average TFLOPs: 2.941765
>> VLA-Cache inference mode
Current CUDA latency: 124.988609 ms | Average CUDA latency: 185.904358 ms, Average TFLOPs: 2.941789
>> VLA-Cache inference mode
Current CUDA latency: 123.235390 ms | Average CUDA latency: 185.694763 ms, Average TFLOPs: 2.941824
>> VLA-Cache inference mode
Current CUDA latency: 201.132126 ms | Average CUDA latency: 185.746221 ms, Average TFLOPs: 2.941723
>> VLA-Cache inference mode
Current CUDA latency: 232.424545 ms | Average CUDA latency: 185.901298 ms, Average TFLOPs: 2.941524
>> VLA-Cache inference mode
Current CUDA latency: 107.847588 ms | Average CUDA latency: 185.642842 ms, Average TFLOPs: 2.941279
>> VLA-Cache inference mode
Current CUDA latency: 142.334015 ms | Average CUDA latency: 185.499909 ms, Average TFLOPs: 2.940945
>> VLA-Cache inference mode
Current CUDA latency: 120.331039 ms | Average CUDA latency: 185.285538 ms, Average TFLOPs: 2.940695
>> VLA-Cache inference mode
Current CUDA latency: 125.156349 ms | Average CUDA latency: 185.088393 ms, Average TFLOPs: 2.940425
>> VLA-Cache inference mode
Current CUDA latency: 116.730782 ms | Average CUDA latency: 184.865002 ms, Average TFLOPs: 2.940052
>> VLA-Cache inference mode
Current CUDA latency: 122.596863 ms | Average CUDA latency: 184.662174 ms, Average TFLOPs: 2.939854
>> VLA-Cache inference mode
Current CUDA latency: 230.850662 ms | Average CUDA latency: 184.812137 ms, Average TFLOPs: 2.939648
>> VLA-Cache inference mode
Current CUDA latency: 213.964706 ms | Average CUDA latency: 184.906481 ms, Average TFLOPs: 2.939132
>> VLA-Cache inference mode
Current CUDA latency: 181.038086 ms | Average CUDA latency: 184.894003 ms, Average TFLOPs: 2.939011
>> VLA-Cache inference mode
Current CUDA latency: 204.393372 ms | Average CUDA latency: 184.956702 ms, Average TFLOPs: 2.938884
>> VLA-Cache inference mode
Current CUDA latency: 118.643044 ms | Average CUDA latency: 184.744158 ms, Average TFLOPs: 2.938631
>> VLA-Cache inference mode
Current CUDA latency: 121.258270 ms | Average CUDA latency: 184.541328 ms, Average TFLOPs: 2.938539
>> VLA-Cache inference mode
Current CUDA latency: 143.874298 ms | Average CUDA latency: 184.411815 ms, Average TFLOPs: 2.938322
>> VLA-Cache inference mode
Current CUDA latency: 206.222748 ms | Average CUDA latency: 184.481056 ms, Average TFLOPs: 2.938250
>> VLA-Cache inference mode
Current CUDA latency: 218.964188 ms | Average CUDA latency: 184.590180 ms, Average TFLOPs: 2.938091
Average time per step: 625.9376 ms, Control Frequency: 12.78 Hz, Token Reusing Ratio (Primary): 33.10 %, , Token Reusing Ratio (Wrist): 35.95 %
Saved rollout MP4 at path ./rollouts/2026_04_07/primary--2026_04_07-14_35_38--episode=17--success=True--task=pick_up_the_alphabet_soup_and_place_it_in_the_bask.mp4
Saved rollout MP4 at path ./rollouts/2026_04_07/wrist--2026_04_07-14_35_38--episode=17--success=True--task=pick_up_the_alphabet_soup_and_place_it_in_the_bask.mp4
04/07 [15:02:52] INFO     | >> Success: True              run_libero_eval.py:230
                 INFO     | >> # episodes completed so    run_libero_eval.py:230
                          far: 17                                               
                 INFO     | >> # successes: 17 (100.0%)   run_libero_eval.py:230

 85%|████████▌ | 17/20 [26:26<04:58, 99.59s/it][A                 INFO     | >>                            run_libero_eval.py:230
                          Task: pick up the alphabet soup                       
                          and place it in the basket                            
                 INFO     | >> Starting episode 18...     run_libero_eval.py:230
huggingface/tokenizers: The current process just got forked, after parallelism has already been used. Disabling parallelism to avoid deadlocks...
To disable this warning, you can either:
	- Avoid using `tokenizers` before the fork if possible
	- Explicitly set the environment variable TOKENIZERS_PARALLELISM=(true | false)
huggingface/tokenizers: The current process just got forked, after parallelism has already been used. Disabling parallelism to avoid deadlocks...
To disable this warning, you can either:
	- Avoid using `tokenizers` before the fork if possible
	- Explicitly set the environment variable TOKENIZERS_PARALLELISM=(true | false)
>> VLA-Cache inference mode
Current CUDA latency: 345.335419 ms | Average CUDA latency: 185.097262 ms, Average TFLOPs: 2.940512
>> VLA-Cache inference mode
Current CUDA latency: 254.639801 ms | Average CUDA latency: 185.315950 ms, Average TFLOPs: 2.940651
>> VLA-Cache inference mode
Current CUDA latency: 131.196960 ms | Average CUDA latency: 185.146298 ms, Average TFLOPs: 2.940703
>> VLA-Cache inference mode
Current CUDA latency: 129.302368 ms | Average CUDA latency: 184.971785 ms, Average TFLOPs: 2.940671
>> VLA-Cache inference mode
Current CUDA latency: 124.213921 ms | Average CUDA latency: 184.782509 ms, Average TFLOPs: 2.940721
>> VLA-Cache inference mode
Current CUDA latency: 128.015289 ms | Average CUDA latency: 184.606213 ms, Average TFLOPs: 2.940725
>> VLA-Cache inference mode
Current CUDA latency: 124.314140 ms | Average CUDA latency: 184.419550 ms, Average TFLOPs: 2.940602
>> VLA-Cache inference mode
Current CUDA latency: 176.573669 ms | Average CUDA latency: 184.395334 ms, Average TFLOPs: 2.940400
>> VLA-Cache inference mode
Current CUDA latency: 207.027420 ms | Average CUDA latency: 184.464972 ms, Average TFLOPs: 2.940219
>> VLA-Cache inference mode
Current CUDA latency: 159.394791 ms | Average CUDA latency: 184.388069 ms, Average TFLOPs: 2.940166
>> VLA-Cache inference mode
Current CUDA latency: 178.199997 ms | Average CUDA latency: 184.369145 ms, Average TFLOPs: 2.940126
>> VLA-Cache inference mode
Current CUDA latency: 125.436768 ms | Average CUDA latency: 184.189474 ms, Average TFLOPs: 2.940077
>> VLA-Cache inference mode
Current CUDA latency: 165.723267 ms | Average CUDA latency: 184.133345 ms, Average TFLOPs: 2.940052
>> VLA-Cache inference mode
Current CUDA latency: 155.951141 ms | Average CUDA latency: 184.047945 ms, Average TFLOPs: 2.940078
>> VLA-Cache inference mode
Current CUDA latency: 125.428192 ms | Average CUDA latency: 183.870846 ms, Average TFLOPs: 2.939961
>> VLA-Cache inference mode
Current CUDA latency: 150.479874 ms | Average CUDA latency: 183.770270 ms, Average TFLOPs: 2.940043
>> VLA-Cache inference mode
Current CUDA latency: 164.179428 ms | Average CUDA latency: 183.711439 ms, Average TFLOPs: 2.940048
>> VLA-Cache inference mode
Current CUDA latency: 140.065475 ms | Average CUDA latency: 183.580763 ms, Average TFLOPs: 2.940135
>> VLA-Cache inference mode
Current CUDA latency: 122.685150 ms | Average CUDA latency: 183.398985 ms, Average TFLOPs: 2.940173
>> VLA-Cache inference mode
Current CUDA latency: 123.069054 ms | Average CUDA latency: 183.219431 ms, Average TFLOPs: 2.940126
>> VLA-Cache inference mode
Current CUDA latency: 180.429474 ms | Average CUDA latency: 183.211152 ms, Average TFLOPs: 2.940179
>> VLA-Cache inference mode
Current CUDA latency: 108.770592 ms | Average CUDA latency: 182.990914 ms, Average TFLOPs: 2.940116
>> VLA-Cache inference mode
Current CUDA latency: 132.379929 ms | Average CUDA latency: 182.841619 ms, Average TFLOPs: 2.940036
>> VLA-Cache inference mode
Current CUDA latency: 254.302719 ms | Average CUDA latency: 183.051799 ms, Average TFLOPs: 2.940008
Average time per step: 619.1596 ms, Control Frequency: 12.92 Hz, Token Reusing Ratio (Primary): 33.05 %, , Token Reusing Ratio (Wrist): 35.93 %
Saved rollout MP4 at path ./rollouts/2026_04_07/primary--2026_04_07-14_35_38--episode=18--success=True--task=pick_up_the_alphabet_soup_and_place_it_in_the_bask.mp4
Saved rollout MP4 at path ./rollouts/2026_04_07/wrist--2026_04_07-14_35_38--episode=18--success=True--task=pick_up_the_alphabet_soup_and_place_it_in_the_bask.mp4
04/07 [15:04:37] INFO     | >> Success: True              run_libero_eval.py:230
                 INFO     | >> # episodes completed so    run_libero_eval.py:230
                          far: 18                                               
                 INFO     | >> # successes: 18 (100.0%)   run_libero_eval.py:230

 90%|█████████ | 18/20 [28:11<03:22, 101.26s/it][A                 INFO     | >>                            run_libero_eval.py:230
                          Task: pick up the alphabet soup                       
                          and place it in the basket                            
                 INFO     | >> Starting episode 19...     run_libero_eval.py:230
huggingface/tokenizers: The current process just got forked, after parallelism has already been used. Disabling parallelism to avoid deadlocks...
To disable this warning, you can either:
	- Avoid using `tokenizers` before the fork if possible
	- Explicitly set the environment variable TOKENIZERS_PARALLELISM=(true | false)
huggingface/tokenizers: The current process just got forked, after parallelism has already been used. Disabling parallelism to avoid deadlocks...
To disable this warning, you can either:
	- Avoid using `tokenizers` before the fork if possible
	- Explicitly set the environment variable TOKENIZERS_PARALLELISM=(true | false)
>> VLA-Cache inference mode
Current CUDA latency: 352.678406 ms | Average CUDA latency: 183.549238 ms, Average TFLOPs: 2.942254
>> VLA-Cache inference mode
Current CUDA latency: 277.654572 ms | Average CUDA latency: 183.824399 ms, Average TFLOPs: 2.942351
>> VLA-Cache inference mode
Current CUDA latency: 118.223839 ms | Average CUDA latency: 183.633144 ms, Average TFLOPs: 2.942447
>> VLA-Cache inference mode
Current CUDA latency: 125.092644 ms | Average CUDA latency: 183.462968 ms, Average TFLOPs: 2.942428
>> VLA-Cache inference mode
Current CUDA latency: 132.079559 ms | Average CUDA latency: 183.314031 ms, Average TFLOPs: 2.942400
>> VLA-Cache inference mode
Current CUDA latency: 247.677246 ms | Average CUDA latency: 183.500052 ms, Average TFLOPs: 2.942368
>> VLA-Cache inference mode
Current CUDA latency: 518.846436 ms | Average CUDA latency: 184.466468 ms, Average TFLOPs: 2.942250
>> VLA-Cache inference mode
Current CUDA latency: 165.743301 ms | Average CUDA latency: 184.412666 ms, Average TFLOPs: 2.942184
>> VLA-Cache inference mode
Current CUDA latency: 162.443558 ms | Average CUDA latency: 184.349717 ms, Average TFLOPs: 2.942249
>> VLA-Cache inference mode
Current CUDA latency: 140.862534 ms | Average CUDA latency: 184.225468 ms, Average TFLOPs: 2.942016
>> VLA-Cache inference mode
Current CUDA latency: 108.703934 ms | Average CUDA latency: 184.010307 ms, Average TFLOPs: 2.941911
>> VLA-Cache inference mode
Current CUDA latency: 108.792419 ms | Average CUDA latency: 183.796619 ms, Average TFLOPs: 2.941842
>> VLA-Cache inference mode
Current CUDA latency: 115.859100 ms | Average CUDA latency: 183.604162 ms, Average TFLOPs: 2.941755
>> VLA-Cache inference mode
Current CUDA latency: 122.684830 ms | Average CUDA latency: 183.432073 ms, Average TFLOPs: 2.941591
>> VLA-Cache inference mode
Current CUDA latency: 243.277664 ms | Average CUDA latency: 183.600653 ms, Average TFLOPs: 2.941541
>> VLA-Cache inference mode
Current CUDA latency: 177.284195 ms | Average CUDA latency: 183.582910 ms, Average TFLOPs: 2.941308
>> VLA-Cache inference mode
Current CUDA latency: 126.387680 ms | Average CUDA latency: 183.422699 ms, Average TFLOPs: 2.941201
>> VLA-Cache inference mode
Current CUDA latency: 152.714554 ms | Average CUDA latency: 183.336922 ms, Average TFLOPs: 2.940997
>> VLA-Cache inference mode
Current CUDA latency: 129.514465 ms | Average CUDA latency: 183.186999 ms, Average TFLOPs: 2.940827
Average time per step: 616.3064 ms, Control Frequency: 12.98 Hz, Token Reusing Ratio (Primary): 33.06 %, , Token Reusing Ratio (Wrist): 35.97 %
Saved rollout MP4 at path ./rollouts/2026_04_07/primary--2026_04_07-14_35_38--episode=19--success=True--task=pick_up_the_alphabet_soup_and_place_it_in_the_bask.mp4
Saved rollout MP4 at path ./rollouts/2026_04_07/wrist--2026_04_07-14_35_38--episode=19--success=True--task=pick_up_the_alphabet_soup_and_place_it_in_the_bask.mp4
04/07 [15:05:55] INFO     | >> Success: True              run_libero_eval.py:230
                 INFO     | >> # episodes completed so    run_libero_eval.py:230
                          far: 19                                               
                 INFO     | >> # successes: 19 (100.0%)   run_libero_eval.py:230

 95%|█████████▌| 19/20 [29:30<01:34, 94.50s/it] [A                 INFO     | >>                            run_libero_eval.py:230
                          Task: pick up the alphabet soup                       
                          and place it in the basket                            
                 INFO     | >> Starting episode 20...     run_libero_eval.py:230
huggingface/tokenizers: The current process just got forked, after parallelism has already been used. Disabling parallelism to avoid deadlocks...
To disable this warning, you can either:
	- Avoid using `tokenizers` before the fork if possible
	- Explicitly set the environment variable TOKENIZERS_PARALLELISM=(true | false)
huggingface/tokenizers: The current process just got forked, after parallelism has already been used. Disabling parallelism to avoid deadlocks...
To disable this warning, you can either:
	- Avoid using `tokenizers` before the fork if possible
	- Explicitly set the environment variable TOKENIZERS_PARALLELISM=(true | false)
>> VLA-Cache inference mode
Current CUDA latency: 317.059387 ms | Average CUDA latency: 183.558866 ms, Average TFLOPs: 2.942952
>> VLA-Cache inference mode
Current CUDA latency: 273.873016 ms | Average CUDA latency: 183.809044 ms, Average TFLOPs: 2.943085
>> VLA-Cache inference mode
Current CUDA latency: 135.823807 ms | Average CUDA latency: 183.676488 ms, Average TFLOPs: 2.943079
>> VLA-Cache inference mode
Current CUDA latency: 294.129425 ms | Average CUDA latency: 183.980766 ms, Average TFLOPs: 2.942987
>> VLA-Cache inference mode
Current CUDA latency: 309.829102 ms | Average CUDA latency: 184.326504 ms, Average TFLOPs: 2.942906
>> VLA-Cache inference mode
Current CUDA latency: 158.227997 ms | Average CUDA latency: 184.255001 ms, Average TFLOPs: 2.942885
>> VLA-Cache inference mode
Current CUDA latency: 161.439590 ms | Average CUDA latency: 184.192664 ms, Average TFLOPs: 2.942812
>> VLA-Cache inference mode
Current CUDA latency: 141.243744 ms | Average CUDA latency: 184.075637 ms, Average TFLOPs: 2.942549
>> VLA-Cache inference mode
Current CUDA latency: 106.931679 ms | Average CUDA latency: 183.866006 ms, Average TFLOPs: 2.942232
>> VLA-Cache inference mode
Current CUDA latency: 117.345184 ms | Average CUDA latency: 183.685733 ms, Average TFLOPs: 2.941858
>> VLA-Cache inference mode
Current CUDA latency: 114.762177 ms | Average CUDA latency: 183.499453 ms, Average TFLOPs: 2.941493
>> VLA-Cache inference mode
Current CUDA latency: 108.695618 ms | Average CUDA latency: 183.297826 ms, Average TFLOPs: 2.941179
>> VLA-Cache inference mode
Current CUDA latency: 116.420029 ms | Average CUDA latency: 183.118047 ms, Average TFLOPs: 2.940823
>> VLA-Cache inference mode
Current CUDA latency: 105.028160 ms | Average CUDA latency: 182.908690 ms, Average TFLOPs: 2.940478
>> VLA-Cache inference mode
Current CUDA latency: 292.711975 ms | Average CUDA latency: 183.202282 ms, Average TFLOPs: 2.940321
>> VLA-Cache inference mode
Current CUDA latency: 203.419235 ms | Average CUDA latency: 183.256194 ms, Average TFLOPs: 2.939938
>> VLA-Cache inference mode
Current CUDA latency: 126.450142 ms | Average CUDA latency: 183.105114 ms, Average TFLOPs: 2.939791
>> VLA-Cache inference mode
Current CUDA latency: 102.767296 ms | Average CUDA latency: 182.892016 ms, Average TFLOPs: 2.939505
>> VLA-Cache inference mode
Current CUDA latency: 122.779427 ms | Average CUDA latency: 182.732988 ms, Average TFLOPs: 2.939358
>> VLA-Cache inference mode
Current CUDA latency: 116.867844 ms | Average CUDA latency: 182.559202 ms, Average TFLOPs: 2.939240
>> VLA-Cache inference mode
Current CUDA latency: 144.300705 ms | Average CUDA latency: 182.458521 ms, Average TFLOPs: 2.939123
>> VLA-Cache inference mode
Current CUDA latency: 139.649536 ms | Average CUDA latency: 182.346162 ms, Average TFLOPs: 2.939053
Average time per step: 614.3256 ms, Control Frequency: 13.02 Hz, Token Reusing Ratio (Primary): 33.17 %, , Token Reusing Ratio (Wrist): 35.99 %
Saved rollout MP4 at path ./rollouts/2026_04_07/primary--2026_04_07-14_35_38--episode=20--success=True--task=pick_up_the_alphabet_soup_and_place_it_in_the_bask.mp4
Saved rollout MP4 at path ./rollouts/2026_04_07/wrist--2026_04_07-14_35_38--episode=20--success=True--task=pick_up_the_alphabet_soup_and_place_it_in_the_bask.mp4
04/07 [15:07:35] INFO     | >> Success: True              run_libero_eval.py:230
                 INFO     | >> # episodes completed so    run_libero_eval.py:230
                          far: 20                                               
                 INFO     | >> # successes: 20 (100.0%)   run_libero_eval.py:230

100%|██████████| 20/20 [31:09<00:00, 95.92s/it][A100%|██████████| 20/20 [31:09<00:00, 93.49s/it]
                 INFO     | >> Current task success rate: run_libero_eval.py:230
                          1.0                                                   
                 INFO     | >> Current total success      run_libero_eval.py:230
                          rate: 1.0                                             
 10%|█         | 1/10 [31:13<4:40:57, 1873.04s/it][Warning]: datasets path /root/sj-tmp/workspace/LIBERO/libero/libero/../datasets does not exist!
                 INFO     | >> Using default initial      run_libero_eval.py:230
                          states                                                
[Warning]: datasets path /root/sj-tmp/workspace/LIBERO/libero/libero/../datasets does not exist!

  0%|          | 0/20 [00:00<?, ?it/s][A04/07 [15:07:37] INFO     | >>                            run_libero_eval.py:230
                          Task: pick up the cream cheese                        
                          and place it in the basket                            
                 INFO     | >> Starting episode 1...      run_libero_eval.py:230
huggingface/tokenizers: The current process just got forked, after parallelism has already been used. Disabling parallelism to avoid deadlocks...
To disable this warning, you can either:
	- Avoid using `tokenizers` before the fork if possible
	- Explicitly set the environment variable TOKENIZERS_PARALLELISM=(true | false)
huggingface/tokenizers: The current process just got forked, after parallelism has already been used. Disabling parallelism to avoid deadlocks...
To disable this warning, you can either:
	- Avoid using `tokenizers` before the fork if possible
	- Explicitly set the environment variable TOKENIZERS_PARALLELISM=(true | false)
>> VLA-Cache inference mode
Current CUDA latency: 703.070618 ms | Average CUDA latency: 183.709315 ms, Average TFLOPs: 2.941093
>> VLA-Cache inference mode
Current CUDA latency: 486.354828 ms | Average CUDA latency: 184.499512 ms, Average TFLOPs: 2.941251
>> VLA-Cache inference mode
Current CUDA latency: 133.225723 ms | Average CUDA latency: 184.365986 ms, Average TFLOPs: 2.941317
>> VLA-Cache inference mode
Current CUDA latency: 131.006592 ms | Average CUDA latency: 184.227391 ms, Average TFLOPs: 2.941354
>> VLA-Cache inference mode
Current CUDA latency: 129.014236 ms | Average CUDA latency: 184.084351 ms, Average TFLOPs: 2.941522
>> VLA-Cache inference mode
Current CUDA latency: 112.899330 ms | Average CUDA latency: 183.900411 ms, Average TFLOPs: 2.941605
>> VLA-Cache inference mode
Current CUDA latency: 124.162529 ms | Average CUDA latency: 183.746447 ms, Average TFLOPs: 2.941590
>> VLA-Cache inference mode
Current CUDA latency: 124.683647 ms | Average CUDA latency: 183.594615 ms, Average TFLOPs: 2.941522
>> VLA-Cache inference mode
Current CUDA latency: 117.279167 ms | Average CUDA latency: 183.424575 ms, Average TFLOPs: 2.941211
>> VLA-Cache inference mode
Current CUDA latency: 121.505119 ms | Average CUDA latency: 183.266213 ms, Average TFLOPs: 2.940974
>> VLA-Cache inference mode
Current CUDA latency: 220.940094 ms | Average CUDA latency: 183.362320 ms, Average TFLOPs: 2.940848
>> VLA-Cache inference mode
Current CUDA latency: 349.419098 ms | Average CUDA latency: 183.784856 ms, Average TFLOPs: 2.940700
>> VLA-Cache inference mode
Current CUDA latency: 307.645172 ms | Average CUDA latency: 184.099223 ms, Average TFLOPs: 2.940629
>> VLA-Cache inference mode
Current CUDA latency: 163.147202 ms | Average CUDA latency: 184.046180 ms, Average TFLOPs: 2.940636
>> VLA-Cache inference mode
Current CUDA latency: 144.158432 ms | Average CUDA latency: 183.945453 ms, Average TFLOPs: 2.940654
>> VLA-Cache inference mode
Current CUDA latency: 168.787781 ms | Average CUDA latency: 183.907273 ms, Average TFLOPs: 2.940703
Average time per step: 646.4960 ms, Control Frequency: 12.37 Hz, Token Reusing Ratio (Primary): 32.30 %, , Token Reusing Ratio (Wrist): 34.91 %
Saved rollout MP4 at path ./rollouts/2026_04_07/primary--2026_04_07-14_35_38--episode=21--success=True--task=pick_up_the_cream_cheese_and_place_it_in_the_baske.mp4
Saved rollout MP4 at path ./rollouts/2026_04_07/wrist--2026_04_07-14_35_38--episode=21--success=True--task=pick_up_the_cream_cheese_and_place_it_in_the_baske.mp4
04/07 [15:08:43] INFO     | >> Success: True              run_libero_eval.py:230
                 INFO     | >> # episodes completed so    run_libero_eval.py:230
                          far: 21                                               
                 INFO     | >> # successes: 21 (100.0%)   run_libero_eval.py:230

  5%|▌         | 1/20 [01:06<20:56, 66.12s/it][A                 INFO     | >>                            run_libero_eval.py:230
                          Task: pick up the cream cheese                        
                          and place it in the basket                            
                 INFO     | >> Starting episode 2...      run_libero_eval.py:230
huggingface/tokenizers: The current process just got forked, after parallelism has already been used. Disabling parallelism to avoid deadlocks...
To disable this warning, you can either:
	- Avoid using `tokenizers` before the fork if possible
	- Explicitly set the environment variable TOKENIZERS_PARALLELISM=(true | false)
huggingface/tokenizers: The current process just got forked, after parallelism has already been used. Disabling parallelism to avoid deadlocks...
To disable this warning, you can either:
	- Avoid using `tokenizers` before the fork if possible
	- Explicitly set the environment variable TOKENIZERS_PARALLELISM=(true | false)
>> VLA-Cache inference mode
Current CUDA latency: 355.354248 ms | Average CUDA latency: 184.338044 ms, Average TFLOPs: 2.942657
>> VLA-Cache inference mode
Current CUDA latency: 255.831299 ms | Average CUDA latency: 184.517225 ms, Average TFLOPs: 2.942761
>> VLA-Cache inference mode
Current CUDA latency: 137.892487 ms | Average CUDA latency: 184.400663 ms, Average TFLOPs: 2.942836
>> VLA-Cache inference mode
Current CUDA latency: 130.511353 ms | Average CUDA latency: 184.266276 ms, Average TFLOPs: 2.942925
>> VLA-Cache inference mode
Current CUDA latency: 110.075775 ms | Average CUDA latency: 184.081722 ms, Average TFLOPs: 2.942917
>> VLA-Cache inference mode
Current CUDA latency: 109.030045 ms | Average CUDA latency: 183.895490 ms, Average TFLOPs: 2.943063
>> VLA-Cache inference mode
Current CUDA latency: 113.187363 ms | Average CUDA latency: 183.720470 ms, Average TFLOPs: 2.943123
>> VLA-Cache inference mode
Current CUDA latency: 147.510620 ms | Average CUDA latency: 183.631063 ms, Average TFLOPs: 2.943117
>> VLA-Cache inference mode
Current CUDA latency: 128.471558 ms | Average CUDA latency: 183.495202 ms, Average TFLOPs: 2.942816
>> VLA-Cache inference mode
Current CUDA latency: 192.931015 ms | Average CUDA latency: 183.518386 ms, Average TFLOPs: 2.942612
>> VLA-Cache inference mode
Current CUDA latency: 165.653351 ms | Average CUDA latency: 183.474599 ms, Average TFLOPs: 2.942341
>> VLA-Cache inference mode
Current CUDA latency: 121.586014 ms | Average CUDA latency: 183.323282 ms, Average TFLOPs: 2.942151
>> VLA-Cache inference mode
Current CUDA latency: 126.503136 ms | Average CUDA latency: 183.184696 ms, Average TFLOPs: 2.942030
>> VLA-Cache inference mode
Current CUDA latency: 116.211838 ms | Average CUDA latency: 183.021745 ms, Average TFLOPs: 2.941872
>> VLA-Cache inference mode
Current CUDA latency: 118.401154 ms | Average CUDA latency: 182.864899 ms, Average TFLOPs: 2.941711
>> VLA-Cache inference mode
Current CUDA latency: 197.446884 ms | Average CUDA latency: 182.900207 ms, Average TFLOPs: 2.941750
>> VLA-Cache inference mode
Current CUDA latency: 210.666336 ms | Average CUDA latency: 182.967275 ms, Average TFLOPs: 2.941829
Average time per step: 601.2529 ms, Control Frequency: 13.31 Hz, Token Reusing Ratio (Primary): 32.61 %, , Token Reusing Ratio (Wrist): 35.16 %
Saved rollout MP4 at path ./rollouts/2026_04_07/primary--2026_04_07-14_35_38--episode=22--success=True--task=pick_up_the_cream_cheese_and_place_it_in_the_baske.mp4
Saved rollout MP4 at path ./rollouts/2026_04_07/wrist--2026_04_07-14_35_38--episode=22--success=True--task=pick_up_the_cream_cheese_and_place_it_in_the_baske.mp4
04/07 [15:10:02] INFO     | >> Success: True              run_libero_eval.py:230
                 INFO     | >> # episodes completed so    run_libero_eval.py:230
                          far: 22                                               
                 INFO     | >> # successes: 22 (100.0%)   run_libero_eval.py:230

 10%|█         | 2/20 [02:25<22:08, 73.81s/it][A                 INFO     | >>                            run_libero_eval.py:230
                          Task: pick up the cream cheese                        
                          and place it in the basket                            
                 INFO     | >> Starting episode 3...      run_libero_eval.py:230
huggingface/tokenizers: The current process just got forked, after parallelism has already been used. Disabling parallelism to avoid deadlocks...
To disable this warning, you can either:
	- Avoid using `tokenizers` before the fork if possible
	- Explicitly set the environment variable TOKENIZERS_PARALLELISM=(true | false)
huggingface/tokenizers: The current process just got forked, after parallelism has already been used. Disabling parallelism to avoid deadlocks...
To disable this warning, you can either:
	- Avoid using `tokenizers` before the fork if possible
	- Explicitly set the environment variable TOKENIZERS_PARALLELISM=(true | false)
>> VLA-Cache inference mode
Current CUDA latency: 497.483643 ms | Average CUDA latency: 183.725145 ms, Average TFLOPs: 2.943701
>> VLA-Cache inference mode
Current CUDA latency: 297.304108 ms | Average CUDA latency: 183.998172 ms, Average TFLOPs: 2.943810
>> VLA-Cache inference mode
Current CUDA latency: 138.537125 ms | Average CUDA latency: 183.889152 ms, Average TFLOPs: 2.943880
>> VLA-Cache inference mode
Current CUDA latency: 125.929855 ms | Average CUDA latency: 183.750494 ms, Average TFLOPs: 2.943930
>> VLA-Cache inference mode
Current CUDA latency: 128.218658 ms | Average CUDA latency: 183.617960 ms, Average TFLOPs: 2.944017
>> VLA-Cache inference mode
Current CUDA latency: 168.811646 ms | Average CUDA latency: 183.582706 ms, Average TFLOPs: 2.944140
>> VLA-Cache inference mode
Current CUDA latency: 151.670074 ms | Average CUDA latency: 183.506904 ms, Average TFLOPs: 2.944274
>> VLA-Cache inference mode
Current CUDA latency: 247.373947 ms | Average CUDA latency: 183.658248 ms, Average TFLOPs: 2.944289
>> VLA-Cache inference mode
Current CUDA latency: 270.274750 ms | Average CUDA latency: 183.863015 ms, Average TFLOPs: 2.944097
>> VLA-Cache inference mode
Current CUDA latency: 130.807678 ms | Average CUDA latency: 183.737885 ms, Average TFLOPs: 2.943759
>> VLA-Cache inference mode
Current CUDA latency: 123.353981 ms | Average CUDA latency: 183.595805 ms, Average TFLOPs: 2.943607
>> VLA-Cache inference mode
Current CUDA latency: 102.624031 ms | Average CUDA latency: 183.405730 ms, Average TFLOPs: 2.943450
>> VLA-Cache inference mode
Current CUDA latency: 126.658653 ms | Average CUDA latency: 183.272833 ms, Average TFLOPs: 2.943476
>> VLA-Cache inference mode
Current CUDA latency: 111.995262 ms | Average CUDA latency: 183.106297 ms, Average TFLOPs: 2.943323
>> VLA-Cache inference mode
Current CUDA latency: 115.130112 ms | Average CUDA latency: 182.947844 ms, Average TFLOPs: 2.943218
>> VLA-Cache inference mode
Current CUDA latency: 167.084930 ms | Average CUDA latency: 182.910954 ms, Average TFLOPs: 2.943122
Average time per step: 608.1202 ms, Control Frequency: 13.16 Hz, Token Reusing Ratio (Primary): 32.69 %, , Token Reusing Ratio (Wrist): 35.17 %
Saved rollout MP4 at path ./rollouts/2026_04_07/primary--2026_04_07-14_35_38--episode=23--success=True--task=pick_up_the_cream_cheese_and_place_it_in_the_baske.mp4
Saved rollout MP4 at path ./rollouts/2026_04_07/wrist--2026_04_07-14_35_38--episode=23--success=True--task=pick_up_the_cream_cheese_and_place_it_in_the_baske.mp4
04/07 [15:11:29] INFO     | >> Success: True              run_libero_eval.py:230
                 INFO     | >> # episodes completed so    run_libero_eval.py:230
                          far: 23                                               
                 INFO     | >> # successes: 23 (100.0%)   run_libero_eval.py:230

 15%|█▌        | 3/20 [03:51<22:33, 79.64s/it][A                 INFO     | >>                            run_libero_eval.py:230
                          Task: pick up the cream cheese                        
                          and place it in the basket                            
                 INFO     | >> Starting episode 4...      run_libero_eval.py:230
huggingface/tokenizers: The current process just got forked, after parallelism has already been used. Disabling parallelism to avoid deadlocks...
To disable this warning, you can either:
	- Avoid using `tokenizers` before the fork if possible
	- Explicitly set the environment variable TOKENIZERS_PARALLELISM=(true | false)
huggingface/tokenizers: The current process just got forked, after parallelism has already been used. Disabling parallelism to avoid deadlocks...
To disable this warning, you can either:
	- Avoid using `tokenizers` before the fork if possible
	- Explicitly set the environment variable TOKENIZERS_PARALLELISM=(true | false)
>> VLA-Cache inference mode
Current CUDA latency: 364.945496 ms | Average CUDA latency: 183.333308 ms, Average TFLOPs: 2.944921
>> VLA-Cache inference mode
Current CUDA latency: 360.826172 ms | Average CUDA latency: 183.744171 ms, Average TFLOPs: 2.944922
>> VLA-Cache inference mode
Current CUDA latency: 147.380768 ms | Average CUDA latency: 183.660191 ms, Average TFLOPs: 2.945003
>> VLA-Cache inference mode
Current CUDA latency: 112.350494 ms | Average CUDA latency: 183.495883 ms, Average TFLOPs: 2.945067
>> VLA-Cache inference mode
Current CUDA latency: 124.719841 ms | Average CUDA latency: 183.360765 ms, Average TFLOPs: 2.945064
>> VLA-Cache inference mode
Current CUDA latency: 210.508987 ms | Average CUDA latency: 183.423032 ms, Average TFLOPs: 2.945073
>> VLA-Cache inference mode
Current CUDA latency: 304.609406 ms | Average CUDA latency: 183.700346 ms, Average TFLOPs: 2.945076
>> VLA-Cache inference mode
Current CUDA latency: 144.250107 ms | Average CUDA latency: 183.610277 ms, Average TFLOPs: 2.944897
>> VLA-Cache inference mode
Current CUDA latency: 116.529053 ms | Average CUDA latency: 183.457473 ms, Average TFLOPs: 2.944562
>> VLA-Cache inference mode
Current CUDA latency: 102.681442 ms | Average CUDA latency: 183.273891 ms, Average TFLOPs: 2.944267
>> VLA-Cache inference mode
Current CUDA latency: 118.273056 ms | Average CUDA latency: 183.126496 ms, Average TFLOPs: 2.944024
>> VLA-Cache inference mode
Current CUDA latency: 226.109253 ms | Average CUDA latency: 183.223743 ms, Average TFLOPs: 2.943746
>> VLA-Cache inference mode
Current CUDA latency: 252.372391 ms | Average CUDA latency: 183.379834 ms, Average TFLOPs: 2.943247
>> VLA-Cache inference mode
Current CUDA latency: 119.762848 ms | Average CUDA latency: 183.236553 ms, Average TFLOPs: 2.942829
>> VLA-Cache inference mode
Current CUDA latency: 109.468285 ms | Average CUDA latency: 183.070781 ms, Average TFLOPs: 2.942579
>> VLA-Cache inference mode
Current CUDA latency: 149.270554 ms | Average CUDA latency: 182.994996 ms, Average TFLOPs: 2.942449
>> VLA-Cache inference mode
Current CUDA latency: 133.477921 ms | Average CUDA latency: 182.884220 ms, Average TFLOPs: 2.942321
>> VLA-Cache inference mode
Current CUDA latency: 133.995132 ms | Average CUDA latency: 182.775092 ms, Average TFLOPs: 2.942251
>> VLA-Cache inference mode
Current CUDA latency: 127.943069 ms | Average CUDA latency: 182.652972 ms, Average TFLOPs: 2.942142
>> VLA-Cache inference mode
Current CUDA latency: 168.726303 ms | Average CUDA latency: 182.622024 ms, Average TFLOPs: 2.942048
Average time per step: 605.6168 ms, Control Frequency: 13.21 Hz, Token Reusing Ratio (Primary): 33.21 %, , Token Reusing Ratio (Wrist): 35.44 %
Saved rollout MP4 at path ./rollouts/2026_04_07/primary--2026_04_07-14_35_38--episode=24--success=True--task=pick_up_the_cream_cheese_and_place_it_in_the_baske.mp4
Saved rollout MP4 at path ./rollouts/2026_04_07/wrist--2026_04_07-14_35_38--episode=24--success=True--task=pick_up_the_cream_cheese_and_place_it_in_the_baske.mp4
04/07 [15:12:56] INFO     | >> Success: True              run_libero_eval.py:230
                 INFO     | >> # episodes completed so    run_libero_eval.py:230
                          far: 24                                               
                 INFO     | >> # successes: 24 (100.0%)   run_libero_eval.py:230

 20%|██        | 4/20 [05:18<22:01, 82.57s/it][A                 INFO     | >>                            run_libero_eval.py:230
                          Task: pick up the cream cheese                        
                          and place it in the basket                            
                 INFO     | >> Starting episode 5...      run_libero_eval.py:230
huggingface/tokenizers: The current process just got forked, after parallelism has already been used. Disabling parallelism to avoid deadlocks...
To disable this warning, you can either:
	- Avoid using `tokenizers` before the fork if possible
	- Explicitly set the environment variable TOKENIZERS_PARALLELISM=(true | false)
huggingface/tokenizers: The current process just got forked, after parallelism has already been used. Disabling parallelism to avoid deadlocks...
To disable this warning, you can either:
	- Avoid using `tokenizers` before the fork if possible
	- Explicitly set the environment variable TOKENIZERS_PARALLELISM=(true | false)
>> VLA-Cache inference mode
Current CUDA latency: 378.509644 ms | Average CUDA latency: 183.056364 ms, Average TFLOPs: 2.943769
>> VLA-Cache inference mode
Current CUDA latency: 303.947479 ms | Average CUDA latency: 183.323823 ms, Average TFLOPs: 2.943824
>> VLA-Cache inference mode
Current CUDA latency: 131.133209 ms | Average CUDA latency: 183.208612 ms, Average TFLOPs: 2.943874
>> VLA-Cache inference mode
Current CUDA latency: 125.926460 ms | Average CUDA latency: 183.082439 ms, Average TFLOPs: 2.943983
>> VLA-Cache inference mode
Current CUDA latency: 146.183136 ms | Average CUDA latency: 183.001342 ms, Average TFLOPs: 2.944043
>> VLA-Cache inference mode
Current CUDA latency: 133.891129 ms | Average CUDA latency: 182.893644 ms, Average TFLOPs: 2.944000
>> VLA-Cache inference mode
Current CUDA latency: 137.524185 ms | Average CUDA latency: 182.794367 ms, Average TFLOPs: 2.943964
>> VLA-Cache inference mode
Current CUDA latency: 184.830917 ms | Average CUDA latency: 182.798814 ms, Average TFLOPs: 2.943900
>> VLA-Cache inference mode
Current CUDA latency: 209.827621 ms | Average CUDA latency: 182.857700 ms, Average TFLOPs: 2.943661
>> VLA-Cache inference mode
Current CUDA latency: 166.121338 ms | Average CUDA latency: 182.821317 ms, Average TFLOPs: 2.943366
>> VLA-Cache inference mode
Current CUDA latency: 206.690598 ms | Average CUDA latency: 182.873094 ms, Average TFLOPs: 2.943149
>> VLA-Cache inference mode
Current CUDA latency: 159.445663 ms | Average CUDA latency: 182.822385 ms, Average TFLOPs: 2.943035
>> VLA-Cache inference mode
Current CUDA latency: 133.769821 ms | Average CUDA latency: 182.716440 ms, Average TFLOPs: 2.942946
>> VLA-Cache inference mode
Current CUDA latency: 147.022629 ms | Average CUDA latency: 182.639514 ms, Average TFLOPs: 2.942845
>> VLA-Cache inference mode
Current CUDA latency: 140.492859 ms | Average CUDA latency: 182.548876 ms, Average TFLOPs: 2.942813
>> VLA-Cache inference mode
Current CUDA latency: 164.103943 ms | Average CUDA latency: 182.509295 ms, Average TFLOPs: 2.942889
>> VLA-Cache inference mode
Current CUDA latency: 127.900002 ms | Average CUDA latency: 182.392358 ms, Average TFLOPs: 2.942885
Average time per step: 609.2453 ms, Control Frequency: 13.13 Hz, Token Reusing Ratio (Primary): 33.18 %, , Token Reusing Ratio (Wrist): 35.24 %
Saved rollout MP4 at path ./rollouts/2026_04_07/primary--2026_04_07-14_35_38--episode=25--success=True--task=pick_up_the_cream_cheese_and_place_it_in_the_baske.mp4
Saved rollout MP4 at path ./rollouts/2026_04_07/wrist--2026_04_07-14_35_38--episode=25--success=True--task=pick_up_the_cream_cheese_and_place_it_in_the_baske.mp4
04/07 [15:14:30] INFO     | >> Success: True              run_libero_eval.py:230
                 INFO     | >> # episodes completed so    run_libero_eval.py:230
                          far: 25                                               
                 INFO     | >> # successes: 25 (100.0%)   run_libero_eval.py:230

 25%|██▌       | 5/20 [06:53<21:43, 86.87s/it][A                 INFO     | >>                            run_libero_eval.py:230
                          Task: pick up the cream cheese                        
                          and place it in the basket                            
                 INFO     | >> Starting episode 6...      run_libero_eval.py:230
huggingface/tokenizers: The current process just got forked, after parallelism has already been used. Disabling parallelism to avoid deadlocks...
To disable this warning, you can either:
	- Avoid using `tokenizers` before the fork if possible
	- Explicitly set the environment variable TOKENIZERS_PARALLELISM=(true | false)
huggingface/tokenizers: The current process just got forked, after parallelism has already been used. Disabling parallelism to avoid deadlocks...
To disable this warning, you can either:
	- Avoid using `tokenizers` before the fork if possible
	- Explicitly set the environment variable TOKENIZERS_PARALLELISM=(true | false)
>> VLA-Cache inference mode
Current CUDA latency: 334.905609 ms | Average CUDA latency: 182.718241 ms, Average TFLOPs: 2.944542
>> VLA-Cache inference mode
Current CUDA latency: 323.559814 ms | Average CUDA latency: 183.018543 ms, Average TFLOPs: 2.944628
>> VLA-Cache inference mode
Current CUDA latency: 139.068604 ms | Average CUDA latency: 182.925033 ms, Average TFLOPs: 2.944725
>> VLA-Cache inference mode
Current CUDA latency: 139.724548 ms | Average CUDA latency: 182.833312 ms, Average TFLOPs: 2.944764
>> VLA-Cache inference mode
Current CUDA latency: 126.203934 ms | Average CUDA latency: 182.713334 ms, Average TFLOPs: 2.944918
>> VLA-Cache inference mode
Current CUDA latency: 125.858688 ms | Average CUDA latency: 182.593134 ms, Average TFLOPs: 2.945020
>> VLA-Cache inference mode
Current CUDA latency: 124.435135 ms | Average CUDA latency: 182.470438 ms, Average TFLOPs: 2.945014
>> VLA-Cache inference mode
Current CUDA latency: 122.611618 ms | Average CUDA latency: 182.344420 ms, Average TFLOPs: 2.945004
>> VLA-Cache inference mode
Current CUDA latency: 126.612991 ms | Average CUDA latency: 182.227337 ms, Average TFLOPs: 2.944974
>> VLA-Cache inference mode
Current CUDA latency: 129.030563 ms | Average CUDA latency: 182.115813 ms, Average TFLOPs: 2.944769
>> VLA-Cache inference mode
Current CUDA latency: 122.391106 ms | Average CUDA latency: 181.990866 ms, Average TFLOPs: 2.944283
>> VLA-Cache inference mode
Current CUDA latency: 124.680031 ms | Average CUDA latency: 181.871219 ms, Average TFLOPs: 2.944164
>> VLA-Cache inference mode
Current CUDA latency: 116.812576 ms | Average CUDA latency: 181.735680 ms, Average TFLOPs: 2.943991
>> VLA-Cache inference mode
Current CUDA latency: 123.251167 ms | Average CUDA latency: 181.614091 ms, Average TFLOPs: 2.943879
>> VLA-Cache inference mode
Current CUDA latency: 159.416260 ms | Average CUDA latency: 181.568037 ms, Average TFLOPs: 2.943744
>> VLA-Cache inference mode
Current CUDA latency: 234.901123 ms | Average CUDA latency: 181.678458 ms, Average TFLOPs: 2.943733
>> VLA-Cache inference mode
Current CUDA latency: 138.940033 ms | Average CUDA latency: 181.590155 ms, Average TFLOPs: 2.943709
>> VLA-Cache inference mode
Current CUDA latency: 126.143394 ms | Average CUDA latency: 181.475832 ms, Average TFLOPs: 2.943744
Average time per step: 599.9037 ms, Control Frequency: 13.34 Hz, Token Reusing Ratio (Primary): 33.07 %, , Token Reusing Ratio (Wrist): 35.14 %
Saved rollout MP4 at path ./rollouts/2026_04_07/primary--2026_04_07-14_35_38--episode=26--success=True--task=pick_up_the_cream_cheese_and_place_it_in_the_baske.mp4
Saved rollout MP4 at path ./rollouts/2026_04_07/wrist--2026_04_07-14_35_38--episode=26--success=True--task=pick_up_the_cream_cheese_and_place_it_in_the_baske.mp4
04/07 [15:15:56] INFO     | >> Success: True              run_libero_eval.py:230
                 INFO     | >> # episodes completed so    run_libero_eval.py:230
                          far: 26                                               
                 INFO     | >> # successes: 26 (100.0%)   run_libero_eval.py:230

 30%|███       | 6/20 [08:18<20:08, 86.31s/it][A                 INFO     | >>                            run_libero_eval.py:230
                          Task: pick up the cream cheese                        
                          and place it in the basket                            
                 INFO     | >> Starting episode 7...      run_libero_eval.py:230
huggingface/tokenizers: The current process just got forked, after parallelism has already been used. Disabling parallelism to avoid deadlocks...
To disable this warning, you can either:
	- Avoid using `tokenizers` before the fork if possible
	- Explicitly set the environment variable TOKENIZERS_PARALLELISM=(true | false)
huggingface/tokenizers: The current process just got forked, after parallelism has already been used. Disabling parallelism to avoid deadlocks...
To disable this warning, you can either:
	- Avoid using `tokenizers` before the fork if possible
	- Explicitly set the environment variable TOKENIZERS_PARALLELISM=(true | false)
>> VLA-Cache inference mode
Current CUDA latency: 330.947144 ms | Average CUDA latency: 181.783386 ms, Average TFLOPs: 2.945338
>> VLA-Cache inference mode
Current CUDA latency: 333.036377 ms | Average CUDA latency: 182.093967 ms, Average TFLOPs: 2.945409
>> VLA-Cache inference mode
Current CUDA latency: 146.440994 ms | Average CUDA latency: 182.020908 ms, Average TFLOPs: 2.945490
>> VLA-Cache inference mode
Current CUDA latency: 127.138046 ms | Average CUDA latency: 181.908673 ms, Average TFLOPs: 2.945515
>> VLA-Cache inference mode
Current CUDA latency: 134.306244 ms | Average CUDA latency: 181.811525 ms, Average TFLOPs: 2.945609
>> VLA-Cache inference mode
Current CUDA latency: 109.021057 ms | Average CUDA latency: 181.663276 ms, Average TFLOPs: 2.945611
>> VLA-Cache inference mode
Current CUDA latency: 131.305405 ms | Average CUDA latency: 181.560922 ms, Average TFLOPs: 2.945592
>> VLA-Cache inference mode
Current CUDA latency: 142.561768 ms | Average CUDA latency: 181.481817 ms, Average TFLOPs: 2.945533
>> VLA-Cache inference mode
Current CUDA latency: 183.945953 ms | Average CUDA latency: 181.486805 ms, Average TFLOPs: 2.945419
>> VLA-Cache inference mode
Current CUDA latency: 606.595093 ms | Average CUDA latency: 182.345609 ms, Average TFLOPs: 2.945250
>> VLA-Cache inference mode
Current CUDA latency: 120.699234 ms | Average CUDA latency: 182.221322 ms, Average TFLOPs: 2.945134
>> VLA-Cache inference mode
Current CUDA latency: 128.310501 ms | Average CUDA latency: 182.112850 ms, Average TFLOPs: 2.945021
>> VLA-Cache inference mode
Current CUDA latency: 144.749695 ms | Average CUDA latency: 182.037823 ms, Average TFLOPs: 2.944909
>> VLA-Cache inference mode
Current CUDA latency: 109.725090 ms | Average CUDA latency: 181.892908 ms, Average TFLOPs: 2.944818
>> VLA-Cache inference mode
Current CUDA latency: 145.009018 ms | Average CUDA latency: 181.819140 ms, Average TFLOPs: 2.944801
>> VLA-Cache inference mode
Current CUDA latency: 154.998657 ms | Average CUDA latency: 181.765606 ms, Average TFLOPs: 2.944805
Average time per step: 600.9889 ms, Control Frequency: 13.31 Hz, Token Reusing Ratio (Primary): 33.07 %, , Token Reusing Ratio (Wrist): 35.17 %
Saved rollout MP4 at path ./rollouts/2026_04_07/primary--2026_04_07-14_35_38--episode=27--success=True--task=pick_up_the_cream_cheese_and_place_it_in_the_baske.mp4
Saved rollout MP4 at path ./rollouts/2026_04_07/wrist--2026_04_07-14_35_38--episode=27--success=True--task=pick_up_the_cream_cheese_and_place_it_in_the_baske.mp4
04/07 [15:17:10] INFO     | >> Success: True              run_libero_eval.py:230
                 INFO     | >> # episodes completed so    run_libero_eval.py:230
                          far: 27                                               
                 INFO     | >> # successes: 27 (100.0%)   run_libero_eval.py:230

 35%|███▌      | 7/20 [09:32<17:49, 82.28s/it][A                 INFO     | >>                            run_libero_eval.py:230
                          Task: pick up the cream cheese                        
                          and place it in the basket                            
                 INFO     | >> Starting episode 8...      run_libero_eval.py:230
huggingface/tokenizers: The current process just got forked, after parallelism has already been used. Disabling parallelism to avoid deadlocks...
To disable this warning, you can either:
	- Avoid using `tokenizers` before the fork if possible
	- Explicitly set the environment variable TOKENIZERS_PARALLELISM=(true | false)
huggingface/tokenizers: The current process just got forked, after parallelism has already been used. Disabling parallelism to avoid deadlocks...
To disable this warning, you can either:
	- Avoid using `tokenizers` before the fork if possible
	- Explicitly set the environment variable TOKENIZERS_PARALLELISM=(true | false)
>> VLA-Cache inference mode
Current CUDA latency: 316.608398 ms | Average CUDA latency: 182.034218 ms, Average TFLOPs: 2.946346
>> VLA-Cache inference mode
Current CUDA latency: 279.022797 ms | Average CUDA latency: 182.227038 ms, Average TFLOPs: 2.946411
>> VLA-Cache inference mode
Current CUDA latency: 115.656898 ms | Average CUDA latency: 182.094954 ms, Average TFLOPs: 2.946475
>> VLA-Cache inference mode
Current CUDA latency: 286.666626 ms | Average CUDA latency: 182.302027 ms, Average TFLOPs: 2.946539
>> VLA-Cache inference mode
Current CUDA latency: 215.152161 ms | Average CUDA latency: 182.366948 ms, Average TFLOPs: 2.946615
>> VLA-Cache inference mode
Current CUDA latency: 139.450653 ms | Average CUDA latency: 182.282300 ms, Average TFLOPs: 2.946698
>> VLA-Cache inference mode
Current CUDA latency: 131.919846 ms | Average CUDA latency: 182.183162 ms, Average TFLOPs: 2.946730
>> VLA-Cache inference mode
Current CUDA latency: 111.721283 ms | Average CUDA latency: 182.044730 ms, Average TFLOPs: 2.946694
>> VLA-Cache inference mode
Current CUDA latency: 118.853088 ms | Average CUDA latency: 181.920825 ms, Average TFLOPs: 2.946530
>> VLA-Cache inference mode
Current CUDA latency: 120.991394 ms | Average CUDA latency: 181.801589 ms, Average TFLOPs: 2.946323
>> VLA-Cache inference mode
Current CUDA latency: 124.224068 ms | Average CUDA latency: 181.689133 ms, Average TFLOPs: 2.946220
>> VLA-Cache inference mode
Current CUDA latency: 126.163361 ms | Average CUDA latency: 181.580895 ms, Average TFLOPs: 2.946151
>> VLA-Cache inference mode
Current CUDA latency: 181.689957 ms | Average CUDA latency: 181.581108 ms, Average TFLOPs: 2.946149
>> VLA-Cache inference mode
Current CUDA latency: 165.033279 ms | Average CUDA latency: 181.548976 ms, Average TFLOPs: 2.946112
>> VLA-Cache inference mode
Current CUDA latency: 328.888885 ms | Average CUDA latency: 181.834518 ms, Average TFLOPs: 2.946146
>> VLA-Cache inference mode
Current CUDA latency: 171.594055 ms | Average CUDA latency: 181.814711 ms, Average TFLOPs: 2.946192
Average time per step: 602.0852 ms, Control Frequency: 13.29 Hz, Token Reusing Ratio (Primary): 32.98 %, , Token Reusing Ratio (Wrist): 35.09 %
Saved rollout MP4 at path ./rollouts/2026_04_07/primary--2026_04_07-14_35_38--episode=28--success=True--task=pick_up_the_cream_cheese_and_place_it_in_the_baske.mp4
Saved rollout MP4 at path ./rollouts/2026_04_07/wrist--2026_04_07-14_35_38--episode=28--success=True--task=pick_up_the_cream_cheese_and_place_it_in_the_baske.mp4
04/07 [15:18:17] INFO     | >> Success: True              run_libero_eval.py:230
                 INFO     | >> # episodes completed so    run_libero_eval.py:230
                          far: 28                                               
                 INFO     | >> # successes: 28 (100.0%)   run_libero_eval.py:230

 40%|████      | 8/20 [10:40<15:30, 77.55s/it][A                 INFO     | >>                            run_libero_eval.py:230
                          Task: pick up the cream cheese                        
                          and place it in the basket                            
                 INFO     | >> Starting episode 9...      run_libero_eval.py:230
huggingface/tokenizers: The current process just got forked, after parallelism has already been used. Disabling parallelism to avoid deadlocks...
To disable this warning, you can either:
	- Avoid using `tokenizers` before the fork if possible
	- Explicitly set the environment variable TOKENIZERS_PARALLELISM=(true | false)
huggingface/tokenizers: The current process just got forked, after parallelism has already been used. Disabling parallelism to avoid deadlocks...
To disable this warning, you can either:
	- Avoid using `tokenizers` before the fork if possible
	- Explicitly set the environment variable TOKENIZERS_PARALLELISM=(true | false)
>> VLA-Cache inference mode
Current CUDA latency: 337.089996 ms | Average CUDA latency: 182.114470 ms, Average TFLOPs: 2.947683
>> VLA-Cache inference mode
Current CUDA latency: 303.457031 ms | Average CUDA latency: 182.348271 ms, Average TFLOPs: 2.947700
>> VLA-Cache inference mode
Current CUDA latency: 114.205116 ms | Average CUDA latency: 182.217226 ms, Average TFLOPs: 2.947707
>> VLA-Cache inference mode
Current CUDA latency: 134.065247 ms | Average CUDA latency: 182.124804 ms, Average TFLOPs: 2.947798
>> VLA-Cache inference mode
Current CUDA latency: 125.177475 ms | Average CUDA latency: 182.015710 ms, Average TFLOPs: 2.947766
>> VLA-Cache inference mode
Current CUDA latency: 126.621597 ms | Average CUDA latency: 181.909794 ms, Average TFLOPs: 2.947872
>> VLA-Cache inference mode
Current CUDA latency: 123.231903 ms | Average CUDA latency: 181.797813 ms, Average TFLOPs: 2.947792
>> VLA-Cache inference mode
Current CUDA latency: 114.945251 ms | Average CUDA latency: 181.670475 ms, Average TFLOPs: 2.947710
>> VLA-Cache inference mode
Current CUDA latency: 168.779739 ms | Average CUDA latency: 181.645967 ms, Average TFLOPs: 2.947323
>> VLA-Cache inference mode
Current CUDA latency: 145.710815 ms | Average CUDA latency: 181.577779 ms, Average TFLOPs: 2.946972
>> VLA-Cache inference mode
Current CUDA latency: 132.817657 ms | Average CUDA latency: 181.485431 ms, Average TFLOPs: 2.946873
>> VLA-Cache inference mode
Current CUDA latency: 141.605637 ms | Average CUDA latency: 181.410043 ms, Average TFLOPs: 2.946843
>> VLA-Cache inference mode
Current CUDA latency: 110.432030 ms | Average CUDA latency: 181.276123 ms, Average TFLOPs: 2.946718
>> VLA-Cache inference mode
Current CUDA latency: 113.437088 ms | Average CUDA latency: 181.148366 ms, Average TFLOPs: 2.946624
>> VLA-Cache inference mode
Current CUDA latency: 164.035385 ms | Average CUDA latency: 181.116198 ms, Average TFLOPs: 2.946611
>> VLA-Cache inference mode
Current CUDA latency: 134.257401 ms | Average CUDA latency: 181.028283 ms, Average TFLOPs: 2.946569
Average time per step: 600.1286 ms, Control Frequency: 13.33 Hz, Token Reusing Ratio (Primary): 32.97 %, , Token Reusing Ratio (Wrist): 35.06 %
Saved rollout MP4 at path ./rollouts/2026_04_07/primary--2026_04_07-14_35_38--episode=29--success=True--task=pick_up_the_cream_cheese_and_place_it_in_the_baske.mp4
Saved rollout MP4 at path ./rollouts/2026_04_07/wrist--2026_04_07-14_35_38--episode=29--success=True--task=pick_up_the_cream_cheese_and_place_it_in_the_baske.mp4
04/07 [15:19:27] INFO     | >> Success: True              run_libero_eval.py:230
                 INFO     | >> # episodes completed so    run_libero_eval.py:230
                          far: 29                                               
                 INFO     | >> # successes: 29 (100.0%)   run_libero_eval.py:230

 45%|████▌     | 9/20 [11:50<13:47, 75.23s/it][A                 INFO     | >>                            run_libero_eval.py:230
                          Task: pick up the cream cheese                        
                          and place it in the basket                            
                 INFO     | >> Starting episode 10...     run_libero_eval.py:230
huggingface/tokenizers: The current process just got forked, after parallelism has already been used. Disabling parallelism to avoid deadlocks...
To disable this warning, you can either:
	- Avoid using `tokenizers` before the fork if possible
	- Explicitly set the environment variable TOKENIZERS_PARALLELISM=(true | false)
huggingface/tokenizers: The current process just got forked, after parallelism has already been used. Disabling parallelism to avoid deadlocks...
To disable this warning, you can either:
	- Avoid using `tokenizers` before the fork if possible
	- Explicitly set the environment variable TOKENIZERS_PARALLELISM=(true | false)
>> VLA-Cache inference mode
Current CUDA latency: 312.862488 ms | Average CUDA latency: 181.275164 ms, Average TFLOPs: 2.948015
>> VLA-Cache inference mode
Current CUDA latency: 282.603271 ms | Average CUDA latency: 181.464562 ms, Average TFLOPs: 2.948127
>> VLA-Cache inference mode
Current CUDA latency: 130.491714 ms | Average CUDA latency: 181.369463 ms, Average TFLOPs: 2.948239
>> VLA-Cache inference mode
Current CUDA latency: 196.062592 ms | Average CUDA latency: 181.396825 ms, Average TFLOPs: 2.948342
>> VLA-Cache inference mode
Current CUDA latency: 187.307526 ms | Average CUDA latency: 181.407811 ms, Average TFLOPs: 2.948383
>> VLA-Cache inference mode
Current CUDA latency: 205.012924 ms | Average CUDA latency: 181.451606 ms, Average TFLOPs: 2.948526
>> VLA-Cache inference mode
Current CUDA latency: 198.231522 ms | Average CUDA latency: 181.482680 ms, Average TFLOPs: 2.948604
>> VLA-Cache inference mode
Current CUDA latency: 146.860352 ms | Average CUDA latency: 181.418683 ms, Average TFLOPs: 2.948561
>> VLA-Cache inference mode
Current CUDA latency: 149.163422 ms | Average CUDA latency: 181.359171 ms, Average TFLOPs: 2.948481
>> VLA-Cache inference mode
Current CUDA latency: 134.573730 ms | Average CUDA latency: 181.273010 ms, Average TFLOPs: 2.948174
>> VLA-Cache inference mode
Current CUDA latency: 101.963005 ms | Average CUDA latency: 181.127220 ms, Average TFLOPs: 2.947961
>> VLA-Cache inference mode
Current CUDA latency: 140.146912 ms | Average CUDA latency: 181.052026 ms, Average TFLOPs: 2.947861
>> VLA-Cache inference mode
Current CUDA latency: 233.352615 ms | Average CUDA latency: 181.147815 ms, Average TFLOPs: 2.947865
>> VLA-Cache inference mode
Current CUDA latency: 143.075623 ms | Average CUDA latency: 181.078213 ms, Average TFLOPs: 2.947779
>> VLA-Cache inference mode
Current CUDA latency: 144.651932 ms | Average CUDA latency: 181.011742 ms, Average TFLOPs: 2.947656
>> VLA-Cache inference mode
Current CUDA latency: 113.841438 ms | Average CUDA latency: 180.889392 ms, Average TFLOPs: 2.947602
>> VLA-Cache inference mode
Current CUDA latency: 474.828186 ms | Average CUDA latency: 181.423826 ms, Average TFLOPs: 2.947454
Average time per step: 605.1552 ms, Control Frequency: 13.22 Hz, Token Reusing Ratio (Primary): 32.96 %, , Token Reusing Ratio (Wrist): 35.11 %
Saved rollout MP4 at path ./rollouts/2026_04_07/primary--2026_04_07-14_35_38--episode=30--success=True--task=pick_up_the_cream_cheese_and_place_it_in_the_baske.mp4
Saved rollout MP4 at path ./rollouts/2026_04_07/wrist--2026_04_07-14_35_38--episode=30--success=True--task=pick_up_the_cream_cheese_and_place_it_in_the_baske.mp4
04/07 [15:20:51] INFO     | >> Success: True              run_libero_eval.py:230
                 INFO     | >> # episodes completed so    run_libero_eval.py:230
                          far: 30                                               
                 INFO     | >> # successes: 30 (100.0%)   run_libero_eval.py:230

 50%|█████     | 10/20 [13:13<12:58, 77.83s/it][A                 INFO     | >>                            run_libero_eval.py:230
                          Task: pick up the cream cheese                        
                          and place it in the basket                            
                 INFO     | >> Starting episode 11...     run_libero_eval.py:230
huggingface/tokenizers: The current process just got forked, after parallelism has already been used. Disabling parallelism to avoid deadlocks...
To disable this warning, you can either:
	- Avoid using `tokenizers` before the fork if possible
	- Explicitly set the environment variable TOKENIZERS_PARALLELISM=(true | false)
huggingface/tokenizers: The current process just got forked, after parallelism has already been used. Disabling parallelism to avoid deadlocks...
To disable this warning, you can either:
	- Avoid using `tokenizers` before the fork if possible
	- Explicitly set the environment variable TOKENIZERS_PARALLELISM=(true | false)
>> VLA-Cache inference mode
Current CUDA latency: 329.217316 ms | Average CUDA latency: 181.692054 ms, Average TFLOPs: 2.948853
>> VLA-Cache inference mode
Current CUDA latency: 387.075623 ms | Average CUDA latency: 182.064125 ms, Average TFLOPs: 2.948983
>> VLA-Cache inference mode
Current CUDA latency: 128.888321 ms | Average CUDA latency: 181.967966 ms, Average TFLOPs: 2.949130
>> VLA-Cache inference mode
Current CUDA latency: 129.123581 ms | Average CUDA latency: 181.872579 ms, Average TFLOPs: 2.949203
>> VLA-Cache inference mode
Current CUDA latency: 131.714310 ms | Average CUDA latency: 181.782204 ms, Average TFLOPs: 2.949255
>> VLA-Cache inference mode
Current CUDA latency: 110.991875 ms | Average CUDA latency: 181.654883 ms, Average TFLOPs: 2.949326
>> VLA-Cache inference mode
Current CUDA latency: 175.627396 ms | Average CUDA latency: 181.644062 ms, Average TFLOPs: 2.949271
>> VLA-Cache inference mode
Current CUDA latency: 184.782333 ms | Average CUDA latency: 181.649686 ms, Average TFLOPs: 2.949162
>> VLA-Cache inference mode
Current CUDA latency: 176.398590 ms | Average CUDA latency: 181.640293 ms, Average TFLOPs: 2.949082
>> VLA-Cache inference mode
Current CUDA latency: 148.908325 ms | Average CUDA latency: 181.581843 ms, Average TFLOPs: 2.948993
>> VLA-Cache inference mode
Current CUDA latency: 141.439240 ms | Average CUDA latency: 181.510287 ms, Average TFLOPs: 2.948773
>> VLA-Cache inference mode
Current CUDA latency: 107.758781 ms | Average CUDA latency: 181.379057 ms, Average TFLOPs: 2.948635
>> VLA-Cache inference mode
Current CUDA latency: 130.529755 ms | Average CUDA latency: 181.288738 ms, Average TFLOPs: 2.948490
>> VLA-Cache inference mode
Current CUDA latency: 123.048286 ms | Average CUDA latency: 181.185475 ms, Average TFLOPs: 2.948368
>> VLA-Cache inference mode
Current CUDA latency: 126.759071 ms | Average CUDA latency: 181.089145 ms, Average TFLOPs: 2.948247
>> VLA-Cache inference mode
Current CUDA latency: 130.078598 ms | Average CUDA latency: 180.999020 ms, Average TFLOPs: 2.948124
>> VLA-Cache inference mode
Current CUDA latency: 143.801895 ms | Average CUDA latency: 180.933417 ms, Average TFLOPs: 2.948148
>> VLA-Cache inference mode
Current CUDA latency: 126.088799 ms | Average CUDA latency: 180.836860 ms, Average TFLOPs: 2.948081
>> VLA-Cache inference mode
Current CUDA latency: 179.118301 ms | Average CUDA latency: 180.833839 ms, Average TFLOPs: 2.948018
Average time per step: 604.5509 ms, Control Frequency: 13.23 Hz, Token Reusing Ratio (Primary): 32.99 %, , Token Reusing Ratio (Wrist): 35.03 %
Saved rollout MP4 at path ./rollouts/2026_04_07/primary--2026_04_07-14_35_38--episode=31--success=True--task=pick_up_the_cream_cheese_and_place_it_in_the_baske.mp4
Saved rollout MP4 at path ./rollouts/2026_04_07/wrist--2026_04_07-14_35_38--episode=31--success=True--task=pick_up_the_cream_cheese_and_place_it_in_the_baske.mp4
04/07 [15:22:25] INFO     | >> Success: True              run_libero_eval.py:230
                 INFO     | >> # episodes completed so    run_libero_eval.py:230
                          far: 31                                               
                 INFO     | >> # successes: 31 (100.0%)   run_libero_eval.py:230

 55%|█████▌    | 11/20 [14:48<12:26, 82.94s/it][A                 INFO     | >>                            run_libero_eval.py:230
                          Task: pick up the cream cheese                        
                          and place it in the basket                            
                 INFO     | >> Starting episode 12...     run_libero_eval.py:230
huggingface/tokenizers: The current process just got forked, after parallelism has already been used. Disabling parallelism to avoid deadlocks...
To disable this warning, you can either:
	- Avoid using `tokenizers` before the fork if possible
	- Explicitly set the environment variable TOKENIZERS_PARALLELISM=(true | false)
huggingface/tokenizers: The current process just got forked, after parallelism has already been used. Disabling parallelism to avoid deadlocks...
To disable this warning, you can either:
	- Avoid using `tokenizers` before the fork if possible
	- Explicitly set the environment variable TOKENIZERS_PARALLELISM=(true | false)
>> VLA-Cache inference mode
Current CUDA latency: 464.188141 ms | Average CUDA latency: 181.330952 ms, Average TFLOPs: 2.949369
>> VLA-Cache inference mode
Current CUDA latency: 310.620178 ms | Average CUDA latency: 181.557378 ms, Average TFLOPs: 2.949430
>> VLA-Cache inference mode
Current CUDA latency: 132.752319 ms | Average CUDA latency: 181.472055 ms, Average TFLOPs: 2.949463
>> VLA-Cache inference mode
Current CUDA latency: 134.697311 ms | Average CUDA latency: 181.390423 ms, Average TFLOPs: 2.949519
>> VLA-Cache inference mode
Current CUDA latency: 130.762238 ms | Average CUDA latency: 181.302221 ms, Average TFLOPs: 2.949567
>> VLA-Cache inference mode
Current CUDA latency: 125.412804 ms | Average CUDA latency: 181.205022 ms, Average TFLOPs: 2.949748
>> VLA-Cache inference mode
Current CUDA latency: 110.020096 ms | Average CUDA latency: 181.081437 ms, Average TFLOPs: 2.949800
>> VLA-Cache inference mode
Current CUDA latency: 111.199234 ms | Average CUDA latency: 180.960324 ms, Average TFLOPs: 2.949895
>> VLA-Cache inference mode
Current CUDA latency: 129.327133 ms | Average CUDA latency: 180.870993 ms, Average TFLOPs: 2.949924
>> VLA-Cache inference mode
Current CUDA latency: 184.886948 ms | Average CUDA latency: 180.877929 ms, Average TFLOPs: 2.949727
>> VLA-Cache inference mode
Current CUDA latency: 192.467392 ms | Average CUDA latency: 180.897911 ms, Average TFLOPs: 2.949505
>> VLA-Cache inference mode
Current CUDA latency: 120.864548 ms | Average CUDA latency: 180.794583 ms, Average TFLOPs: 2.949369
>> VLA-Cache inference mode
Current CUDA latency: 141.590683 ms | Average CUDA latency: 180.727223 ms, Average TFLOPs: 2.949296
>> VLA-Cache inference mode
Current CUDA latency: 121.817505 ms | Average CUDA latency: 180.626177 ms, Average TFLOPs: 2.949251
>> VLA-Cache inference mode
Current CUDA latency: 113.690750 ms | Average CUDA latency: 180.511561 ms, Average TFLOPs: 2.949221
>> VLA-Cache inference mode
Current CUDA latency: 116.736862 ms | Average CUDA latency: 180.402545 ms, Average TFLOPs: 2.949214
Average time per step: 607.1665 ms, Control Frequency: 13.18 Hz, Token Reusing Ratio (Primary): 32.95 %, , Token Reusing Ratio (Wrist): 34.98 %
Saved rollout MP4 at path ./rollouts/2026_04_07/primary--2026_04_07-14_35_38--episode=32--success=True--task=pick_up_the_cream_cheese_and_place_it_in_the_baske.mp4
Saved rollout MP4 at path ./rollouts/2026_04_07/wrist--2026_04_07-14_35_38--episode=32--success=True--task=pick_up_the_cream_cheese_and_place_it_in_the_baske.mp4
04/07 [15:23:44] INFO     | >> Success: True              run_libero_eval.py:230
                 INFO     | >> # episodes completed so    run_libero_eval.py:230
                          far: 32                                               
                 INFO     | >> # successes: 32 (100.0%)   run_libero_eval.py:230

 60%|██████    | 12/20 [16:06<10:52, 81.54s/it][A                 INFO     | >>                            run_libero_eval.py:230
                          Task: pick up the cream cheese                        
                          and place it in the basket                            
                 INFO     | >> Starting episode 13...     run_libero_eval.py:230
huggingface/tokenizers: The current process just got forked, after parallelism has already been used. Disabling parallelism to avoid deadlocks...
To disable this warning, you can either:
	- Avoid using `tokenizers` before the fork if possible
	- Explicitly set the environment variable TOKENIZERS_PARALLELISM=(true | false)
huggingface/tokenizers: The current process just got forked, after parallelism has already been used. Disabling parallelism to avoid deadlocks...
To disable this warning, you can either:
	- Avoid using `tokenizers` before the fork if possible
	- Explicitly set the environment variable TOKENIZERS_PARALLELISM=(true | false)
>> VLA-Cache inference mode
Current CUDA latency: 398.877899 ms | Average CUDA latency: 180.775370 ms, Average TFLOPs: 2.950527
>> VLA-Cache inference mode
Current CUDA latency: 531.774536 ms | Average CUDA latency: 181.373324 ms, Average TFLOPs: 2.950635
>> VLA-Cache inference mode
Current CUDA latency: 136.417435 ms | Average CUDA latency: 181.296868 ms, Average TFLOPs: 2.950703
>> VLA-Cache inference mode
Current CUDA latency: 156.719772 ms | Average CUDA latency: 181.255141 ms, Average TFLOPs: 2.950802
>> VLA-Cache inference mode
Current CUDA latency: 126.242783 ms | Average CUDA latency: 181.161900 ms, Average TFLOPs: 2.950844
>> VLA-Cache inference mode
Current CUDA latency: 109.857697 ms | Average CUDA latency: 181.041250 ms, Average TFLOPs: 2.951007
>> VLA-Cache inference mode
Current CUDA latency: 123.011299 ms | Average CUDA latency: 180.943227 ms, Average TFLOPs: 2.951169
>> VLA-Cache inference mode
Current CUDA latency: 113.615807 ms | Average CUDA latency: 180.829690 ms, Average TFLOPs: 2.951182
>> VLA-Cache inference mode
Current CUDA latency: 146.816956 ms | Average CUDA latency: 180.772429 ms, Average TFLOPs: 2.951140
>> VLA-Cache inference mode
Current CUDA latency: 103.646339 ms | Average CUDA latency: 180.642805 ms, Average TFLOPs: 2.950922
>> VLA-Cache inference mode
Current CUDA latency: 124.174530 ms | Average CUDA latency: 180.548060 ms, Average TFLOPs: 2.950723
>> VLA-Cache inference mode
Current CUDA latency: 399.901642 ms | Average CUDA latency: 180.915486 ms, Average TFLOPs: 2.950582
>> VLA-Cache inference mode
Current CUDA latency: 188.467300 ms | Average CUDA latency: 180.928115 ms, Average TFLOPs: 2.950565
>> VLA-Cache inference mode
Current CUDA latency: 134.100006 ms | Average CUDA latency: 180.849938 ms, Average TFLOPs: 2.950454
>> VLA-Cache inference mode
Current CUDA latency: 113.072861 ms | Average CUDA latency: 180.736976 ms, Average TFLOPs: 2.950332
>> VLA-Cache inference mode
Current CUDA latency: 128.939911 ms | Average CUDA latency: 180.650791 ms, Average TFLOPs: 2.950289
>> VLA-Cache inference mode
Current CUDA latency: 107.644257 ms | Average CUDA latency: 180.529518 ms, Average TFLOPs: 2.950198
Average time per step: 609.0943 ms, Control Frequency: 13.13 Hz, Token Reusing Ratio (Primary): 32.85 %, , Token Reusing Ratio (Wrist): 35.04 %
Saved rollout MP4 at path ./rollouts/2026_04_07/primary--2026_04_07-14_35_38--episode=33--success=True--task=pick_up_the_cream_cheese_and_place_it_in_the_baske.mp4
Saved rollout MP4 at path ./rollouts/2026_04_07/wrist--2026_04_07-14_35_38--episode=33--success=True--task=pick_up_the_cream_cheese_and_place_it_in_the_baske.mp4
04/07 [15:25:04] INFO     | >> Success: True              run_libero_eval.py:230
                 INFO     | >> # episodes completed so    run_libero_eval.py:230
                          far: 33                                               
                 INFO     | >> # successes: 33 (100.0%)   run_libero_eval.py:230

 65%|██████▌   | 13/20 [17:27<09:28, 81.24s/it][A                 INFO     | >>                            run_libero_eval.py:230
                          Task: pick up the cream cheese                        
                          and place it in the basket                            
                 INFO     | >> Starting episode 14...     run_libero_eval.py:230
huggingface/tokenizers: The current process just got forked, after parallelism has already been used. Disabling parallelism to avoid deadlocks...
To disable this warning, you can either:
	- Avoid using `tokenizers` before the fork if possible
	- Explicitly set the environment variable TOKENIZERS_PARALLELISM=(true | false)
huggingface/tokenizers: The current process just got forked, after parallelism has already been used. Disabling parallelism to avoid deadlocks...
To disable this warning, you can either:
	- Avoid using `tokenizers` before the fork if possible
	- Explicitly set the environment variable TOKENIZERS_PARALLELISM=(true | false)
>> VLA-Cache inference mode
Current CUDA latency: 405.412354 ms | Average CUDA latency: 180.902458 ms, Average TFLOPs: 2.951472
>> VLA-Cache inference mode
Current CUDA latency: 371.378845 ms | Average CUDA latency: 181.217816 ms, Average TFLOPs: 2.951556
>> VLA-Cache inference mode
Current CUDA latency: 121.680542 ms | Average CUDA latency: 181.119407 ms, Average TFLOPs: 2.951640
>> VLA-Cache inference mode
Current CUDA latency: 132.933411 ms | Average CUDA latency: 181.039893 ms, Average TFLOPs: 2.951783
>> VLA-Cache inference mode
Current CUDA latency: 108.823807 ms | Average CUDA latency: 180.920920 ms, Average TFLOPs: 2.951842
>> VLA-Cache inference mode
Current CUDA latency: 131.144409 ms | Average CUDA latency: 180.839051 ms, Average TFLOPs: 2.951970
>> VLA-Cache inference mode
Current CUDA latency: 192.352066 ms | Average CUDA latency: 180.857956 ms, Average TFLOPs: 2.952048
>> VLA-Cache inference mode
Current CUDA latency: 124.600800 ms | Average CUDA latency: 180.765731 ms, Average TFLOPs: 2.952009
>> VLA-Cache inference mode
Current CUDA latency: 145.166946 ms | Average CUDA latency: 180.707468 ms, Average TFLOPs: 2.951855
>> VLA-Cache inference mode
Current CUDA latency: 206.966141 ms | Average CUDA latency: 180.750374 ms, Average TFLOPs: 2.951737
>> VLA-Cache inference mode
Current CUDA latency: 188.236771 ms | Average CUDA latency: 180.762587 ms, Average TFLOPs: 2.951676
>> VLA-Cache inference mode
Current CUDA latency: 144.587738 ms | Average CUDA latency: 180.703670 ms, Average TFLOPs: 2.951574
>> VLA-Cache inference mode
Current CUDA latency: 157.389252 ms | Average CUDA latency: 180.665761 ms, Average TFLOPs: 2.951538
>> VLA-Cache inference mode
Current CUDA latency: 156.194946 ms | Average CUDA latency: 180.626035 ms, Average TFLOPs: 2.951502
>> VLA-Cache inference mode
Current CUDA latency: 120.199615 ms | Average CUDA latency: 180.528099 ms, Average TFLOPs: 2.951415
>> VLA-Cache inference mode
Current CUDA latency: 122.850174 ms | Average CUDA latency: 180.434769 ms, Average TFLOPs: 2.951408
>> VLA-Cache inference mode
Current CUDA latency: 162.349594 ms | Average CUDA latency: 180.405553 ms, Average TFLOPs: 2.951356
Average time per step: 610.9707 ms, Control Frequency: 13.09 Hz, Token Reusing Ratio (Primary): 32.79 %, , Token Reusing Ratio (Wrist): 35.06 %
Saved rollout MP4 at path ./rollouts/2026_04_07/primary--2026_04_07-14_35_38--episode=34--success=True--task=pick_up_the_cream_cheese_and_place_it_in_the_baske.mp4
Saved rollout MP4 at path ./rollouts/2026_04_07/wrist--2026_04_07-14_35_38--episode=34--success=True--task=pick_up_the_cream_cheese_and_place_it_in_the_baske.mp4
04/07 [15:26:24] INFO     | >> Success: True              run_libero_eval.py:230
                 INFO     | >> # episodes completed so    run_libero_eval.py:230
                          far: 34                                               
                 INFO     | >> # successes: 34 (100.0%)   run_libero_eval.py:230

 70%|███████   | 14/20 [18:46<08:04, 80.68s/it][A                 INFO     | >>                            run_libero_eval.py:230
                          Task: pick up the cream cheese                        
                          and place it in the basket                            
                 INFO     | >> Starting episode 15...     run_libero_eval.py:230
huggingface/tokenizers: The current process just got forked, after parallelism has already been used. Disabling parallelism to avoid deadlocks...
To disable this warning, you can either:
	- Avoid using `tokenizers` before the fork if possible
	- Explicitly set the environment variable TOKENIZERS_PARALLELISM=(true | false)
huggingface/tokenizers: The current process just got forked, after parallelism has already been used. Disabling parallelism to avoid deadlocks...
To disable this warning, you can either:
	- Avoid using `tokenizers` before the fork if possible
	- Explicitly set the environment variable TOKENIZERS_PARALLELISM=(true | false)
>> VLA-Cache inference mode
Current CUDA latency: 381.644775 ms | Average CUDA latency: 180.730132 ms, Average TFLOPs: 2.952593
>> VLA-Cache inference mode
Current CUDA latency: 280.146149 ms | Average CUDA latency: 180.890222 ms, Average TFLOPs: 2.952681
>> VLA-Cache inference mode
Current CUDA latency: 133.890457 ms | Average CUDA latency: 180.814660 ms, Average TFLOPs: 2.952787
>> VLA-Cache inference mode
Current CUDA latency: 112.450592 ms | Average CUDA latency: 180.704926 ms, Average TFLOPs: 2.952851
>> VLA-Cache inference mode
Current CUDA latency: 111.945663 ms | Average CUDA latency: 180.594735 ms, Average TFLOPs: 2.952925
>> VLA-Cache inference mode
Current CUDA latency: 140.056519 ms | Average CUDA latency: 180.529874 ms, Average TFLOPs: 2.953014
>> VLA-Cache inference mode
Current CUDA latency: 125.386848 ms | Average CUDA latency: 180.441786 ms, Average TFLOPs: 2.953057
>> VLA-Cache inference mode
Current CUDA latency: 131.507751 ms | Average CUDA latency: 180.363741 ms, Average TFLOPs: 2.953056
>> VLA-Cache inference mode
Current CUDA latency: 166.083969 ms | Average CUDA latency: 180.341003 ms, Average TFLOPs: 2.952996
>> VLA-Cache inference mode
Current CUDA latency: 250.920258 ms | Average CUDA latency: 180.453212 ms, Average TFLOPs: 2.952778
>> VLA-Cache inference mode
Current CUDA latency: 131.991547 ms | Average CUDA latency: 180.376288 ms, Average TFLOPs: 2.952587
>> VLA-Cache inference mode
Current CUDA latency: 138.437927 ms | Average CUDA latency: 180.309825 ms, Average TFLOPs: 2.952509
>> VLA-Cache inference mode
Current CUDA latency: 443.794586 ms | Average CUDA latency: 180.726731 ms, Average TFLOPs: 2.952488
>> VLA-Cache inference mode
Current CUDA latency: 475.499237 ms | Average CUDA latency: 181.192407 ms, Average TFLOPs: 2.952434
>> VLA-Cache inference mode
Current CUDA latency: 155.534622 ms | Average CUDA latency: 181.151937 ms, Average TFLOPs: 2.952382
>> VLA-Cache inference mode
Current CUDA latency: 367.201477 ms | Average CUDA latency: 181.444928 ms, Average TFLOPs: 2.952284
Average time per step: 613.0649 ms, Control Frequency: 13.05 Hz, Token Reusing Ratio (Primary): 32.79 %, , Token Reusing Ratio (Wrist): 35.04 %
Saved rollout MP4 at path ./rollouts/2026_04_07/primary--2026_04_07-14_35_38--episode=35--success=True--task=pick_up_the_cream_cheese_and_place_it_in_the_baske.mp4
Saved rollout MP4 at path ./rollouts/2026_04_07/wrist--2026_04_07-14_35_38--episode=35--success=True--task=pick_up_the_cream_cheese_and_place_it_in_the_baske.mp4
04/07 [15:27:33] INFO     | >> Success: True              run_libero_eval.py:230
                 INFO     | >> # episodes completed so    run_libero_eval.py:230
                          far: 35                                               
                 INFO     | >> # successes: 35 (100.0%)   run_libero_eval.py:230

 75%|███████▌  | 15/20 [19:55<06:26, 77.22s/it][A                 INFO     | >>                            run_libero_eval.py:230
                          Task: pick up the cream cheese                        
                          and place it in the basket                            
                 INFO     | >> Starting episode 16...     run_libero_eval.py:230
huggingface/tokenizers: The current process just got forked, after parallelism has already been used. Disabling parallelism to avoid deadlocks...
To disable this warning, you can either:
	- Avoid using `tokenizers` before the fork if possible
	- Explicitly set the environment variable TOKENIZERS_PARALLELISM=(true | false)
huggingface/tokenizers: The current process just got forked, after parallelism has already been used. Disabling parallelism to avoid deadlocks...
To disable this warning, you can either:
	- Avoid using `tokenizers` before the fork if possible
	- Explicitly set the environment variable TOKENIZERS_PARALLELISM=(true | false)
>> VLA-Cache inference mode
Current CUDA latency: 334.297821 ms | Average CUDA latency: 181.685263 ms, Average TFLOPs: 2.953489
>> VLA-Cache inference mode
Current CUDA latency: 290.457184 ms | Average CUDA latency: 181.856020 ms, Average TFLOPs: 2.953546
>> VLA-Cache inference mode
Current CUDA latency: 128.834427 ms | Average CUDA latency: 181.772914 ms, Average TFLOPs: 2.953589
>> VLA-Cache inference mode
Current CUDA latency: 110.218559 ms | Average CUDA latency: 181.660935 ms, Average TFLOPs: 2.953571
>> VLA-Cache inference mode
Current CUDA latency: 135.762878 ms | Average CUDA latency: 181.589219 ms, Average TFLOPs: 2.953612
>> VLA-Cache inference mode
Current CUDA latency: 123.353699 ms | Average CUDA latency: 181.498368 ms, Average TFLOPs: 2.953553
>> VLA-Cache inference mode
Current CUDA latency: 160.911240 ms | Average CUDA latency: 181.466301 ms, Average TFLOPs: 2.953442
>> VLA-Cache inference mode
Current CUDA latency: 102.502144 ms | Average CUDA latency: 181.343495 ms, Average TFLOPs: 2.953286
>> VLA-Cache inference mode
Current CUDA latency: 104.919266 ms | Average CUDA latency: 181.224824 ms, Average TFLOPs: 2.953057
>> VLA-Cache inference mode
Current CUDA latency: 114.126976 ms | Average CUDA latency: 181.120796 ms, Average TFLOPs: 2.952706
>> VLA-Cache inference mode
Current CUDA latency: 135.799622 ms | Average CUDA latency: 181.050640 ms, Average TFLOPs: 2.952498
>> VLA-Cache inference mode
Current CUDA latency: 170.691681 ms | Average CUDA latency: 181.034629 ms, Average TFLOPs: 2.952425
>> VLA-Cache inference mode
Current CUDA latency: 124.739296 ms | Average CUDA latency: 180.947754 ms, Average TFLOPs: 2.952362
>> VLA-Cache inference mode
Current CUDA latency: 128.164413 ms | Average CUDA latency: 180.866423 ms, Average TFLOPs: 2.952271
>> VLA-Cache inference mode
Current CUDA latency: 272.736877 ms | Average CUDA latency: 181.007762 ms, Average TFLOPs: 2.952221
>> VLA-Cache inference mode
Current CUDA latency: 360.409882 ms | Average CUDA latency: 181.283342 ms, Average TFLOPs: 2.952150
Average time per step: 611.9293 ms, Control Frequency: 13.07 Hz, Token Reusing Ratio (Primary): 32.80 %, , Token Reusing Ratio (Wrist): 35.03 %
Saved rollout MP4 at path ./rollouts/2026_04_07/primary--2026_04_07-14_35_38--episode=36--success=True--task=pick_up_the_cream_cheese_and_place_it_in_the_baske.mp4
Saved rollout MP4 at path ./rollouts/2026_04_07/wrist--2026_04_07-14_35_38--episode=36--success=True--task=pick_up_the_cream_cheese_and_place_it_in_the_baske.mp4
04/07 [15:28:45] INFO     | >> Success: True              run_libero_eval.py:230
                 INFO     | >> # episodes completed so    run_libero_eval.py:230
                          far: 36                                               
                 INFO     | >> # successes: 36 (100.0%)   run_libero_eval.py:230

 80%|████████  | 16/20 [21:08<05:02, 75.73s/it][A                 INFO     | >>                            run_libero_eval.py:230
                          Task: pick up the cream cheese                        
                          and place it in the basket                            
                 INFO     | >> Starting episode 17...     run_libero_eval.py:230
huggingface/tokenizers: The current process just got forked, after parallelism has already been used. Disabling parallelism to avoid deadlocks...
To disable this warning, you can either:
	- Avoid using `tokenizers` before the fork if possible
	- Explicitly set the environment variable TOKENIZERS_PARALLELISM=(true | false)
huggingface/tokenizers: The current process just got forked, after parallelism has already been used. Disabling parallelism to avoid deadlocks...
To disable this warning, you can either:
	- Avoid using `tokenizers` before the fork if possible
	- Explicitly set the environment variable TOKENIZERS_PARALLELISM=(true | false)
>> VLA-Cache inference mode
Current CUDA latency: 347.784760 ms | Average CUDA latency: 181.538712 ms, Average TFLOPs: 2.953326
>> VLA-Cache inference mode
Current CUDA latency: 294.635834 ms | Average CUDA latency: 181.711908 ms, Average TFLOPs: 2.953451
>> VLA-Cache inference mode
Current CUDA latency: 113.527519 ms | Average CUDA latency: 181.607651 ms, Average TFLOPs: 2.953542
>> VLA-Cache inference mode
Current CUDA latency: 158.776932 ms | Average CUDA latency: 181.572795 ms, Average TFLOPs: 2.953615
>> VLA-Cache inference mode
Current CUDA latency: 165.884644 ms | Average CUDA latency: 181.548880 ms, Average TFLOPs: 2.953670
>> VLA-Cache inference mode
Current CUDA latency: 120.785980 ms | Average CUDA latency: 181.456394 ms, Average TFLOPs: 2.953701
>> VLA-Cache inference mode
Current CUDA latency: 229.320221 ms | Average CUDA latency: 181.529136 ms, Average TFLOPs: 2.953747
>> VLA-Cache inference mode
Current CUDA latency: 209.232254 ms | Average CUDA latency: 181.571174 ms, Average TFLOPs: 2.953737
>> VLA-Cache inference mode
Current CUDA latency: 124.224380 ms | Average CUDA latency: 181.484285 ms, Average TFLOPs: 2.953695
>> VLA-Cache inference mode
Current CUDA latency: 129.956604 ms | Average CUDA latency: 181.406331 ms, Average TFLOPs: 2.953572
>> VLA-Cache inference mode
Current CUDA latency: 113.361153 ms | Average CUDA latency: 181.303543 ms, Average TFLOPs: 2.953449
>> VLA-Cache inference mode
Current CUDA latency: 168.080734 ms | Average CUDA latency: 181.283600 ms, Average TFLOPs: 2.953339
>> VLA-Cache inference mode
Current CUDA latency: 201.711716 ms | Average CUDA latency: 181.314365 ms, Average TFLOPs: 2.953274
>> VLA-Cache inference mode
Current CUDA latency: 474.951477 ms | Average CUDA latency: 181.755924 ms, Average TFLOPs: 2.953184
>> VLA-Cache inference mode
Current CUDA latency: 261.359894 ms | Average CUDA latency: 181.875450 ms, Average TFLOPs: 2.953101
>> VLA-Cache inference mode
Current CUDA latency: 140.435135 ms | Average CUDA latency: 181.813320 ms, Average TFLOPs: 2.953091
Average time per step: 614.5054 ms, Control Frequency: 13.02 Hz, Token Reusing Ratio (Primary): 32.74 %, , Token Reusing Ratio (Wrist): 35.02 %
Saved rollout MP4 at path ./rollouts/2026_04_07/primary--2026_04_07-14_35_38--episode=37--success=True--task=pick_up_the_cream_cheese_and_place_it_in_the_baske.mp4
Saved rollout MP4 at path ./rollouts/2026_04_07/wrist--2026_04_07-14_35_38--episode=37--success=True--task=pick_up_the_cream_cheese_and_place_it_in_the_baske.mp4
04/07 [15:30:14] INFO     | >> Success: True              run_libero_eval.py:230
                 INFO     | >> # episodes completed so    run_libero_eval.py:230
                          far: 37                                               
                 INFO     | >> # successes: 37 (100.0%)   run_libero_eval.py:230

 85%|████████▌ | 17/20 [22:36<03:58, 79.57s/it][A                 INFO     | >>                            run_libero_eval.py:230
                          Task: pick up the cream cheese                        
                          and place it in the basket                            
                 INFO     | >> Starting episode 18...     run_libero_eval.py:230
huggingface/tokenizers: The current process just got forked, after parallelism has already been used. Disabling parallelism to avoid deadlocks...
To disable this warning, you can either:
	- Avoid using `tokenizers` before the fork if possible
	- Explicitly set the environment variable TOKENIZERS_PARALLELISM=(true | false)
huggingface/tokenizers: The current process just got forked, after parallelism has already been used. Disabling parallelism to avoid deadlocks...
To disable this warning, you can either:
	- Avoid using `tokenizers` before the fork if possible
	- Explicitly set the environment variable TOKENIZERS_PARALLELISM=(true | false)
>> VLA-Cache inference mode
Current CUDA latency: 361.941254 ms | Average CUDA latency: 182.082973 ms, Average TFLOPs: 2.954237
>> VLA-Cache inference mode
Current CUDA latency: 363.620667 ms | Average CUDA latency: 182.354330 ms, Average TFLOPs: 2.954385
>> VLA-Cache inference mode
Current CUDA latency: 152.869537 ms | Average CUDA latency: 182.310323 ms, Average TFLOPs: 2.954505
>> VLA-Cache inference mode
Current CUDA latency: 164.402298 ms | Average CUDA latency: 182.283634 ms, Average TFLOPs: 2.954563
>> VLA-Cache inference mode
Current CUDA latency: 138.299744 ms | Average CUDA latency: 182.218182 ms, Average TFLOPs: 2.954563
>> VLA-Cache inference mode
Current CUDA latency: 110.616989 ms | Average CUDA latency: 182.111791 ms, Average TFLOPs: 2.954670
>> VLA-Cache inference mode
Current CUDA latency: 154.746948 ms | Average CUDA latency: 182.071190 ms, Average TFLOPs: 2.954614
>> VLA-Cache inference mode
Current CUDA latency: 125.153854 ms | Average CUDA latency: 181.986868 ms, Average TFLOPs: 2.954541
>> VLA-Cache inference mode
Current CUDA latency: 128.911270 ms | Average CUDA latency: 181.908354 ms, Average TFLOPs: 2.954466
>> VLA-Cache inference mode
Current CUDA latency: 143.483902 ms | Average CUDA latency: 181.851597 ms, Average TFLOPs: 2.954284
>> VLA-Cache inference mode
Current CUDA latency: 285.377869 ms | Average CUDA latency: 182.004291 ms, Average TFLOPs: 2.954087
>> VLA-Cache inference mode
Current CUDA latency: 235.278183 ms | Average CUDA latency: 182.082750 ms, Average TFLOPs: 2.954021
>> VLA-Cache inference mode
Current CUDA latency: 190.355331 ms | Average CUDA latency: 182.094916 ms, Average TFLOPs: 2.953975
>> VLA-Cache inference mode
Current CUDA latency: 115.437698 ms | Average CUDA latency: 181.997034 ms, Average TFLOPs: 2.953905
>> VLA-Cache inference mode
Current CUDA latency: 117.492706 ms | Average CUDA latency: 181.902453 ms, Average TFLOPs: 2.953778
>> VLA-Cache inference mode
Current CUDA latency: 126.227486 ms | Average CUDA latency: 181.820938 ms, Average TFLOPs: 2.953747
>> VLA-Cache inference mode
Current CUDA latency: 129.033722 ms | Average CUDA latency: 181.743763 ms, Average TFLOPs: 2.953683
Average time per step: 617.9888 ms, Control Frequency: 12.95 Hz, Token Reusing Ratio (Primary): 32.69 %, , Token Reusing Ratio (Wrist): 34.98 %
Saved rollout MP4 at path ./rollouts/2026_04_07/primary--2026_04_07-14_35_38--episode=38--success=True--task=pick_up_the_cream_cheese_and_place_it_in_the_baske.mp4
Saved rollout MP4 at path ./rollouts/2026_04_07/wrist--2026_04_07-14_35_38--episode=38--success=True--task=pick_up_the_cream_cheese_and_place_it_in_the_baske.mp4
04/07 [15:31:46] INFO     | >> Success: True              run_libero_eval.py:230
                 INFO     | >> # episodes completed so    run_libero_eval.py:230
                          far: 38                                               
                 INFO     | >> # successes: 38 (100.0%)   run_libero_eval.py:230

 90%|█████████ | 18/20 [24:09<02:46, 83.43s/it][A                 INFO     | >>                            run_libero_eval.py:230
                          Task: pick up the cream cheese                        
                          and place it in the basket                            
                 INFO     | >> Starting episode 19...     run_libero_eval.py:230
huggingface/tokenizers: The current process just got forked, after parallelism has already been used. Disabling parallelism to avoid deadlocks...
To disable this warning, you can either:
	- Avoid using `tokenizers` before the fork if possible
	- Explicitly set the environment variable TOKENIZERS_PARALLELISM=(true | false)
huggingface/tokenizers: The current process just got forked, after parallelism has already been used. Disabling parallelism to avoid deadlocks...
To disable this warning, you can either:
	- Avoid using `tokenizers` before the fork if possible
	- Explicitly set the environment variable TOKENIZERS_PARALLELISM=(true | false)
>> VLA-Cache inference mode
Current CUDA latency: 437.236542 ms | Average CUDA latency: 182.116746 ms, Average TFLOPs: 2.954800
>> VLA-Cache inference mode
Current CUDA latency: 344.471954 ms | Average CUDA latency: 182.353415 ms, Average TFLOPs: 2.954868
>> VLA-Cache inference mode
Current CUDA latency: 134.024292 ms | Average CUDA latency: 182.283067 ms, Average TFLOPs: 2.954919
>> VLA-Cache inference mode
Current CUDA latency: 131.552704 ms | Average CUDA latency: 182.209331 ms, Average TFLOPs: 2.954903
>> VLA-Cache inference mode
Current CUDA latency: 126.798851 ms | Average CUDA latency: 182.128909 ms, Average TFLOPs: 2.954925
>> VLA-Cache inference mode
Current CUDA latency: 126.726143 ms | Average CUDA latency: 182.048615 ms, Average TFLOPs: 2.954970
>> VLA-Cache inference mode
Current CUDA latency: 124.166878 ms | Average CUDA latency: 181.964850 ms, Average TFLOPs: 2.954957
>> VLA-Cache inference mode
Current CUDA latency: 110.870911 ms | Average CUDA latency: 181.862113 ms, Average TFLOPs: 2.954961
>> VLA-Cache inference mode
Current CUDA latency: 249.473862 ms | Average CUDA latency: 181.959677 ms, Average TFLOPs: 2.954755
>> VLA-Cache inference mode
Current CUDA latency: 241.886627 ms | Average CUDA latency: 182.046027 ms, Average TFLOPs: 2.954574
>> VLA-Cache inference mode
Current CUDA latency: 126.723907 ms | Average CUDA latency: 181.966427 ms, Average TFLOPs: 2.954446
>> VLA-Cache inference mode
Current CUDA latency: 125.320450 ms | Average CUDA latency: 181.885039 ms, Average TFLOPs: 2.954313
>> VLA-Cache inference mode
Current CUDA latency: 121.773918 ms | Average CUDA latency: 181.798797 ms, Average TFLOPs: 2.954141
>> VLA-Cache inference mode
Current CUDA latency: 316.038055 ms | Average CUDA latency: 181.991116 ms, Average TFLOPs: 2.953985
>> VLA-Cache inference mode
Current CUDA latency: 182.039581 ms | Average CUDA latency: 181.991186 ms, Average TFLOPs: 2.953891
>> VLA-Cache inference mode
Current CUDA latency: 141.766617 ms | Average CUDA latency: 181.933722 ms, Average TFLOPs: 2.953815
Average time per step: 621.3899 ms, Control Frequency: 12.87 Hz, Token Reusing Ratio (Primary): 32.73 %, , Token Reusing Ratio (Wrist): 34.97 %
Saved rollout MP4 at path ./rollouts/2026_04_07/primary--2026_04_07-14_35_38--episode=39--success=True--task=pick_up_the_cream_cheese_and_place_it_in_the_baske.mp4
Saved rollout MP4 at path ./rollouts/2026_04_07/wrist--2026_04_07-14_35_38--episode=39--success=True--task=pick_up_the_cream_cheese_and_place_it_in_the_baske.mp4
04/07 [15:33:20] INFO     | >> Success: True              run_libero_eval.py:230
                 INFO     | >> # episodes completed so    run_libero_eval.py:230
                          far: 39                                               
                 INFO     | >> # successes: 39 (100.0%)   run_libero_eval.py:230

 95%|█████████▌| 19/20 [25:42<01:26, 86.56s/it][A                 INFO     | >>                            run_libero_eval.py:230
                          Task: pick up the cream cheese                        
                          and place it in the basket                            
                 INFO     | >> Starting episode 20...     run_libero_eval.py:230
huggingface/tokenizers: The current process just got forked, after parallelism has already been used. Disabling parallelism to avoid deadlocks...
To disable this warning, you can either:
	- Avoid using `tokenizers` before the fork if possible
	- Explicitly set the environment variable TOKENIZERS_PARALLELISM=(true | false)
huggingface/tokenizers: The current process just got forked, after parallelism has already been used. Disabling parallelism to avoid deadlocks...
To disable this warning, you can either:
	- Avoid using `tokenizers` before the fork if possible
	- Explicitly set the environment variable TOKENIZERS_PARALLELISM=(true | false)
>> VLA-Cache inference mode
Current CUDA latency: 346.545990 ms | Average CUDA latency: 182.168547 ms, Average TFLOPs: 2.954906
>> VLA-Cache inference mode
Current CUDA latency: 241.322433 ms | Average CUDA latency: 182.252812 ms, Average TFLOPs: 2.954941
>> VLA-Cache inference mode
Current CUDA latency: 137.054916 ms | Average CUDA latency: 182.188519 ms, Average TFLOPs: 2.954996
>> VLA-Cache inference mode
Current CUDA latency: 158.967194 ms | Average CUDA latency: 182.155534 ms, Average TFLOPs: 2.955044
>> VLA-Cache inference mode
Current CUDA latency: 225.748901 ms | Average CUDA latency: 182.217369 ms, Average TFLOPs: 2.955075
>> VLA-Cache inference mode
Current CUDA latency: 132.557983 ms | Average CUDA latency: 182.147030 ms, Average TFLOPs: 2.955135
>> VLA-Cache inference mode
Current CUDA latency: 136.295547 ms | Average CUDA latency: 182.082176 ms, Average TFLOPs: 2.955210
>> VLA-Cache inference mode
Current CUDA latency: 130.694977 ms | Average CUDA latency: 182.009595 ms, Average TFLOPs: 2.955216
>> VLA-Cache inference mode
Current CUDA latency: 168.727615 ms | Average CUDA latency: 181.990862 ms, Average TFLOPs: 2.955161
>> VLA-Cache inference mode
Current CUDA latency: 109.027359 ms | Average CUDA latency: 181.888096 ms, Average TFLOPs: 2.954972
>> VLA-Cache inference mode
Current CUDA latency: 129.382111 ms | Average CUDA latency: 181.814248 ms, Average TFLOPs: 2.954774
>> VLA-Cache inference mode
Current CUDA latency: 101.609375 ms | Average CUDA latency: 181.701601 ms, Average TFLOPs: 2.954639
>> VLA-Cache inference mode
Current CUDA latency: 123.260834 ms | Average CUDA latency: 181.619636 ms, Average TFLOPs: 2.954594
>> VLA-Cache inference mode
Current CUDA latency: 109.693634 ms | Average CUDA latency: 181.518900 ms, Average TFLOPs: 2.954510
>> VLA-Cache inference mode
Current CUDA latency: 129.200195 ms | Average CUDA latency: 181.445727 ms, Average TFLOPs: 2.954424
>> VLA-Cache inference mode
Current CUDA latency: 124.701118 ms | Average CUDA latency: 181.366474 ms, Average TFLOPs: 2.954371
>> VLA-Cache inference mode
Current CUDA latency: 165.227173 ms | Average CUDA latency: 181.343965 ms, Average TFLOPs: 2.954215
>> VLA-Cache inference mode
Current CUDA latency: 274.754883 ms | Average CUDA latency: 181.474064 ms, Average TFLOPs: 2.954134
Average time per step: 618.4537 ms, Control Frequency: 12.94 Hz, Token Reusing Ratio (Primary): 32.74 %, , Token Reusing Ratio (Wrist): 35.04 %
Saved rollout MP4 at path ./rollouts/2026_04_07/primary--2026_04_07-14_35_38--episode=40--success=True--task=pick_up_the_cream_cheese_and_place_it_in_the_baske.mp4
Saved rollout MP4 at path ./rollouts/2026_04_07/wrist--2026_04_07-14_35_38--episode=40--success=True--task=pick_up_the_cream_cheese_and_place_it_in_the_baske.mp4
04/07 [15:34:35] INFO     | >> Success: True              run_libero_eval.py:230
                 INFO     | >> # episodes completed so    run_libero_eval.py:230
                          far: 40                                               
                 INFO     | >> # successes: 40 (100.0%)   run_libero_eval.py:230

100%|██████████| 20/20 [26:57<00:00, 83.11s/it][A100%|██████████| 20/20 [26:57<00:00, 80.90s/it]
                 INFO     | >> Current task success rate: run_libero_eval.py:230
                          1.0                                                   
                 INFO     | >> Current total success      run_libero_eval.py:230
                          rate: 1.0                                             
 20%|██        | 2/10 [58:13<3:49:54, 1724.35s/it][Warning]: datasets path /root/sj-tmp/workspace/LIBERO/libero/libero/../datasets does not exist!
                 INFO     | >> Using default initial      run_libero_eval.py:230
                          states                                                
[Warning]: datasets path /root/sj-tmp/workspace/LIBERO/libero/libero/../datasets does not exist!

  0%|          | 0/20 [00:00<?, ?it/s][A04/07 [15:34:37] INFO     | >>                            run_libero_eval.py:230
                          Task: pick up the salad                               
                          dressing and place it in the                          
                          basket                                                
                 INFO     | >> Starting episode 1...      run_libero_eval.py:230
huggingface/tokenizers: The current process just got forked, after parallelism has already been used. Disabling parallelism to avoid deadlocks...
To disable this warning, you can either:
	- Avoid using `tokenizers` before the fork if possible
	- Explicitly set the environment variable TOKENIZERS_PARALLELISM=(true | false)
huggingface/tokenizers: The current process just got forked, after parallelism has already been used. Disabling parallelism to avoid deadlocks...
To disable this warning, you can either:
	- Avoid using `tokenizers` before the fork if possible
	- Explicitly set the environment variable TOKENIZERS_PARALLELISM=(true | false)
>> VLA-Cache inference mode
Current CUDA latency: 261.030701 ms | Average CUDA latency: 181.584713 ms, Average TFLOPs: 2.955197
>> VLA-Cache inference mode
Current CUDA latency: 269.410767 ms | Average CUDA latency: 181.706693 ms, Average TFLOPs: 2.955212
>> VLA-Cache inference mode
Current CUDA latency: 143.726364 ms | Average CUDA latency: 181.654016 ms, Average TFLOPs: 2.955165
>> VLA-Cache inference mode
Current CUDA latency: 144.712830 ms | Average CUDA latency: 181.602851 ms, Average TFLOPs: 2.955216
>> VLA-Cache inference mode
Current CUDA latency: 188.675552 ms | Average CUDA latency: 181.612633 ms, Average TFLOPs: 2.955287
>> VLA-Cache inference mode
Current CUDA latency: 110.114883 ms | Average CUDA latency: 181.513880 ms, Average TFLOPs: 2.955332
>> VLA-Cache inference mode
Current CUDA latency: 148.382278 ms | Average CUDA latency: 181.468181 ms, Average TFLOPs: 2.955337
>> VLA-Cache inference mode
Current CUDA latency: 122.216515 ms | Average CUDA latency: 181.386567 ms, Average TFLOPs: 2.955237
>> VLA-Cache inference mode
Current CUDA latency: 106.373917 ms | Average CUDA latency: 181.283386 ms, Average TFLOPs: 2.955061
>> VLA-Cache inference mode
Current CUDA latency: 102.533279 ms | Average CUDA latency: 181.175213 ms, Average TFLOPs: 2.954898
>> VLA-Cache inference mode
Current CUDA latency: 220.423065 ms | Average CUDA latency: 181.229051 ms, Average TFLOPs: 2.954748
>> VLA-Cache inference mode
Current CUDA latency: 301.083740 ms | Average CUDA latency: 181.393235 ms, Average TFLOPs: 2.954660
>> VLA-Cache inference mode
Current CUDA latency: 215.891968 ms | Average CUDA latency: 181.440429 ms, Average TFLOPs: 2.954581
>> VLA-Cache inference mode
Current CUDA latency: 119.499519 ms | Average CUDA latency: 181.355810 ms, Average TFLOPs: 2.954554
>> VLA-Cache inference mode
Current CUDA latency: 215.238937 ms | Average CUDA latency: 181.402036 ms, Average TFLOPs: 2.954470
Average time per step: 621.8160 ms, Control Frequency: 12.87 Hz, Token Reusing Ratio (Primary): 31.51 %, , Token Reusing Ratio (Wrist): 35.47 %
Saved rollout MP4 at path ./rollouts/2026_04_07/primary--2026_04_07-14_35_38--episode=41--success=True--task=pick_up_the_salad_dressing_and_place_it_in_the_bas.mp4
Saved rollout MP4 at path ./rollouts/2026_04_07/wrist--2026_04_07-14_35_38--episode=41--success=True--task=pick_up_the_salad_dressing_and_place_it_in_the_bas.mp4
04/07 [15:35:54] INFO     | >> Success: True              run_libero_eval.py:230
                 INFO     | >> # episodes completed so    run_libero_eval.py:230
                          far: 41                                               
                 INFO     | >> # successes: 41 (100.0%)   run_libero_eval.py:230

  5%|▌         | 1/20 [01:16<24:08, 76.22s/it][A                 INFO     | >>                            run_libero_eval.py:230
                          Task: pick up the salad                               
                          dressing and place it in the                          
                          basket                                                
                 INFO     | >> Starting episode 2...      run_libero_eval.py:230
huggingface/tokenizers: The current process just got forked, after parallelism has already been used. Disabling parallelism to avoid deadlocks...
To disable this warning, you can either:
	- Avoid using `tokenizers` before the fork if possible
	- Explicitly set the environment variable TOKENIZERS_PARALLELISM=(true | false)
huggingface/tokenizers: The current process just got forked, after parallelism has already been used. Disabling parallelism to avoid deadlocks...
To disable this warning, you can either:
	- Avoid using `tokenizers` before the fork if possible
	- Explicitly set the environment variable TOKENIZERS_PARALLELISM=(true | false)
>> VLA-Cache inference mode
Current CUDA latency: 363.434662 ms | Average CUDA latency: 181.650036 ms, Average TFLOPs: 2.955511
>> VLA-Cache inference mode
Current CUDA latency: 269.399872 ms | Average CUDA latency: 181.769424 ms, Average TFLOPs: 2.955470
>> VLA-Cache inference mode
Current CUDA latency: 118.983139 ms | Average CUDA latency: 181.684116 ms, Average TFLOPs: 2.955483
>> VLA-Cache inference mode
Current CUDA latency: 134.854309 ms | Average CUDA latency: 181.620575 ms, Average TFLOPs: 2.955521
>> VLA-Cache inference mode
Current CUDA latency: 119.890015 ms | Average CUDA latency: 181.536930 ms, Average TFLOPs: 2.955535
>> VLA-Cache inference mode
Current CUDA latency: 110.067871 ms | Average CUDA latency: 181.440219 ms, Average TFLOPs: 2.955538
>> VLA-Cache inference mode
Current CUDA latency: 135.114105 ms | Average CUDA latency: 181.377616 ms, Average TFLOPs: 2.955530
>> VLA-Cache inference mode
Current CUDA latency: 170.666107 ms | Average CUDA latency: 181.363161 ms, Average TFLOPs: 2.955426
>> VLA-Cache inference mode
Current CUDA latency: 225.844666 ms | Average CUDA latency: 181.423109 ms, Average TFLOPs: 2.955314
>> VLA-Cache inference mode
Current CUDA latency: 127.609917 ms | Average CUDA latency: 181.350682 ms, Average TFLOPs: 2.955216
>> VLA-Cache inference mode
Current CUDA latency: 126.656708 ms | Average CUDA latency: 181.277169 ms, Average TFLOPs: 2.955175
>> VLA-Cache inference mode
Current CUDA latency: 149.723618 ms | Average CUDA latency: 181.234815 ms, Average TFLOPs: 2.955152
>> VLA-Cache inference mode
Current CUDA latency: 122.303139 ms | Average CUDA latency: 181.155818 ms, Average TFLOPs: 2.955077
>> VLA-Cache inference mode
Current CUDA latency: 122.229790 ms | Average CUDA latency: 181.076934 ms, Average TFLOPs: 2.955023
>> VLA-Cache inference mode
Current CUDA latency: 124.717857 ms | Average CUDA latency: 181.001588 ms, Average TFLOPs: 2.954979
Average time per step: 611.1351 ms, Control Frequency: 13.09 Hz, Token Reusing Ratio (Primary): 31.67 %, , Token Reusing Ratio (Wrist): 35.03 %
Saved rollout MP4 at path ./rollouts/2026_04_07/primary--2026_04_07-14_35_38--episode=42--success=True--task=pick_up_the_salad_dressing_and_place_it_in_the_bas.mp4
Saved rollout MP4 at path ./rollouts/2026_04_07/wrist--2026_04_07-14_35_38--episode=42--success=True--task=pick_up_the_salad_dressing_and_place_it_in_the_bas.mp4
04/07 [15:37:06] INFO     | >> Success: True              run_libero_eval.py:230
                 INFO     | >> # episodes completed so    run_libero_eval.py:230
                          far: 42                                               
                 INFO     | >> # successes: 42 (100.0%)   run_libero_eval.py:230

 10%|█         | 2/20 [02:28<22:11, 73.95s/it][A                 INFO     | >>                            run_libero_eval.py:230
                          Task: pick up the salad                               
                          dressing and place it in the                          
                          basket                                                
                 INFO     | >> Starting episode 3...      run_libero_eval.py:230
huggingface/tokenizers: The current process just got forked, after parallelism has already been used. Disabling parallelism to avoid deadlocks...
To disable this warning, you can either:
	- Avoid using `tokenizers` before the fork if possible
	- Explicitly set the environment variable TOKENIZERS_PARALLELISM=(true | false)
huggingface/tokenizers: The current process just got forked, after parallelism has already been used. Disabling parallelism to avoid deadlocks...
To disable this warning, you can either:
	- Avoid using `tokenizers` before the fork if possible
	- Explicitly set the environment variable TOKENIZERS_PARALLELISM=(true | false)
>> VLA-Cache inference mode
Current CUDA latency: 305.316101 ms | Average CUDA latency: 181.167562 ms, Average TFLOPs: 2.955999
>> VLA-Cache inference mode
Current CUDA latency: 252.642014 ms | Average CUDA latency: 181.262861 ms, Average TFLOPs: 2.955957
>> VLA-Cache inference mode
Current CUDA latency: 634.612122 ms | Average CUDA latency: 181.866522 ms, Average TFLOPs: 2.955923
>> VLA-Cache inference mode
Current CUDA latency: 171.810333 ms | Average CUDA latency: 181.853149 ms, Average TFLOPs: 2.955904
>> VLA-Cache inference mode
Current CUDA latency: 126.992226 ms | Average CUDA latency: 181.780293 ms, Average TFLOPs: 2.955852
>> VLA-Cache inference mode
Current CUDA latency: 133.379776 ms | Average CUDA latency: 181.716101 ms, Average TFLOPs: 2.955784
>> VLA-Cache inference mode
Current CUDA latency: 260.715698 ms | Average CUDA latency: 181.820737 ms, Average TFLOPs: 2.955794
>> VLA-Cache inference mode
Current CUDA latency: 200.670471 ms | Average CUDA latency: 181.845670 ms, Average TFLOPs: 2.955631
>> VLA-Cache inference mode
Current CUDA latency: 112.245438 ms | Average CUDA latency: 181.753728 ms, Average TFLOPs: 2.955463
>> VLA-Cache inference mode
Current CUDA latency: 241.077927 ms | Average CUDA latency: 181.831992 ms, Average TFLOPs: 2.955265
>> VLA-Cache inference mode
Current CUDA latency: 182.598022 ms | Average CUDA latency: 181.833001 ms, Average TFLOPs: 2.955141
>> VLA-Cache inference mode
Current CUDA latency: 132.857498 ms | Average CUDA latency: 181.768560 ms, Average TFLOPs: 2.955071
>> VLA-Cache inference mode
Current CUDA latency: 113.278687 ms | Average CUDA latency: 181.678560 ms, Average TFLOPs: 2.954970
>> VLA-Cache inference mode
Current CUDA latency: 107.665184 ms | Average CUDA latency: 181.581430 ms, Average TFLOPs: 2.954892
>> VLA-Cache inference mode
Current CUDA latency: 159.201401 ms | Average CUDA latency: 181.552098 ms, Average TFLOPs: 2.954906
Average time per step: 645.2223 ms, Control Frequency: 12.40 Hz, Token Reusing Ratio (Primary): 32.06 %, , Token Reusing Ratio (Wrist): 35.22 %
Saved rollout MP4 at path ./rollouts/2026_04_07/primary--2026_04_07-14_35_38--episode=43--success=True--task=pick_up_the_salad_dressing_and_place_it_in_the_bas.mp4
Saved rollout MP4 at path ./rollouts/2026_04_07/wrist--2026_04_07-14_35_38--episode=43--success=True--task=pick_up_the_salad_dressing_and_place_it_in_the_bas.mp4
04/07 [15:38:39] INFO     | >> Success: True              run_libero_eval.py:230
                 INFO     | >> # episodes completed so    run_libero_eval.py:230
                          far: 43                                               
                 INFO     | >> # successes: 43 (100.0%)   run_libero_eval.py:230

 15%|█▌        | 3/20 [04:01<23:25, 82.66s/it][A                 INFO     | >>                            run_libero_eval.py:230
                          Task: pick up the salad                               
                          dressing and place it in the                          
                          basket                                                
                 INFO     | >> Starting episode 4...      run_libero_eval.py:230
huggingface/tokenizers: The current process just got forked, after parallelism has already been used. Disabling parallelism to avoid deadlocks...
To disable this warning, you can either:
	- Avoid using `tokenizers` before the fork if possible
	- Explicitly set the environment variable TOKENIZERS_PARALLELISM=(true | false)
huggingface/tokenizers: The current process just got forked, after parallelism has already been used. Disabling parallelism to avoid deadlocks...
To disable this warning, you can either:
	- Avoid using `tokenizers` before the fork if possible
	- Explicitly set the environment variable TOKENIZERS_PARALLELISM=(true | false)
>> VLA-Cache inference mode
Current CUDA latency: 437.559021 ms | Average CUDA latency: 181.887185 ms, Average TFLOPs: 2.955906
>> VLA-Cache inference mode
Current CUDA latency: 457.565002 ms | Average CUDA latency: 182.247549 ms, Average TFLOPs: 2.955909
>> VLA-Cache inference mode
Current CUDA latency: 139.762329 ms | Average CUDA latency: 182.192085 ms, Average TFLOPs: 2.955891
>> VLA-Cache inference mode
Current CUDA latency: 135.846054 ms | Average CUDA latency: 182.131660 ms, Average TFLOPs: 2.955882
>> VLA-Cache inference mode
Current CUDA latency: 123.727364 ms | Average CUDA latency: 182.055613 ms, Average TFLOPs: 2.955898
>> VLA-Cache inference mode
Current CUDA latency: 125.695648 ms | Average CUDA latency: 181.982323 ms, Average TFLOPs: 2.955905
>> VLA-Cache inference mode
Current CUDA latency: 144.833984 ms | Average CUDA latency: 181.934078 ms, Average TFLOPs: 2.955828
>> VLA-Cache inference mode
Current CUDA latency: 129.129761 ms | Average CUDA latency: 181.865590 ms, Average TFLOPs: 2.955712
>> VLA-Cache inference mode
Current CUDA latency: 123.406334 ms | Average CUDA latency: 181.789866 ms, Average TFLOPs: 2.955583
>> VLA-Cache inference mode
Current CUDA latency: 116.364479 ms | Average CUDA latency: 181.705227 ms, Average TFLOPs: 2.955473
>> VLA-Cache inference mode
Current CUDA latency: 125.800735 ms | Average CUDA latency: 181.632999 ms, Average TFLOPs: 2.955385
>> VLA-Cache inference mode
Current CUDA latency: 136.882874 ms | Average CUDA latency: 181.575257 ms, Average TFLOPs: 2.955319
>> VLA-Cache inference mode
Current CUDA latency: 122.046173 ms | Average CUDA latency: 181.498544 ms, Average TFLOPs: 2.955260
>> VLA-Cache inference mode
Current CUDA latency: 189.970810 ms | Average CUDA latency: 181.509448 ms, Average TFLOPs: 2.955237
>> VLA-Cache inference mode
Current CUDA latency: 165.536224 ms | Average CUDA latency: 181.488917 ms, Average TFLOPs: 2.955176
Average time per step: 644.1965 ms, Control Frequency: 12.42 Hz, Token Reusing Ratio (Primary): 32.19 %, , Token Reusing Ratio (Wrist): 35.09 %
Saved rollout MP4 at path ./rollouts/2026_04_07/primary--2026_04_07-14_35_38--episode=44--success=True--task=pick_up_the_salad_dressing_and_place_it_in_the_bas.mp4
Saved rollout MP4 at path ./rollouts/2026_04_07/wrist--2026_04_07-14_35_38--episode=44--success=True--task=pick_up_the_salad_dressing_and_place_it_in_the_bas.mp4
04/07 [15:40:02] INFO     | >> Success: True              run_libero_eval.py:230
                 INFO     | >> # episodes completed so    run_libero_eval.py:230
                          far: 44                                               
                 INFO     | >> # successes: 44 (100.0%)   run_libero_eval.py:230

 20%|██        | 4/20 [05:24<22:03, 82.71s/it][A                 INFO     | >>                            run_libero_eval.py:230
                          Task: pick up the salad                               
                          dressing and place it in the                          
                          basket                                                
                 INFO     | >> Starting episode 5...      run_libero_eval.py:230
huggingface/tokenizers: The current process just got forked, after parallelism has already been used. Disabling parallelism to avoid deadlocks...
To disable this warning, you can either:
	- Avoid using `tokenizers` before the fork if possible
	- Explicitly set the environment variable TOKENIZERS_PARALLELISM=(true | false)
huggingface/tokenizers: The current process just got forked, after parallelism has already been used. Disabling parallelism to avoid deadlocks...
To disable this warning, you can either:
	- Avoid using `tokenizers` before the fork if possible
	- Explicitly set the environment variable TOKENIZERS_PARALLELISM=(true | false)
>> VLA-Cache inference mode
Current CUDA latency: 466.236206 ms | Average CUDA latency: 181.854446 ms, Average TFLOPs: 2.956156
>> VLA-Cache inference mode
Current CUDA latency: 316.368286 ms | Average CUDA latency: 182.026900 ms, Average TFLOPs: 2.956190
>> VLA-Cache inference mode
Current CUDA latency: 126.727524 ms | Average CUDA latency: 181.956094 ms, Average TFLOPs: 2.956167
>> VLA-Cache inference mode
Current CUDA latency: 133.106171 ms | Average CUDA latency: 181.893626 ms, Average TFLOPs: 2.956157
>> VLA-Cache inference mode
Current CUDA latency: 124.325439 ms | Average CUDA latency: 181.820104 ms, Average TFLOPs: 2.956145
>> VLA-Cache inference mode
Current CUDA latency: 132.297791 ms | Average CUDA latency: 181.756937 ms, Average TFLOPs: 2.956181
>> VLA-Cache inference mode
Current CUDA latency: 169.411240 ms | Average CUDA latency: 181.741210 ms, Average TFLOPs: 2.956105
>> VLA-Cache inference mode
Current CUDA latency: 128.215424 ms | Average CUDA latency: 181.673111 ms, Average TFLOPs: 2.955971
>> VLA-Cache inference mode
Current CUDA latency: 131.634247 ms | Average CUDA latency: 181.609530 ms, Average TFLOPs: 2.955813
>> VLA-Cache inference mode
Current CUDA latency: 122.240318 ms | Average CUDA latency: 181.534188 ms, Average TFLOPs: 2.955732
>> VLA-Cache inference mode
Current CUDA latency: 125.136452 ms | Average CUDA latency: 181.462708 ms, Average TFLOPs: 2.955712
>> VLA-Cache inference mode
Current CUDA latency: 144.786011 ms | Average CUDA latency: 181.416282 ms, Average TFLOPs: 2.955726
>> VLA-Cache inference mode
Current CUDA latency: 108.657539 ms | Average CUDA latency: 181.324299 ms, Average TFLOPs: 2.955660
>> VLA-Cache inference mode
Current CUDA latency: 107.804672 ms | Average CUDA latency: 181.231471 ms, Average TFLOPs: 2.955592
>> VLA-Cache inference mode
Current CUDA latency: 142.242661 ms | Average CUDA latency: 181.182304 ms, Average TFLOPs: 2.955520
>> VLA-Cache inference mode
Current CUDA latency: 120.424194 ms | Average CUDA latency: 181.105783 ms, Average TFLOPs: 2.955383
>> VLA-Cache inference mode
Current CUDA latency: 247.242493 ms | Average CUDA latency: 181.188974 ms, Average TFLOPs: 2.955334
>> VLA-Cache inference mode
Current CUDA latency: 260.740509 ms | Average CUDA latency: 181.288913 ms, Average TFLOPs: 2.955391
>> VLA-Cache inference mode
Current CUDA latency: 138.415970 ms | Average CUDA latency: 181.235120 ms, Average TFLOPs: 2.955426
>> VLA-Cache inference mode
Current CUDA latency: 130.781158 ms | Average CUDA latency: 181.171894 ms, Average TFLOPs: 2.955468
>> VLA-Cache inference mode
Current CUDA latency: 109.721535 ms | Average CUDA latency: 181.082470 ms, Average TFLOPs: 2.955481
>> VLA-Cache inference mode
Current CUDA latency: 118.116318 ms | Average CUDA latency: 181.003762 ms, Average TFLOPs: 2.955516
>> VLA-Cache inference mode
Current CUDA latency: 158.501633 ms | Average CUDA latency: 180.975670 ms, Average TFLOPs: 2.955529
>> VLA-Cache inference mode
Current CUDA latency: 256.982697 ms | Average CUDA latency: 181.070441 ms, Average TFLOPs: 2.955513
>> VLA-Cache inference mode
Current CUDA latency: 150.375641 ms | Average CUDA latency: 181.032216 ms, Average TFLOPs: 2.955518
>> VLA-Cache inference mode
Current CUDA latency: 229.918823 ms | Average CUDA latency: 181.093020 ms, Average TFLOPs: 2.955544
>> VLA-Cache inference mode
Current CUDA latency: 125.653854 ms | Average CUDA latency: 181.024152 ms, Average TFLOPs: 2.955550
>> VLA-Cache inference mode
Current CUDA latency: 123.393539 ms | Average CUDA latency: 180.952650 ms, Average TFLOPs: 2.955506
>> VLA-Cache inference mode
Current CUDA latency: 134.483109 ms | Average CUDA latency: 180.895067 ms, Average TFLOPs: 2.955526
>> VLA-Cache inference mode
Current CUDA latency: 242.259323 ms | Average CUDA latency: 180.971013 ms, Average TFLOPs: 2.955559
>> VLA-Cache inference mode
Current CUDA latency: 126.441795 ms | Average CUDA latency: 180.903609 ms, Average TFLOPs: 2.955558
>> VLA-Cache inference mode
Current CUDA latency: 122.324127 ms | Average CUDA latency: 180.831289 ms, Average TFLOPs: 2.955550
>> VLA-Cache inference mode
Current CUDA latency: 125.598274 ms | Average CUDA latency: 180.763184 ms, Average TFLOPs: 2.955543
>> VLA-Cache inference mode
Current CUDA latency: 260.064453 ms | Average CUDA latency: 180.860846 ms, Average TFLOPs: 2.955591
>> VLA-Cache inference mode
Current CUDA latency: 284.686127 ms | Average CUDA latency: 180.988552 ms, Average TFLOPs: 2.955640
Average time per step: 622.8194 ms, Control Frequency: 12.84 Hz, Token Reusing Ratio (Primary): 32.57 %, , Token Reusing Ratio (Wrist): 36.09 %
Saved rollout MP4 at path ./rollouts/2026_04_07/primary--2026_04_07-14_35_38--episode=45--success=False--task=pick_up_the_salad_dressing_and_place_it_in_the_bas.mp4
Saved rollout MP4 at path ./rollouts/2026_04_07/wrist--2026_04_07-14_35_38--episode=45--success=False--task=pick_up_the_salad_dressing_and_place_it_in_the_bas.mp4
04/07 [15:42:49] INFO     | >> Success: False             run_libero_eval.py:230
                 INFO     | >> # episodes completed so    run_libero_eval.py:230
                          far: 45                                               
                 INFO     | >> # successes: 44 (97.8%)    run_libero_eval.py:230

 25%|██▌       | 5/20 [08:11<28:19, 113.27s/it][A                 INFO     | >>                            run_libero_eval.py:230
                          Task: pick up the salad                               
                          dressing and place it in the                          
                          basket                                                
                 INFO     | >> Starting episode 6...      run_libero_eval.py:230
huggingface/tokenizers: The current process just got forked, after parallelism has already been used. Disabling parallelism to avoid deadlocks...
To disable this warning, you can either:
	- Avoid using `tokenizers` before the fork if possible
	- Explicitly set the environment variable TOKENIZERS_PARALLELISM=(true | false)
huggingface/tokenizers: The current process just got forked, after parallelism has already been used. Disabling parallelism to avoid deadlocks...
To disable this warning, you can either:
	- Avoid using `tokenizers` before the fork if possible
	- Explicitly set the environment variable TOKENIZERS_PARALLELISM=(true | false)
>> VLA-Cache inference mode
Current CUDA latency: 515.748779 ms | Average CUDA latency: 181.399806 ms, Average TFLOPs: 2.956577
>> VLA-Cache inference mode
Current CUDA latency: 315.020782 ms | Average CUDA latency: 181.563758 ms, Average TFLOPs: 2.956565
>> VLA-Cache inference mode
Current CUDA latency: 168.641083 ms | Average CUDA latency: 181.547921 ms, Average TFLOPs: 2.956527
>> VLA-Cache inference mode
Current CUDA latency: 138.063751 ms | Average CUDA latency: 181.494697 ms, Average TFLOPs: 2.956572
>> VLA-Cache inference mode
Current CUDA latency: 128.070175 ms | Average CUDA latency: 181.429386 ms, Average TFLOPs: 2.956580
>> VLA-Cache inference mode
Current CUDA latency: 123.178658 ms | Average CUDA latency: 181.358262 ms, Average TFLOPs: 2.956605
>> VLA-Cache inference mode
Current CUDA latency: 110.046844 ms | Average CUDA latency: 181.271296 ms, Average TFLOPs: 2.956552
>> VLA-Cache inference mode
Current CUDA latency: 116.616508 ms | Average CUDA latency: 181.192545 ms, Average TFLOPs: 2.956373
>> VLA-Cache inference mode
Current CUDA latency: 102.362274 ms | Average CUDA latency: 181.096645 ms, Average TFLOPs: 2.956244
>> VLA-Cache inference mode
Current CUDA latency: 124.425789 ms | Average CUDA latency: 181.027786 ms, Average TFLOPs: 2.956222
>> VLA-Cache inference mode
Current CUDA latency: 122.836319 ms | Average CUDA latency: 180.957165 ms, Average TFLOPs: 2.956206
>> VLA-Cache inference mode
Current CUDA latency: 122.856514 ms | Average CUDA latency: 180.886740 ms, Average TFLOPs: 2.956184
>> VLA-Cache inference mode
Current CUDA latency: 122.825089 ms | Average CUDA latency: 180.816447 ms, Average TFLOPs: 2.956154
>> VLA-Cache inference mode
Current CUDA latency: 125.080444 ms | Average CUDA latency: 180.749052 ms, Average TFLOPs: 2.956143
>> VLA-Cache inference mode
Current CUDA latency: 141.820740 ms | Average CUDA latency: 180.702037 ms, Average TFLOPs: 2.956158
Average time per step: 611.9398 ms, Control Frequency: 13.07 Hz, Token Reusing Ratio (Primary): 32.41 %, , Token Reusing Ratio (Wrist): 35.83 %
Saved rollout MP4 at path ./rollouts/2026_04_07/primary--2026_04_07-14_35_38--episode=46--success=True--task=pick_up_the_salad_dressing_and_place_it_in_the_bas.mp4
Saved rollout MP4 at path ./rollouts/2026_04_07/wrist--2026_04_07-14_35_38--episode=46--success=True--task=pick_up_the_salad_dressing_and_place_it_in_the_bas.mp4
04/07 [15:43:49] INFO     | >> Success: True              run_libero_eval.py:230
                 INFO     | >> # episodes completed so    run_libero_eval.py:230
                          far: 46                                               
                 INFO     | >> # successes: 45 (97.8%)    run_libero_eval.py:230

 30%|███       | 6/20 [09:11<22:12, 95.18s/it] [A                 INFO     | >>                            run_libero_eval.py:230
                          Task: pick up the salad                               
                          dressing and place it in the                          
                          basket                                                
                 INFO     | >> Starting episode 7...      run_libero_eval.py:230
huggingface/tokenizers: The current process just got forked, after parallelism has already been used. Disabling parallelism to avoid deadlocks...
To disable this warning, you can either:
	- Avoid using `tokenizers` before the fork if possible
	- Explicitly set the environment variable TOKENIZERS_PARALLELISM=(true | false)
huggingface/tokenizers: The current process just got forked, after parallelism has already been used. Disabling parallelism to avoid deadlocks...
To disable this warning, you can either:
	- Avoid using `tokenizers` before the fork if possible
	- Explicitly set the environment variable TOKENIZERS_PARALLELISM=(true | false)
>> VLA-Cache inference mode
Current CUDA latency: 294.092712 ms | Average CUDA latency: 180.838817 ms, Average TFLOPs: 2.957077
>> VLA-Cache inference mode
Current CUDA latency: 230.642105 ms | Average CUDA latency: 180.898821 ms, Average TFLOPs: 2.957052
>> VLA-Cache inference mode
Current CUDA latency: 215.611237 ms | Average CUDA latency: 180.940593 ms, Average TFLOPs: 2.957021
>> VLA-Cache inference mode
Current CUDA latency: 239.353027 ms | Average CUDA latency: 181.010800 ms, Average TFLOPs: 2.957044
>> VLA-Cache inference mode
Current CUDA latency: 141.975998 ms | Average CUDA latency: 180.963940 ms, Average TFLOPs: 2.957037
>> VLA-Cache inference mode
Current CUDA latency: 204.291809 ms | Average CUDA latency: 180.991911 ms, Average TFLOPs: 2.957034
>> VLA-Cache inference mode
Current CUDA latency: 172.998215 ms | Average CUDA latency: 180.982338 ms, Average TFLOPs: 2.956981
>> VLA-Cache inference mode
Current CUDA latency: 136.771454 ms | Average CUDA latency: 180.929454 ms, Average TFLOPs: 2.956860
>> VLA-Cache inference mode
Current CUDA latency: 121.579651 ms | Average CUDA latency: 180.858546 ms, Average TFLOPs: 2.956774
>> VLA-Cache inference mode
Current CUDA latency: 123.271523 ms | Average CUDA latency: 180.789826 ms, Average TFLOPs: 2.956707
>> VLA-Cache inference mode
Current CUDA latency: 136.563263 ms | Average CUDA latency: 180.737113 ms, Average TFLOPs: 2.956665
>> VLA-Cache inference mode
Current CUDA latency: 136.575867 ms | Average CUDA latency: 180.684540 ms, Average TFLOPs: 2.956605
>> VLA-Cache inference mode
Current CUDA latency: 141.788391 ms | Average CUDA latency: 180.638290 ms, Average TFLOPs: 2.956597
>> VLA-Cache inference mode
Current CUDA latency: 131.175903 ms | Average CUDA latency: 180.579546 ms, Average TFLOPs: 2.956574
Average time per step: 601.9728 ms, Control Frequency: 13.29 Hz, Token Reusing Ratio (Primary): 32.42 %, , Token Reusing Ratio (Wrist): 35.56 %
Saved rollout MP4 at path ./rollouts/2026_04_07/primary--2026_04_07-14_35_38--episode=47--success=True--task=pick_up_the_salad_dressing_and_place_it_in_the_bas.mp4
Saved rollout MP4 at path ./rollouts/2026_04_07/wrist--2026_04_07-14_35_38--episode=47--success=True--task=pick_up_the_salad_dressing_and_place_it_in_the_bas.mp4
04/07 [15:44:45] INFO     | >> Success: True              run_libero_eval.py:230
                 INFO     | >> # episodes completed so    run_libero_eval.py:230
                          far: 47                                               
                 INFO     | >> # successes: 46 (97.9%)    run_libero_eval.py:230

 35%|███▌      | 7/20 [10:07<17:49, 82.25s/it][A                 INFO     | >>                            run_libero_eval.py:230
                          Task: pick up the salad                               
                          dressing and place it in the                          
                          basket                                                
                 INFO     | >> Starting episode 8...      run_libero_eval.py:230
huggingface/tokenizers: The current process just got forked, after parallelism has already been used. Disabling parallelism to avoid deadlocks...
To disable this warning, you can either:
	- Avoid using `tokenizers` before the fork if possible
	- Explicitly set the environment variable TOKENIZERS_PARALLELISM=(true | false)
huggingface/tokenizers: The current process just got forked, after parallelism has already been used. Disabling parallelism to avoid deadlocks...
To disable this warning, you can either:
	- Avoid using `tokenizers` before the fork if possible
	- Explicitly set the environment variable TOKENIZERS_PARALLELISM=(true | false)
>> VLA-Cache inference mode
Current CUDA latency: 291.483826 ms | Average CUDA latency: 180.711105 ms, Average TFLOPs: 2.957478
>> VLA-Cache inference mode
Current CUDA latency: 286.484436 ms | Average CUDA latency: 180.836429 ms, Average TFLOPs: 2.957464
>> VLA-Cache inference mode
Current CUDA latency: 125.787712 ms | Average CUDA latency: 180.771283 ms, Average TFLOPs: 2.957465
>> VLA-Cache inference mode
Current CUDA latency: 113.088577 ms | Average CUDA latency: 180.691280 ms, Average TFLOPs: 2.957472
>> VLA-Cache inference mode
Current CUDA latency: 114.131744 ms | Average CUDA latency: 180.612697 ms, Average TFLOPs: 2.957420
>> VLA-Cache inference mode
Current CUDA latency: 119.702271 ms | Average CUDA latency: 180.540869 ms, Average TFLOPs: 2.957319
>> VLA-Cache inference mode
Current CUDA latency: 109.452927 ms | Average CUDA latency: 180.457137 ms, Average TFLOPs: 2.957227
>> VLA-Cache inference mode
Current CUDA latency: 105.729698 ms | Average CUDA latency: 180.369223 ms, Average TFLOPs: 2.957076
>> VLA-Cache inference mode
Current CUDA latency: 116.541954 ms | Average CUDA latency: 180.294220 ms, Average TFLOPs: 2.956966
>> VLA-Cache inference mode
Current CUDA latency: 110.414528 ms | Average CUDA latency: 180.212201 ms, Average TFLOPs: 2.956882
>> VLA-Cache inference mode
Current CUDA latency: 116.545731 ms | Average CUDA latency: 180.137563 ms, Average TFLOPs: 2.956755
>> VLA-Cache inference mode
Current CUDA latency: 122.143806 ms | Average CUDA latency: 180.069655 ms, Average TFLOPs: 2.956676
>> VLA-Cache inference mode
Current CUDA latency: 218.072601 ms | Average CUDA latency: 180.114103 ms, Average TFLOPs: 2.956557
>> VLA-Cache inference mode
Current CUDA latency: 240.320709 ms | Average CUDA latency: 180.184437 ms, Average TFLOPs: 2.956474
Average time per step: 596.2484 ms, Control Frequency: 13.42 Hz, Token Reusing Ratio (Primary): 32.51 %, , Token Reusing Ratio (Wrist): 35.51 %
Saved rollout MP4 at path ./rollouts/2026_04_07/primary--2026_04_07-14_35_38--episode=48--success=True--task=pick_up_the_salad_dressing_and_place_it_in_the_bas.mp4
Saved rollout MP4 at path ./rollouts/2026_04_07/wrist--2026_04_07-14_35_38--episode=48--success=True--task=pick_up_the_salad_dressing_and_place_it_in_the_bas.mp4
04/07 [15:45:44] INFO     | >> Success: True              run_libero_eval.py:230
                 INFO     | >> # episodes completed so    run_libero_eval.py:230
                          far: 48                                               
                 INFO     | >> # successes: 47 (97.9%)    run_libero_eval.py:230

 40%|████      | 8/20 [11:06<14:58, 74.90s/it][A                 INFO     | >>                            run_libero_eval.py:230
                          Task: pick up the salad                               
                          dressing and place it in the                          
                          basket                                                
                 INFO     | >> Starting episode 9...      run_libero_eval.py:230
huggingface/tokenizers: The current process just got forked, after parallelism has already been used. Disabling parallelism to avoid deadlocks...
To disable this warning, you can either:
	- Avoid using `tokenizers` before the fork if possible
	- Explicitly set the environment variable TOKENIZERS_PARALLELISM=(true | false)
huggingface/tokenizers: The current process just got forked, after parallelism has already been used. Disabling parallelism to avoid deadlocks...
To disable this warning, you can either:
	- Avoid using `tokenizers` before the fork if possible
	- Explicitly set the environment variable TOKENIZERS_PARALLELISM=(true | false)
>> VLA-Cache inference mode
Current CUDA latency: 326.500000 ms | Average CUDA latency: 180.355167 ms, Average TFLOPs: 2.957363
>> VLA-Cache inference mode
Current CUDA latency: 297.090790 ms | Average CUDA latency: 180.491223 ms, Average TFLOPs: 2.957351
>> VLA-Cache inference mode
Current CUDA latency: 131.750427 ms | Average CUDA latency: 180.434482 ms, Average TFLOPs: 2.957327
>> VLA-Cache inference mode
Current CUDA latency: 173.955902 ms | Average CUDA latency: 180.426948 ms, Average TFLOPs: 2.957356
>> VLA-Cache inference mode
Current CUDA latency: 123.412163 ms | Average CUDA latency: 180.360729 ms, Average TFLOPs: 2.957364
>> VLA-Cache inference mode
Current CUDA latency: 201.329117 ms | Average CUDA latency: 180.385054 ms, Average TFLOPs: 2.957348
>> VLA-Cache inference mode
Current CUDA latency: 149.401184 ms | Average CUDA latency: 180.349152 ms, Average TFLOPs: 2.957265
>> VLA-Cache inference mode
Current CUDA latency: 118.938271 ms | Average CUDA latency: 180.278074 ms, Average TFLOPs: 2.957127
>> VLA-Cache inference mode
Current CUDA latency: 188.027237 ms | Average CUDA latency: 180.287033 ms, Average TFLOPs: 2.956957
>> VLA-Cache inference mode
Current CUDA latency: 204.196442 ms | Average CUDA latency: 180.314642 ms, Average TFLOPs: 2.956891
>> VLA-Cache inference mode
Current CUDA latency: 268.040161 ms | Average CUDA latency: 180.415825 ms, Average TFLOPs: 2.956839
>> VLA-Cache inference mode
Current CUDA latency: 134.093094 ms | Average CUDA latency: 180.362458 ms, Average TFLOPs: 2.956771
>> VLA-Cache inference mode
Current CUDA latency: 161.977798 ms | Average CUDA latency: 180.341302 ms, Average TFLOPs: 2.956674
>> VLA-Cache inference mode
Current CUDA latency: 232.795044 ms | Average CUDA latency: 180.401593 ms, Average TFLOPs: 2.956648
>> VLA-Cache inference mode
Current CUDA latency: 267.565308 ms | Average CUDA latency: 180.501666 ms, Average TFLOPs: 2.956602
>> VLA-Cache inference mode
Current CUDA latency: 131.482468 ms | Average CUDA latency: 180.445452 ms, Average TFLOPs: 2.956559
>> VLA-Cache inference mode
Current CUDA latency: 182.726395 ms | Average CUDA latency: 180.448064 ms, Average TFLOPs: 2.956503
>> VLA-Cache inference mode
Current CUDA latency: 136.520508 ms | Average CUDA latency: 180.397804 ms, Average TFLOPs: 2.956439
>> VLA-Cache inference mode
Current CUDA latency: 317.995270 ms | Average CUDA latency: 180.555058 ms, Average TFLOPs: 2.956379
>> VLA-Cache inference mode
Current CUDA latency: 222.913498 ms | Average CUDA latency: 180.603413 ms, Average TFLOPs: 2.956322
Average time per step: 593.9794 ms, Control Frequency: 13.47 Hz, Token Reusing Ratio (Primary): 32.44 %, , Token Reusing Ratio (Wrist): 35.70 %
Saved rollout MP4 at path ./rollouts/2026_04_07/primary--2026_04_07-14_35_38--episode=49--success=True--task=pick_up_the_salad_dressing_and_place_it_in_the_bas.mp4
Saved rollout MP4 at path ./rollouts/2026_04_07/wrist--2026_04_07-14_35_38--episode=49--success=True--task=pick_up_the_salad_dressing_and_place_it_in_the_bas.mp4
04/07 [15:47:12] INFO     | >> Success: True              run_libero_eval.py:230
                 INFO     | >> # episodes completed so    run_libero_eval.py:230
                          far: 49                                               
                 INFO     | >> # successes: 48 (98.0%)    run_libero_eval.py:230

 45%|████▌     | 9/20 [12:34<14:28, 78.94s/it][A                 INFO     | >>                            run_libero_eval.py:230
                          Task: pick up the salad                               
                          dressing and place it in the                          
                          basket                                                
                 INFO     | >> Starting episode 10...     run_libero_eval.py:230
huggingface/tokenizers: The current process just got forked, after parallelism has already been used. Disabling parallelism to avoid deadlocks...
To disable this warning, you can either:
	- Avoid using `tokenizers` before the fork if possible
	- Explicitly set the environment variable TOKENIZERS_PARALLELISM=(true | false)
huggingface/tokenizers: The current process just got forked, after parallelism has already been used. Disabling parallelism to avoid deadlocks...
To disable this warning, you can either:
	- Avoid using `tokenizers` before the fork if possible
	- Explicitly set the environment variable TOKENIZERS_PARALLELISM=(true | false)
>> VLA-Cache inference mode
Current CUDA latency: 345.002472 ms | Average CUDA latency: 180.790869 ms, Average TFLOPs: 2.957191
>> VLA-Cache inference mode
Current CUDA latency: 294.350739 ms | Average CUDA latency: 180.920208 ms, Average TFLOPs: 2.957240
>> VLA-Cache inference mode
Current CUDA latency: 112.287170 ms | Average CUDA latency: 180.842127 ms, Average TFLOPs: 2.957256
>> VLA-Cache inference mode
Current CUDA latency: 134.677536 ms | Average CUDA latency: 180.789668 ms, Average TFLOPs: 2.957321
>> VLA-Cache inference mode
Current CUDA latency: 128.284576 ms | Average CUDA latency: 180.730070 ms, Average TFLOPs: 2.957327
>> VLA-Cache inference mode
Current CUDA latency: 124.724670 ms | Average CUDA latency: 180.666572 ms, Average TFLOPs: 2.957311
>> VLA-Cache inference mode
Current CUDA latency: 142.742554 ms | Average CUDA latency: 180.623623 ms, Average TFLOPs: 2.957227
>> VLA-Cache inference mode
Current CUDA latency: 136.258713 ms | Average CUDA latency: 180.573437 ms, Average TFLOPs: 2.957053
>> VLA-Cache inference mode
Current CUDA latency: 123.729980 ms | Average CUDA latency: 180.509207 ms, Average TFLOPs: 2.956839
>> VLA-Cache inference mode
Current CUDA latency: 188.928802 ms | Average CUDA latency: 180.518710 ms, Average TFLOPs: 2.956721
>> VLA-Cache inference mode
Current CUDA latency: 156.154053 ms | Average CUDA latency: 180.491241 ms, Average TFLOPs: 2.956603
>> VLA-Cache inference mode
Current CUDA latency: 176.739258 ms | Average CUDA latency: 180.487016 ms, Average TFLOPs: 2.956494
>> VLA-Cache inference mode
Current CUDA latency: 159.026688 ms | Average CUDA latency: 180.462876 ms, Average TFLOPs: 2.956379
>> VLA-Cache inference mode
Current CUDA latency: 130.346436 ms | Average CUDA latency: 180.406565 ms, Average TFLOPs: 2.956321
>> VLA-Cache inference mode
Current CUDA latency: 175.250977 ms | Average CUDA latency: 180.400779 ms, Average TFLOPs: 2.956326
Average time per step: 591.5401 ms, Control Frequency: 13.52 Hz, Token Reusing Ratio (Primary): 32.43 %, , Token Reusing Ratio (Wrist): 35.72 %
Saved rollout MP4 at path ./rollouts/2026_04_07/primary--2026_04_07-14_35_38--episode=50--success=True--task=pick_up_the_salad_dressing_and_place_it_in_the_bas.mp4
Saved rollout MP4 at path ./rollouts/2026_04_07/wrist--2026_04_07-14_35_38--episode=50--success=True--task=pick_up_the_salad_dressing_and_place_it_in_the_bas.mp4
04/07 [15:48:24] INFO     | >> Success: True              run_libero_eval.py:230
                 INFO     | >> # episodes completed so    run_libero_eval.py:230
                          far: 50                                               
                 INFO     | >> # successes: 49 (98.0%)    run_libero_eval.py:230

 50%|█████     | 10/20 [13:46<12:49, 76.93s/it][A                 INFO     | >>                            run_libero_eval.py:230
                          Task: pick up the salad                               
                          dressing and place it in the                          
                          basket                                                
                 INFO     | >> Starting episode 11...     run_libero_eval.py:230
huggingface/tokenizers: The current process just got forked, after parallelism has already been used. Disabling parallelism to avoid deadlocks...
To disable this warning, you can either:
	- Avoid using `tokenizers` before the fork if possible
	- Explicitly set the environment variable TOKENIZERS_PARALLELISM=(true | false)
huggingface/tokenizers: The current process just got forked, after parallelism has already been used. Disabling parallelism to avoid deadlocks...
To disable this warning, you can either:
	- Avoid using `tokenizers` before the fork if possible
	- Explicitly set the environment variable TOKENIZERS_PARALLELISM=(true | false)
>> VLA-Cache inference mode
Current CUDA latency: 308.665497 ms | Average CUDA latency: 180.544574 ms, Average TFLOPs: 2.957180
>> VLA-Cache inference mode
Current CUDA latency: 261.688751 ms | Average CUDA latency: 180.635441 ms, Average TFLOPs: 2.957222
>> VLA-Cache inference mode
Current CUDA latency: 133.318436 ms | Average CUDA latency: 180.582513 ms, Average TFLOPs: 2.957238
>> VLA-Cache inference mode
Current CUDA latency: 125.973343 ms | Average CUDA latency: 180.521497 ms, Average TFLOPs: 2.957270
>> VLA-Cache inference mode
Current CUDA latency: 128.269440 ms | Average CUDA latency: 180.463180 ms, Average TFLOPs: 2.957295
>> VLA-Cache inference mode
Current CUDA latency: 125.792831 ms | Average CUDA latency: 180.402232 ms, Average TFLOPs: 2.957316
>> VLA-Cache inference mode
Current CUDA latency: 128.686234 ms | Average CUDA latency: 180.344642 ms, Average TFLOPs: 2.957267
>> VLA-Cache inference mode
Current CUDA latency: 130.349380 ms | Average CUDA latency: 180.289030 ms, Average TFLOPs: 2.957148
>> VLA-Cache inference mode
Current CUDA latency: 124.896286 ms | Average CUDA latency: 180.227483 ms, Average TFLOPs: 2.957015
>> VLA-Cache inference mode
Current CUDA latency: 116.197472 ms | Average CUDA latency: 180.156417 ms, Average TFLOPs: 2.956917
>> VLA-Cache inference mode
Current CUDA latency: 125.722786 ms | Average CUDA latency: 180.096069 ms, Average TFLOPs: 2.956803
>> VLA-Cache inference mode
Current CUDA latency: 118.359550 ms | Average CUDA latency: 180.027701 ms, Average TFLOPs: 2.956690
>> VLA-Cache inference mode
Current CUDA latency: 126.329948 ms | Average CUDA latency: 179.968301 ms, Average TFLOPs: 2.956664
>> VLA-Cache inference mode
Current CUDA latency: 168.458206 ms | Average CUDA latency: 179.955583 ms, Average TFLOPs: 2.956656
Average time per step: 586.4439 ms, Control Frequency: 13.64 Hz, Token Reusing Ratio (Primary): 32.37 %, , Token Reusing Ratio (Wrist): 35.65 %
Saved rollout MP4 at path ./rollouts/2026_04_07/primary--2026_04_07-14_35_38--episode=51--success=True--task=pick_up_the_salad_dressing_and_place_it_in_the_bas.mp4
Saved rollout MP4 at path ./rollouts/2026_04_07/wrist--2026_04_07-14_35_38--episode=51--success=True--task=pick_up_the_salad_dressing_and_place_it_in_the_bas.mp4
04/07 [15:49:28] INFO     | >> Success: True              run_libero_eval.py:230
                 INFO     | >> # episodes completed so    run_libero_eval.py:230
                          far: 51                                               
                 INFO     | >> # successes: 50 (98.0%)    run_libero_eval.py:230

 55%|█████▌    | 11/20 [14:50<10:56, 72.94s/it][A                 INFO     | >>                            run_libero_eval.py:230
                          Task: pick up the salad                               
                          dressing and place it in the                          
                          basket                                                
                 INFO     | >> Starting episode 12...     run_libero_eval.py:230
huggingface/tokenizers: The current process just got forked, after parallelism has already been used. Disabling parallelism to avoid deadlocks...
To disable this warning, you can either:
	- Avoid using `tokenizers` before the fork if possible
	- Explicitly set the environment variable TOKENIZERS_PARALLELISM=(true | false)
huggingface/tokenizers: The current process just got forked, after parallelism has already been used. Disabling parallelism to avoid deadlocks...
To disable this warning, you can either:
	- Avoid using `tokenizers` before the fork if possible
	- Explicitly set the environment variable TOKENIZERS_PARALLELISM=(true | false)
>> VLA-Cache inference mode
Current CUDA latency: 322.755096 ms | Average CUDA latency: 180.113198 ms, Average TFLOPs: 2.957496
>> VLA-Cache inference mode
Current CUDA latency: 257.927277 ms | Average CUDA latency: 180.198991 ms, Average TFLOPs: 2.957510
>> VLA-Cache inference mode
Current CUDA latency: 203.226822 ms | Average CUDA latency: 180.224352 ms, Average TFLOPs: 2.957524
>> VLA-Cache inference mode
Current CUDA latency: 201.644836 ms | Average CUDA latency: 180.247917 ms, Average TFLOPs: 2.957520
>> VLA-Cache inference mode
Current CUDA latency: 145.296127 ms | Average CUDA latency: 180.209508 ms, Average TFLOPs: 2.957490
>> VLA-Cache inference mode
Current CUDA latency: 133.551132 ms | Average CUDA latency: 180.158292 ms, Average TFLOPs: 2.957432
>> VLA-Cache inference mode
Current CUDA latency: 134.079300 ms | Average CUDA latency: 180.107766 ms, Average TFLOPs: 2.957334
>> VLA-Cache inference mode
Current CUDA latency: 129.092102 ms | Average CUDA latency: 180.051889 ms, Average TFLOPs: 2.957223
>> VLA-Cache inference mode
Current CUDA latency: 119.314781 ms | Average CUDA latency: 179.985437 ms, Average TFLOPs: 2.957110
>> VLA-Cache inference mode
Current CUDA latency: 120.286400 ms | Average CUDA latency: 179.920193 ms, Average TFLOPs: 2.957013
>> VLA-Cache inference mode
Current CUDA latency: 134.352448 ms | Average CUDA latency: 179.870446 ms, Average TFLOPs: 2.956974
>> VLA-Cache inference mode
Current CUDA latency: 123.975998 ms | Average CUDA latency: 179.809493 ms, Average TFLOPs: 2.956881
>> VLA-Cache inference mode
Current CUDA latency: 121.812157 ms | Average CUDA latency: 179.746315 ms, Average TFLOPs: 2.956800
>> VLA-Cache inference mode
Current CUDA latency: 123.799011 ms | Average CUDA latency: 179.685436 ms, Average TFLOPs: 2.956729
Average time per step: 580.9935 ms, Control Frequency: 13.77 Hz, Token Reusing Ratio (Primary): 32.38 %, , Token Reusing Ratio (Wrist): 35.63 %
Saved rollout MP4 at path ./rollouts/2026_04_07/primary--2026_04_07-14_35_38--episode=52--success=True--task=pick_up_the_salad_dressing_and_place_it_in_the_bas.mp4
Saved rollout MP4 at path ./rollouts/2026_04_07/wrist--2026_04_07-14_35_38--episode=52--success=True--task=pick_up_the_salad_dressing_and_place_it_in_the_bas.mp4
04/07 [15:50:25] INFO     | >> Success: True              run_libero_eval.py:230
                 INFO     | >> # episodes completed so    run_libero_eval.py:230
                          far: 52                                               
                 INFO     | >> # successes: 51 (98.1%)    run_libero_eval.py:230

 60%|██████    | 12/20 [15:47<09:04, 68.09s/it][A                 INFO     | >>                            run_libero_eval.py:230
                          Task: pick up the salad                               
                          dressing and place it in the                          
                          basket                                                
                 INFO     | >> Starting episode 13...     run_libero_eval.py:230
huggingface/tokenizers: The current process just got forked, after parallelism has already been used. Disabling parallelism to avoid deadlocks...
To disable this warning, you can either:
	- Avoid using `tokenizers` before the fork if possible
	- Explicitly set the environment variable TOKENIZERS_PARALLELISM=(true | false)
huggingface/tokenizers: The current process just got forked, after parallelism has already been used. Disabling parallelism to avoid deadlocks...
To disable this warning, you can either:
	- Avoid using `tokenizers` before the fork if possible
	- Explicitly set the environment variable TOKENIZERS_PARALLELISM=(true | false)
>> VLA-Cache inference mode
Current CUDA latency: 293.596100 ms | Average CUDA latency: 179.809252 ms, Average TFLOPs: 2.957557
>> VLA-Cache inference mode
Current CUDA latency: 256.427429 ms | Average CUDA latency: 179.892442 ms, Average TFLOPs: 2.957622
>> VLA-Cache inference mode
Current CUDA latency: 141.130630 ms | Average CUDA latency: 179.850401 ms, Average TFLOPs: 2.957687
>> VLA-Cache inference mode
Current CUDA latency: 128.671417 ms | Average CUDA latency: 179.794953 ms, Average TFLOPs: 2.957720
>> VLA-Cache inference mode
Current CUDA latency: 126.755363 ms | Average CUDA latency: 179.737551 ms, Average TFLOPs: 2.957738
>> VLA-Cache inference mode
Current CUDA latency: 126.051170 ms | Average CUDA latency: 179.679511 ms, Average TFLOPs: 2.957723
>> VLA-Cache inference mode
Current CUDA latency: 122.490334 ms | Average CUDA latency: 179.617752 ms, Average TFLOPs: 2.957707
>> VLA-Cache inference mode
Current CUDA latency: 124.709343 ms | Average CUDA latency: 179.558520 ms, Average TFLOPs: 2.957658
>> VLA-Cache inference mode
Current CUDA latency: 134.055908 ms | Average CUDA latency: 179.509487 ms, Average TFLOPs: 2.957506
>> VLA-Cache inference mode
Current CUDA latency: 123.812286 ms | Average CUDA latency: 179.449533 ms, Average TFLOPs: 2.957413
>> VLA-Cache inference mode
Current CUDA latency: 116.759842 ms | Average CUDA latency: 179.382124 ms, Average TFLOPs: 2.957293
>> VLA-Cache inference mode
Current CUDA latency: 121.750816 ms | Average CUDA latency: 179.320222 ms, Average TFLOPs: 2.957235
>> VLA-Cache inference mode
Current CUDA latency: 241.916550 ms | Average CUDA latency: 179.387385 ms, Average TFLOPs: 2.957146
>> VLA-Cache inference mode
Current CUDA latency: 199.821503 ms | Average CUDA latency: 179.409287 ms, Average TFLOPs: 2.957136
>> VLA-Cache inference mode
Current CUDA latency: 163.985703 ms | Average CUDA latency: 179.392773 ms, Average TFLOPs: 2.957112
Average time per step: 577.4888 ms, Control Frequency: 13.85 Hz, Token Reusing Ratio (Primary): 32.34 %, , Token Reusing Ratio (Wrist): 35.59 %
Saved rollout MP4 at path ./rollouts/2026_04_07/primary--2026_04_07-14_35_38--episode=53--success=True--task=pick_up_the_salad_dressing_and_place_it_in_the_bas.mp4
Saved rollout MP4 at path ./rollouts/2026_04_07/wrist--2026_04_07-14_35_38--episode=53--success=True--task=pick_up_the_salad_dressing_and_place_it_in_the_bas.mp4
04/07 [15:51:35] INFO     | >> Success: True              run_libero_eval.py:230
                 INFO     | >> # episodes completed so    run_libero_eval.py:230
                          far: 53                                               
                 INFO     | >> # successes: 52 (98.1%)    run_libero_eval.py:230

 65%|██████▌   | 13/20 [16:58<08:01, 68.72s/it][A                 INFO     | >>                            run_libero_eval.py:230
                          Task: pick up the salad                               
                          dressing and place it in the                          
                          basket                                                
                 INFO     | >> Starting episode 14...     run_libero_eval.py:230
huggingface/tokenizers: The current process just got forked, after parallelism has already been used. Disabling parallelism to avoid deadlocks...
To disable this warning, you can either:
	- Avoid using `tokenizers` before the fork if possible
	- Explicitly set the environment variable TOKENIZERS_PARALLELISM=(true | false)
huggingface/tokenizers: The current process just got forked, after parallelism has already been used. Disabling parallelism to avoid deadlocks...
To disable this warning, you can either:
	- Avoid using `tokenizers` before the fork if possible
	- Explicitly set the environment variable TOKENIZERS_PARALLELISM=(true | false)
>> VLA-Cache inference mode
Current CUDA latency: 337.342773 ms | Average CUDA latency: 179.561704 ms, Average TFLOPs: 2.957926
>> VLA-Cache inference mode
Current CUDA latency: 259.393829 ms | Average CUDA latency: 179.646994 ms, Average TFLOPs: 2.957990
>> VLA-Cache inference mode
Current CUDA latency: 129.705597 ms | Average CUDA latency: 179.593695 ms, Average TFLOPs: 2.957981
>> VLA-Cache inference mode
Current CUDA latency: 139.646790 ms | Average CUDA latency: 179.551108 ms, Average TFLOPs: 2.958006
>> VLA-Cache inference mode
Current CUDA latency: 167.732224 ms | Average CUDA latency: 179.538521 ms, Average TFLOPs: 2.958009
>> VLA-Cache inference mode
Current CUDA latency: 168.368546 ms | Average CUDA latency: 179.526638 ms, Average TFLOPs: 2.957981
>> VLA-Cache inference mode
Current CUDA latency: 156.572357 ms | Average CUDA latency: 179.502245 ms, Average TFLOPs: 2.957951
>> VLA-Cache inference mode
Current CUDA latency: 195.642365 ms | Average CUDA latency: 179.519379 ms, Average TFLOPs: 2.957817
>> VLA-Cache inference mode
Current CUDA latency: 138.235199 ms | Average CUDA latency: 179.475599 ms, Average TFLOPs: 2.957716
>> VLA-Cache inference mode
Current CUDA latency: 120.423805 ms | Average CUDA latency: 179.413044 ms, Average TFLOPs: 2.957590
>> VLA-Cache inference mode
Current CUDA latency: 135.997604 ms | Average CUDA latency: 179.367102 ms, Average TFLOPs: 2.957510
>> VLA-Cache inference mode
Current CUDA latency: 133.836639 ms | Average CUDA latency: 179.318972 ms, Average TFLOPs: 2.957461
>> VLA-Cache inference mode
Current CUDA latency: 134.021088 ms | Average CUDA latency: 179.271139 ms, Average TFLOPs: 2.957406
>> VLA-Cache inference mode
Current CUDA latency: 132.941116 ms | Average CUDA latency: 179.222268 ms, Average TFLOPs: 2.957368
>> VLA-Cache inference mode
Current CUDA latency: 125.843681 ms | Average CUDA latency: 179.166021 ms, Average TFLOPs: 2.957375
Average time per step: 574.2959 ms, Control Frequency: 13.93 Hz, Token Reusing Ratio (Primary): 32.29 %, , Token Reusing Ratio (Wrist): 35.55 %
Saved rollout MP4 at path ./rollouts/2026_04_07/primary--2026_04_07-14_35_38--episode=54--success=True--task=pick_up_the_salad_dressing_and_place_it_in_the_bas.mp4
Saved rollout MP4 at path ./rollouts/2026_04_07/wrist--2026_04_07-14_35_38--episode=54--success=True--task=pick_up_the_salad_dressing_and_place_it_in_the_bas.mp4
04/07 [15:52:38] INFO     | >> Success: True              run_libero_eval.py:230
                 INFO     | >> # episodes completed so    run_libero_eval.py:230
                          far: 54                                               
                 INFO     | >> # successes: 53 (98.1%)    run_libero_eval.py:230

 70%|███████   | 14/20 [18:00<06:41, 66.85s/it][A                 INFO     | >>                            run_libero_eval.py:230
                          Task: pick up the salad                               
                          dressing and place it in the                          
                          basket                                                
                 INFO     | >> Starting episode 15...     run_libero_eval.py:230
huggingface/tokenizers: The current process just got forked, after parallelism has already been used. Disabling parallelism to avoid deadlocks...
To disable this warning, you can either:
	- Avoid using `tokenizers` before the fork if possible
	- Explicitly set the environment variable TOKENIZERS_PARALLELISM=(true | false)
huggingface/tokenizers: The current process just got forked, after parallelism has already been used. Disabling parallelism to avoid deadlocks...
To disable this warning, you can either:
	- Avoid using `tokenizers` before the fork if possible
	- Explicitly set the environment variable TOKENIZERS_PARALLELISM=(true | false)
>> VLA-Cache inference mode
Current CUDA latency: 310.488342 ms | Average CUDA latency: 179.304255 ms, Average TFLOPs: 2.958177
>> VLA-Cache inference mode
Current CUDA latency: 251.386307 ms | Average CUDA latency: 179.380051 ms, Average TFLOPs: 2.958184
>> VLA-Cache inference mode
Current CUDA latency: 282.921875 ms | Average CUDA latency: 179.488813 ms, Average TFLOPs: 2.958190
>> VLA-Cache inference mode
Current CUDA latency: 275.582092 ms | Average CUDA latency: 179.589646 ms, Average TFLOPs: 2.958208
>> VLA-Cache inference mode
Current CUDA latency: 148.045731 ms | Average CUDA latency: 179.556581 ms, Average TFLOPs: 2.958206
>> VLA-Cache inference mode
Current CUDA latency: 142.959839 ms | Average CUDA latency: 179.518260 ms, Average TFLOPs: 2.958178
>> VLA-Cache inference mode
Current CUDA latency: 259.510468 ms | Average CUDA latency: 179.601934 ms, Average TFLOPs: 2.958088
>> VLA-Cache inference mode
Current CUDA latency: 189.005859 ms | Average CUDA latency: 179.611760 ms, Average TFLOPs: 2.957902
>> VLA-Cache inference mode
Current CUDA latency: 117.215523 ms | Average CUDA latency: 179.546628 ms, Average TFLOPs: 2.957771
>> VLA-Cache inference mode
Current CUDA latency: 242.662781 ms | Average CUDA latency: 179.612443 ms, Average TFLOPs: 2.957662
>> VLA-Cache inference mode
Current CUDA latency: 193.827362 ms | Average CUDA latency: 179.627250 ms, Average TFLOPs: 2.957587
>> VLA-Cache inference mode
Current CUDA latency: 146.146469 ms | Average CUDA latency: 179.592410 ms, Average TFLOPs: 2.957514
>> VLA-Cache inference mode
Current CUDA latency: 102.440002 ms | Average CUDA latency: 179.512210 ms, Average TFLOPs: 2.957399
>> VLA-Cache inference mode
Current CUDA latency: 109.762115 ms | Average CUDA latency: 179.439780 ms, Average TFLOPs: 2.957378
>> VLA-Cache inference mode
Current CUDA latency: 161.566238 ms | Average CUDA latency: 179.421239 ms, Average TFLOPs: 2.957326
Average time per step: 578.1190 ms, Control Frequency: 13.84 Hz, Token Reusing Ratio (Primary): 32.28 %, , Token Reusing Ratio (Wrist): 35.58 %
Saved rollout MP4 at path ./rollouts/2026_04_07/primary--2026_04_07-14_35_38--episode=55--success=True--task=pick_up_the_salad_dressing_and_place_it_in_the_bas.mp4
Saved rollout MP4 at path ./rollouts/2026_04_07/wrist--2026_04_07-14_35_38--episode=55--success=True--task=pick_up_the_salad_dressing_and_place_it_in_the_bas.mp4
04/07 [15:53:58] INFO     | >> Success: True              run_libero_eval.py:230
                 INFO     | >> # episodes completed so    run_libero_eval.py:230
                          far: 55                                               
                 INFO     | >> # successes: 54 (98.2%)    run_libero_eval.py:230

 75%|███████▌  | 15/20 [19:20<05:53, 70.70s/it][A                 INFO     | >>                            run_libero_eval.py:230
                          Task: pick up the salad                               
                          dressing and place it in the                          
                          basket                                                
                 INFO     | >> Starting episode 16...     run_libero_eval.py:230
huggingface/tokenizers: The current process just got forked, after parallelism has already been used. Disabling parallelism to avoid deadlocks...
To disable this warning, you can either:
	- Avoid using `tokenizers` before the fork if possible
	- Explicitly set the environment variable TOKENIZERS_PARALLELISM=(true | false)
huggingface/tokenizers: The current process just got forked, after parallelism has already been used. Disabling parallelism to avoid deadlocks...
To disable this warning, you can either:
	- Avoid using `tokenizers` before the fork if possible
	- Explicitly set the environment variable TOKENIZERS_PARALLELISM=(true | false)
>> VLA-Cache inference mode
Current CUDA latency: 390.268005 ms | Average CUDA latency: 179.639733 ms, Average TFLOPs: 2.958114
>> VLA-Cache inference mode
Current CUDA latency: 296.720001 ms | Average CUDA latency: 179.760935 ms, Average TFLOPs: 2.958084
>> VLA-Cache inference mode
Current CUDA latency: 131.423431 ms | Average CUDA latency: 179.710948 ms, Average TFLOPs: 2.958032
>> VLA-Cache inference mode
Current CUDA latency: 126.735039 ms | Average CUDA latency: 179.656220 ms, Average TFLOPs: 2.958044
>> VLA-Cache inference mode
Current CUDA latency: 129.078140 ms | Average CUDA latency: 179.604024 ms, Average TFLOPs: 2.958030
>> VLA-Cache inference mode
Current CUDA latency: 136.455078 ms | Average CUDA latency: 179.559541 ms, Average TFLOPs: 2.958015
>> VLA-Cache inference mode
Current CUDA latency: 180.703583 ms | Average CUDA latency: 179.560719 ms, Average TFLOPs: 2.957947
>> VLA-Cache inference mode
Current CUDA latency: 194.673157 ms | Average CUDA latency: 179.576267 ms, Average TFLOPs: 2.957808
>> VLA-Cache inference mode
Current CUDA latency: 155.511459 ms | Average CUDA latency: 179.551534 ms, Average TFLOPs: 2.957645
>> VLA-Cache inference mode
Current CUDA latency: 120.874115 ms | Average CUDA latency: 179.491290 ms, Average TFLOPs: 2.957516
>> VLA-Cache inference mode
Current CUDA latency: 125.374115 ms | Average CUDA latency: 179.435786 ms, Average TFLOPs: 2.957367
>> VLA-Cache inference mode
Current CUDA latency: 116.844925 ms | Average CUDA latency: 179.371656 ms, Average TFLOPs: 2.957238
>> VLA-Cache inference mode
Current CUDA latency: 127.050751 ms | Average CUDA latency: 179.318103 ms, Average TFLOPs: 2.957059
>> VLA-Cache inference mode
Current CUDA latency: 116.463745 ms | Average CUDA latency: 179.253835 ms, Average TFLOPs: 2.956919
>> VLA-Cache inference mode
Current CUDA latency: 115.813408 ms | Average CUDA latency: 179.189033 ms, Average TFLOPs: 2.956805
Average time per step: 580.0304 ms, Control Frequency: 13.79 Hz, Token Reusing Ratio (Primary): 32.35 %, , Token Reusing Ratio (Wrist): 35.63 %
Saved rollout MP4 at path ./rollouts/2026_04_07/primary--2026_04_07-14_35_38--episode=56--success=True--task=pick_up_the_salad_dressing_and_place_it_in_the_bas.mp4
Saved rollout MP4 at path ./rollouts/2026_04_07/wrist--2026_04_07-14_35_38--episode=56--success=True--task=pick_up_the_salad_dressing_and_place_it_in_the_bas.mp4
04/07 [15:55:37] INFO     | >> Success: True              run_libero_eval.py:230
                 INFO     | >> # episodes completed so    run_libero_eval.py:230
                          far: 56                                               
                 INFO     | >> # successes: 55 (98.2%)    run_libero_eval.py:230

 80%|████████  | 16/20 [20:59<05:17, 79.36s/it][A                 INFO     | >>                            run_libero_eval.py:230
                          Task: pick up the salad                               
                          dressing and place it in the                          
                          basket                                                
                 INFO     | >> Starting episode 17...     run_libero_eval.py:230
huggingface/tokenizers: The current process just got forked, after parallelism has already been used. Disabling parallelism to avoid deadlocks...
To disable this warning, you can either:
	- Avoid using `tokenizers` before the fork if possible
	- Explicitly set the environment variable TOKENIZERS_PARALLELISM=(true | false)
huggingface/tokenizers: The current process just got forked, after parallelism has already been used. Disabling parallelism to avoid deadlocks...
To disable this warning, you can either:
	- Avoid using `tokenizers` before the fork if possible
	- Explicitly set the environment variable TOKENIZERS_PARALLELISM=(true | false)
>> VLA-Cache inference mode
Current CUDA latency: 316.353027 ms | Average CUDA latency: 179.328997 ms, Average TFLOPs: 2.957583
>> VLA-Cache inference mode
Current CUDA latency: 322.123077 ms | Average CUDA latency: 179.474556 ms, Average TFLOPs: 2.957631
>> VLA-Cache inference mode
Current CUDA latency: 198.517853 ms | Average CUDA latency: 179.493949 ms, Average TFLOPs: 2.957644
>> VLA-Cache inference mode
Current CUDA latency: 142.422363 ms | Average CUDA latency: 179.456236 ms, Average TFLOPs: 2.957679
>> VLA-Cache inference mode
Current CUDA latency: 130.179993 ms | Average CUDA latency: 179.406159 ms, Average TFLOPs: 2.957667
>> VLA-Cache inference mode
Current CUDA latency: 125.087776 ms | Average CUDA latency: 179.351013 ms, Average TFLOPs: 2.957668
>> VLA-Cache inference mode
Current CUDA latency: 124.035172 ms | Average CUDA latency: 179.294912 ms, Average TFLOPs: 2.957639
>> VLA-Cache inference mode
Current CUDA latency: 135.196381 ms | Average CUDA latency: 179.250232 ms, Average TFLOPs: 2.957552
>> VLA-Cache inference mode
Current CUDA latency: 238.701538 ms | Average CUDA latency: 179.310406 ms, Average TFLOPs: 2.957473
>> VLA-Cache inference mode
Current CUDA latency: 141.722107 ms | Average CUDA latency: 179.272399 ms, Average TFLOPs: 2.957393
>> VLA-Cache inference mode
Current CUDA latency: 120.475998 ms | Average CUDA latency: 179.213009 ms, Average TFLOPs: 2.957301
>> VLA-Cache inference mode
Current CUDA latency: 117.894142 ms | Average CUDA latency: 179.151133 ms, Average TFLOPs: 2.957221
>> VLA-Cache inference mode
Current CUDA latency: 173.826279 ms | Average CUDA latency: 179.145766 ms, Average TFLOPs: 2.957141
>> VLA-Cache inference mode
Current CUDA latency: 165.250916 ms | Average CUDA latency: 179.131773 ms, Average TFLOPs: 2.957123
Average time per step: 585.2782 ms, Control Frequency: 13.67 Hz, Token Reusing Ratio (Primary): 32.36 %, , Token Reusing Ratio (Wrist): 35.54 %
Saved rollout MP4 at path ./rollouts/2026_04_07/primary--2026_04_07-14_35_38--episode=57--success=True--task=pick_up_the_salad_dressing_and_place_it_in_the_bas.mp4
Saved rollout MP4 at path ./rollouts/2026_04_07/wrist--2026_04_07-14_35_38--episode=57--success=True--task=pick_up_the_salad_dressing_and_place_it_in_the_bas.mp4
04/07 [15:57:07] INFO     | >> Success: True              run_libero_eval.py:230
                 INFO     | >> # episodes completed so    run_libero_eval.py:230
                          far: 57                                               
                 INFO     | >> # successes: 56 (98.2%)    run_libero_eval.py:230

 85%|████████▌ | 17/20 [22:29<04:07, 82.41s/it][A                 INFO     | >>                            run_libero_eval.py:230
                          Task: pick up the salad                               
                          dressing and place it in the                          
                          basket                                                
                 INFO     | >> Starting episode 18...     run_libero_eval.py:230
huggingface/tokenizers: The current process just got forked, after parallelism has already been used. Disabling parallelism to avoid deadlocks...
To disable this warning, you can either:
	- Avoid using `tokenizers` before the fork if possible
	- Explicitly set the environment variable TOKENIZERS_PARALLELISM=(true | false)
huggingface/tokenizers: The current process just got forked, after parallelism has already been used. Disabling parallelism to avoid deadlocks...
To disable this warning, you can either:
	- Avoid using `tokenizers` before the fork if possible
	- Explicitly set the environment variable TOKENIZERS_PARALLELISM=(true | false)
>> VLA-Cache inference mode
Current CUDA latency: 422.719269 ms | Average CUDA latency: 179.376831 ms, Average TFLOPs: 2.957889
>> VLA-Cache inference mode
Current CUDA latency: 324.676331 ms | Average CUDA latency: 179.522860 ms, Average TFLOPs: 2.957880
>> VLA-Cache inference mode
Current CUDA latency: 133.006943 ms | Average CUDA latency: 179.476158 ms, Average TFLOPs: 2.957888
>> VLA-Cache inference mode
Current CUDA latency: 187.778885 ms | Average CUDA latency: 179.484485 ms, Average TFLOPs: 2.957905
>> VLA-Cache inference mode
Current CUDA latency: 133.554977 ms | Average CUDA latency: 179.438464 ms, Average TFLOPs: 2.957881
>> VLA-Cache inference mode
Current CUDA latency: 124.033028 ms | Average CUDA latency: 179.383003 ms, Average TFLOPs: 2.957873
>> VLA-Cache inference mode
Current CUDA latency: 137.984604 ms | Average CUDA latency: 179.341604 ms, Average TFLOPs: 2.957805
>> VLA-Cache inference mode
Current CUDA latency: 140.887360 ms | Average CUDA latency: 179.303189 ms, Average TFLOPs: 2.957644
>> VLA-Cache inference mode
Current CUDA latency: 118.730461 ms | Average CUDA latency: 179.242737 ms, Average TFLOPs: 2.957525
>> VLA-Cache inference mode
Current CUDA latency: 206.166626 ms | Average CUDA latency: 179.269580 ms, Average TFLOPs: 2.957455
>> VLA-Cache inference mode
Current CUDA latency: 216.199936 ms | Average CUDA latency: 179.306363 ms, Average TFLOPs: 2.957380
>> VLA-Cache inference mode
Current CUDA latency: 147.166534 ms | Average CUDA latency: 179.274383 ms, Average TFLOPs: 2.957316
>> VLA-Cache inference mode
Current CUDA latency: 199.651001 ms | Average CUDA latency: 179.294639 ms, Average TFLOPs: 2.957263
>> VLA-Cache inference mode
Current CUDA latency: 123.292770 ms | Average CUDA latency: 179.239026 ms, Average TFLOPs: 2.957205
Average time per step: 587.3067 ms, Control Frequency: 13.62 Hz, Token Reusing Ratio (Primary): 32.36 %, , Token Reusing Ratio (Wrist): 35.53 %
Saved rollout MP4 at path ./rollouts/2026_04_07/primary--2026_04_07-14_35_38--episode=58--success=True--task=pick_up_the_salad_dressing_and_place_it_in_the_bas.mp4
Saved rollout MP4 at path ./rollouts/2026_04_07/wrist--2026_04_07-14_35_38--episode=58--success=True--task=pick_up_the_salad_dressing_and_place_it_in_the_bas.mp4
04/07 [15:58:31] INFO     | >> Success: True              run_libero_eval.py:230
                 INFO     | >> # episodes completed so    run_libero_eval.py:230
                          far: 58                                               
                 INFO     | >> # successes: 57 (98.3%)    run_libero_eval.py:230

 90%|█████████ | 18/20 [23:53<02:46, 83.02s/it][A                 INFO     | >>                            run_libero_eval.py:230
                          Task: pick up the salad                               
                          dressing and place it in the                          
                          basket                                                
                 INFO     | >> Starting episode 19...     run_libero_eval.py:230
huggingface/tokenizers: The current process just got forked, after parallelism has already been used. Disabling parallelism to avoid deadlocks...
To disable this warning, you can either:
	- Avoid using `tokenizers` before the fork if possible
	- Explicitly set the environment variable TOKENIZERS_PARALLELISM=(true | false)
huggingface/tokenizers: The current process just got forked, after parallelism has already been used. Disabling parallelism to avoid deadlocks...
To disable this warning, you can either:
	- Avoid using `tokenizers` before the fork if possible
	- Explicitly set the environment variable TOKENIZERS_PARALLELISM=(true | false)
>> VLA-Cache inference mode
Current CUDA latency: 320.453796 ms | Average CUDA latency: 179.379120 ms, Average TFLOPs: 2.957960
>> VLA-Cache inference mode
Current CUDA latency: 280.541901 ms | Average CUDA latency: 179.479380 ms, Average TFLOPs: 2.957940
>> VLA-Cache inference mode
Current CUDA latency: 130.232193 ms | Average CUDA latency: 179.430621 ms, Average TFLOPs: 2.957919
>> VLA-Cache inference mode
Current CUDA latency: 164.476700 ms | Average CUDA latency: 179.415830 ms, Average TFLOPs: 2.957915
>> VLA-Cache inference mode
Current CUDA latency: 180.127106 ms | Average CUDA latency: 179.416532 ms, Average TFLOPs: 2.957913
>> VLA-Cache inference mode
Current CUDA latency: 123.093246 ms | Average CUDA latency: 179.360932 ms, Average TFLOPs: 2.957886
>> VLA-Cache inference mode
Current CUDA latency: 128.510239 ms | Average CUDA latency: 179.310783 ms, Average TFLOPs: 2.957822
>> VLA-Cache inference mode
Current CUDA latency: 155.011932 ms | Average CUDA latency: 179.286844 ms, Average TFLOPs: 2.957727
>> VLA-Cache inference mode
Current CUDA latency: 156.763428 ms | Average CUDA latency: 179.264675 ms, Average TFLOPs: 2.957571
>> VLA-Cache inference mode
Current CUDA latency: 209.772797 ms | Average CUDA latency: 179.294673 ms, Average TFLOPs: 2.957454
>> VLA-Cache inference mode
Current CUDA latency: 200.862076 ms | Average CUDA latency: 179.315859 ms, Average TFLOPs: 2.957383
>> VLA-Cache inference mode
Current CUDA latency: 149.900314 ms | Average CUDA latency: 179.286992 ms, Average TFLOPs: 2.957298
>> VLA-Cache inference mode
Current CUDA latency: 116.433250 ms | Average CUDA latency: 179.225371 ms, Average TFLOPs: 2.957181
>> VLA-Cache inference mode
Current CUDA latency: 115.927650 ms | Average CUDA latency: 179.163375 ms, Average TFLOPs: 2.957070
>> VLA-Cache inference mode
Current CUDA latency: 211.741791 ms | Average CUDA latency: 179.195252 ms, Average TFLOPs: 2.957012
Average time per step: 584.0520 ms, Control Frequency: 13.70 Hz, Token Reusing Ratio (Primary): 32.40 %, , Token Reusing Ratio (Wrist): 35.55 %
Saved rollout MP4 at path ./rollouts/2026_04_07/primary--2026_04_07-14_35_38--episode=59--success=True--task=pick_up_the_salad_dressing_and_place_it_in_the_bas.mp4
Saved rollout MP4 at path ./rollouts/2026_04_07/wrist--2026_04_07-14_35_38--episode=59--success=True--task=pick_up_the_salad_dressing_and_place_it_in_the_bas.mp4
04/07 [15:59:30] INFO     | >> Success: True              run_libero_eval.py:230
                 INFO     | >> # episodes completed so    run_libero_eval.py:230
                          far: 59                                               
                 INFO     | >> # successes: 58 (98.3%)    run_libero_eval.py:230

 95%|█████████▌| 19/20 [24:53<01:15, 75.94s/it][A                 INFO     | >>                            run_libero_eval.py:230
                          Task: pick up the salad                               
                          dressing and place it in the                          
                          basket                                                
                 INFO     | >> Starting episode 20...     run_libero_eval.py:230
huggingface/tokenizers: The current process just got forked, after parallelism has already been used. Disabling parallelism to avoid deadlocks...
To disable this warning, you can either:
	- Avoid using `tokenizers` before the fork if possible
	- Explicitly set the environment variable TOKENIZERS_PARALLELISM=(true | false)
huggingface/tokenizers: The current process just got forked, after parallelism has already been used. Disabling parallelism to avoid deadlocks...
To disable this warning, you can either:
	- Avoid using `tokenizers` before the fork if possible
	- Explicitly set the environment variable TOKENIZERS_PARALLELISM=(true | false)
>> VLA-Cache inference mode
Current CUDA latency: 299.951477 ms | Average CUDA latency: 179.313293 ms, Average TFLOPs: 2.957757
>> VLA-Cache inference mode
Current CUDA latency: 304.850830 ms | Average CUDA latency: 179.435889 ms, Average TFLOPs: 2.957764
>> VLA-Cache inference mode
Current CUDA latency: 124.264290 ms | Average CUDA latency: 179.382063 ms, Average TFLOPs: 2.957739
>> VLA-Cache inference mode
Current CUDA latency: 222.556641 ms | Average CUDA latency: 179.424143 ms, Average TFLOPs: 2.957751
>> VLA-Cache inference mode
Current CUDA latency: 142.666489 ms | Average CUDA latency: 179.388352 ms, Average TFLOPs: 2.957772
>> VLA-Cache inference mode
Current CUDA latency: 123.607552 ms | Average CUDA latency: 179.334090 ms, Average TFLOPs: 2.957757
>> VLA-Cache inference mode
Current CUDA latency: 121.990524 ms | Average CUDA latency: 179.278363 ms, Average TFLOPs: 2.957741
>> VLA-Cache inference mode
Current CUDA latency: 121.947998 ms | Average CUDA latency: 179.222702 ms, Average TFLOPs: 2.957679
>> VLA-Cache inference mode
Current CUDA latency: 136.278595 ms | Average CUDA latency: 179.181049 ms, Average TFLOPs: 2.957524
>> VLA-Cache inference mode
Current CUDA latency: 117.956894 ms | Average CUDA latency: 179.121724 ms, Average TFLOPs: 2.957399
>> VLA-Cache inference mode
Current CUDA latency: 120.374626 ms | Average CUDA latency: 179.064853 ms, Average TFLOPs: 2.957288
>> VLA-Cache inference mode
Current CUDA latency: 116.644669 ms | Average CUDA latency: 179.004486 ms, Average TFLOPs: 2.957201
>> VLA-Cache inference mode
Current CUDA latency: 138.713593 ms | Average CUDA latency: 178.965557 ms, Average TFLOPs: 2.957115
>> VLA-Cache inference mode
Current CUDA latency: 150.898239 ms | Average CUDA latency: 178.938465 ms, Average TFLOPs: 2.957050
>> VLA-Cache inference mode
Current CUDA latency: 182.641891 ms | Average CUDA latency: 178.942036 ms, Average TFLOPs: 2.957005
Average time per step: 581.6221 ms, Control Frequency: 13.75 Hz, Token Reusing Ratio (Primary): 32.41 %, , Token Reusing Ratio (Wrist): 35.54 %
Saved rollout MP4 at path ./rollouts/2026_04_07/primary--2026_04_07-14_35_38--episode=60--success=True--task=pick_up_the_salad_dressing_and_place_it_in_the_bas.mp4
Saved rollout MP4 at path ./rollouts/2026_04_07/wrist--2026_04_07-14_35_38--episode=60--success=True--task=pick_up_the_salad_dressing_and_place_it_in_the_bas.mp4
04/07 [16:00:31] INFO     | >> Success: True              run_libero_eval.py:230
                 INFO     | >> # episodes completed so    run_libero_eval.py:230
                          far: 60                                               
                 INFO     | >> # successes: 59 (98.3%)    run_libero_eval.py:230

100%|██████████| 20/20 [25:53<00:00, 71.41s/it][A100%|██████████| 20/20 [25:53<00:00, 77.69s/it]
                 INFO     | >> Current task success rate: run_libero_eval.py:230
                          0.95                                                  
                 INFO     | >> Current total success      run_libero_eval.py:230
                          rate: 0.9833333333333333                              
 30%|███       | 3/10 [1:24:09<3:12:13, 1647.63s/it][Warning]: datasets path /root/sj-tmp/workspace/LIBERO/libero/libero/../datasets does not exist!
                 INFO     | >> Using default initial      run_libero_eval.py:230
                          states                                                
[Warning]: datasets path /root/sj-tmp/workspace/LIBERO/libero/libero/../datasets does not exist!

  0%|          | 0/20 [00:00<?, ?it/s][A04/07 [16:00:34] INFO     | >>                            run_libero_eval.py:230
                          Task: pick up the bbq sauce and                       
                          place it in the basket                                
                 INFO     | >> Starting episode 1...      run_libero_eval.py:230
huggingface/tokenizers: The current process just got forked, after parallelism has already been used. Disabling parallelism to avoid deadlocks...
To disable this warning, you can either:
	- Avoid using `tokenizers` before the fork if possible
	- Explicitly set the environment variable TOKENIZERS_PARALLELISM=(true | false)
huggingface/tokenizers: The current process just got forked, after parallelism has already been used. Disabling parallelism to avoid deadlocks...
To disable this warning, you can either:
	- Avoid using `tokenizers` before the fork if possible
	- Explicitly set the environment variable TOKENIZERS_PARALLELISM=(true | false)
>> VLA-Cache inference mode
Current CUDA latency: 307.025787 ms | Average CUDA latency: 179.065431 ms, Average TFLOPs: 2.957744
>> VLA-Cache inference mode
Current CUDA latency: 300.073517 ms | Average CUDA latency: 179.181897 ms, Average TFLOPs: 2.957737
>> VLA-Cache inference mode
Current CUDA latency: 154.946243 ms | Average CUDA latency: 179.158594 ms, Average TFLOPs: 2.957777
>> VLA-Cache inference mode
Current CUDA latency: 127.777954 ms | Average CUDA latency: 179.109237 ms, Average TFLOPs: 2.957832
>> VLA-Cache inference mode
Current CUDA latency: 127.083618 ms | Average CUDA latency: 179.059308 ms, Average TFLOPs: 2.957855
>> VLA-Cache inference mode
Current CUDA latency: 125.881920 ms | Average CUDA latency: 179.008323 ms, Average TFLOPs: 2.957811
>> VLA-Cache inference mode
Current CUDA latency: 120.511360 ms | Average CUDA latency: 178.952291 ms, Average TFLOPs: 2.957720
>> VLA-Cache inference mode
Current CUDA latency: 125.204323 ms | Average CUDA latency: 178.900858 ms, Average TFLOPs: 2.957648
>> VLA-Cache inference mode
Current CUDA latency: 116.348862 ms | Average CUDA latency: 178.841057 ms, Average TFLOPs: 2.957525
>> VLA-Cache inference mode
Current CUDA latency: 122.269119 ms | Average CUDA latency: 178.787024 ms, Average TFLOPs: 2.957451
>> VLA-Cache inference mode
Current CUDA latency: 146.922440 ms | Average CUDA latency: 178.756619 ms, Average TFLOPs: 2.957424
>> VLA-Cache inference mode
Current CUDA latency: 115.095741 ms | Average CUDA latency: 178.695932 ms, Average TFLOPs: 2.957349
>> VLA-Cache inference mode
Current CUDA latency: 122.952675 ms | Average CUDA latency: 178.642843 ms, Average TFLOPs: 2.957291
>> VLA-Cache inference mode
Current CUDA latency: 123.356514 ms | Average CUDA latency: 178.590240 ms, Average TFLOPs: 2.957217
>> VLA-Cache inference mode
Current CUDA latency: 130.442108 ms | Average CUDA latency: 178.544472 ms, Average TFLOPs: 2.957169
>> VLA-Cache inference mode
Current CUDA latency: 139.252869 ms | Average CUDA latency: 178.507158 ms, Average TFLOPs: 2.957130
>> VLA-Cache inference mode
Current CUDA latency: 253.521057 ms | Average CUDA latency: 178.578328 ms, Average TFLOPs: 2.957087
>> VLA-Cache inference mode
Current CUDA latency: 198.388611 ms | Average CUDA latency: 178.597106 ms, Average TFLOPs: 2.957076
>> VLA-Cache inference mode
Current CUDA latency: 126.030365 ms | Average CUDA latency: 178.547327 ms, Average TFLOPs: 2.957032
>> VLA-Cache inference mode
Current CUDA latency: 144.250778 ms | Average CUDA latency: 178.514880 ms, Average TFLOPs: 2.956944
>> VLA-Cache inference mode
Current CUDA latency: 246.214783 ms | Average CUDA latency: 178.578868 ms, Average TFLOPs: 2.956921
Average time per step: 516.2102 ms, Control Frequency: 15.50 Hz, Token Reusing Ratio (Primary): 33.59 %, , Token Reusing Ratio (Wrist): 36.66 %
Saved rollout MP4 at path ./rollouts/2026_04_07/primary--2026_04_07-14_35_38--episode=61--success=True--task=pick_up_the_bbq_sauce_and_place_it_in_the_basket.mp4
Saved rollout MP4 at path ./rollouts/2026_04_07/wrist--2026_04_07-14_35_38--episode=61--success=True--task=pick_up_the_bbq_sauce_and_place_it_in_the_basket.mp4
04/07 [16:02:01] INFO     | >> Success: True              run_libero_eval.py:230
                 INFO     | >> # episodes completed so    run_libero_eval.py:230
                          far: 61                                               
                 INFO     | >> # successes: 60 (98.4%)    run_libero_eval.py:230

  5%|▌         | 1/20 [01:27<27:33, 87.04s/it][A                 INFO     | >>                            run_libero_eval.py:230
                          Task: pick up the bbq sauce and                       
                          place it in the basket                                
                 INFO     | >> Starting episode 2...      run_libero_eval.py:230
huggingface/tokenizers: The current process just got forked, after parallelism has already been used. Disabling parallelism to avoid deadlocks...
To disable this warning, you can either:
	- Avoid using `tokenizers` before the fork if possible
	- Explicitly set the environment variable TOKENIZERS_PARALLELISM=(true | false)
huggingface/tokenizers: The current process just got forked, after parallelism has already been used. Disabling parallelism to avoid deadlocks...
To disable this warning, you can either:
	- Avoid using `tokenizers` before the fork if possible
	- Explicitly set the environment variable TOKENIZERS_PARALLELISM=(true | false)
>> VLA-Cache inference mode
Current CUDA latency: 385.543091 ms | Average CUDA latency: 178.774302 ms, Average TFLOPs: 2.957646
>> VLA-Cache inference mode
Current CUDA latency: 294.962952 ms | Average CUDA latency: 178.883914 ms, Average TFLOPs: 2.957639
>> VLA-Cache inference mode
Current CUDA latency: 135.552475 ms | Average CUDA latency: 178.843074 ms, Average TFLOPs: 2.957657
>> VLA-Cache inference mode
Current CUDA latency: 127.594307 ms | Average CUDA latency: 178.794817 ms, Average TFLOPs: 2.957700
>> VLA-Cache inference mode
Current CUDA latency: 130.174911 ms | Average CUDA latency: 178.749078 ms, Average TFLOPs: 2.957704
>> VLA-Cache inference mode
Current CUDA latency: 128.334595 ms | Average CUDA latency: 178.701696 ms, Average TFLOPs: 2.957691
>> VLA-Cache inference mode
Current CUDA latency: 124.366432 ms | Average CUDA latency: 178.650677 ms, Average TFLOPs: 2.957646
>> VLA-Cache inference mode
Current CUDA latency: 139.819458 ms | Average CUDA latency: 178.614250 ms, Average TFLOPs: 2.957506
>> VLA-Cache inference mode
Current CUDA latency: 119.705086 ms | Average CUDA latency: 178.559040 ms, Average TFLOPs: 2.957376
>> VLA-Cache inference mode
Current CUDA latency: 117.779587 ms | Average CUDA latency: 178.502131 ms, Average TFLOPs: 2.957263
>> VLA-Cache inference mode
Current CUDA latency: 124.529282 ms | Average CUDA latency: 178.451641 ms, Average TFLOPs: 2.957214
>> VLA-Cache inference mode
Current CUDA latency: 138.989822 ms | Average CUDA latency: 178.414761 ms, Average TFLOPs: 2.957131
>> VLA-Cache inference mode
Current CUDA latency: 118.951714 ms | Average CUDA latency: 178.359240 ms, Average TFLOPs: 2.957014
>> VLA-Cache inference mode
Current CUDA latency: 202.008194 ms | Average CUDA latency: 178.381301 ms, Average TFLOPs: 2.956927
>> VLA-Cache inference mode
Current CUDA latency: 167.606140 ms | Average CUDA latency: 178.371259 ms, Average TFLOPs: 2.956869
Average time per step: 512.7943 ms, Control Frequency: 15.60 Hz, Token Reusing Ratio (Primary): 33.55 %, , Token Reusing Ratio (Wrist): 36.28 %
Saved rollout MP4 at path ./rollouts/2026_04_07/primary--2026_04_07-14_35_38--episode=62--success=True--task=pick_up_the_bbq_sauce_and_place_it_in_the_basket.mp4
Saved rollout MP4 at path ./rollouts/2026_04_07/wrist--2026_04_07-14_35_38--episode=62--success=True--task=pick_up_the_bbq_sauce_and_place_it_in_the_basket.mp4
04/07 [16:02:59] INFO     | >> Success: True              run_libero_eval.py:230
                 INFO     | >> # episodes completed so    run_libero_eval.py:230
                          far: 62                                               
                 INFO     | >> # successes: 61 (98.4%)    run_libero_eval.py:230

 10%|█         | 2/20 [02:25<21:07, 70.42s/it][A                 INFO     | >>                            run_libero_eval.py:230
                          Task: pick up the bbq sauce and                       
                          place it in the basket                                
                 INFO     | >> Starting episode 3...      run_libero_eval.py:230
huggingface/tokenizers: The current process just got forked, after parallelism has already been used. Disabling parallelism to avoid deadlocks...
To disable this warning, you can either:
	- Avoid using `tokenizers` before the fork if possible
	- Explicitly set the environment variable TOKENIZERS_PARALLELISM=(true | false)
huggingface/tokenizers: The current process just got forked, after parallelism has already been used. Disabling parallelism to avoid deadlocks...
To disable this warning, you can either:
	- Avoid using `tokenizers` before the fork if possible
	- Explicitly set the environment variable TOKENIZERS_PARALLELISM=(true | false)
>> VLA-Cache inference mode
Current CUDA latency: 483.829437 ms | Average CUDA latency: 178.655670 ms, Average TFLOPs: 2.957584
>> VLA-Cache inference mode
Current CUDA latency: 261.338898 ms | Average CUDA latency: 178.732585 ms, Average TFLOPs: 2.957614
>> VLA-Cache inference mode
Current CUDA latency: 145.380920 ms | Average CUDA latency: 178.701589 ms, Average TFLOPs: 2.957642
>> VLA-Cache inference mode
Current CUDA latency: 127.184990 ms | Average CUDA latency: 178.653756 ms, Average TFLOPs: 2.957724
>> VLA-Cache inference mode
Current CUDA latency: 126.532990 ms | Average CUDA latency: 178.605406 ms, Average TFLOPs: 2.957756
>> VLA-Cache inference mode
Current CUDA latency: 133.444672 ms | Average CUDA latency: 178.563552 ms, Average TFLOPs: 2.957730
>> VLA-Cache inference mode
Current CUDA latency: 186.925369 ms | Average CUDA latency: 178.571294 ms, Average TFLOPs: 2.957735
>> VLA-Cache inference mode
Current CUDA latency: 258.112701 ms | Average CUDA latency: 178.644876 ms, Average TFLOPs: 2.957658
>> VLA-Cache inference mode
Current CUDA latency: 196.699005 ms | Average CUDA latency: 178.661561 ms, Average TFLOPs: 2.957555
>> VLA-Cache inference mode
Current CUDA latency: 176.787460 ms | Average CUDA latency: 178.659831 ms, Average TFLOPs: 2.957490
>> VLA-Cache inference mode
Current CUDA latency: 142.968536 ms | Average CUDA latency: 178.626905 ms, Average TFLOPs: 2.957423
>> VLA-Cache inference mode
Current CUDA latency: 123.354019 ms | Average CUDA latency: 178.575963 ms, Average TFLOPs: 2.957368
>> VLA-Cache inference mode
Current CUDA latency: 137.311462 ms | Average CUDA latency: 178.537966 ms, Average TFLOPs: 2.957304
>> VLA-Cache inference mode
Current CUDA latency: 198.417633 ms | Average CUDA latency: 178.556254 ms, Average TFLOPs: 2.957280
>> VLA-Cache inference mode
Current CUDA latency: 227.295258 ms | Average CUDA latency: 178.601051 ms, Average TFLOPs: 2.957223
Average time per step: 539.2396 ms, Control Frequency: 14.84 Hz, Token Reusing Ratio (Primary): 32.90 %, , Token Reusing Ratio (Wrist): 36.19 %
Saved rollout MP4 at path ./rollouts/2026_04_07/primary--2026_04_07-14_35_38--episode=63--success=True--task=pick_up_the_bbq_sauce_and_place_it_in_the_basket.mp4
Saved rollout MP4 at path ./rollouts/2026_04_07/wrist--2026_04_07-14_35_38--episode=63--success=True--task=pick_up_the_bbq_sauce_and_place_it_in_the_basket.mp4
04/07 [16:04:10] INFO     | >> Success: True              run_libero_eval.py:230
                 INFO     | >> # episodes completed so    run_libero_eval.py:230
                          far: 63                                               
                 INFO     | >> # successes: 62 (98.4%)    run_libero_eval.py:230

 15%|█▌        | 3/20 [03:36<20:00, 70.64s/it][A                 INFO     | >>                            run_libero_eval.py:230
                          Task: pick up the bbq sauce and                       
                          place it in the basket                                
                 INFO     | >> Starting episode 4...      run_libero_eval.py:230
huggingface/tokenizers: The current process just got forked, after parallelism has already been used. Disabling parallelism to avoid deadlocks...
To disable this warning, you can either:
	- Avoid using `tokenizers` before the fork if possible
	- Explicitly set the environment variable TOKENIZERS_PARALLELISM=(true | false)
huggingface/tokenizers: The current process just got forked, after parallelism has already been used. Disabling parallelism to avoid deadlocks...
To disable this warning, you can either:
	- Avoid using `tokenizers` before the fork if possible
	- Explicitly set the environment variable TOKENIZERS_PARALLELISM=(true | false)
>> VLA-Cache inference mode
Current CUDA latency: 360.685516 ms | Average CUDA latency: 178.768255 ms, Average TFLOPs: 2.957928
>> VLA-Cache inference mode
Current CUDA latency: 296.607819 ms | Average CUDA latency: 178.876364 ms, Average TFLOPs: 2.957983
>> VLA-Cache inference mode
Current CUDA latency: 132.400101 ms | Average CUDA latency: 178.833765 ms, Average TFLOPs: 2.958038
>> VLA-Cache inference mode
Current CUDA latency: 127.555199 ms | Average CUDA latency: 178.786806 ms, Average TFLOPs: 2.958126
>> VLA-Cache inference mode
Current CUDA latency: 187.898499 ms | Average CUDA latency: 178.795143 ms, Average TFLOPs: 2.958125
>> VLA-Cache inference mode
Current CUDA latency: 265.211700 ms | Average CUDA latency: 178.874134 ms, Average TFLOPs: 2.958194
>> VLA-Cache inference mode
Current CUDA latency: 138.418396 ms | Average CUDA latency: 178.837188 ms, Average TFLOPs: 2.958182
>> VLA-Cache inference mode
Current CUDA latency: 129.229721 ms | Average CUDA latency: 178.791926 ms, Average TFLOPs: 2.958158
>> VLA-Cache inference mode
Current CUDA latency: 132.967590 ms | Average CUDA latency: 178.750154 ms, Average TFLOPs: 2.958080
>> VLA-Cache inference mode
Current CUDA latency: 119.485794 ms | Average CUDA latency: 178.696179 ms, Average TFLOPs: 2.957993
>> VLA-Cache inference mode
Current CUDA latency: 141.351074 ms | Average CUDA latency: 178.662198 ms, Average TFLOPs: 2.957867
>> VLA-Cache inference mode
Current CUDA latency: 116.770493 ms | Average CUDA latency: 178.605933 ms, Average TFLOPs: 2.957786
>> VLA-Cache inference mode
Current CUDA latency: 199.091873 ms | Average CUDA latency: 178.624539 ms, Average TFLOPs: 2.957736
>> VLA-Cache inference mode
Current CUDA latency: 108.173920 ms | Average CUDA latency: 178.560609 ms, Average TFLOPs: 2.957684
>> VLA-Cache inference mode
Current CUDA latency: 123.609634 ms | Average CUDA latency: 178.510790 ms, Average TFLOPs: 2.957645
Average time per step: 538.4709 ms, Control Frequency: 14.86 Hz, Token Reusing Ratio (Primary): 32.53 %, , Token Reusing Ratio (Wrist): 36.20 %
Saved rollout MP4 at path ./rollouts/2026_04_07/primary--2026_04_07-14_35_38--episode=64--success=True--task=pick_up_the_bbq_sauce_and_place_it_in_the_basket.mp4
Saved rollout MP4 at path ./rollouts/2026_04_07/wrist--2026_04_07-14_35_38--episode=64--success=True--task=pick_up_the_bbq_sauce_and_place_it_in_the_basket.mp4
04/07 [16:05:12] INFO     | >> Success: True              run_libero_eval.py:230
                 INFO     | >> # episodes completed so    run_libero_eval.py:230
                          far: 64                                               
                 INFO     | >> # successes: 63 (98.4%)    run_libero_eval.py:230

 20%|██        | 4/20 [04:38<17:57, 67.33s/it][A                 INFO     | >>                            run_libero_eval.py:230
                          Task: pick up the bbq sauce and                       
                          place it in the basket                                
                 INFO     | >> Starting episode 5...      run_libero_eval.py:230
huggingface/tokenizers: The current process just got forked, after parallelism has already been used. Disabling parallelism to avoid deadlocks...
To disable this warning, you can either:
	- Avoid using `tokenizers` before the fork if possible
	- Explicitly set the environment variable TOKENIZERS_PARALLELISM=(true | false)
huggingface/tokenizers: The current process just got forked, after parallelism has already been used. Disabling parallelism to avoid deadlocks...
To disable this warning, you can either:
	- Avoid using `tokenizers` before the fork if possible
	- Explicitly set the environment variable TOKENIZERS_PARALLELISM=(true | false)
>> VLA-Cache inference mode
Current CUDA latency: 335.190491 ms | Average CUDA latency: 178.652710 ms, Average TFLOPs: 2.958340
>> VLA-Cache inference mode
Current CUDA latency: 305.561188 ms | Average CUDA latency: 178.767559 ms, Average TFLOPs: 2.958368
>> VLA-Cache inference mode
Current CUDA latency: 236.982941 ms | Average CUDA latency: 178.820195 ms, Average TFLOPs: 2.958406
>> VLA-Cache inference mode
Current CUDA latency: 156.309052 ms | Average CUDA latency: 178.799860 ms, Average TFLOPs: 2.958462
>> VLA-Cache inference mode
Current CUDA latency: 123.035042 ms | Average CUDA latency: 178.749531 ms, Average TFLOPs: 2.958492
>> VLA-Cache inference mode
Current CUDA latency: 130.065216 ms | Average CUDA latency: 178.705631 ms, Average TFLOPs: 2.958474
>> VLA-Cache inference mode
Current CUDA latency: 123.672546 ms | Average CUDA latency: 178.656052 ms, Average TFLOPs: 2.958461
>> VLA-Cache inference mode
Current CUDA latency: 148.916870 ms | Average CUDA latency: 178.629284 ms, Average TFLOPs: 2.958412
>> VLA-Cache inference mode
Current CUDA latency: 124.864738 ms | Average CUDA latency: 178.580935 ms, Average TFLOPs: 2.958370
>> VLA-Cache inference mode
Current CUDA latency: 128.405701 ms | Average CUDA latency: 178.535854 ms, Average TFLOPs: 2.958260
>> VLA-Cache inference mode
Current CUDA latency: 121.627075 ms | Average CUDA latency: 178.484768 ms, Average TFLOPs: 2.958191
>> VLA-Cache inference mode
Current CUDA latency: 122.687904 ms | Average CUDA latency: 178.434726 ms, Average TFLOPs: 2.958148
>> VLA-Cache inference mode
Current CUDA latency: 117.372353 ms | Average CUDA latency: 178.380011 ms, Average TFLOPs: 2.958052
>> VLA-Cache inference mode
Current CUDA latency: 116.104797 ms | Average CUDA latency: 178.324259 ms, Average TFLOPs: 2.957968
>> VLA-Cache inference mode
Current CUDA latency: 260.102142 ms | Average CUDA latency: 178.397405 ms, Average TFLOPs: 2.957866
>> VLA-Cache inference mode
Current CUDA latency: 173.884064 ms | Average CUDA latency: 178.393372 ms, Average TFLOPs: 2.957809
>> VLA-Cache inference mode
Current CUDA latency: 195.257401 ms | Average CUDA latency: 178.408429 ms, Average TFLOPs: 2.957788
>> VLA-Cache inference mode
Current CUDA latency: 125.053886 ms | Average CUDA latency: 178.360834 ms, Average TFLOPs: 2.957756
Average time per step: 536.8974 ms, Control Frequency: 14.90 Hz, Token Reusing Ratio (Primary): 32.76 %, , Token Reusing Ratio (Wrist): 36.23 %
Saved rollout MP4 at path ./rollouts/2026_04_07/primary--2026_04_07-14_35_38--episode=65--success=True--task=pick_up_the_bbq_sauce_and_place_it_in_the_basket.mp4
Saved rollout MP4 at path ./rollouts/2026_04_07/wrist--2026_04_07-14_35_38--episode=65--success=True--task=pick_up_the_bbq_sauce_and_place_it_in_the_basket.mp4
04/07 [16:06:27] INFO     | >> Success: True              run_libero_eval.py:230
                 INFO     | >> # episodes completed so    run_libero_eval.py:230
                          far: 65                                               
                 INFO     | >> # successes: 64 (98.5%)    run_libero_eval.py:230

 25%|██▌       | 5/20 [05:53<17:31, 70.09s/it][A                 INFO     | >>                            run_libero_eval.py:230
                          Task: pick up the bbq sauce and                       
                          place it in the basket                                
                 INFO     | >> Starting episode 6...      run_libero_eval.py:230
huggingface/tokenizers: The current process just got forked, after parallelism has already been used. Disabling parallelism to avoid deadlocks...
To disable this warning, you can either:
	- Avoid using `tokenizers` before the fork if possible
	- Explicitly set the environment variable TOKENIZERS_PARALLELISM=(true | false)
huggingface/tokenizers: The current process just got forked, after parallelism has already been used. Disabling parallelism to avoid deadlocks...
To disable this warning, you can either:
	- Avoid using `tokenizers` before the fork if possible
	- Explicitly set the environment variable TOKENIZERS_PARALLELISM=(true | false)
>> VLA-Cache inference mode
Current CUDA latency: 329.066071 ms | Average CUDA latency: 178.495152 ms, Average TFLOPs: 2.958440
>> VLA-Cache inference mode
Current CUDA latency: 265.749115 ms | Average CUDA latency: 178.572849 ms, Average TFLOPs: 2.958473
>> VLA-Cache inference mode
Current CUDA latency: 135.216766 ms | Average CUDA latency: 178.534276 ms, Average TFLOPs: 2.958500
>> VLA-Cache inference mode
Current CUDA latency: 128.567932 ms | Average CUDA latency: 178.489862 ms, Average TFLOPs: 2.958540
>> VLA-Cache inference mode
Current CUDA latency: 125.711647 ms | Average CUDA latency: 178.442989 ms, Average TFLOPs: 2.958549
>> VLA-Cache inference mode
Current CUDA latency: 129.971619 ms | Average CUDA latency: 178.399980 ms, Average TFLOPs: 2.958521
>> VLA-Cache inference mode
Current CUDA latency: 194.393982 ms | Average CUDA latency: 178.414159 ms, Average TFLOPs: 2.958478
>> VLA-Cache inference mode
Current CUDA latency: 252.186752 ms | Average CUDA latency: 178.479503 ms, Average TFLOPs: 2.958403
>> VLA-Cache inference mode
Current CUDA latency: 213.710205 ms | Average CUDA latency: 178.510680 ms, Average TFLOPs: 2.958251
>> VLA-Cache inference mode
Current CUDA latency: 146.836670 ms | Average CUDA latency: 178.482675 ms, Average TFLOPs: 2.958143
>> VLA-Cache inference mode
Current CUDA latency: 148.875198 ms | Average CUDA latency: 178.456520 ms, Average TFLOPs: 2.958048
>> VLA-Cache inference mode
Current CUDA latency: 132.273529 ms | Average CUDA latency: 178.415758 ms, Average TFLOPs: 2.957980
>> VLA-Cache inference mode
Current CUDA latency: 154.566238 ms | Average CUDA latency: 178.394727 ms, Average TFLOPs: 2.957914
>> VLA-Cache inference mode
Current CUDA latency: 117.160126 ms | Average CUDA latency: 178.340776 ms, Average TFLOPs: 2.957843
>> VLA-Cache inference mode
Current CUDA latency: 108.994339 ms | Average CUDA latency: 178.279731 ms, Average TFLOPs: 2.957776
>> VLA-Cache inference mode
Current CUDA latency: 112.008865 ms | Average CUDA latency: 178.221446 ms, Average TFLOPs: 2.957746
Average time per step: 538.5354 ms, Control Frequency: 14.86 Hz, Token Reusing Ratio (Primary): 32.79 %, , Token Reusing Ratio (Wrist): 36.28 %
Saved rollout MP4 at path ./rollouts/2026_04_07/primary--2026_04_07-14_35_38--episode=66--success=True--task=pick_up_the_bbq_sauce_and_place_it_in_the_basket.mp4
Saved rollout MP4 at path ./rollouts/2026_04_07/wrist--2026_04_07-14_35_38--episode=66--success=True--task=pick_up_the_bbq_sauce_and_place_it_in_the_basket.mp4
04/07 [16:07:32] INFO     | >> Success: True              run_libero_eval.py:230
                 INFO     | >> # episodes completed so    run_libero_eval.py:230
                          far: 66                                               
                 INFO     | >> # successes: 65 (98.5%)    run_libero_eval.py:230

 30%|███       | 6/20 [06:58<15:54, 68.19s/it][A                 INFO     | >>                            run_libero_eval.py:230
                          Task: pick up the bbq sauce and                       
                          place it in the basket                                
                 INFO     | >> Starting episode 7...      run_libero_eval.py:230
huggingface/tokenizers: The current process just got forked, after parallelism has already been used. Disabling parallelism to avoid deadlocks...
To disable this warning, you can either:
	- Avoid using `tokenizers` before the fork if possible
	- Explicitly set the environment variable TOKENIZERS_PARALLELISM=(true | false)
huggingface/tokenizers: The current process just got forked, after parallelism has already been used. Disabling parallelism to avoid deadlocks...
To disable this warning, you can either:
	- Avoid using `tokenizers` before the fork if possible
	- Explicitly set the environment variable TOKENIZERS_PARALLELISM=(true | false)
>> VLA-Cache inference mode
Current CUDA latency: 305.824799 ms | Average CUDA latency: 178.333575 ms, Average TFLOPs: 2.958420
>> VLA-Cache inference mode
Current CUDA latency: 242.960861 ms | Average CUDA latency: 178.390315 ms, Average TFLOPs: 2.958433
>> VLA-Cache inference mode
Current CUDA latency: 138.644836 ms | Average CUDA latency: 178.355451 ms, Average TFLOPs: 2.958466
>> VLA-Cache inference mode
Current CUDA latency: 124.581284 ms | Average CUDA latency: 178.308322 ms, Average TFLOPs: 2.958499
>> VLA-Cache inference mode
Current CUDA latency: 131.797318 ms | Average CUDA latency: 178.267594 ms, Average TFLOPs: 2.958520
>> VLA-Cache inference mode
Current CUDA latency: 132.386459 ms | Average CUDA latency: 178.227453 ms, Average TFLOPs: 2.958494
>> VLA-Cache inference mode
Current CUDA latency: 255.823547 ms | Average CUDA latency: 178.295282 ms, Average TFLOPs: 2.958453
>> VLA-Cache inference mode
Current CUDA latency: 192.586975 ms | Average CUDA latency: 178.307764 ms, Average TFLOPs: 2.958396
>> VLA-Cache inference mode
Current CUDA latency: 136.226913 ms | Average CUDA latency: 178.271044 ms, Average TFLOPs: 2.958268
>> VLA-Cache inference mode
Current CUDA latency: 126.094398 ms | Average CUDA latency: 178.225555 ms, Average TFLOPs: 2.958145
>> VLA-Cache inference mode
Current CUDA latency: 126.642563 ms | Average CUDA latency: 178.180622 ms, Average TFLOPs: 2.958035
>> VLA-Cache inference mode
Current CUDA latency: 127.026306 ms | Average CUDA latency: 178.136101 ms, Average TFLOPs: 2.957933
>> VLA-Cache inference mode
Current CUDA latency: 116.793022 ms | Average CUDA latency: 178.082759 ms, Average TFLOPs: 2.957857
>> VLA-Cache inference mode
Current CUDA latency: 118.643074 ms | Average CUDA latency: 178.031117 ms, Average TFLOPs: 2.957762
>> VLA-Cache inference mode
Current CUDA latency: 126.410141 ms | Average CUDA latency: 177.986307 ms, Average TFLOPs: 2.957675
>> VLA-Cache inference mode
Current CUDA latency: 191.524261 ms | Average CUDA latency: 177.998049 ms, Average TFLOPs: 2.957626
Average time per step: 543.8325 ms, Control Frequency: 14.71 Hz, Token Reusing Ratio (Primary): 32.69 %, , Token Reusing Ratio (Wrist): 36.33 %
Saved rollout MP4 at path ./rollouts/2026_04_07/primary--2026_04_07-14_35_38--episode=67--success=True--task=pick_up_the_bbq_sauce_and_place_it_in_the_basket.mp4
Saved rollout MP4 at path ./rollouts/2026_04_07/wrist--2026_04_07-14_35_38--episode=67--success=True--task=pick_up_the_bbq_sauce_and_place_it_in_the_basket.mp4
04/07 [16:08:48] INFO     | >> Success: True              run_libero_eval.py:230
                 INFO     | >> # episodes completed so    run_libero_eval.py:230
                          far: 67                                               
                 INFO     | >> # successes: 66 (98.5%)    run_libero_eval.py:230

 35%|███▌      | 7/20 [08:14<15:20, 70.79s/it][A                 INFO     | >>                            run_libero_eval.py:230
                          Task: pick up the bbq sauce and                       
                          place it in the basket                                
                 INFO     | >> Starting episode 8...      run_libero_eval.py:230
huggingface/tokenizers: The current process just got forked, after parallelism has already been used. Disabling parallelism to avoid deadlocks...
To disable this warning, you can either:
	- Avoid using `tokenizers` before the fork if possible
	- Explicitly set the environment variable TOKENIZERS_PARALLELISM=(true | false)
huggingface/tokenizers: The current process just got forked, after parallelism has already been used. Disabling parallelism to avoid deadlocks...
To disable this warning, you can either:
	- Avoid using `tokenizers` before the fork if possible
	- Explicitly set the environment variable TOKENIZERS_PARALLELISM=(true | false)
>> VLA-Cache inference mode
Current CUDA latency: 336.678162 ms | Average CUDA latency: 178.135553 ms, Average TFLOPs: 2.958291
>> VLA-Cache inference mode
Current CUDA latency: 284.687836 ms | Average CUDA latency: 178.227806 ms, Average TFLOPs: 2.958303
>> VLA-Cache inference mode
Current CUDA latency: 141.827164 ms | Average CUDA latency: 178.196318 ms, Average TFLOPs: 2.958339
>> VLA-Cache inference mode
Current CUDA latency: 130.500259 ms | Average CUDA latency: 178.155094 ms, Average TFLOPs: 2.958401
>> VLA-Cache inference mode
Current CUDA latency: 125.304321 ms | Average CUDA latency: 178.109454 ms, Average TFLOPs: 2.958442
>> VLA-Cache inference mode
Current CUDA latency: 127.115967 ms | Average CUDA latency: 178.065457 ms, Average TFLOPs: 2.958429
>> VLA-Cache inference mode
Current CUDA latency: 122.226654 ms | Average CUDA latency: 178.017320 ms, Average TFLOPs: 2.958381
>> VLA-Cache inference mode
Current CUDA latency: 122.062943 ms | Average CUDA latency: 177.969125 ms, Average TFLOPs: 2.958294
>> VLA-Cache inference mode
Current CUDA latency: 124.081345 ms | Average CUDA latency: 177.922750 ms, Average TFLOPs: 2.958227
>> VLA-Cache inference mode
Current CUDA latency: 125.506851 ms | Average CUDA latency: 177.877680 ms, Average TFLOPs: 2.958176
>> VLA-Cache inference mode
Current CUDA latency: 121.529213 ms | Average CUDA latency: 177.829271 ms, Average TFLOPs: 2.958116
>> VLA-Cache inference mode
Current CUDA latency: 122.241180 ms | Average CUDA latency: 177.781556 ms, Average TFLOPs: 2.958015
>> VLA-Cache inference mode
Current CUDA latency: 117.735870 ms | Average CUDA latency: 177.730058 ms, Average TFLOPs: 2.957941
>> VLA-Cache inference mode
Current CUDA latency: 130.667175 ms | Average CUDA latency: 177.689730 ms, Average TFLOPs: 2.957884
>> VLA-Cache inference mode
Current CUDA latency: 151.422073 ms | Average CUDA latency: 177.667241 ms, Average TFLOPs: 2.957844
Average time per step: 538.0879 ms, Control Frequency: 14.87 Hz, Token Reusing Ratio (Primary): 32.69 %, , Token Reusing Ratio (Wrist): 36.18 %
Saved rollout MP4 at path ./rollouts/2026_04_07/primary--2026_04_07-14_35_38--episode=68--success=True--task=pick_up_the_bbq_sauce_and_place_it_in_the_basket.mp4
Saved rollout MP4 at path ./rollouts/2026_04_07/wrist--2026_04_07-14_35_38--episode=68--success=True--task=pick_up_the_bbq_sauce_and_place_it_in_the_basket.mp4
04/07 [16:09:46] INFO     | >> Success: True              run_libero_eval.py:230
                 INFO     | >> # episodes completed so    run_libero_eval.py:230
                          far: 68                                               
                 INFO     | >> # successes: 67 (98.5%)    run_libero_eval.py:230

 40%|████      | 8/20 [09:12<13:18, 66.57s/it][A                 INFO     | >>                            run_libero_eval.py:230
                          Task: pick up the bbq sauce and                       
                          place it in the basket                                
                 INFO     | >> Starting episode 9...      run_libero_eval.py:230
huggingface/tokenizers: The current process just got forked, after parallelism has already been used. Disabling parallelism to avoid deadlocks...
To disable this warning, you can either:
	- Avoid using `tokenizers` before the fork if possible
	- Explicitly set the environment variable TOKENIZERS_PARALLELISM=(true | false)
huggingface/tokenizers: The current process just got forked, after parallelism has already been used. Disabling parallelism to avoid deadlocks...
To disable this warning, you can either:
	- Avoid using `tokenizers` before the fork if possible
	- Explicitly set the environment variable TOKENIZERS_PARALLELISM=(true | false)
>> VLA-Cache inference mode
Current CUDA latency: 328.197998 ms | Average CUDA latency: 177.796010 ms, Average TFLOPs: 2.958500
>> VLA-Cache inference mode
Current CUDA latency: 279.687927 ms | Average CUDA latency: 177.883097 ms, Average TFLOPs: 2.958541
>> VLA-Cache inference mode
Current CUDA latency: 207.017731 ms | Average CUDA latency: 177.907977 ms, Average TFLOPs: 2.958585
>> VLA-Cache inference mode
Current CUDA latency: 200.291809 ms | Average CUDA latency: 177.927076 ms, Average TFLOPs: 2.958633
>> VLA-Cache inference mode
Current CUDA latency: 125.743843 ms | Average CUDA latency: 177.882589 ms, Average TFLOPs: 2.958636
>> VLA-Cache inference mode
Current CUDA latency: 128.067429 ms | Average CUDA latency: 177.840157 ms, Average TFLOPs: 2.958657
>> VLA-Cache inference mode
Current CUDA latency: 147.968582 ms | Average CUDA latency: 177.814734 ms, Average TFLOPs: 2.958621
>> VLA-Cache inference mode
Current CUDA latency: 131.768448 ms | Average CUDA latency: 177.775579 ms, Average TFLOPs: 2.958549
>> VLA-Cache inference mode
Current CUDA latency: 141.688217 ms | Average CUDA latency: 177.744919 ms, Average TFLOPs: 2.958454
>> VLA-Cache inference mode
Current CUDA latency: 119.265503 ms | Average CUDA latency: 177.695276 ms, Average TFLOPs: 2.958375
>> VLA-Cache inference mode
Current CUDA latency: 101.958176 ms | Average CUDA latency: 177.631037 ms, Average TFLOPs: 2.958292
>> VLA-Cache inference mode
Current CUDA latency: 119.214752 ms | Average CUDA latency: 177.581532 ms, Average TFLOPs: 2.958201
>> VLA-Cache inference mode
Current CUDA latency: 117.080162 ms | Average CUDA latency: 177.530303 ms, Average TFLOPs: 2.958112
>> VLA-Cache inference mode
Current CUDA latency: 122.625404 ms | Average CUDA latency: 177.483852 ms, Average TFLOPs: 2.958060
>> VLA-Cache inference mode
Current CUDA latency: 164.593735 ms | Average CUDA latency: 177.472956 ms, Average TFLOPs: 2.958026
>> VLA-Cache inference mode
Current CUDA latency: 198.845947 ms | Average CUDA latency: 177.491008 ms, Average TFLOPs: 2.957975
Average time per step: 538.6249 ms, Control Frequency: 14.85 Hz, Token Reusing Ratio (Primary): 32.72 %, , Token Reusing Ratio (Wrist): 36.05 %
Saved rollout MP4 at path ./rollouts/2026_04_07/primary--2026_04_07-14_35_38--episode=69--success=True--task=pick_up_the_bbq_sauce_and_place_it_in_the_basket.mp4
Saved rollout MP4 at path ./rollouts/2026_04_07/wrist--2026_04_07-14_35_38--episode=69--success=True--task=pick_up_the_bbq_sauce_and_place_it_in_the_basket.mp4
04/07 [16:10:51] INFO     | >> Success: True              run_libero_eval.py:230
                 INFO     | >> # episodes completed so    run_libero_eval.py:230
                          far: 69                                               
                 INFO     | >> # successes: 68 (98.6%)    run_libero_eval.py:230

 45%|████▌     | 9/20 [10:17<12:06, 66.07s/it][A                 INFO     | >>                            run_libero_eval.py:230
                          Task: pick up the bbq sauce and                       
                          place it in the basket                                
                 INFO     | >> Starting episode 10...     run_libero_eval.py:230
huggingface/tokenizers: The current process just got forked, after parallelism has already been used. Disabling parallelism to avoid deadlocks...
To disable this warning, you can either:
	- Avoid using `tokenizers` before the fork if possible
	- Explicitly set the environment variable TOKENIZERS_PARALLELISM=(true | false)
huggingface/tokenizers: The current process just got forked, after parallelism has already been used. Disabling parallelism to avoid deadlocks...
To disable this warning, you can either:
	- Avoid using `tokenizers` before the fork if possible
	- Explicitly set the environment variable TOKENIZERS_PARALLELISM=(true | false)
>> VLA-Cache inference mode
Current CUDA latency: 547.197449 ms | Average CUDA latency: 177.802996 ms, Average TFLOPs: 2.958622
>> VLA-Cache inference mode
Current CUDA latency: 262.824554 ms | Average CUDA latency: 177.874684 ms, Average TFLOPs: 2.958633
>> VLA-Cache inference mode
Current CUDA latency: 185.378876 ms | Average CUDA latency: 177.881006 ms, Average TFLOPs: 2.958663
>> VLA-Cache inference mode
Current CUDA latency: 151.814911 ms | Average CUDA latency: 177.859065 ms, Average TFLOPs: 2.958721
>> VLA-Cache inference mode
Current CUDA latency: 161.392441 ms | Average CUDA latency: 177.845216 ms, Average TFLOPs: 2.958745
>> VLA-Cache inference mode
Current CUDA latency: 305.334534 ms | Average CUDA latency: 177.952349 ms, Average TFLOPs: 2.958721
>> VLA-Cache inference mode
Current CUDA latency: 139.570404 ms | Average CUDA latency: 177.920123 ms, Average TFLOPs: 2.958737
>> VLA-Cache inference mode
Current CUDA latency: 141.710754 ms | Average CUDA latency: 177.889746 ms, Average TFLOPs: 2.958682
>> VLA-Cache inference mode
Current CUDA latency: 136.178879 ms | Average CUDA latency: 177.854783 ms, Average TFLOPs: 2.958605
>> VLA-Cache inference mode
Current CUDA latency: 127.511932 ms | Average CUDA latency: 177.812620 ms, Average TFLOPs: 2.958557
>> VLA-Cache inference mode
Current CUDA latency: 149.704742 ms | Average CUDA latency: 177.789098 ms, Average TFLOPs: 2.958500
>> VLA-Cache inference mode
Current CUDA latency: 126.368546 ms | Average CUDA latency: 177.746105 ms, Average TFLOPs: 2.958465
>> VLA-Cache inference mode
Current CUDA latency: 177.824677 ms | Average CUDA latency: 177.746170 ms, Average TFLOPs: 2.958461
>> VLA-Cache inference mode
Current CUDA latency: 188.030106 ms | Average CUDA latency: 177.754755 ms, Average TFLOPs: 2.958410
>> VLA-Cache inference mode
Current CUDA latency: 140.406982 ms | Average CUDA latency: 177.723605 ms, Average TFLOPs: 2.958363
>> VLA-Cache inference mode
Current CUDA latency: 149.563293 ms | Average CUDA latency: 177.700138 ms, Average TFLOPs: 2.958349
>> VLA-Cache inference mode
Current CUDA latency: 143.189606 ms | Average CUDA latency: 177.671404 ms, Average TFLOPs: 2.958354
Average time per step: 541.6499 ms, Control Frequency: 14.77 Hz, Token Reusing Ratio (Primary): 32.61 %, , Token Reusing Ratio (Wrist): 36.00 %
Saved rollout MP4 at path ./rollouts/2026_04_07/primary--2026_04_07-14_35_38--episode=70--success=True--task=pick_up_the_bbq_sauce_and_place_it_in_the_basket.mp4
Saved rollout MP4 at path ./rollouts/2026_04_07/wrist--2026_04_07-14_35_38--episode=70--success=True--task=pick_up_the_bbq_sauce_and_place_it_in_the_basket.mp4
04/07 [16:12:07] INFO     | >> Success: True              run_libero_eval.py:230
                 INFO     | >> # episodes completed so    run_libero_eval.py:230
                          far: 70                                               
                 INFO     | >> # successes: 69 (98.6%)    run_libero_eval.py:230

 50%|█████     | 10/20 [11:33<11:31, 69.17s/it][A                 INFO     | >>                            run_libero_eval.py:230
                          Task: pick up the bbq sauce and                       
                          place it in the basket                                
                 INFO     | >> Starting episode 11...     run_libero_eval.py:230
huggingface/tokenizers: The current process just got forked, after parallelism has already been used. Disabling parallelism to avoid deadlocks...
To disable this warning, you can either:
	- Avoid using `tokenizers` before the fork if possible
	- Explicitly set the environment variable TOKENIZERS_PARALLELISM=(true | false)
huggingface/tokenizers: The current process just got forked, after parallelism has already been used. Disabling parallelism to avoid deadlocks...
To disable this warning, you can either:
	- Avoid using `tokenizers` before the fork if possible
	- Explicitly set the environment variable TOKENIZERS_PARALLELISM=(true | false)
>> VLA-Cache inference mode
Current CUDA latency: 347.639282 ms | Average CUDA latency: 177.812808 ms, Average TFLOPs: 2.958992
>> VLA-Cache inference mode
Current CUDA latency: 363.726654 ms | Average CUDA latency: 177.967350 ms, Average TFLOPs: 2.959046
>> VLA-Cache inference mode
Current CUDA latency: 205.355911 ms | Average CUDA latency: 177.990098 ms, Average TFLOPs: 2.959105
>> VLA-Cache inference mode
Current CUDA latency: 134.694809 ms | Average CUDA latency: 177.954168 ms, Average TFLOPs: 2.959181
>> VLA-Cache inference mode
Current CUDA latency: 126.850525 ms | Average CUDA latency: 177.911794 ms, Average TFLOPs: 2.959186
>> VLA-Cache inference mode
Current CUDA latency: 133.676666 ms | Average CUDA latency: 177.875145 ms, Average TFLOPs: 2.959142
>> VLA-Cache inference mode
Current CUDA latency: 124.383522 ms | Average CUDA latency: 177.830864 ms, Average TFLOPs: 2.959139
>> VLA-Cache inference mode
Current CUDA latency: 123.103844 ms | Average CUDA latency: 177.785597 ms, Average TFLOPs: 2.959107
>> VLA-Cache inference mode
Current CUDA latency: 124.322525 ms | Average CUDA latency: 177.741413 ms, Average TFLOPs: 2.959031
>> VLA-Cache inference mode
Current CUDA latency: 114.953087 ms | Average CUDA latency: 177.689565 ms, Average TFLOPs: 2.958945
>> VLA-Cache inference mode
Current CUDA latency: 116.636925 ms | Average CUDA latency: 177.639191 ms, Average TFLOPs: 2.958861
>> VLA-Cache inference mode
Current CUDA latency: 122.448830 ms | Average CUDA latency: 177.593692 ms, Average TFLOPs: 2.958798
>> VLA-Cache inference mode
Current CUDA latency: 153.564957 ms | Average CUDA latency: 177.573899 ms, Average TFLOPs: 2.958769
>> VLA-Cache inference mode
Current CUDA latency: 123.048256 ms | Average CUDA latency: 177.529022 ms, Average TFLOPs: 2.958708
>> VLA-Cache inference mode
Current CUDA latency: 122.862015 ms | Average CUDA latency: 177.484065 ms, Average TFLOPs: 2.958646
Average time per step: 540.2352 ms, Control Frequency: 14.81 Hz, Token Reusing Ratio (Primary): 32.53 %, , Token Reusing Ratio (Wrist): 35.99 %
Saved rollout MP4 at path ./rollouts/2026_04_07/primary--2026_04_07-14_35_38--episode=71--success=True--task=pick_up_the_bbq_sauce_and_place_it_in_the_basket.mp4
Saved rollout MP4 at path ./rollouts/2026_04_07/wrist--2026_04_07-14_35_38--episode=71--success=True--task=pick_up_the_bbq_sauce_and_place_it_in_the_basket.mp4
04/07 [16:13:10] INFO     | >> Success: True              run_libero_eval.py:230
                 INFO     | >> # episodes completed so    run_libero_eval.py:230
                          far: 71                                               
                 INFO     | >> # successes: 70 (98.6%)    run_libero_eval.py:230

 55%|█████▌    | 11/20 [12:36<10:07, 67.45s/it][A                 INFO     | >>                            run_libero_eval.py:230
                          Task: pick up the bbq sauce and                       
                          place it in the basket                                
                 INFO     | >> Starting episode 12...     run_libero_eval.py:230
huggingface/tokenizers: The current process just got forked, after parallelism has already been used. Disabling parallelism to avoid deadlocks...
To disable this warning, you can either:
	- Avoid using `tokenizers` before the fork if possible
	- Explicitly set the environment variable TOKENIZERS_PARALLELISM=(true | false)
huggingface/tokenizers: The current process just got forked, after parallelism has already been used. Disabling parallelism to avoid deadlocks...
To disable this warning, you can either:
	- Avoid using `tokenizers` before the fork if possible
	- Explicitly set the environment variable TOKENIZERS_PARALLELISM=(true | false)
>> VLA-Cache inference mode
Current CUDA latency: 313.069458 ms | Average CUDA latency: 177.595475 ms, Average TFLOPs: 2.959275
>> VLA-Cache inference mode
Current CUDA latency: 267.778656 ms | Average CUDA latency: 177.669517 ms, Average TFLOPs: 2.959281
>> VLA-Cache inference mode
Current CUDA latency: 204.228958 ms | Average CUDA latency: 177.691305 ms, Average TFLOPs: 2.959314
>> VLA-Cache inference mode
Current CUDA latency: 198.032349 ms | Average CUDA latency: 177.707978 ms, Average TFLOPs: 2.959350
>> VLA-Cache inference mode
Current CUDA latency: 149.315521 ms | Average CUDA latency: 177.684724 ms, Average TFLOPs: 2.959380
>> VLA-Cache inference mode
Current CUDA latency: 160.503326 ms | Average CUDA latency: 177.670664 ms, Average TFLOPs: 2.959369
>> VLA-Cache inference mode
Current CUDA latency: 132.643585 ms | Average CUDA latency: 177.633847 ms, Average TFLOPs: 2.959322
>> VLA-Cache inference mode
Current CUDA latency: 137.472900 ms | Average CUDA latency: 177.601036 ms, Average TFLOPs: 2.959245
>> VLA-Cache inference mode
Current CUDA latency: 138.620316 ms | Average CUDA latency: 177.569215 ms, Average TFLOPs: 2.959104
>> VLA-Cache inference mode
Current CUDA latency: 104.469475 ms | Average CUDA latency: 177.509591 ms, Average TFLOPs: 2.959028
>> VLA-Cache inference mode
Current CUDA latency: 126.368034 ms | Average CUDA latency: 177.467910 ms, Average TFLOPs: 2.958956
>> VLA-Cache inference mode
Current CUDA latency: 123.716835 ms | Average CUDA latency: 177.424139 ms, Average TFLOPs: 2.958899
>> VLA-Cache inference mode
Current CUDA latency: 143.856186 ms | Average CUDA latency: 177.396826 ms, Average TFLOPs: 2.958853
>> VLA-Cache inference mode
Current CUDA latency: 123.949760 ms | Average CUDA latency: 177.353373 ms, Average TFLOPs: 2.958796
>> VLA-Cache inference mode
Current CUDA latency: 146.569183 ms | Average CUDA latency: 177.328366 ms, Average TFLOPs: 2.958747
>> VLA-Cache inference mode
Current CUDA latency: 138.631622 ms | Average CUDA latency: 177.296956 ms, Average TFLOPs: 2.958713
Average time per step: 538.9806 ms, Control Frequency: 14.84 Hz, Token Reusing Ratio (Primary): 32.57 %, , Token Reusing Ratio (Wrist): 35.97 %
Saved rollout MP4 at path ./rollouts/2026_04_07/primary--2026_04_07-14_35_38--episode=72--success=True--task=pick_up_the_bbq_sauce_and_place_it_in_the_basket.mp4
Saved rollout MP4 at path ./rollouts/2026_04_07/wrist--2026_04_07-14_35_38--episode=72--success=True--task=pick_up_the_bbq_sauce_and_place_it_in_the_basket.mp4
04/07 [16:14:14] INFO     | >> Success: True              run_libero_eval.py:230
                 INFO     | >> # episodes completed so    run_libero_eval.py:230
                          far: 72                                               
                 INFO     | >> # successes: 71 (98.6%)    run_libero_eval.py:230

 60%|██████    | 12/20 [13:40<08:51, 66.38s/it][A                 INFO     | >>                            run_libero_eval.py:230
                          Task: pick up the bbq sauce and                       
                          place it in the basket                                
                 INFO     | >> Starting episode 13...     run_libero_eval.py:230
huggingface/tokenizers: The current process just got forked, after parallelism has already been used. Disabling parallelism to avoid deadlocks...
To disable this warning, you can either:
	- Avoid using `tokenizers` before the fork if possible
	- Explicitly set the environment variable TOKENIZERS_PARALLELISM=(true | false)
huggingface/tokenizers: The current process just got forked, after parallelism has already been used. Disabling parallelism to avoid deadlocks...
To disable this warning, you can either:
	- Avoid using `tokenizers` before the fork if possible
	- Explicitly set the environment variable TOKENIZERS_PARALLELISM=(true | false)
>> VLA-Cache inference mode
Current CUDA latency: 329.610474 ms | Average CUDA latency: 177.420487 ms, Average TFLOPs: 2.959334
>> VLA-Cache inference mode
Current CUDA latency: 254.487900 ms | Average CUDA latency: 177.482940 ms, Average TFLOPs: 2.959359
>> VLA-Cache inference mode
Current CUDA latency: 142.760635 ms | Average CUDA latency: 177.454825 ms, Average TFLOPs: 2.959399
>> VLA-Cache inference mode
Current CUDA latency: 489.813080 ms | Average CUDA latency: 177.707542 ms, Average TFLOPs: 2.959421
>> VLA-Cache inference mode
Current CUDA latency: 249.933029 ms | Average CUDA latency: 177.765930 ms, Average TFLOPs: 2.959457
>> VLA-Cache inference mode
Current CUDA latency: 126.463646 ms | Average CUDA latency: 177.724490 ms, Average TFLOPs: 2.959493
>> VLA-Cache inference mode
Current CUDA latency: 131.520966 ms | Average CUDA latency: 177.687199 ms, Average TFLOPs: 2.959515
>> VLA-Cache inference mode
Current CUDA latency: 149.049210 ms | Average CUDA latency: 177.664104 ms, Average TFLOPs: 2.959493
>> VLA-Cache inference mode
Current CUDA latency: 134.275558 ms | Average CUDA latency: 177.629141 ms, Average TFLOPs: 2.959410
>> VLA-Cache inference mode
Current CUDA latency: 124.234177 ms | Average CUDA latency: 177.586150 ms, Average TFLOPs: 2.959342
>> VLA-Cache inference mode
Current CUDA latency: 126.199074 ms | Average CUDA latency: 177.544809 ms, Average TFLOPs: 2.959262
>> VLA-Cache inference mode
Current CUDA latency: 126.508835 ms | Average CUDA latency: 177.503783 ms, Average TFLOPs: 2.959221
>> VLA-Cache inference mode
Current CUDA latency: 140.318008 ms | Average CUDA latency: 177.473915 ms, Average TFLOPs: 2.959181
>> VLA-Cache inference mode
Current CUDA latency: 124.825119 ms | Average CUDA latency: 177.431661 ms, Average TFLOPs: 2.959150
>> VLA-Cache inference mode
Current CUDA latency: 124.665726 ms | Average CUDA latency: 177.389347 ms, Average TFLOPs: 2.959135
>> VLA-Cache inference mode
Current CUDA latency: 124.171165 ms | Average CUDA latency: 177.346704 ms, Average TFLOPs: 2.959110
Average time per step: 541.6465 ms, Control Frequency: 14.77 Hz, Token Reusing Ratio (Primary): 32.45 %, , Token Reusing Ratio (Wrist): 35.93 %
Saved rollout MP4 at path ./rollouts/2026_04_07/primary--2026_04_07-14_35_38--episode=73--success=True--task=pick_up_the_bbq_sauce_and_place_it_in_the_basket.mp4
Saved rollout MP4 at path ./rollouts/2026_04_07/wrist--2026_04_07-14_35_38--episode=73--success=True--task=pick_up_the_bbq_sauce_and_place_it_in_the_basket.mp4
04/07 [16:15:25] INFO     | >> Success: True              run_libero_eval.py:230
                 INFO     | >> # episodes completed so    run_libero_eval.py:230
                          far: 73                                               
                 INFO     | >> # successes: 72 (98.6%)    run_libero_eval.py:230

 65%|██████▌   | 13/20 [14:51<07:53, 67.68s/it][A                 INFO     | >>                            run_libero_eval.py:230
                          Task: pick up the bbq sauce and                       
                          place it in the basket                                
                 INFO     | >> Starting episode 14...     run_libero_eval.py:230
huggingface/tokenizers: The current process just got forked, after parallelism has already been used. Disabling parallelism to avoid deadlocks...
To disable this warning, you can either:
	- Avoid using `tokenizers` before the fork if possible
	- Explicitly set the environment variable TOKENIZERS_PARALLELISM=(true | false)
huggingface/tokenizers: The current process just got forked, after parallelism has already been used. Disabling parallelism to avoid deadlocks...
To disable this warning, you can either:
	- Avoid using `tokenizers` before the fork if possible
	- Explicitly set the environment variable TOKENIZERS_PARALLELISM=(true | false)
>> VLA-Cache inference mode
Current CUDA latency: 339.141052 ms | Average CUDA latency: 177.476243 ms, Average TFLOPs: 2.959723
>> VLA-Cache inference mode
Current CUDA latency: 246.582336 ms | Average CUDA latency: 177.531528 ms, Average TFLOPs: 2.959752
>> VLA-Cache inference mode
Current CUDA latency: 134.938873 ms | Average CUDA latency: 177.497481 ms, Average TFLOPs: 2.959785
>> VLA-Cache inference mode
Current CUDA latency: 477.854950 ms | Average CUDA latency: 177.737383 ms, Average TFLOPs: 2.959847
>> VLA-Cache inference mode
Current CUDA latency: 327.533508 ms | Average CUDA latency: 177.856933 ms, Average TFLOPs: 2.959823
>> VLA-Cache inference mode
Current CUDA latency: 145.397980 ms | Average CUDA latency: 177.831049 ms, Average TFLOPs: 2.959811
>> VLA-Cache inference mode
Current CUDA latency: 136.437820 ms | Average CUDA latency: 177.798066 ms, Average TFLOPs: 2.959790
>> VLA-Cache inference mode
Current CUDA latency: 236.937820 ms | Average CUDA latency: 177.845152 ms, Average TFLOPs: 2.959719
>> VLA-Cache inference mode
Current CUDA latency: 189.028229 ms | Average CUDA latency: 177.854048 ms, Average TFLOPs: 2.959655
>> VLA-Cache inference mode
Current CUDA latency: 141.349823 ms | Average CUDA latency: 177.825031 ms, Average TFLOPs: 2.959595
>> VLA-Cache inference mode
Current CUDA latency: 141.294403 ms | Average CUDA latency: 177.796015 ms, Average TFLOPs: 2.959519
>> VLA-Cache inference mode
Current CUDA latency: 217.117630 ms | Average CUDA latency: 177.827223 ms, Average TFLOPs: 2.959469
>> VLA-Cache inference mode
Current CUDA latency: 213.068161 ms | Average CUDA latency: 177.855170 ms, Average TFLOPs: 2.959433
>> VLA-Cache inference mode
Current CUDA latency: 130.933411 ms | Average CUDA latency: 177.817989 ms, Average TFLOPs: 2.959379
>> VLA-Cache inference mode
Current CUDA latency: 125.909920 ms | Average CUDA latency: 177.776890 ms, Average TFLOPs: 2.959364
>> VLA-Cache inference mode
Current CUDA latency: 179.791489 ms | Average CUDA latency: 177.778484 ms, Average TFLOPs: 2.959320
Average time per step: 545.7208 ms, Control Frequency: 14.66 Hz, Token Reusing Ratio (Primary): 32.46 %, , Token Reusing Ratio (Wrist): 35.91 %
Saved rollout MP4 at path ./rollouts/2026_04_07/primary--2026_04_07-14_35_38--episode=74--success=True--task=pick_up_the_bbq_sauce_and_place_it_in_the_basket.mp4
Saved rollout MP4 at path ./rollouts/2026_04_07/wrist--2026_04_07-14_35_38--episode=74--success=True--task=pick_up_the_bbq_sauce_and_place_it_in_the_basket.mp4
04/07 [16:16:45] INFO     | >> Success: True              run_libero_eval.py:230
                 INFO     | >> # episodes completed so    run_libero_eval.py:230
                          far: 74                                               
                 INFO     | >> # successes: 73 (98.6%)    run_libero_eval.py:230

 70%|███████   | 14/20 [16:11<07:08, 71.48s/it][A                 INFO     | >>                            run_libero_eval.py:230
                          Task: pick up the bbq sauce and                       
                          place it in the basket                                
                 INFO     | >> Starting episode 15...     run_libero_eval.py:230
huggingface/tokenizers: The current process just got forked, after parallelism has already been used. Disabling parallelism to avoid deadlocks...
To disable this warning, you can either:
	- Avoid using `tokenizers` before the fork if possible
	- Explicitly set the environment variable TOKENIZERS_PARALLELISM=(true | false)
huggingface/tokenizers: The current process just got forked, after parallelism has already been used. Disabling parallelism to avoid deadlocks...
To disable this warning, you can either:
	- Avoid using `tokenizers` before the fork if possible
	- Explicitly set the environment variable TOKENIZERS_PARALLELISM=(true | false)
>> VLA-Cache inference mode
Current CUDA latency: 350.927460 ms | Average CUDA latency: 177.915361 ms, Average TFLOPs: 2.959925
>> VLA-Cache inference mode
Current CUDA latency: 292.237061 ms | Average CUDA latency: 178.005662 ms, Average TFLOPs: 2.959936
>> VLA-Cache inference mode
Current CUDA latency: 143.386978 ms | Average CUDA latency: 177.978339 ms, Average TFLOPs: 2.959968
>> VLA-Cache inference mode
Current CUDA latency: 124.406113 ms | Average CUDA latency: 177.936089 ms, Average TFLOPs: 2.960052
>> VLA-Cache inference mode
Current CUDA latency: 133.301208 ms | Average CUDA latency: 177.900916 ms, Average TFLOPs: 2.960107
>> VLA-Cache inference mode
Current CUDA latency: 170.233215 ms | Average CUDA latency: 177.894879 ms, Average TFLOPs: 2.960098
>> VLA-Cache inference mode
Current CUDA latency: 205.674713 ms | Average CUDA latency: 177.916735 ms, Average TFLOPs: 2.960089
>> VLA-Cache inference mode
Current CUDA latency: 179.105118 ms | Average CUDA latency: 177.917670 ms, Average TFLOPs: 2.960045
>> VLA-Cache inference mode
Current CUDA latency: 128.169952 ms | Average CUDA latency: 177.878590 ms, Average TFLOPs: 2.959975
>> VLA-Cache inference mode
Current CUDA latency: 126.230400 ms | Average CUDA latency: 177.838050 ms, Average TFLOPs: 2.959914
>> VLA-Cache inference mode
Current CUDA latency: 117.663010 ms | Average CUDA latency: 177.790854 ms, Average TFLOPs: 2.959840
>> VLA-Cache inference mode
Current CUDA latency: 122.970116 ms | Average CUDA latency: 177.747891 ms, Average TFLOPs: 2.959737
>> VLA-Cache inference mode
Current CUDA latency: 143.264679 ms | Average CUDA latency: 177.720888 ms, Average TFLOPs: 2.959697
>> VLA-Cache inference mode
Current CUDA latency: 116.669922 ms | Average CUDA latency: 177.673117 ms, Average TFLOPs: 2.959620
>> VLA-Cache inference mode
Current CUDA latency: 123.636383 ms | Average CUDA latency: 177.630868 ms, Average TFLOPs: 2.959538
>> VLA-Cache inference mode
Current CUDA latency: 122.764000 ms | Average CUDA latency: 177.588003 ms, Average TFLOPs: 2.959476
>> VLA-Cache inference mode
Current CUDA latency: 136.187225 ms | Average CUDA latency: 177.555684 ms, Average TFLOPs: 2.959421
>> VLA-Cache inference mode
Current CUDA latency: 116.878845 ms | Average CUDA latency: 177.508354 ms, Average TFLOPs: 2.959354
>> VLA-Cache inference mode
Current CUDA latency: 123.030884 ms | Average CUDA latency: 177.465893 ms, Average TFLOPs: 2.959307
>> VLA-Cache inference mode
Current CUDA latency: 165.625885 ms | Average CUDA latency: 177.456672 ms, Average TFLOPs: 2.959265
>> VLA-Cache inference mode
Current CUDA latency: 122.316925 ms | Average CUDA latency: 177.413762 ms, Average TFLOPs: 2.959230
>> VLA-Cache inference mode
Current CUDA latency: 140.594238 ms | Average CUDA latency: 177.385131 ms, Average TFLOPs: 2.959197
Average time per step: 543.8844 ms, Control Frequency: 14.71 Hz, Token Reusing Ratio (Primary): 32.51 %, , Token Reusing Ratio (Wrist): 35.96 %
Saved rollout MP4 at path ./rollouts/2026_04_07/primary--2026_04_07-14_35_38--episode=75--success=True--task=pick_up_the_bbq_sauce_and_place_it_in_the_basket.mp4
Saved rollout MP4 at path ./rollouts/2026_04_07/wrist--2026_04_07-14_35_38--episode=75--success=True--task=pick_up_the_bbq_sauce_and_place_it_in_the_basket.mp4
04/07 [16:18:26] INFO     | >> Success: True              run_libero_eval.py:230
                 INFO     | >> # episodes completed so    run_libero_eval.py:230
                          far: 75                                               
                 INFO     | >> # successes: 74 (98.7%)    run_libero_eval.py:230

 75%|███████▌  | 15/20 [17:52<06:42, 80.41s/it][A                 INFO     | >>                            run_libero_eval.py:230
                          Task: pick up the bbq sauce and                       
                          place it in the basket                                
                 INFO     | >> Starting episode 16...     run_libero_eval.py:230
huggingface/tokenizers: The current process just got forked, after parallelism has already been used. Disabling parallelism to avoid deadlocks...
To disable this warning, you can either:
	- Avoid using `tokenizers` before the fork if possible
	- Explicitly set the environment variable TOKENIZERS_PARALLELISM=(true | false)
huggingface/tokenizers: The current process just got forked, after parallelism has already been used. Disabling parallelism to avoid deadlocks...
To disable this warning, you can either:
	- Avoid using `tokenizers` before the fork if possible
	- Explicitly set the environment variable TOKENIZERS_PARALLELISM=(true | false)
>> VLA-Cache inference mode
Current CUDA latency: 324.937897 ms | Average CUDA latency: 177.499779 ms, Average TFLOPs: 2.959792
>> VLA-Cache inference mode
Current CUDA latency: 322.207367 ms | Average CUDA latency: 177.612130 ms, Average TFLOPs: 2.959819
>> VLA-Cache inference mode
Current CUDA latency: 131.798080 ms | Average CUDA latency: 177.576588 ms, Average TFLOPs: 2.959836
>> VLA-Cache inference mode
Current CUDA latency: 125.576286 ms | Average CUDA latency: 177.536277 ms, Average TFLOPs: 2.959879
>> VLA-Cache inference mode
Current CUDA latency: 129.548187 ms | Average CUDA latency: 177.499106 ms, Average TFLOPs: 2.959917
>> VLA-Cache inference mode
Current CUDA latency: 128.778366 ms | Average CUDA latency: 177.461397 ms, Average TFLOPs: 2.959893
>> VLA-Cache inference mode
Current CUDA latency: 128.240601 ms | Average CUDA latency: 177.423329 ms, Average TFLOPs: 2.959839
>> VLA-Cache inference mode
Current CUDA latency: 148.704254 ms | Average CUDA latency: 177.401135 ms, Average TFLOPs: 2.959758
>> VLA-Cache inference mode
Current CUDA latency: 176.922302 ms | Average CUDA latency: 177.400766 ms, Average TFLOPs: 2.959637
>> VLA-Cache inference mode
Current CUDA latency: 153.569916 ms | Average CUDA latency: 177.382378 ms, Average TFLOPs: 2.959556
>> VLA-Cache inference mode
Current CUDA latency: 159.240250 ms | Average CUDA latency: 177.368390 ms, Average TFLOPs: 2.959477
>> VLA-Cache inference mode
Current CUDA latency: 131.607712 ms | Average CUDA latency: 177.333135 ms, Average TFLOPs: 2.959413
>> VLA-Cache inference mode
Current CUDA latency: 132.863815 ms | Average CUDA latency: 177.298902 ms, Average TFLOPs: 2.959317
>> VLA-Cache inference mode
Current CUDA latency: 125.831009 ms | Average CUDA latency: 177.259311 ms, Average TFLOPs: 2.959242
>> VLA-Cache inference mode
Current CUDA latency: 136.009979 ms | Average CUDA latency: 177.227605 ms, Average TFLOPs: 2.959212
>> VLA-Cache inference mode
Current CUDA latency: 134.645599 ms | Average CUDA latency: 177.194900 ms, Average TFLOPs: 2.959195
>> VLA-Cache inference mode
Current CUDA latency: 121.379906 ms | Average CUDA latency: 177.152064 ms, Average TFLOPs: 2.959166
Average time per step: 541.8741 ms, Control Frequency: 14.76 Hz, Token Reusing Ratio (Primary): 32.50 %, , Token Reusing Ratio (Wrist): 36.00 %
Saved rollout MP4 at path ./rollouts/2026_04_07/primary--2026_04_07-14_35_38--episode=76--success=True--task=pick_up_the_bbq_sauce_and_place_it_in_the_basket.mp4
Saved rollout MP4 at path ./rollouts/2026_04_07/wrist--2026_04_07-14_35_38--episode=76--success=True--task=pick_up_the_bbq_sauce_and_place_it_in_the_basket.mp4
04/07 [16:19:30] INFO     | >> Success: True              run_libero_eval.py:230
                 INFO     | >> # episodes completed so    run_libero_eval.py:230
                          far: 76                                               
                 INFO     | >> # successes: 75 (98.7%)    run_libero_eval.py:230

 80%|████████  | 16/20 [18:56<05:02, 75.53s/it][A                 INFO     | >>                            run_libero_eval.py:230
                          Task: pick up the bbq sauce and                       
                          place it in the basket                                
                 INFO     | >> Starting episode 17...     run_libero_eval.py:230
huggingface/tokenizers: The current process just got forked, after parallelism has already been used. Disabling parallelism to avoid deadlocks...
To disable this warning, you can either:
	- Avoid using `tokenizers` before the fork if possible
	- Explicitly set the environment variable TOKENIZERS_PARALLELISM=(true | false)
huggingface/tokenizers: The current process just got forked, after parallelism has already been used. Disabling parallelism to avoid deadlocks...
To disable this warning, you can either:
	- Avoid using `tokenizers` before the fork if possible
	- Explicitly set the environment variable TOKENIZERS_PARALLELISM=(true | false)
>> VLA-Cache inference mode
Current CUDA latency: 338.098267 ms | Average CUDA latency: 177.275489 ms, Average TFLOPs: 2.959754
>> VLA-Cache inference mode
Current CUDA latency: 269.271820 ms | Average CUDA latency: 177.345984 ms, Average TFLOPs: 2.959794
>> VLA-Cache inference mode
Current CUDA latency: 129.873734 ms | Average CUDA latency: 177.309635 ms, Average TFLOPs: 2.959854
>> VLA-Cache inference mode
Current CUDA latency: 127.801277 ms | Average CUDA latency: 177.271756 ms, Average TFLOPs: 2.959908
>> VLA-Cache inference mode
Current CUDA latency: 128.689346 ms | Average CUDA latency: 177.234613 ms, Average TFLOPs: 2.959936
>> VLA-Cache inference mode
Current CUDA latency: 124.311523 ms | Average CUDA latency: 177.194183 ms, Average TFLOPs: 2.959930
>> VLA-Cache inference mode
Current CUDA latency: 131.571716 ms | Average CUDA latency: 177.159357 ms, Average TFLOPs: 2.959926
>> VLA-Cache inference mode
Current CUDA latency: 123.641502 ms | Average CUDA latency: 177.118535 ms, Average TFLOPs: 2.959839
>> VLA-Cache inference mode
Current CUDA latency: 121.197441 ms | Average CUDA latency: 177.075912 ms, Average TFLOPs: 2.959739
>> VLA-Cache inference mode
Current CUDA latency: 118.017662 ms | Average CUDA latency: 177.030932 ms, Average TFLOPs: 2.959633
>> VLA-Cache inference mode
Current CUDA latency: 121.548096 ms | Average CUDA latency: 176.988708 ms, Average TFLOPs: 2.959589
>> VLA-Cache inference mode
Current CUDA latency: 117.036545 ms | Average CUDA latency: 176.943117 ms, Average TFLOPs: 2.959521
>> VLA-Cache inference mode
Current CUDA latency: 125.228226 ms | Average CUDA latency: 176.903820 ms, Average TFLOPs: 2.959465
>> VLA-Cache inference mode
Current CUDA latency: 115.974915 ms | Average CUDA latency: 176.857556 ms, Average TFLOPs: 2.959383
>> VLA-Cache inference mode
Current CUDA latency: 122.669823 ms | Average CUDA latency: 176.816443 ms, Average TFLOPs: 2.959351
>> VLA-Cache inference mode
Current CUDA latency: 121.759903 ms | Average CUDA latency: 176.774702 ms, Average TFLOPs: 2.959301
>> VLA-Cache inference mode
Current CUDA latency: 122.938660 ms | Average CUDA latency: 176.733917 ms, Average TFLOPs: 2.959298
Average time per step: 539.1379 ms, Control Frequency: 14.84 Hz, Token Reusing Ratio (Primary): 32.48 %, , Token Reusing Ratio (Wrist): 36.00 %
Saved rollout MP4 at path ./rollouts/2026_04_07/primary--2026_04_07-14_35_38--episode=77--success=True--task=pick_up_the_bbq_sauce_and_place_it_in_the_basket.mp4
Saved rollout MP4 at path ./rollouts/2026_04_07/wrist--2026_04_07-14_35_38--episode=77--success=True--task=pick_up_the_bbq_sauce_and_place_it_in_the_basket.mp4
04/07 [16:20:35] INFO     | >> Success: True              run_libero_eval.py:230
                 INFO     | >> # episodes completed so    run_libero_eval.py:230
                          far: 77                                               
                 INFO     | >> # successes: 76 (98.7%)    run_libero_eval.py:230

 85%|████████▌ | 17/20 [20:01<03:36, 72.25s/it][A                 INFO     | >>                            run_libero_eval.py:230
                          Task: pick up the bbq sauce and                       
                          place it in the basket                                
                 INFO     | >> Starting episode 18...     run_libero_eval.py:230
huggingface/tokenizers: The current process just got forked, after parallelism has already been used. Disabling parallelism to avoid deadlocks...
To disable this warning, you can either:
	- Avoid using `tokenizers` before the fork if possible
	- Explicitly set the environment variable TOKENIZERS_PARALLELISM=(true | false)
huggingface/tokenizers: The current process just got forked, after parallelism has already been used. Disabling parallelism to avoid deadlocks...
To disable this warning, you can either:
	- Avoid using `tokenizers` before the fork if possible
	- Explicitly set the environment variable TOKENIZERS_PARALLELISM=(true | false)
>> VLA-Cache inference mode
Current CUDA latency: 290.989868 ms | Average CUDA latency: 176.820409 ms, Average TFLOPs: 2.959878
>> VLA-Cache inference mode
Current CUDA latency: 269.321716 ms | Average CUDA latency: 176.890379 ms, Average TFLOPs: 2.959913
>> VLA-Cache inference mode
Current CUDA latency: 178.580292 ms | Average CUDA latency: 176.891657 ms, Average TFLOPs: 2.959944
>> VLA-Cache inference mode
Current CUDA latency: 164.913757 ms | Average CUDA latency: 176.882610 ms, Average TFLOPs: 2.959978
>> VLA-Cache inference mode
Current CUDA latency: 218.173981 ms | Average CUDA latency: 176.913773 ms, Average TFLOPs: 2.960012
>> VLA-Cache inference mode
Current CUDA latency: 140.168579 ms | Average CUDA latency: 176.886062 ms, Average TFLOPs: 2.960024
>> VLA-Cache inference mode
Current CUDA latency: 155.514496 ms | Average CUDA latency: 176.869957 ms, Average TFLOPs: 2.960029
>> VLA-Cache inference mode
Current CUDA latency: 143.206589 ms | Average CUDA latency: 176.844608 ms, Average TFLOPs: 2.959970
>> VLA-Cache inference mode
Current CUDA latency: 118.178848 ms | Average CUDA latency: 176.800465 ms, Average TFLOPs: 2.959892
>> VLA-Cache inference mode
Current CUDA latency: 117.023491 ms | Average CUDA latency: 176.755520 ms, Average TFLOPs: 2.959822
>> VLA-Cache inference mode
Current CUDA latency: 129.118942 ms | Average CUDA latency: 176.719730 ms, Average TFLOPs: 2.959771
>> VLA-Cache inference mode
Current CUDA latency: 123.802208 ms | Average CUDA latency: 176.680002 ms, Average TFLOPs: 2.959714
>> VLA-Cache inference mode
Current CUDA latency: 187.636551 ms | Average CUDA latency: 176.688222 ms, Average TFLOPs: 2.959692
>> VLA-Cache inference mode
Current CUDA latency: 208.517731 ms | Average CUDA latency: 176.712082 ms, Average TFLOPs: 2.959653
>> VLA-Cache inference mode
Current CUDA latency: 142.250916 ms | Average CUDA latency: 176.686268 ms, Average TFLOPs: 2.959584
>> VLA-Cache inference mode
Current CUDA latency: 133.175751 ms | Average CUDA latency: 176.653700 ms, Average TFLOPs: 2.959551
Average time per step: 538.8561 ms, Control Frequency: 14.85 Hz, Token Reusing Ratio (Primary): 32.42 %, , Token Reusing Ratio (Wrist): 36.01 %
Saved rollout MP4 at path ./rollouts/2026_04_07/primary--2026_04_07-14_35_38--episode=78--success=True--task=pick_up_the_bbq_sauce_and_place_it_in_the_basket.mp4
Saved rollout MP4 at path ./rollouts/2026_04_07/wrist--2026_04_07-14_35_38--episode=78--success=True--task=pick_up_the_bbq_sauce_and_place_it_in_the_basket.mp4
04/07 [16:21:42] INFO     | >> Success: True              run_libero_eval.py:230
                 INFO     | >> # episodes completed so    run_libero_eval.py:230
                          far: 78                                               
                 INFO     | >> # successes: 77 (98.7%)    run_libero_eval.py:230

 90%|█████████ | 18/20 [21:08<02:21, 70.68s/it][A                 INFO     | >>                            run_libero_eval.py:230
                          Task: pick up the bbq sauce and                       
                          place it in the basket                                
                 INFO     | >> Starting episode 19...     run_libero_eval.py:230
huggingface/tokenizers: The current process just got forked, after parallelism has already been used. Disabling parallelism to avoid deadlocks...
To disable this warning, you can either:
	- Avoid using `tokenizers` before the fork if possible
	- Explicitly set the environment variable TOKENIZERS_PARALLELISM=(true | false)
huggingface/tokenizers: The current process just got forked, after parallelism has already been used. Disabling parallelism to avoid deadlocks...
To disable this warning, you can either:
	- Avoid using `tokenizers` before the fork if possible
	- Explicitly set the environment variable TOKENIZERS_PARALLELISM=(true | false)
>> VLA-Cache inference mode
Current CUDA latency: 334.983734 ms | Average CUDA latency: 176.772122 ms, Average TFLOPs: 2.960123
>> VLA-Cache inference mode
Current CUDA latency: 233.789948 ms | Average CUDA latency: 176.814737 ms, Average TFLOPs: 2.960171
>> VLA-Cache inference mode
Current CUDA latency: 129.740417 ms | Average CUDA latency: 176.779580 ms, Average TFLOPs: 2.960218
>> VLA-Cache inference mode
Current CUDA latency: 127.852669 ms | Average CUDA latency: 176.743068 ms, Average TFLOPs: 2.960271
>> VLA-Cache inference mode
Current CUDA latency: 159.097916 ms | Average CUDA latency: 176.729909 ms, Average TFLOPs: 2.960318
>> VLA-Cache inference mode
Current CUDA latency: 194.132126 ms | Average CUDA latency: 176.742877 ms, Average TFLOPs: 2.960322
>> VLA-Cache inference mode
Current CUDA latency: 200.467072 ms | Average CUDA latency: 176.760542 ms, Average TFLOPs: 2.960303
>> VLA-Cache inference mode
Current CUDA latency: 199.512711 ms | Average CUDA latency: 176.777471 ms, Average TFLOPs: 2.960274
>> VLA-Cache inference mode
Current CUDA latency: 198.502563 ms | Average CUDA latency: 176.793623 ms, Average TFLOPs: 2.960190
>> VLA-Cache inference mode
Current CUDA latency: 124.369537 ms | Average CUDA latency: 176.754675 ms, Average TFLOPs: 2.960119
>> VLA-Cache inference mode
Current CUDA latency: 140.035065 ms | Average CUDA latency: 176.727415 ms, Average TFLOPs: 2.960070
>> VLA-Cache inference mode
Current CUDA latency: 115.937309 ms | Average CUDA latency: 176.682318 ms, Average TFLOPs: 2.959980
>> VLA-Cache inference mode
Current CUDA latency: 124.886177 ms | Average CUDA latency: 176.643922 ms, Average TFLOPs: 2.959909
>> VLA-Cache inference mode
Current CUDA latency: 145.097977 ms | Average CUDA latency: 176.620555 ms, Average TFLOPs: 2.959856
>> VLA-Cache inference mode
Current CUDA latency: 168.046631 ms | Average CUDA latency: 176.614208 ms, Average TFLOPs: 2.959834
>> VLA-Cache inference mode
Current CUDA latency: 121.302788 ms | Average CUDA latency: 176.573298 ms, Average TFLOPs: 2.959778
>> VLA-Cache inference mode
Current CUDA latency: 122.456764 ms | Average CUDA latency: 176.533300 ms, Average TFLOPs: 2.959746
Average time per step: 539.0013 ms, Control Frequency: 14.84 Hz, Token Reusing Ratio (Primary): 32.42 %, , Token Reusing Ratio (Wrist): 35.96 %
Saved rollout MP4 at path ./rollouts/2026_04_07/primary--2026_04_07-14_35_38--episode=79--success=True--task=pick_up_the_bbq_sauce_and_place_it_in_the_basket.mp4
Saved rollout MP4 at path ./rollouts/2026_04_07/wrist--2026_04_07-14_35_38--episode=79--success=True--task=pick_up_the_bbq_sauce_and_place_it_in_the_basket.mp4
04/07 [16:22:51] INFO     | >> Success: True              run_libero_eval.py:230
                 INFO     | >> # episodes completed so    run_libero_eval.py:230
                          far: 79                                               
                 INFO     | >> # successes: 78 (98.7%)    run_libero_eval.py:230

 95%|█████████▌| 19/20 [22:17<01:10, 70.18s/it][A                 INFO     | >>                            run_libero_eval.py:230
                          Task: pick up the bbq sauce and                       
                          place it in the basket                                
                 INFO     | >> Starting episode 20...     run_libero_eval.py:230
huggingface/tokenizers: The current process just got forked, after parallelism has already been used. Disabling parallelism to avoid deadlocks...
To disable this warning, you can either:
	- Avoid using `tokenizers` before the fork if possible
	- Explicitly set the environment variable TOKENIZERS_PARALLELISM=(true | false)
huggingface/tokenizers: The current process just got forked, after parallelism has already been used. Disabling parallelism to avoid deadlocks...
To disable this warning, you can either:
	- Avoid using `tokenizers` before the fork if possible
	- Explicitly set the environment variable TOKENIZERS_PARALLELISM=(true | false)
>> VLA-Cache inference mode
Current CUDA latency: 323.879852 ms | Average CUDA latency: 176.642123 ms, Average TFLOPs: 2.960311
>> VLA-Cache inference mode
Current CUDA latency: 288.794342 ms | Average CUDA latency: 176.724893 ms, Average TFLOPs: 2.960325
>> VLA-Cache inference mode
Current CUDA latency: 191.487335 ms | Average CUDA latency: 176.735779 ms, Average TFLOPs: 2.960339
>> VLA-Cache inference mode
Current CUDA latency: 201.305786 ms | Average CUDA latency: 176.753885 ms, Average TFLOPs: 2.960371
>> VLA-Cache inference mode
Current CUDA latency: 172.848999 ms | Average CUDA latency: 176.751010 ms, Average TFLOPs: 2.960378
>> VLA-Cache inference mode
Current CUDA latency: 201.340546 ms | Average CUDA latency: 176.769104 ms, Average TFLOPs: 2.960371
>> VLA-Cache inference mode
Current CUDA latency: 133.478745 ms | Average CUDA latency: 176.737273 ms, Average TFLOPs: 2.960348
>> VLA-Cache inference mode
Current CUDA latency: 133.004379 ms | Average CUDA latency: 176.705140 ms, Average TFLOPs: 2.960308
>> VLA-Cache inference mode
Current CUDA latency: 217.293381 ms | Average CUDA latency: 176.734940 ms, Average TFLOPs: 2.960190
>> VLA-Cache inference mode
Current CUDA latency: 114.353569 ms | Average CUDA latency: 176.689173 ms, Average TFLOPs: 2.960056
>> VLA-Cache inference mode
Current CUDA latency: 116.745949 ms | Average CUDA latency: 176.645226 ms, Average TFLOPs: 2.959989
>> VLA-Cache inference mode
Current CUDA latency: 117.053154 ms | Average CUDA latency: 176.601569 ms, Average TFLOPs: 2.959912
>> VLA-Cache inference mode
Current CUDA latency: 123.542084 ms | Average CUDA latency: 176.562726 ms, Average TFLOPs: 2.959858
>> VLA-Cache inference mode
Current CUDA latency: 139.120483 ms | Average CUDA latency: 176.535336 ms, Average TFLOPs: 2.959808
>> VLA-Cache inference mode
Current CUDA latency: 125.521858 ms | Average CUDA latency: 176.498045 ms, Average TFLOPs: 2.959773
>> VLA-Cache inference mode
Current CUDA latency: 149.692184 ms | Average CUDA latency: 176.478464 ms, Average TFLOPs: 2.959741
Average time per step: 537.8644 ms, Control Frequency: 14.87 Hz, Token Reusing Ratio (Primary): 32.41 %, , Token Reusing Ratio (Wrist): 36.00 %
Saved rollout MP4 at path ./rollouts/2026_04_07/primary--2026_04_07-14_35_38--episode=80--success=True--task=pick_up_the_bbq_sauce_and_place_it_in_the_basket.mp4
Saved rollout MP4 at path ./rollouts/2026_04_07/wrist--2026_04_07-14_35_38--episode=80--success=True--task=pick_up_the_bbq_sauce_and_place_it_in_the_basket.mp4
04/07 [16:23:52] INFO     | >> Success: True              run_libero_eval.py:230
                 INFO     | >> # episodes completed so    run_libero_eval.py:230
                          far: 80                                               
                 INFO     | >> # successes: 79 (98.8%)    run_libero_eval.py:230

100%|██████████| 20/20 [23:18<00:00, 67.46s/it][A100%|██████████| 20/20 [23:18<00:00, 69.94s/it]
                 INFO     | >> Current task success rate: run_libero_eval.py:230
                          1.0                                                   
                 INFO     | >> Current total success      run_libero_eval.py:230
                          rate: 0.9875                                          
 40%|████      | 4/10 [1:47:30<2:35:01, 1550.23s/it][Warning]: datasets path /root/sj-tmp/workspace/LIBERO/libero/libero/../datasets does not exist!
                 INFO     | >> Using default initial      run_libero_eval.py:230
                          states                                                
[Warning]: datasets path /root/sj-tmp/workspace/LIBERO/libero/libero/../datasets does not exist!

  0%|          | 0/20 [00:00<?, ?it/s][A04/07 [16:23:54] INFO     | >>                            run_libero_eval.py:230
                          Task: pick up the ketchup and                         
                          place it in the basket                                
                 INFO     | >> Starting episode 1...      run_libero_eval.py:230
huggingface/tokenizers: The current process just got forked, after parallelism has already been used. Disabling parallelism to avoid deadlocks...
To disable this warning, you can either:
	- Avoid using `tokenizers` before the fork if possible
	- Explicitly set the environment variable TOKENIZERS_PARALLELISM=(true | false)
huggingface/tokenizers: The current process just got forked, after parallelism has already been used. Disabling parallelism to avoid deadlocks...
To disable this warning, you can either:
	- Avoid using `tokenizers` before the fork if possible
	- Explicitly set the environment variable TOKENIZERS_PARALLELISM=(true | false)
>> VLA-Cache inference mode
Current CUDA latency: 257.763855 ms | Average CUDA latency: 176.537797 ms, Average TFLOPs: 2.960290
>> VLA-Cache inference mode
Current CUDA latency: 287.016541 ms | Average CUDA latency: 176.618379 ms, Average TFLOPs: 2.960328
>> VLA-Cache inference mode
Current CUDA latency: 127.548988 ms | Average CUDA latency: 176.582615 ms, Average TFLOPs: 2.960339
>> VLA-Cache inference mode
Current CUDA latency: 126.664162 ms | Average CUDA latency: 176.546257 ms, Average TFLOPs: 2.960332
>> VLA-Cache inference mode
Current CUDA latency: 152.025726 ms | Average CUDA latency: 176.528411 ms, Average TFLOPs: 2.960340
>> VLA-Cache inference mode
Current CUDA latency: 131.015137 ms | Average CUDA latency: 176.495311 ms, Average TFLOPs: 2.960376
>> VLA-Cache inference mode
Current CUDA latency: 176.588318 ms | Average CUDA latency: 176.495378 ms, Average TFLOPs: 2.960356
>> VLA-Cache inference mode
Current CUDA latency: 144.078400 ms | Average CUDA latency: 176.471837 ms, Average TFLOPs: 2.960295
>> VLA-Cache inference mode
Current CUDA latency: 178.046524 ms | Average CUDA latency: 176.472979 ms, Average TFLOPs: 2.960192
>> VLA-Cache inference mode
Current CUDA latency: 167.646011 ms | Average CUDA latency: 176.466578 ms, Average TFLOPs: 2.960116
>> VLA-Cache inference mode
Current CUDA latency: 148.671173 ms | Average CUDA latency: 176.446437 ms, Average TFLOPs: 2.960054
>> VLA-Cache inference mode
Current CUDA latency: 142.889221 ms | Average CUDA latency: 176.422138 ms, Average TFLOPs: 2.960017
>> VLA-Cache inference mode
Current CUDA latency: 117.036064 ms | Average CUDA latency: 176.379166 ms, Average TFLOPs: 2.959953
>> VLA-Cache inference mode
Current CUDA latency: 125.372482 ms | Average CUDA latency: 176.342285 ms, Average TFLOPs: 2.959895
>> VLA-Cache inference mode
Current CUDA latency: 141.092422 ms | Average CUDA latency: 176.316816 ms, Average TFLOPs: 2.959840
>> VLA-Cache inference mode
Current CUDA latency: 160.597794 ms | Average CUDA latency: 176.305466 ms, Average TFLOPs: 2.959781
>> VLA-Cache inference mode
Current CUDA latency: 149.831009 ms | Average CUDA latency: 176.286365 ms, Average TFLOPs: 2.959730
>> VLA-Cache inference mode
Current CUDA latency: 149.291931 ms | Average CUDA latency: 176.266902 ms, Average TFLOPs: 2.959698
Average time per step: 515.3861 ms, Control Frequency: 15.52 Hz, Token Reusing Ratio (Primary): 33.29 %, , Token Reusing Ratio (Wrist): 35.31 %
Saved rollout MP4 at path ./rollouts/2026_04_07/primary--2026_04_07-14_35_38--episode=81--success=True--task=pick_up_the_ketchup_and_place_it_in_the_basket.mp4
Saved rollout MP4 at path ./rollouts/2026_04_07/wrist--2026_04_07-14_35_38--episode=81--success=True--task=pick_up_the_ketchup_and_place_it_in_the_basket.mp4
04/07 [16:25:07] INFO     | >> Success: True              run_libero_eval.py:230
                 INFO     | >> # episodes completed so    run_libero_eval.py:230
                          far: 81                                               
                 INFO     | >> # successes: 80 (98.8%)    run_libero_eval.py:230

  5%|▌         | 1/20 [01:12<23:01, 72.72s/it][A                 INFO     | >>                            run_libero_eval.py:230
                          Task: pick up the ketchup and                         
                          place it in the basket                                
                 INFO     | >> Starting episode 2...      run_libero_eval.py:230
huggingface/tokenizers: The current process just got forked, after parallelism has already been used. Disabling parallelism to avoid deadlocks...
To disable this warning, you can either:
	- Avoid using `tokenizers` before the fork if possible
	- Explicitly set the environment variable TOKENIZERS_PARALLELISM=(true | false)
huggingface/tokenizers: The current process just got forked, after parallelism has already been used. Disabling parallelism to avoid deadlocks...
To disable this warning, you can either:
	- Avoid using `tokenizers` before the fork if possible
	- Explicitly set the environment variable TOKENIZERS_PARALLELISM=(true | false)
>> VLA-Cache inference mode
Current CUDA latency: 501.425262 ms | Average CUDA latency: 176.501166 ms, Average TFLOPs: 2.960241
>> VLA-Cache inference mode
Current CUDA latency: 312.193542 ms | Average CUDA latency: 176.598857 ms, Average TFLOPs: 2.960225
>> VLA-Cache inference mode
Current CUDA latency: 125.491615 ms | Average CUDA latency: 176.562089 ms, Average TFLOPs: 2.960206
>> VLA-Cache inference mode
Current CUDA latency: 410.670624 ms | Average CUDA latency: 176.730392 ms, Average TFLOPs: 2.960178
>> VLA-Cache inference mode
Current CUDA latency: 375.880798 ms | Average CUDA latency: 176.873459 ms, Average TFLOPs: 2.960164
>> VLA-Cache inference mode
Current CUDA latency: 124.005119 ms | Average CUDA latency: 176.835507 ms, Average TFLOPs: 2.960168
>> VLA-Cache inference mode
Current CUDA latency: 118.994591 ms | Average CUDA latency: 176.794014 ms, Average TFLOPs: 2.960147
>> VLA-Cache inference mode
Current CUDA latency: 224.784164 ms | Average CUDA latency: 176.828415 ms, Average TFLOPs: 2.960047
>> VLA-Cache inference mode
Current CUDA latency: 125.892899 ms | Average CUDA latency: 176.791929 ms, Average TFLOPs: 2.959923
>> VLA-Cache inference mode
Current CUDA latency: 100.301598 ms | Average CUDA latency: 176.737175 ms, Average TFLOPs: 2.959811
>> VLA-Cache inference mode
Current CUDA latency: 119.307587 ms | Average CUDA latency: 176.696095 ms, Average TFLOPs: 2.959710
>> VLA-Cache inference mode
Current CUDA latency: 111.009026 ms | Average CUDA latency: 176.649143 ms, Average TFLOPs: 2.959668
>> VLA-Cache inference mode
Current CUDA latency: 200.827744 ms | Average CUDA latency: 176.666413 ms, Average TFLOPs: 2.959599
>> VLA-Cache inference mode
Current CUDA latency: 214.418182 ms | Average CUDA latency: 176.693359 ms, Average TFLOPs: 2.959516
>> VLA-Cache inference mode
Current CUDA latency: 115.194206 ms | Average CUDA latency: 176.649494 ms, Average TFLOPs: 2.959475
>> VLA-Cache inference mode
Current CUDA latency: 177.698212 ms | Average CUDA latency: 176.650241 ms, Average TFLOPs: 2.959431
>> VLA-Cache inference mode
Current CUDA latency: 118.149506 ms | Average CUDA latency: 176.608574 ms, Average TFLOPs: 2.959404
>> VLA-Cache inference mode
Current CUDA latency: 109.547874 ms | Average CUDA latency: 176.560844 ms, Average TFLOPs: 2.959345
Average time per step: 566.7306 ms, Control Frequency: 14.12 Hz, Token Reusing Ratio (Primary): 33.59 %, , Token Reusing Ratio (Wrist): 36.15 %
Saved rollout MP4 at path ./rollouts/2026_04_07/primary--2026_04_07-14_35_38--episode=82--success=True--task=pick_up_the_ketchup_and_place_it_in_the_basket.mp4
Saved rollout MP4 at path ./rollouts/2026_04_07/wrist--2026_04_07-14_35_38--episode=82--success=True--task=pick_up_the_ketchup_and_place_it_in_the_basket.mp4
04/07 [16:26:34] INFO     | >> Success: True              run_libero_eval.py:230
                 INFO     | >> # episodes completed so    run_libero_eval.py:230
                          far: 82                                               
                 INFO     | >> # successes: 81 (98.8%)    run_libero_eval.py:230

 10%|█         | 2/20 [02:39<24:16, 80.89s/it][A                 INFO     | >>                            run_libero_eval.py:230
                          Task: pick up the ketchup and                         
                          place it in the basket                                
                 INFO     | >> Starting episode 3...      run_libero_eval.py:230
huggingface/tokenizers: The current process just got forked, after parallelism has already been used. Disabling parallelism to avoid deadlocks...
To disable this warning, you can either:
	- Avoid using `tokenizers` before the fork if possible
	- Explicitly set the environment variable TOKENIZERS_PARALLELISM=(true | false)
huggingface/tokenizers: The current process just got forked, after parallelism has already been used. Disabling parallelism to avoid deadlocks...
To disable this warning, you can either:
	- Avoid using `tokenizers` before the fork if possible
	- Explicitly set the environment variable TOKENIZERS_PARALLELISM=(true | false)
>> VLA-Cache inference mode
Current CUDA latency: 319.133789 ms | Average CUDA latency: 176.662247 ms, Average TFLOPs: 2.959880
>> VLA-Cache inference mode
Current CUDA latency: 254.367325 ms | Average CUDA latency: 176.717475 ms, Average TFLOPs: 2.959893
>> VLA-Cache inference mode
Current CUDA latency: 170.870300 ms | Average CUDA latency: 176.713322 ms, Average TFLOPs: 2.959890
>> VLA-Cache inference mode
Current CUDA latency: 417.615143 ms | Average CUDA latency: 176.884296 ms, Average TFLOPs: 2.959884
>> VLA-Cache inference mode
Current CUDA latency: 259.324280 ms | Average CUDA latency: 176.942764 ms, Average TFLOPs: 2.959871
>> VLA-Cache inference mode
Current CUDA latency: 193.209991 ms | Average CUDA latency: 176.954293 ms, Average TFLOPs: 2.959900
>> VLA-Cache inference mode
Current CUDA latency: 137.304733 ms | Average CUDA latency: 176.926212 ms, Average TFLOPs: 2.959868
>> VLA-Cache inference mode
Current CUDA latency: 160.396378 ms | Average CUDA latency: 176.914514 ms, Average TFLOPs: 2.959794
>> VLA-Cache inference mode
Current CUDA latency: 111.236511 ms | Average CUDA latency: 176.868065 ms, Average TFLOPs: 2.959683
>> VLA-Cache inference mode
Current CUDA latency: 100.446785 ms | Average CUDA latency: 176.814058 ms, Average TFLOPs: 2.959578
>> VLA-Cache inference mode
Current CUDA latency: 101.856766 ms | Average CUDA latency: 176.761122 ms, Average TFLOPs: 2.959493
>> VLA-Cache inference mode
Current CUDA latency: 101.767517 ms | Average CUDA latency: 176.708197 ms, Average TFLOPs: 2.959431
>> VLA-Cache inference mode
Current CUDA latency: 132.654556 ms | Average CUDA latency: 176.677130 ms, Average TFLOPs: 2.959368
>> VLA-Cache inference mode
Current CUDA latency: 132.797409 ms | Average CUDA latency: 176.646207 ms, Average TFLOPs: 2.959346
>> VLA-Cache inference mode
Current CUDA latency: 124.681442 ms | Average CUDA latency: 176.609612 ms, Average TFLOPs: 2.959306
>> VLA-Cache inference mode
Current CUDA latency: 145.123779 ms | Average CUDA latency: 176.587455 ms, Average TFLOPs: 2.959271
>> VLA-Cache inference mode
Current CUDA latency: 131.137695 ms | Average CUDA latency: 176.555493 ms, Average TFLOPs: 2.959240
>> VLA-Cache inference mode
Current CUDA latency: 213.242554 ms | Average CUDA latency: 176.581274 ms, Average TFLOPs: 2.959217
Average time per step: 582.4170 ms, Control Frequency: 13.74 Hz, Token Reusing Ratio (Primary): 33.36 %, , Token Reusing Ratio (Wrist): 36.21 %
Saved rollout MP4 at path ./rollouts/2026_04_07/primary--2026_04_07-14_35_38--episode=83--success=True--task=pick_up_the_ketchup_and_place_it_in_the_basket.mp4
Saved rollout MP4 at path ./rollouts/2026_04_07/wrist--2026_04_07-14_35_38--episode=83--success=True--task=pick_up_the_ketchup_and_place_it_in_the_basket.mp4
04/07 [16:27:58] INFO     | >> Success: True              run_libero_eval.py:230
                 INFO     | >> # episodes completed so    run_libero_eval.py:230
                          far: 83                                               
                 INFO     | >> # successes: 82 (98.8%)    run_libero_eval.py:230

 15%|█▌        | 3/20 [04:03<23:21, 82.46s/it][A                 INFO     | >>                            run_libero_eval.py:230
                          Task: pick up the ketchup and                         
                          place it in the basket                                
                 INFO     | >> Starting episode 4...      run_libero_eval.py:230
huggingface/tokenizers: The current process just got forked, after parallelism has already been used. Disabling parallelism to avoid deadlocks...
To disable this warning, you can either:
	- Avoid using `tokenizers` before the fork if possible
	- Explicitly set the environment variable TOKENIZERS_PARALLELISM=(true | false)
huggingface/tokenizers: The current process just got forked, after parallelism has already been used. Disabling parallelism to avoid deadlocks...
To disable this warning, you can either:
	- Avoid using `tokenizers` before the fork if possible
	- Explicitly set the environment variable TOKENIZERS_PARALLELISM=(true | false)
>> VLA-Cache inference mode
Current CUDA latency: 354.725800 ms | Average CUDA latency: 176.706376 ms, Average TFLOPs: 2.959745
>> VLA-Cache inference mode
Current CUDA latency: 347.414093 ms | Average CUDA latency: 176.826171 ms, Average TFLOPs: 2.959783
>> VLA-Cache inference mode
Current CUDA latency: 134.055649 ms | Average CUDA latency: 176.796177 ms, Average TFLOPs: 2.959792
>> VLA-Cache inference mode
Current CUDA latency: 143.091583 ms | Average CUDA latency: 176.772558 ms, Average TFLOPs: 2.959786
>> VLA-Cache inference mode
Current CUDA latency: 107.340866 ms | Average CUDA latency: 176.723936 ms, Average TFLOPs: 2.959767
>> VLA-Cache inference mode
Current CUDA latency: 119.084801 ms | Average CUDA latency: 176.683601 ms, Average TFLOPs: 2.959782
>> VLA-Cache inference mode
Current CUDA latency: 146.831512 ms | Average CUDA latency: 176.662725 ms, Average TFLOPs: 2.959759
>> VLA-Cache inference mode
Current CUDA latency: 116.375870 ms | Average CUDA latency: 176.620596 ms, Average TFLOPs: 2.959707
>> VLA-Cache inference mode
Current CUDA latency: 130.498215 ms | Average CUDA latency: 176.588388 ms, Average TFLOPs: 2.959622
>> VLA-Cache inference mode
Current CUDA latency: 103.546974 ms | Average CUDA latency: 176.537417 ms, Average TFLOPs: 2.959521
>> VLA-Cache inference mode
Current CUDA latency: 385.761047 ms | Average CUDA latency: 176.683319 ms, Average TFLOPs: 2.959424
>> VLA-Cache inference mode
Current CUDA latency: 208.569061 ms | Average CUDA latency: 176.705539 ms, Average TFLOPs: 2.959365
>> VLA-Cache inference mode
Current CUDA latency: 207.517212 ms | Average CUDA latency: 176.726996 ms, Average TFLOPs: 2.959311
>> VLA-Cache inference mode
Current CUDA latency: 114.448578 ms | Average CUDA latency: 176.683656 ms, Average TFLOPs: 2.959266
>> VLA-Cache inference mode
Current CUDA latency: 205.625275 ms | Average CUDA latency: 176.703783 ms, Average TFLOPs: 2.959232
>> VLA-Cache inference mode
Current CUDA latency: 103.685059 ms | Average CUDA latency: 176.653040 ms, Average TFLOPs: 2.959162
>> VLA-Cache inference mode
Current CUDA latency: 108.388863 ms | Average CUDA latency: 176.605634 ms, Average TFLOPs: 2.959116
>> VLA-Cache inference mode
Current CUDA latency: 183.951736 ms | Average CUDA latency: 176.610732 ms, Average TFLOPs: 2.959074
>> VLA-Cache inference mode
Current CUDA latency: 114.754494 ms | Average CUDA latency: 176.567836 ms, Average TFLOPs: 2.959031
Average time per step: 587.5464 ms, Control Frequency: 13.62 Hz, Token Reusing Ratio (Primary): 33.35 %, , Token Reusing Ratio (Wrist): 36.33 %
Saved rollout MP4 at path ./rollouts/2026_04_07/primary--2026_04_07-14_35_38--episode=84--success=True--task=pick_up_the_ketchup_and_place_it_in_the_basket.mp4
Saved rollout MP4 at path ./rollouts/2026_04_07/wrist--2026_04_07-14_35_38--episode=84--success=True--task=pick_up_the_ketchup_and_place_it_in_the_basket.mp4
04/07 [16:29:20] INFO     | >> Success: True              run_libero_eval.py:230
                 INFO     | >> # episodes completed so    run_libero_eval.py:230
                          far: 84                                               
                 INFO     | >> # successes: 83 (98.8%)    run_libero_eval.py:230

 20%|██        | 4/20 [05:25<21:54, 82.14s/it][A                 INFO     | >>                            run_libero_eval.py:230
                          Task: pick up the ketchup and                         
                          place it in the basket                                
                 INFO     | >> Starting episode 5...      run_libero_eval.py:230
huggingface/tokenizers: The current process just got forked, after parallelism has already been used. Disabling parallelism to avoid deadlocks...
To disable this warning, you can either:
	- Avoid using `tokenizers` before the fork if possible
	- Explicitly set the environment variable TOKENIZERS_PARALLELISM=(true | false)
huggingface/tokenizers: The current process just got forked, after parallelism has already been used. Disabling parallelism to avoid deadlocks...
To disable this warning, you can either:
	- Avoid using `tokenizers` before the fork if possible
	- Explicitly set the environment variable TOKENIZERS_PARALLELISM=(true | false)
>> VLA-Cache inference mode
Current CUDA latency: 475.094574 ms | Average CUDA latency: 176.774715 ms, Average TFLOPs: 2.959552
>> VLA-Cache inference mode
Current CUDA latency: 364.553986 ms | Average CUDA latency: 176.904756 ms, Average TFLOPs: 2.959597
>> VLA-Cache inference mode
Current CUDA latency: 130.113251 ms | Average CUDA latency: 176.872375 ms, Average TFLOPs: 2.959590
>> VLA-Cache inference mode
Current CUDA latency: 111.832512 ms | Average CUDA latency: 176.827396 ms, Average TFLOPs: 2.959609
>> VLA-Cache inference mode
Current CUDA latency: 157.099197 ms | Average CUDA latency: 176.813762 ms, Average TFLOPs: 2.959657
>> VLA-Cache inference mode
Current CUDA latency: 126.414818 ms | Average CUDA latency: 176.778956 ms, Average TFLOPs: 2.959650
>> VLA-Cache inference mode
Current CUDA latency: 148.379257 ms | Average CUDA latency: 176.759356 ms, Average TFLOPs: 2.959603
>> VLA-Cache inference mode
Current CUDA latency: 132.174438 ms | Average CUDA latency: 176.728608 ms, Average TFLOPs: 2.959542
>> VLA-Cache inference mode
Current CUDA latency: 180.062012 ms | Average CUDA latency: 176.730905 ms, Average TFLOPs: 2.959442
>> VLA-Cache inference mode
Current CUDA latency: 228.598618 ms | Average CUDA latency: 176.766627 ms, Average TFLOPs: 2.959359
>> VLA-Cache inference mode
Current CUDA latency: 185.951874 ms | Average CUDA latency: 176.772949 ms, Average TFLOPs: 2.959318
>> VLA-Cache inference mode
Current CUDA latency: 132.534683 ms | Average CUDA latency: 176.742523 ms, Average TFLOPs: 2.959272
>> VLA-Cache inference mode
Current CUDA latency: 200.348709 ms | Average CUDA latency: 176.758748 ms, Average TFLOPs: 2.959219
>> VLA-Cache inference mode
Current CUDA latency: 142.895676 ms | Average CUDA latency: 176.735490 ms, Average TFLOPs: 2.959166
>> VLA-Cache inference mode
Current CUDA latency: 224.077408 ms | Average CUDA latency: 176.767983 ms, Average TFLOPs: 2.959085
>> VLA-Cache inference mode
Current CUDA latency: 151.804825 ms | Average CUDA latency: 176.750861 ms, Average TFLOPs: 2.959066
>> VLA-Cache inference mode
Current CUDA latency: 238.726212 ms | Average CUDA latency: 176.793339 ms, Average TFLOPs: 2.959015
Average time per step: 592.1731 ms, Control Frequency: 13.51 Hz, Token Reusing Ratio (Primary): 33.17 %, , Token Reusing Ratio (Wrist): 36.25 %
Saved rollout MP4 at path ./rollouts/2026_04_07/primary--2026_04_07-14_35_38--episode=85--success=True--task=pick_up_the_ketchup_and_place_it_in_the_basket.mp4
Saved rollout MP4 at path ./rollouts/2026_04_07/wrist--2026_04_07-14_35_38--episode=85--success=True--task=pick_up_the_ketchup_and_place_it_in_the_basket.mp4
04/07 [16:30:34] INFO     | >> Success: True              run_libero_eval.py:230
                 INFO     | >> # episodes completed so    run_libero_eval.py:230
                          far: 85                                               
                 INFO     | >> # successes: 84 (98.8%)    run_libero_eval.py:230

 25%|██▌       | 5/20 [06:39<19:49, 79.33s/it][A                 INFO     | >>                            run_libero_eval.py:230
                          Task: pick up the ketchup and                         
                          place it in the basket                                
                 INFO     | >> Starting episode 6...      run_libero_eval.py:230
huggingface/tokenizers: The current process just got forked, after parallelism has already been used. Disabling parallelism to avoid deadlocks...
To disable this warning, you can either:
	- Avoid using `tokenizers` before the fork if possible
	- Explicitly set the environment variable TOKENIZERS_PARALLELISM=(true | false)
huggingface/tokenizers: The current process just got forked, after parallelism has already been used. Disabling parallelism to avoid deadlocks...
To disable this warning, you can either:
	- Avoid using `tokenizers` before the fork if possible
	- Explicitly set the environment variable TOKENIZERS_PARALLELISM=(true | false)
>> VLA-Cache inference mode
Current CUDA latency: 329.946014 ms | Average CUDA latency: 176.898238 ms, Average TFLOPs: 2.959531
>> VLA-Cache inference mode
Current CUDA latency: 294.423676 ms | Average CUDA latency: 176.978680 ms, Average TFLOPs: 2.959559
>> VLA-Cache inference mode
Current CUDA latency: 129.381241 ms | Average CUDA latency: 176.946124 ms, Average TFLOPs: 2.959565
>> VLA-Cache inference mode
Current CUDA latency: 113.934402 ms | Average CUDA latency: 176.903053 ms, Average TFLOPs: 2.959558
>> VLA-Cache inference mode
Current CUDA latency: 137.689438 ms | Average CUDA latency: 176.876268 ms, Average TFLOPs: 2.959564
>> VLA-Cache inference mode
Current CUDA latency: 201.287354 ms | Average CUDA latency: 176.892931 ms, Average TFLOPs: 2.959565
>> VLA-Cache inference mode
Current CUDA latency: 171.242203 ms | Average CUDA latency: 176.889077 ms, Average TFLOPs: 2.959499
>> VLA-Cache inference mode
Current CUDA latency: 129.639801 ms | Average CUDA latency: 176.856868 ms, Average TFLOPs: 2.959380
>> VLA-Cache inference mode
Current CUDA latency: 123.225372 ms | Average CUDA latency: 176.820335 ms, Average TFLOPs: 2.959291
>> VLA-Cache inference mode
Current CUDA latency: 118.349953 ms | Average CUDA latency: 176.780532 ms, Average TFLOPs: 2.959230
>> VLA-Cache inference mode
Current CUDA latency: 192.341949 ms | Average CUDA latency: 176.791118 ms, Average TFLOPs: 2.959171
>> VLA-Cache inference mode
Current CUDA latency: 103.859520 ms | Average CUDA latency: 176.741538 ms, Average TFLOPs: 2.959108
>> VLA-Cache inference mode
Current CUDA latency: 101.153984 ms | Average CUDA latency: 176.690188 ms, Average TFLOPs: 2.959048
>> VLA-Cache inference mode
Current CUDA latency: 103.298531 ms | Average CUDA latency: 176.640363 ms, Average TFLOPs: 2.958957
>> VLA-Cache inference mode
Current CUDA latency: 102.025124 ms | Average CUDA latency: 176.589742 ms, Average TFLOPs: 2.958882
>> VLA-Cache inference mode
Current CUDA latency: 143.175873 ms | Average CUDA latency: 176.567089 ms, Average TFLOPs: 2.958817
>> VLA-Cache inference mode
Current CUDA latency: 293.641998 ms | Average CUDA latency: 176.646408 ms, Average TFLOPs: 2.958786
>> VLA-Cache inference mode
Current CUDA latency: 294.156250 ms | Average CUDA latency: 176.725968 ms, Average TFLOPs: 2.958763
Average time per step: 586.5210 ms, Control Frequency: 13.64 Hz, Token Reusing Ratio (Primary): 33.20 %, , Token Reusing Ratio (Wrist): 36.30 %
Saved rollout MP4 at path ./rollouts/2026_04_07/primary--2026_04_07-14_35_38--episode=86--success=True--task=pick_up_the_ketchup_and_place_it_in_the_basket.mp4
Saved rollout MP4 at path ./rollouts/2026_04_07/wrist--2026_04_07-14_35_38--episode=86--success=True--task=pick_up_the_ketchup_and_place_it_in_the_basket.mp4
04/07 [16:31:47] INFO     | >> Success: True              run_libero_eval.py:230
                 INFO     | >> # episodes completed so    run_libero_eval.py:230
                          far: 86                                               
                 INFO     | >> # successes: 85 (98.8%)    run_libero_eval.py:230

 30%|███       | 6/20 [07:52<18:00, 77.15s/it][A                 INFO     | >>                            run_libero_eval.py:230
                          Task: pick up the ketchup and                         
                          place it in the basket                                
                 INFO     | >> Starting episode 7...      run_libero_eval.py:230
huggingface/tokenizers: The current process just got forked, after parallelism has already been used. Disabling parallelism to avoid deadlocks...
To disable this warning, you can either:
	- Avoid using `tokenizers` before the fork if possible
	- Explicitly set the environment variable TOKENIZERS_PARALLELISM=(true | false)
huggingface/tokenizers: The current process just got forked, after parallelism has already been used. Disabling parallelism to avoid deadlocks...
To disable this warning, you can either:
	- Avoid using `tokenizers` before the fork if possible
	- Explicitly set the environment variable TOKENIZERS_PARALLELISM=(true | false)
>> VLA-Cache inference mode
Current CUDA latency: 375.521454 ms | Average CUDA latency: 176.860471 ms, Average TFLOPs: 2.959273
>> VLA-Cache inference mode
Current CUDA latency: 319.077789 ms | Average CUDA latency: 176.956629 ms, Average TFLOPs: 2.959286
>> VLA-Cache inference mode
Current CUDA latency: 126.343292 ms | Average CUDA latency: 176.922430 ms, Average TFLOPs: 2.959297
>> VLA-Cache inference mode
Current CUDA latency: 115.631104 ms | Average CUDA latency: 176.881045 ms, Average TFLOPs: 2.959327
>> VLA-Cache inference mode
Current CUDA latency: 116.328323 ms | Average CUDA latency: 176.840187 ms, Average TFLOPs: 2.959358
>> VLA-Cache inference mode
Current CUDA latency: 123.157890 ms | Average CUDA latency: 176.803988 ms, Average TFLOPs: 2.959402
>> VLA-Cache inference mode
Current CUDA latency: 186.523560 ms | Average CUDA latency: 176.810538 ms, Average TFLOPs: 2.959387
>> VLA-Cache inference mode
Current CUDA latency: 194.139099 ms | Average CUDA latency: 176.822207 ms, Average TFLOPs: 2.959347
>> VLA-Cache inference mode
Current CUDA latency: 200.812805 ms | Average CUDA latency: 176.838351 ms, Average TFLOPs: 2.959254
>> VLA-Cache inference mode
Current CUDA latency: 126.915108 ms | Average CUDA latency: 176.804778 ms, Average TFLOPs: 2.959170
>> VLA-Cache inference mode
Current CUDA latency: 144.092285 ms | Average CUDA latency: 176.782794 ms, Average TFLOPs: 2.959125
>> VLA-Cache inference mode
Current CUDA latency: 119.930687 ms | Average CUDA latency: 176.744612 ms, Average TFLOPs: 2.959096
>> VLA-Cache inference mode
Current CUDA latency: 119.388191 ms | Average CUDA latency: 176.706118 ms, Average TFLOPs: 2.959052
>> VLA-Cache inference mode
Current CUDA latency: 126.094177 ms | Average CUDA latency: 176.672173 ms, Average TFLOPs: 2.959008
>> VLA-Cache inference mode
Current CUDA latency: 104.533951 ms | Average CUDA latency: 176.623823 ms, Average TFLOPs: 2.958950
>> VLA-Cache inference mode
Current CUDA latency: 119.479172 ms | Average CUDA latency: 176.585548 ms, Average TFLOPs: 2.958908
>> VLA-Cache inference mode
Current CUDA latency: 198.009094 ms | Average CUDA latency: 176.599888 ms, Average TFLOPs: 2.958879
>> VLA-Cache inference mode
Current CUDA latency: 124.078880 ms | Average CUDA latency: 176.564757 ms, Average TFLOPs: 2.958833
Average time per step: 582.4902 ms, Control Frequency: 13.73 Hz, Token Reusing Ratio (Primary): 33.05 %, , Token Reusing Ratio (Wrist): 36.23 %
Saved rollout MP4 at path ./rollouts/2026_04_07/primary--2026_04_07-14_35_38--episode=87--success=True--task=pick_up_the_ketchup_and_place_it_in_the_basket.mp4
Saved rollout MP4 at path ./rollouts/2026_04_07/wrist--2026_04_07-14_35_38--episode=87--success=True--task=pick_up_the_ketchup_and_place_it_in_the_basket.mp4
04/07 [16:33:02] INFO     | >> Success: True              run_libero_eval.py:230
                 INFO     | >> # episodes completed so    run_libero_eval.py:230
                          far: 87                                               
                 INFO     | >> # successes: 86 (98.9%)    run_libero_eval.py:230

 35%|███▌      | 7/20 [09:07<16:33, 76.40s/it][A                 INFO     | >>                            run_libero_eval.py:230
                          Task: pick up the ketchup and                         
                          place it in the basket                                
                 INFO     | >> Starting episode 8...      run_libero_eval.py:230
huggingface/tokenizers: The current process just got forked, after parallelism has already been used. Disabling parallelism to avoid deadlocks...
To disable this warning, you can either:
	- Avoid using `tokenizers` before the fork if possible
	- Explicitly set the environment variable TOKENIZERS_PARALLELISM=(true | false)
huggingface/tokenizers: The current process just got forked, after parallelism has already been used. Disabling parallelism to avoid deadlocks...
To disable this warning, you can either:
	- Avoid using `tokenizers` before the fork if possible
	- Explicitly set the environment variable TOKENIZERS_PARALLELISM=(true | false)
>> VLA-Cache inference mode
Current CUDA latency: 298.233765 ms | Average CUDA latency: 176.646086 ms, Average TFLOPs: 2.959337
>> VLA-Cache inference mode
Current CUDA latency: 288.229828 ms | Average CUDA latency: 176.720625 ms, Average TFLOPs: 2.959353
>> VLA-Cache inference mode
Current CUDA latency: 120.789215 ms | Average CUDA latency: 176.683287 ms, Average TFLOPs: 2.959383
>> VLA-Cache inference mode
Current CUDA latency: 143.662170 ms | Average CUDA latency: 176.661258 ms, Average TFLOPs: 2.959380
>> VLA-Cache inference mode
Current CUDA latency: 197.487869 ms | Average CUDA latency: 176.675143 ms, Average TFLOPs: 2.959404
>> VLA-Cache inference mode
Current CUDA latency: 184.764740 ms | Average CUDA latency: 176.680532 ms, Average TFLOPs: 2.959411
>> VLA-Cache inference mode
Current CUDA latency: 119.021790 ms | Average CUDA latency: 176.642144 ms, Average TFLOPs: 2.959422
>> VLA-Cache inference mode
Current CUDA latency: 115.970978 ms | Average CUDA latency: 176.601778 ms, Average TFLOPs: 2.959383
>> VLA-Cache inference mode
Current CUDA latency: 188.833374 ms | Average CUDA latency: 176.609910 ms, Average TFLOPs: 2.959298
>> VLA-Cache inference mode
Current CUDA latency: 108.229858 ms | Average CUDA latency: 176.564475 ms, Average TFLOPs: 2.959246
>> VLA-Cache inference mode
Current CUDA latency: 143.547394 ms | Average CUDA latency: 176.542551 ms, Average TFLOPs: 2.959217
>> VLA-Cache inference mode
Current CUDA latency: 106.724449 ms | Average CUDA latency: 176.496222 ms, Average TFLOPs: 2.959166
>> VLA-Cache inference mode
Current CUDA latency: 477.654968 ms | Average CUDA latency: 176.695930 ms, Average TFLOPs: 2.959130
>> VLA-Cache inference mode
Current CUDA latency: 225.319290 ms | Average CUDA latency: 176.728152 ms, Average TFLOPs: 2.959096
>> VLA-Cache inference mode
Current CUDA latency: 121.987549 ms | Average CUDA latency: 176.691900 ms, Average TFLOPs: 2.959042
>> VLA-Cache inference mode
Current CUDA latency: 112.719551 ms | Average CUDA latency: 176.649562 ms, Average TFLOPs: 2.958970
>> VLA-Cache inference mode
Current CUDA latency: 146.891678 ms | Average CUDA latency: 176.629881 ms, Average TFLOPs: 2.958952
>> VLA-Cache inference mode
Current CUDA latency: 180.765701 ms | Average CUDA latency: 176.632614 ms, Average TFLOPs: 2.958910
Average time per step: 579.0925 ms, Control Frequency: 13.81 Hz, Token Reusing Ratio (Primary): 33.06 %, , Token Reusing Ratio (Wrist): 36.19 %
Saved rollout MP4 at path ./rollouts/2026_04_07/primary--2026_04_07-14_35_38--episode=88--success=True--task=pick_up_the_ketchup_and_place_it_in_the_basket.mp4
Saved rollout MP4 at path ./rollouts/2026_04_07/wrist--2026_04_07-14_35_38--episode=88--success=True--task=pick_up_the_ketchup_and_place_it_in_the_basket.mp4
04/07 [16:34:19] INFO     | >> Success: True              run_libero_eval.py:230
                 INFO     | >> # episodes completed so    run_libero_eval.py:230
                          far: 88                                               
                 INFO     | >> # successes: 87 (98.9%)    run_libero_eval.py:230

 40%|████      | 8/20 [10:24<15:18, 76.52s/it][A                 INFO     | >>                            run_libero_eval.py:230
                          Task: pick up the ketchup and                         
                          place it in the basket                                
                 INFO     | >> Starting episode 9...      run_libero_eval.py:230
huggingface/tokenizers: The current process just got forked, after parallelism has already been used. Disabling parallelism to avoid deadlocks...
To disable this warning, you can either:
	- Avoid using `tokenizers` before the fork if possible
	- Explicitly set the environment variable TOKENIZERS_PARALLELISM=(true | false)
huggingface/tokenizers: The current process just got forked, after parallelism has already been used. Disabling parallelism to avoid deadlocks...
To disable this warning, you can either:
	- Avoid using `tokenizers` before the fork if possible
	- Explicitly set the environment variable TOKENIZERS_PARALLELISM=(true | false)
>> VLA-Cache inference mode
Current CUDA latency: 362.006042 ms | Average CUDA latency: 176.755054 ms, Average TFLOPs: 2.959407
>> VLA-Cache inference mode
Current CUDA latency: 240.847519 ms | Average CUDA latency: 176.797359 ms, Average TFLOPs: 2.959436
>> VLA-Cache inference mode
Current CUDA latency: 199.821060 ms | Average CUDA latency: 176.812546 ms, Average TFLOPs: 2.959432
>> VLA-Cache inference mode
Current CUDA latency: 188.193726 ms | Average CUDA latency: 176.820049 ms, Average TFLOPs: 2.959443
>> VLA-Cache inference mode
Current CUDA latency: 141.714462 ms | Average CUDA latency: 176.796923 ms, Average TFLOPs: 2.959455
>> VLA-Cache inference mode
Current CUDA latency: 113.374718 ms | Average CUDA latency: 176.755170 ms, Average TFLOPs: 2.959427
>> VLA-Cache inference mode
Current CUDA latency: 115.272896 ms | Average CUDA latency: 176.714721 ms, Average TFLOPs: 2.959394
>> VLA-Cache inference mode
Current CUDA latency: 107.371330 ms | Average CUDA latency: 176.669130 ms, Average TFLOPs: 2.959336
>> VLA-Cache inference mode
Current CUDA latency: 148.156189 ms | Average CUDA latency: 176.650397 ms, Average TFLOPs: 2.959253
>> VLA-Cache inference mode
Current CUDA latency: 111.253220 ms | Average CUDA latency: 176.607457 ms, Average TFLOPs: 2.959151
>> VLA-Cache inference mode
Current CUDA latency: 101.696220 ms | Average CUDA latency: 176.558302 ms, Average TFLOPs: 2.959090
>> VLA-Cache inference mode
Current CUDA latency: 119.973923 ms | Average CUDA latency: 176.521198 ms, Average TFLOPs: 2.959038
>> VLA-Cache inference mode
Current CUDA latency: 116.358948 ms | Average CUDA latency: 176.481773 ms, Average TFLOPs: 2.958967
>> VLA-Cache inference mode
Current CUDA latency: 100.700706 ms | Average CUDA latency: 176.432146 ms, Average TFLOPs: 2.958894
>> VLA-Cache inference mode
Current CUDA latency: 103.665443 ms | Average CUDA latency: 176.384524 ms, Average TFLOPs: 2.958824
>> VLA-Cache inference mode
Current CUDA latency: 135.470627 ms | Average CUDA latency: 176.357765 ms, Average TFLOPs: 2.958786
>> VLA-Cache inference mode
Current CUDA latency: 103.493820 ms | Average CUDA latency: 176.310141 ms, Average TFLOPs: 2.958724
>> VLA-Cache inference mode
Current CUDA latency: 142.892807 ms | Average CUDA latency: 176.288314 ms, Average TFLOPs: 2.958681
Average time per step: 570.5856 ms, Control Frequency: 14.02 Hz, Token Reusing Ratio (Primary): 33.08 %, , Token Reusing Ratio (Wrist): 36.24 %
Saved rollout MP4 at path ./rollouts/2026_04_07/primary--2026_04_07-14_35_38--episode=89--success=True--task=pick_up_the_ketchup_and_place_it_in_the_basket.mp4
Saved rollout MP4 at path ./rollouts/2026_04_07/wrist--2026_04_07-14_35_38--episode=89--success=True--task=pick_up_the_ketchup_and_place_it_in_the_basket.mp4
04/07 [16:35:33] INFO     | >> Success: True              run_libero_eval.py:230
                 INFO     | >> # episodes completed so    run_libero_eval.py:230
                          far: 89                                               
                 INFO     | >> # successes: 88 (98.9%)    run_libero_eval.py:230

 45%|████▌     | 9/20 [11:38<13:54, 75.84s/it][A                 INFO     | >>                            run_libero_eval.py:230
                          Task: pick up the ketchup and                         
                          place it in the basket                                
                 INFO     | >> Starting episode 10...     run_libero_eval.py:230
huggingface/tokenizers: The current process just got forked, after parallelism has already been used. Disabling parallelism to avoid deadlocks...
To disable this warning, you can either:
	- Avoid using `tokenizers` before the fork if possible
	- Explicitly set the environment variable TOKENIZERS_PARALLELISM=(true | false)
huggingface/tokenizers: The current process just got forked, after parallelism has already been used. Disabling parallelism to avoid deadlocks...
To disable this warning, you can either:
	- Avoid using `tokenizers` before the fork if possible
	- Explicitly set the environment variable TOKENIZERS_PARALLELISM=(true | false)
>> VLA-Cache inference mode
Current CUDA latency: 373.164337 ms | Average CUDA latency: 176.416823 ms, Average TFLOPs: 2.959173
>> VLA-Cache inference mode
Current CUDA latency: 367.913635 ms | Average CUDA latency: 176.541740 ms, Average TFLOPs: 2.959182
>> VLA-Cache inference mode
Current CUDA latency: 149.235580 ms | Average CUDA latency: 176.523939 ms, Average TFLOPs: 2.959191
>> VLA-Cache inference mode
Current CUDA latency: 142.247650 ms | Average CUDA latency: 176.501609 ms, Average TFLOPs: 2.959174
>> VLA-Cache inference mode
Current CUDA latency: 109.378403 ms | Average CUDA latency: 176.457909 ms, Average TFLOPs: 2.959166
>> VLA-Cache inference mode
Current CUDA latency: 125.208611 ms | Average CUDA latency: 176.424566 ms, Average TFLOPs: 2.959139
>> VLA-Cache inference mode
Current CUDA latency: 127.028961 ms | Average CUDA latency: 176.392449 ms, Average TFLOPs: 2.959143
>> VLA-Cache inference mode
Current CUDA latency: 107.318748 ms | Average CUDA latency: 176.347567 ms, Average TFLOPs: 2.959110
>> VLA-Cache inference mode
Current CUDA latency: 114.052994 ms | Average CUDA latency: 176.307116 ms, Average TFLOPs: 2.959037
>> VLA-Cache inference mode
Current CUDA latency: 122.915840 ms | Average CUDA latency: 176.272469 ms, Average TFLOPs: 2.958936
>> VLA-Cache inference mode
Current CUDA latency: 102.805473 ms | Average CUDA latency: 176.224825 ms, Average TFLOPs: 2.958858
>> VLA-Cache inference mode
Current CUDA latency: 110.268669 ms | Average CUDA latency: 176.182079 ms, Average TFLOPs: 2.958809
>> VLA-Cache inference mode
Current CUDA latency: 173.451874 ms | Average CUDA latency: 176.180311 ms, Average TFLOPs: 2.958743
>> VLA-Cache inference mode
Current CUDA latency: 366.471436 ms | Average CUDA latency: 176.303477 ms, Average TFLOPs: 2.958689
>> VLA-Cache inference mode
Current CUDA latency: 143.309509 ms | Average CUDA latency: 176.282135 ms, Average TFLOPs: 2.958640
>> VLA-Cache inference mode
Current CUDA latency: 223.514648 ms | Average CUDA latency: 176.312667 ms, Average TFLOPs: 2.958602
>> VLA-Cache inference mode
Current CUDA latency: 108.652863 ms | Average CUDA latency: 176.268959 ms, Average TFLOPs: 2.958552
>> VLA-Cache inference mode
Current CUDA latency: 110.207169 ms | Average CUDA latency: 176.226311 ms, Average TFLOPs: 2.958505
>> VLA-Cache inference mode
Current CUDA latency: 180.416061 ms | Average CUDA latency: 176.229014 ms, Average TFLOPs: 2.958508
Average time per step: 571.3013 ms, Control Frequency: 14.00 Hz, Token Reusing Ratio (Primary): 33.14 %, , Token Reusing Ratio (Wrist): 36.27 %
Saved rollout MP4 at path ./rollouts/2026_04_07/primary--2026_04_07-14_35_38--episode=90--success=True--task=pick_up_the_ketchup_and_place_it_in_the_basket.mp4
Saved rollout MP4 at path ./rollouts/2026_04_07/wrist--2026_04_07-14_35_38--episode=90--success=True--task=pick_up_the_ketchup_and_place_it_in_the_basket.mp4
04/07 [16:36:52] INFO     | >> Success: True              run_libero_eval.py:230
                 INFO     | >> # episodes completed so    run_libero_eval.py:230
                          far: 90                                               
                 INFO     | >> # successes: 89 (98.9%)    run_libero_eval.py:230

 50%|█████     | 10/20 [12:57<12:47, 76.75s/it][A                 INFO     | >>                            run_libero_eval.py:230
                          Task: pick up the ketchup and                         
                          place it in the basket                                
                 INFO     | >> Starting episode 11...     run_libero_eval.py:230
huggingface/tokenizers: The current process just got forked, after parallelism has already been used. Disabling parallelism to avoid deadlocks...
To disable this warning, you can either:
	- Avoid using `tokenizers` before the fork if possible
	- Explicitly set the environment variable TOKENIZERS_PARALLELISM=(true | false)
huggingface/tokenizers: The current process just got forked, after parallelism has already been used. Disabling parallelism to avoid deadlocks...
To disable this warning, you can either:
	- Avoid using `tokenizers` before the fork if possible
	- Explicitly set the environment variable TOKENIZERS_PARALLELISM=(true | false)
>> VLA-Cache inference mode
Current CUDA latency: 376.913971 ms | Average CUDA latency: 176.358405 ms, Average TFLOPs: 2.958994
>> VLA-Cache inference mode
Current CUDA latency: 291.421753 ms | Average CUDA latency: 176.432543 ms, Average TFLOPs: 2.959009
>> VLA-Cache inference mode
Current CUDA latency: 217.251999 ms | Average CUDA latency: 176.458828 ms, Average TFLOPs: 2.959003
>> VLA-Cache inference mode
Current CUDA latency: 135.580795 ms | Average CUDA latency: 176.432523 ms, Average TFLOPs: 2.958965
>> VLA-Cache inference mode
Current CUDA latency: 124.324158 ms | Average CUDA latency: 176.399012 ms, Average TFLOPs: 2.958943
>> VLA-Cache inference mode
Current CUDA latency: 109.730339 ms | Average CUDA latency: 176.356166 ms, Average TFLOPs: 2.958944
>> VLA-Cache inference mode
Current CUDA latency: 137.167557 ms | Average CUDA latency: 176.330997 ms, Average TFLOPs: 2.958933
>> VLA-Cache inference mode
Current CUDA latency: 124.501152 ms | Average CUDA latency: 176.297730 ms, Average TFLOPs: 2.958884
>> VLA-Cache inference mode
Current CUDA latency: 143.510620 ms | Average CUDA latency: 176.276699 ms, Average TFLOPs: 2.958781
>> VLA-Cache inference mode
Current CUDA latency: 105.044739 ms | Average CUDA latency: 176.231038 ms, Average TFLOPs: 2.958707
>> VLA-Cache inference mode
Current CUDA latency: 122.712227 ms | Average CUDA latency: 176.196753 ms, Average TFLOPs: 2.958628
>> VLA-Cache inference mode
Current CUDA latency: 196.995361 ms | Average CUDA latency: 176.210068 ms, Average TFLOPs: 2.958593
>> VLA-Cache inference mode
Current CUDA latency: 317.869720 ms | Average CUDA latency: 176.300701 ms, Average TFLOPs: 2.958573
>> VLA-Cache inference mode
Current CUDA latency: 158.473083 ms | Average CUDA latency: 176.289303 ms, Average TFLOPs: 2.958545
>> VLA-Cache inference mode
Current CUDA latency: 112.314621 ms | Average CUDA latency: 176.248424 ms, Average TFLOPs: 2.958502
>> VLA-Cache inference mode
Current CUDA latency: 108.225220 ms | Average CUDA latency: 176.204987 ms, Average TFLOPs: 2.958453
>> VLA-Cache inference mode
Current CUDA latency: 127.552544 ms | Average CUDA latency: 176.173938 ms, Average TFLOPs: 2.958446
Average time per step: 571.1187 ms, Control Frequency: 14.01 Hz, Token Reusing Ratio (Primary): 33.09 %, , Token Reusing Ratio (Wrist): 36.26 %
Saved rollout MP4 at path ./rollouts/2026_04_07/primary--2026_04_07-14_35_38--episode=91--success=True--task=pick_up_the_ketchup_and_place_it_in_the_basket.mp4
Saved rollout MP4 at path ./rollouts/2026_04_07/wrist--2026_04_07-14_35_38--episode=91--success=True--task=pick_up_the_ketchup_and_place_it_in_the_basket.mp4
04/07 [16:38:07] INFO     | >> Success: True              run_libero_eval.py:230
                 INFO     | >> # episodes completed so    run_libero_eval.py:230
                          far: 91                                               
                 INFO     | >> # successes: 90 (98.9%)    run_libero_eval.py:230

 55%|█████▌    | 11/20 [14:12<11:25, 76.21s/it][A                 INFO     | >>                            run_libero_eval.py:230
                          Task: pick up the ketchup and                         
                          place it in the basket                                
                 INFO     | >> Starting episode 12...     run_libero_eval.py:230
huggingface/tokenizers: The current process just got forked, after parallelism has already been used. Disabling parallelism to avoid deadlocks...
To disable this warning, you can either:
	- Avoid using `tokenizers` before the fork if possible
	- Explicitly set the environment variable TOKENIZERS_PARALLELISM=(true | false)
huggingface/tokenizers: The current process just got forked, after parallelism has already been used. Disabling parallelism to avoid deadlocks...
To disable this warning, you can either:
	- Avoid using `tokenizers` before the fork if possible
	- Explicitly set the environment variable TOKENIZERS_PARALLELISM=(true | false)
>> VLA-Cache inference mode
Current CUDA latency: 342.660583 ms | Average CUDA latency: 176.280116 ms, Average TFLOPs: 2.958926
>> VLA-Cache inference mode
Current CUDA latency: 261.444977 ms | Average CUDA latency: 176.334396 ms, Average TFLOPs: 2.958895
>> VLA-Cache inference mode
Current CUDA latency: 200.254150 ms | Average CUDA latency: 176.349631 ms, Average TFLOPs: 2.958878
>> VLA-Cache inference mode
Current CUDA latency: 321.627319 ms | Average CUDA latency: 176.442106 ms, Average TFLOPs: 2.958842
>> VLA-Cache inference mode
Current CUDA latency: 145.083878 ms | Average CUDA latency: 176.422158 ms, Average TFLOPs: 2.958856
>> VLA-Cache inference mode
Current CUDA latency: 113.453568 ms | Average CUDA latency: 176.382127 ms, Average TFLOPs: 2.958845
>> VLA-Cache inference mode
Current CUDA latency: 111.405983 ms | Average CUDA latency: 176.340846 ms, Average TFLOPs: 2.958812
>> VLA-Cache inference mode
Current CUDA latency: 142.160858 ms | Average CUDA latency: 176.319145 ms, Average TFLOPs: 2.958731
>> VLA-Cache inference mode
Current CUDA latency: 103.063011 ms | Average CUDA latency: 176.272662 ms, Average TFLOPs: 2.958614
>> VLA-Cache inference mode
Current CUDA latency: 106.346527 ms | Average CUDA latency: 176.228321 ms, Average TFLOPs: 2.958502
>> VLA-Cache inference mode
Current CUDA latency: 124.006180 ms | Average CUDA latency: 176.195227 ms, Average TFLOPs: 2.958454
>> VLA-Cache inference mode
Current CUDA latency: 111.467613 ms | Average CUDA latency: 176.154234 ms, Average TFLOPs: 2.958411
>> VLA-Cache inference mode
Current CUDA latency: 113.544029 ms | Average CUDA latency: 176.114608 ms, Average TFLOPs: 2.958349
>> VLA-Cache inference mode
Current CUDA latency: 134.414566 ms | Average CUDA latency: 176.088232 ms, Average TFLOPs: 2.958311
>> VLA-Cache inference mode
Current CUDA latency: 444.787994 ms | Average CUDA latency: 176.258080 ms, Average TFLOPs: 2.958252
>> VLA-Cache inference mode
Current CUDA latency: 148.246521 ms | Average CUDA latency: 176.240385 ms, Average TFLOPs: 2.958256
>> VLA-Cache inference mode
Current CUDA latency: 170.438141 ms | Average CUDA latency: 176.236722 ms, Average TFLOPs: 2.958219
>> VLA-Cache inference mode
Current CUDA latency: 110.481857 ms | Average CUDA latency: 176.195236 ms, Average TFLOPs: 2.958195
Average time per step: 573.2226 ms, Control Frequency: 13.96 Hz, Token Reusing Ratio (Primary): 33.14 %, , Token Reusing Ratio (Wrist): 36.29 %
Saved rollout MP4 at path ./rollouts/2026_04_07/primary--2026_04_07-14_35_38--episode=92--success=True--task=pick_up_the_ketchup_and_place_it_in_the_basket.mp4
Saved rollout MP4 at path ./rollouts/2026_04_07/wrist--2026_04_07-14_35_38--episode=92--success=True--task=pick_up_the_ketchup_and_place_it_in_the_basket.mp4
04/07 [16:39:28] INFO     | >> Success: True              run_libero_eval.py:230
                 INFO     | >> # episodes completed so    run_libero_eval.py:230
                          far: 92                                               
                 INFO     | >> # successes: 91 (98.9%)    run_libero_eval.py:230

 60%|██████    | 12/20 [15:33<10:22, 77.83s/it][A                 INFO     | >>                            run_libero_eval.py:230
                          Task: pick up the ketchup and                         
                          place it in the basket                                
                 INFO     | >> Starting episode 13...     run_libero_eval.py:230
huggingface/tokenizers: The current process just got forked, after parallelism has already been used. Disabling parallelism to avoid deadlocks...
To disable this warning, you can either:
	- Avoid using `tokenizers` before the fork if possible
	- Explicitly set the environment variable TOKENIZERS_PARALLELISM=(true | false)
huggingface/tokenizers: The current process just got forked, after parallelism has already been used. Disabling parallelism to avoid deadlocks...
To disable this warning, you can either:
	- Avoid using `tokenizers` before the fork if possible
	- Explicitly set the environment variable TOKENIZERS_PARALLELISM=(true | false)
>> VLA-Cache inference mode
Current CUDA latency: 354.098450 ms | Average CUDA latency: 176.307407 ms, Average TFLOPs: 2.958670
>> VLA-Cache inference mode
Current CUDA latency: 276.135468 ms | Average CUDA latency: 176.370311 ms, Average TFLOPs: 2.958675
>> VLA-Cache inference mode
Current CUDA latency: 127.932190 ms | Average CUDA latency: 176.339808 ms, Average TFLOPs: 2.958648
>> VLA-Cache inference mode
Current CUDA latency: 111.610237 ms | Average CUDA latency: 176.299072 ms, Average TFLOPs: 2.958616
>> VLA-Cache inference mode
Current CUDA latency: 115.442818 ms | Average CUDA latency: 176.260798 ms, Average TFLOPs: 2.958592
>> VLA-Cache inference mode
Current CUDA latency: 111.035332 ms | Average CUDA latency: 176.219801 ms, Average TFLOPs: 2.958575
>> VLA-Cache inference mode
Current CUDA latency: 107.893501 ms | Average CUDA latency: 176.176883 ms, Average TFLOPs: 2.958539
>> VLA-Cache inference mode
Current CUDA latency: 132.153732 ms | Average CUDA latency: 176.149247 ms, Average TFLOPs: 2.958473
>> VLA-Cache inference mode
Current CUDA latency: 114.782753 ms | Average CUDA latency: 176.110749 ms, Average TFLOPs: 2.958380
>> VLA-Cache inference mode
Current CUDA latency: 146.440231 ms | Average CUDA latency: 176.092147 ms, Average TFLOPs: 2.958295
>> VLA-Cache inference mode
Current CUDA latency: 158.826721 ms | Average CUDA latency: 176.081329 ms, Average TFLOPs: 2.958209
>> VLA-Cache inference mode
Current CUDA latency: 195.931046 ms | Average CUDA latency: 176.093758 ms, Average TFLOPs: 2.958139
>> VLA-Cache inference mode
Current CUDA latency: 155.498306 ms | Average CUDA latency: 176.080870 ms, Average TFLOPs: 2.958084
>> VLA-Cache inference mode
Current CUDA latency: 138.904861 ms | Average CUDA latency: 176.057620 ms, Average TFLOPs: 2.957999
>> VLA-Cache inference mode
Current CUDA latency: 120.910851 ms | Average CUDA latency: 176.023154 ms, Average TFLOPs: 2.957941
>> VLA-Cache inference mode
Current CUDA latency: 117.363518 ms | Average CUDA latency: 175.986514 ms, Average TFLOPs: 2.957873
>> VLA-Cache inference mode
Current CUDA latency: 117.884415 ms | Average CUDA latency: 175.950246 ms, Average TFLOPs: 2.957813
>> VLA-Cache inference mode
Current CUDA latency: 146.426239 ms | Average CUDA latency: 175.931828 ms, Average TFLOPs: 2.957750
Average time per step: 571.1593 ms, Control Frequency: 14.01 Hz, Token Reusing Ratio (Primary): 33.31 %, , Token Reusing Ratio (Wrist): 36.36 %
Saved rollout MP4 at path ./rollouts/2026_04_07/primary--2026_04_07-14_35_38--episode=93--success=True--task=pick_up_the_ketchup_and_place_it_in_the_basket.mp4
Saved rollout MP4 at path ./rollouts/2026_04_07/wrist--2026_04_07-14_35_38--episode=93--success=True--task=pick_up_the_ketchup_and_place_it_in_the_basket.mp4
04/07 [16:40:44] INFO     | >> Success: True              run_libero_eval.py:230
                 INFO     | >> # episodes completed so    run_libero_eval.py:230
                          far: 93                                               
                 INFO     | >> # successes: 92 (98.9%)    run_libero_eval.py:230

 65%|██████▌   | 13/20 [16:49<08:59, 77.13s/it][A                 INFO     | >>                            run_libero_eval.py:230
                          Task: pick up the ketchup and                         
                          place it in the basket                                
                 INFO     | >> Starting episode 14...     run_libero_eval.py:230
huggingface/tokenizers: The current process just got forked, after parallelism has already been used. Disabling parallelism to avoid deadlocks...
To disable this warning, you can either:
	- Avoid using `tokenizers` before the fork if possible
	- Explicitly set the environment variable TOKENIZERS_PARALLELISM=(true | false)
huggingface/tokenizers: The current process just got forked, after parallelism has already been used. Disabling parallelism to avoid deadlocks...
To disable this warning, you can either:
	- Avoid using `tokenizers` before the fork if possible
	- Explicitly set the environment variable TOKENIZERS_PARALLELISM=(true | false)
>> VLA-Cache inference mode
Current CUDA latency: 318.246826 ms | Average CUDA latency: 176.020553 ms, Average TFLOPs: 2.958221
>> VLA-Cache inference mode
Current CUDA latency: 264.063812 ms | Average CUDA latency: 176.075408 ms, Average TFLOPs: 2.958229
>> VLA-Cache inference mode
Current CUDA latency: 120.852867 ms | Average CUDA latency: 176.041023 ms, Average TFLOPs: 2.958235
>> VLA-Cache inference mode
Current CUDA latency: 110.387260 ms | Average CUDA latency: 176.000168 ms, Average TFLOPs: 2.958239
>> VLA-Cache inference mode
Current CUDA latency: 110.230141 ms | Average CUDA latency: 175.959267 ms, Average TFLOPs: 2.958246
>> VLA-Cache inference mode
Current CUDA latency: 109.255424 ms | Average CUDA latency: 175.917810 ms, Average TFLOPs: 2.958237
>> VLA-Cache inference mode
Current CUDA latency: 119.012924 ms | Average CUDA latency: 175.882465 ms, Average TFLOPs: 2.958189
>> VLA-Cache inference mode
Current CUDA latency: 128.753311 ms | Average CUDA latency: 175.853211 ms, Average TFLOPs: 2.958135
>> VLA-Cache inference mode
Current CUDA latency: 119.476547 ms | Average CUDA latency: 175.818238 ms, Average TFLOPs: 2.958066
>> VLA-Cache inference mode
Current CUDA latency: 500.116974 ms | Average CUDA latency: 176.019291 ms, Average TFLOPs: 2.958045
>> VLA-Cache inference mode
Current CUDA latency: 382.947998 ms | Average CUDA latency: 176.147499 ms, Average TFLOPs: 2.958001
>> VLA-Cache inference mode
Current CUDA latency: 141.336899 ms | Average CUDA latency: 176.125945 ms, Average TFLOPs: 2.957956
>> VLA-Cache inference mode
Current CUDA latency: 151.960251 ms | Average CUDA latency: 176.110991 ms, Average TFLOPs: 2.957936
>> VLA-Cache inference mode
Current CUDA latency: 127.374237 ms | Average CUDA latency: 176.080851 ms, Average TFLOPs: 2.957905
>> VLA-Cache inference mode
Current CUDA latency: 125.756958 ms | Average CUDA latency: 176.049748 ms, Average TFLOPs: 2.957881
>> VLA-Cache inference mode
Current CUDA latency: 109.718819 ms | Average CUDA latency: 176.008778 ms, Average TFLOPs: 2.957846
>> VLA-Cache inference mode
Current CUDA latency: 217.020325 ms | Average CUDA latency: 176.034094 ms, Average TFLOPs: 2.957790
>> VLA-Cache inference mode
Current CUDA latency: 174.172958 ms | Average CUDA latency: 176.032945 ms, Average TFLOPs: 2.957769
>> VLA-Cache inference mode
Current CUDA latency: 152.150085 ms | Average CUDA latency: 176.018221 ms, Average TFLOPs: 2.957740
>> VLA-Cache inference mode
Current CUDA latency: 148.036102 ms | Average CUDA latency: 176.000980 ms, Average TFLOPs: 2.957716
>> VLA-Cache inference mode
Current CUDA latency: 217.863586 ms | Average CUDA latency: 176.026758 ms, Average TFLOPs: 2.957689
Average time per step: 573.1666 ms, Control Frequency: 13.96 Hz, Token Reusing Ratio (Primary): 33.31 %, , Token Reusing Ratio (Wrist): 36.33 %
Saved rollout MP4 at path ./rollouts/2026_04_07/primary--2026_04_07-14_35_38--episode=94--success=True--task=pick_up_the_ketchup_and_place_it_in_the_basket.mp4
Saved rollout MP4 at path ./rollouts/2026_04_07/wrist--2026_04_07-14_35_38--episode=94--success=True--task=pick_up_the_ketchup_and_place_it_in_the_basket.mp4
04/07 [16:42:16] INFO     | >> Success: True              run_libero_eval.py:230
                 INFO     | >> # episodes completed so    run_libero_eval.py:230
                          far: 94                                               
                 INFO     | >> # successes: 93 (98.9%)    run_libero_eval.py:230

 70%|███████   | 14/20 [18:21<08:10, 81.77s/it][A                 INFO     | >>                            run_libero_eval.py:230
                          Task: pick up the ketchup and                         
                          place it in the basket                                
                 INFO     | >> Starting episode 15...     run_libero_eval.py:230
huggingface/tokenizers: The current process just got forked, after parallelism has already been used. Disabling parallelism to avoid deadlocks...
To disable this warning, you can either:
	- Avoid using `tokenizers` before the fork if possible
	- Explicitly set the environment variable TOKENIZERS_PARALLELISM=(true | false)
huggingface/tokenizers: The current process just got forked, after parallelism has already been used. Disabling parallelism to avoid deadlocks...
To disable this warning, you can either:
	- Avoid using `tokenizers` before the fork if possible
	- Explicitly set the environment variable TOKENIZERS_PARALLELISM=(true | false)
>> VLA-Cache inference mode
Current CUDA latency: 401.336395 ms | Average CUDA latency: 176.165410 ms, Average TFLOPs: 2.958153
>> VLA-Cache inference mode
Current CUDA latency: 303.738495 ms | Average CUDA latency: 176.243868 ms, Average TFLOPs: 2.958172
>> VLA-Cache inference mode
Current CUDA latency: 125.441246 ms | Average CUDA latency: 176.212643 ms, Average TFLOPs: 2.958157
>> VLA-Cache inference mode
Current CUDA latency: 135.225372 ms | Average CUDA latency: 176.187467 ms, Average TFLOPs: 2.958122
>> VLA-Cache inference mode
Current CUDA latency: 128.280579 ms | Average CUDA latency: 176.158058 ms, Average TFLOPs: 2.958101
>> VLA-Cache inference mode
Current CUDA latency: 127.750526 ms | Average CUDA latency: 176.128360 ms, Average TFLOPs: 2.958082
>> VLA-Cache inference mode
Current CUDA latency: 131.287460 ms | Average CUDA latency: 176.100867 ms, Average TFLOPs: 2.958055
>> VLA-Cache inference mode
Current CUDA latency: 146.869339 ms | Average CUDA latency: 176.082956 ms, Average TFLOPs: 2.957995
>> VLA-Cache inference mode
Current CUDA latency: 258.965698 ms | Average CUDA latency: 176.133711 ms, Average TFLOPs: 2.957911
>> VLA-Cache inference mode
Current CUDA latency: 211.636002 ms | Average CUDA latency: 176.155438 ms, Average TFLOPs: 2.957831
>> VLA-Cache inference mode
Current CUDA latency: 254.239609 ms | Average CUDA latency: 176.203196 ms, Average TFLOPs: 2.957771
>> VLA-Cache inference mode
Current CUDA latency: 163.101730 ms | Average CUDA latency: 176.195187 ms, Average TFLOPs: 2.957720
>> VLA-Cache inference mode
Current CUDA latency: 154.690170 ms | Average CUDA latency: 176.182051 ms, Average TFLOPs: 2.957695
>> VLA-Cache inference mode
Current CUDA latency: 108.579742 ms | Average CUDA latency: 176.140779 ms, Average TFLOPs: 2.957678
>> VLA-Cache inference mode
Current CUDA latency: 157.024506 ms | Average CUDA latency: 176.129116 ms, Average TFLOPs: 2.957663
>> VLA-Cache inference mode
Current CUDA latency: 108.221153 ms | Average CUDA latency: 176.087709 ms, Average TFLOPs: 2.957641
>> VLA-Cache inference mode
Current CUDA latency: 112.939682 ms | Average CUDA latency: 176.049227 ms, Average TFLOPs: 2.957612
>> VLA-Cache inference mode
Current CUDA latency: 211.477798 ms | Average CUDA latency: 176.070804 ms, Average TFLOPs: 2.957599
Average time per step: 575.4094 ms, Control Frequency: 13.90 Hz, Token Reusing Ratio (Primary): 33.35 %, , Token Reusing Ratio (Wrist): 36.29 %
Saved rollout MP4 at path ./rollouts/2026_04_07/primary--2026_04_07-14_35_38--episode=95--success=True--task=pick_up_the_ketchup_and_place_it_in_the_basket.mp4
Saved rollout MP4 at path ./rollouts/2026_04_07/wrist--2026_04_07-14_35_38--episode=95--success=True--task=pick_up_the_ketchup_and_place_it_in_the_basket.mp4
04/07 [16:43:37] INFO     | >> Success: True              run_libero_eval.py:230
                 INFO     | >> # episodes completed so    run_libero_eval.py:230
                          far: 95                                               
                 INFO     | >> # successes: 94 (98.9%)    run_libero_eval.py:230

 75%|███████▌  | 15/20 [19:42<06:47, 81.43s/it][A                 INFO     | >>                            run_libero_eval.py:230
                          Task: pick up the ketchup and                         
                          place it in the basket                                
                 INFO     | >> Starting episode 16...     run_libero_eval.py:230
huggingface/tokenizers: The current process just got forked, after parallelism has already been used. Disabling parallelism to avoid deadlocks...
To disable this warning, you can either:
	- Avoid using `tokenizers` before the fork if possible
	- Explicitly set the environment variable TOKENIZERS_PARALLELISM=(true | false)
huggingface/tokenizers: The current process just got forked, after parallelism has already been used. Disabling parallelism to avoid deadlocks...
To disable this warning, you can either:
	- Avoid using `tokenizers` before the fork if possible
	- Explicitly set the environment variable TOKENIZERS_PARALLELISM=(true | false)
>> VLA-Cache inference mode
Current CUDA latency: 365.446747 ms | Average CUDA latency: 176.186066 ms, Average TFLOPs: 2.958058
>> VLA-Cache inference mode
Current CUDA latency: 303.700165 ms | Average CUDA latency: 176.263629 ms, Average TFLOPs: 2.958098
>> VLA-Cache inference mode
Current CUDA latency: 134.138687 ms | Average CUDA latency: 176.238022 ms, Average TFLOPs: 2.958148
>> VLA-Cache inference mode
Current CUDA latency: 126.313728 ms | Average CUDA latency: 176.207691 ms, Average TFLOPs: 2.958182
>> VLA-Cache inference mode
Current CUDA latency: 135.717667 ms | Average CUDA latency: 176.183107 ms, Average TFLOPs: 2.958188
>> VLA-Cache inference mode
Current CUDA latency: 130.672577 ms | Average CUDA latency: 176.155491 ms, Average TFLOPs: 2.958193
>> VLA-Cache inference mode
Current CUDA latency: 125.107140 ms | Average CUDA latency: 176.124534 ms, Average TFLOPs: 2.958190
>> VLA-Cache inference mode
Current CUDA latency: 127.850204 ms | Average CUDA latency: 176.095277 ms, Average TFLOPs: 2.958159
>> VLA-Cache inference mode
Current CUDA latency: 127.699745 ms | Average CUDA latency: 176.065964 ms, Average TFLOPs: 2.958090
>> VLA-Cache inference mode
Current CUDA latency: 231.494873 ms | Average CUDA latency: 176.099517 ms, Average TFLOPs: 2.957986
>> VLA-Cache inference mode
Current CUDA latency: 148.257950 ms | Average CUDA latency: 176.082673 ms, Average TFLOPs: 2.957889
>> VLA-Cache inference mode
Current CUDA latency: 193.790207 ms | Average CUDA latency: 176.093379 ms, Average TFLOPs: 2.957834
>> VLA-Cache inference mode
Current CUDA latency: 189.128036 ms | Average CUDA latency: 176.101255 ms, Average TFLOPs: 2.957795
>> VLA-Cache inference mode
Current CUDA latency: 152.021881 ms | Average CUDA latency: 176.086715 ms, Average TFLOPs: 2.957771
>> VLA-Cache inference mode
Current CUDA latency: 151.955200 ms | Average CUDA latency: 176.072151 ms, Average TFLOPs: 2.957759
>> VLA-Cache inference mode
Current CUDA latency: 112.686913 ms | Average CUDA latency: 176.033921 ms, Average TFLOPs: 2.957743
>> VLA-Cache inference mode
Current CUDA latency: 153.401443 ms | Average CUDA latency: 176.020279 ms, Average TFLOPs: 2.957729
>> VLA-Cache inference mode
Current CUDA latency: 245.405670 ms | Average CUDA latency: 176.062077 ms, Average TFLOPs: 2.957728
Average time per step: 574.9915 ms, Control Frequency: 13.91 Hz, Token Reusing Ratio (Primary): 33.33 %, , Token Reusing Ratio (Wrist): 36.25 %
Saved rollout MP4 at path ./rollouts/2026_04_07/primary--2026_04_07-14_35_38--episode=96--success=True--task=pick_up_the_ketchup_and_place_it_in_the_basket.mp4
Saved rollout MP4 at path ./rollouts/2026_04_07/wrist--2026_04_07-14_35_38--episode=96--success=True--task=pick_up_the_ketchup_and_place_it_in_the_basket.mp4
04/07 [16:44:52] INFO     | >> Success: True              run_libero_eval.py:230
                 INFO     | >> # episodes completed so    run_libero_eval.py:230
                          far: 96                                               
                 INFO     | >> # successes: 95 (99.0%)    run_libero_eval.py:230

 80%|████████  | 16/20 [20:57<05:17, 79.37s/it][A                 INFO     | >>                            run_libero_eval.py:230
                          Task: pick up the ketchup and                         
                          place it in the basket                                
                 INFO     | >> Starting episode 17...     run_libero_eval.py:230
huggingface/tokenizers: The current process just got forked, after parallelism has already been used. Disabling parallelism to avoid deadlocks...
To disable this warning, you can either:
	- Avoid using `tokenizers` before the fork if possible
	- Explicitly set the environment variable TOKENIZERS_PARALLELISM=(true | false)
huggingface/tokenizers: The current process just got forked, after parallelism has already been used. Disabling parallelism to avoid deadlocks...
To disable this warning, you can either:
	- Avoid using `tokenizers` before the fork if possible
	- Explicitly set the environment variable TOKENIZERS_PARALLELISM=(true | false)
>> VLA-Cache inference mode
Current CUDA latency: 341.356750 ms | Average CUDA latency: 176.161593 ms, Average TFLOPs: 2.958183
>> VLA-Cache inference mode
Current CUDA latency: 258.691803 ms | Average CUDA latency: 176.211250 ms, Average TFLOPs: 2.958178
>> VLA-Cache inference mode
Current CUDA latency: 135.554489 ms | Average CUDA latency: 176.186802 ms, Average TFLOPs: 2.958183
>> VLA-Cache inference mode
Current CUDA latency: 130.262589 ms | Average CUDA latency: 176.159203 ms, Average TFLOPs: 2.958158
>> VLA-Cache inference mode
Current CUDA latency: 188.061157 ms | Average CUDA latency: 176.166352 ms, Average TFLOPs: 2.958144
>> VLA-Cache inference mode
Current CUDA latency: 220.956314 ms | Average CUDA latency: 176.193236 ms, Average TFLOPs: 2.958131
>> VLA-Cache inference mode
Current CUDA latency: 176.051010 ms | Average CUDA latency: 176.193151 ms, Average TFLOPs: 2.958094
>> VLA-Cache inference mode
Current CUDA latency: 137.705414 ms | Average CUDA latency: 176.170077 ms, Average TFLOPs: 2.958031
>> VLA-Cache inference mode
Current CUDA latency: 125.185310 ms | Average CUDA latency: 176.139529 ms, Average TFLOPs: 2.957926
>> VLA-Cache inference mode
Current CUDA latency: 104.843712 ms | Average CUDA latency: 176.096837 ms, Average TFLOPs: 2.957831
>> VLA-Cache inference mode
Current CUDA latency: 163.024612 ms | Average CUDA latency: 176.089014 ms, Average TFLOPs: 2.957792
>> VLA-Cache inference mode
Current CUDA latency: 121.985954 ms | Average CUDA latency: 176.056655 ms, Average TFLOPs: 2.957756
>> VLA-Cache inference mode
Current CUDA latency: 124.610657 ms | Average CUDA latency: 176.025905 ms, Average TFLOPs: 2.957735
>> VLA-Cache inference mode
Current CUDA latency: 112.968605 ms | Average CUDA latency: 175.988236 ms, Average TFLOPs: 2.957694
>> VLA-Cache inference mode
Current CUDA latency: 108.678787 ms | Average CUDA latency: 175.948051 ms, Average TFLOPs: 2.957659
>> VLA-Cache inference mode
Current CUDA latency: 127.281059 ms | Average CUDA latency: 175.919014 ms, Average TFLOPs: 2.957654
>> VLA-Cache inference mode
Current CUDA latency: 170.521790 ms | Average CUDA latency: 175.915795 ms, Average TFLOPs: 2.957643
>> VLA-Cache inference mode
Current CUDA latency: 108.946114 ms | Average CUDA latency: 175.875885 ms, Average TFLOPs: 2.957604
Average time per step: 572.6664 ms, Control Frequency: 13.97 Hz, Token Reusing Ratio (Primary): 33.35 %, , Token Reusing Ratio (Wrist): 36.26 %
Saved rollout MP4 at path ./rollouts/2026_04_07/primary--2026_04_07-14_35_38--episode=97--success=True--task=pick_up_the_ketchup_and_place_it_in_the_basket.mp4
Saved rollout MP4 at path ./rollouts/2026_04_07/wrist--2026_04_07-14_35_38--episode=97--success=True--task=pick_up_the_ketchup_and_place_it_in_the_basket.mp4
04/07 [16:46:01] INFO     | >> Success: True              run_libero_eval.py:230
                 INFO     | >> # episodes completed so    run_libero_eval.py:230
                          far: 97                                               
                 INFO     | >> # successes: 96 (99.0%)    run_libero_eval.py:230

 85%|████████▌ | 17/20 [22:07<03:49, 76.52s/it][A                 INFO     | >>                            run_libero_eval.py:230
                          Task: pick up the ketchup and                         
                          place it in the basket                                
                 INFO     | >> Starting episode 18...     run_libero_eval.py:230
huggingface/tokenizers: The current process just got forked, after parallelism has already been used. Disabling parallelism to avoid deadlocks...
To disable this warning, you can either:
	- Avoid using `tokenizers` before the fork if possible
	- Explicitly set the environment variable TOKENIZERS_PARALLELISM=(true | false)
huggingface/tokenizers: The current process just got forked, after parallelism has already been used. Disabling parallelism to avoid deadlocks...
To disable this warning, you can either:
	- Avoid using `tokenizers` before the fork if possible
	- Explicitly set the environment variable TOKENIZERS_PARALLELISM=(true | false)
>> VLA-Cache inference mode
Current CUDA latency: 393.444061 ms | Average CUDA latency: 176.005467 ms, Average TFLOPs: 2.958054
>> VLA-Cache inference mode
Current CUDA latency: 368.786621 ms | Average CUDA latency: 176.120218 ms, Average TFLOPs: 2.958066
>> VLA-Cache inference mode
Current CUDA latency: 148.339706 ms | Average CUDA latency: 176.103691 ms, Average TFLOPs: 2.958045
>> VLA-Cache inference mode
Current CUDA latency: 112.691040 ms | Average CUDA latency: 176.065991 ms, Average TFLOPs: 2.958037
>> VLA-Cache inference mode
Current CUDA latency: 126.706528 ms | Average CUDA latency: 176.036662 ms, Average TFLOPs: 2.958017
>> VLA-Cache inference mode
Current CUDA latency: 130.401825 ms | Average CUDA latency: 176.009563 ms, Average TFLOPs: 2.958029
>> VLA-Cache inference mode
Current CUDA latency: 124.647552 ms | Average CUDA latency: 175.979081 ms, Average TFLOPs: 2.958030
>> VLA-Cache inference mode
Current CUDA latency: 122.526047 ms | Average CUDA latency: 175.947377 ms, Average TFLOPs: 2.957986
>> VLA-Cache inference mode
Current CUDA latency: 134.029343 ms | Average CUDA latency: 175.922530 ms, Average TFLOPs: 2.957897
>> VLA-Cache inference mode
Current CUDA latency: 117.676033 ms | Average CUDA latency: 175.888023 ms, Average TFLOPs: 2.957826
>> VLA-Cache inference mode
Current CUDA latency: 130.363327 ms | Average CUDA latency: 175.861070 ms, Average TFLOPs: 2.957777
>> VLA-Cache inference mode
Current CUDA latency: 135.551163 ms | Average CUDA latency: 175.837218 ms, Average TFLOPs: 2.957754
>> VLA-Cache inference mode
Current CUDA latency: 170.874725 ms | Average CUDA latency: 175.834283 ms, Average TFLOPs: 2.957709
>> VLA-Cache inference mode
Current CUDA latency: 197.600647 ms | Average CUDA latency: 175.847147 ms, Average TFLOPs: 2.957689
>> VLA-Cache inference mode
Current CUDA latency: 205.242722 ms | Average CUDA latency: 175.864510 ms, Average TFLOPs: 2.957677
>> VLA-Cache inference mode
Current CUDA latency: 147.973465 ms | Average CUDA latency: 175.848046 ms, Average TFLOPs: 2.957642
>> VLA-Cache inference mode
Current CUDA latency: 118.664482 ms | Average CUDA latency: 175.814309 ms, Average TFLOPs: 2.957626
>> VLA-Cache inference mode
Current CUDA latency: 111.674400 ms | Average CUDA latency: 175.776491 ms, Average TFLOPs: 2.957585
Average time per step: 571.6810 ms, Control Frequency: 13.99 Hz, Token Reusing Ratio (Primary): 33.35 %, , Token Reusing Ratio (Wrist): 36.26 %
Saved rollout MP4 at path ./rollouts/2026_04_07/primary--2026_04_07-14_35_38--episode=98--success=True--task=pick_up_the_ketchup_and_place_it_in_the_basket.mp4
Saved rollout MP4 at path ./rollouts/2026_04_07/wrist--2026_04_07-14_35_38--episode=98--success=True--task=pick_up_the_ketchup_and_place_it_in_the_basket.mp4
04/07 [16:47:16] INFO     | >> Success: True              run_libero_eval.py:230
                 INFO     | >> # episodes completed so    run_libero_eval.py:230
                          far: 98                                               
                 INFO     | >> # successes: 97 (99.0%)    run_libero_eval.py:230

 90%|█████████ | 18/20 [23:21<02:31, 75.79s/it][A                 INFO     | >>                            run_libero_eval.py:230
                          Task: pick up the ketchup and                         
                          place it in the basket                                
                 INFO     | >> Starting episode 19...     run_libero_eval.py:230
huggingface/tokenizers: The current process just got forked, after parallelism has already been used. Disabling parallelism to avoid deadlocks...
To disable this warning, you can either:
	- Avoid using `tokenizers` before the fork if possible
	- Explicitly set the environment variable TOKENIZERS_PARALLELISM=(true | false)
huggingface/tokenizers: The current process just got forked, after parallelism has already been used. Disabling parallelism to avoid deadlocks...
To disable this warning, you can either:
	- Avoid using `tokenizers` before the fork if possible
	- Explicitly set the environment variable TOKENIZERS_PARALLELISM=(true | false)
>> VLA-Cache inference mode
Current CUDA latency: 383.429291 ms | Average CUDA latency: 175.898855 ms, Average TFLOPs: 2.958029
>> VLA-Cache inference mode
Current CUDA latency: 310.561371 ms | Average CUDA latency: 175.978162 ms, Average TFLOPs: 2.958035
>> VLA-Cache inference mode
Current CUDA latency: 121.178818 ms | Average CUDA latency: 175.945908 ms, Average TFLOPs: 2.958037
>> VLA-Cache inference mode
Current CUDA latency: 119.316322 ms | Average CUDA latency: 175.912597 ms, Average TFLOPs: 2.958046
>> VLA-Cache inference mode
Current CUDA latency: 109.687485 ms | Average CUDA latency: 175.873664 ms, Average TFLOPs: 2.958067
>> VLA-Cache inference mode
Current CUDA latency: 143.330368 ms | Average CUDA latency: 175.854543 ms, Average TFLOPs: 2.958087
>> VLA-Cache inference mode
Current CUDA latency: 270.809814 ms | Average CUDA latency: 175.910301 ms, Average TFLOPs: 2.958077
>> VLA-Cache inference mode
Current CUDA latency: 197.173691 ms | Average CUDA latency: 175.922779 ms, Average TFLOPs: 2.958039
>> VLA-Cache inference mode
Current CUDA latency: 139.158844 ms | Average CUDA latency: 175.901217 ms, Average TFLOPs: 2.957954
>> VLA-Cache inference mode
Current CUDA latency: 120.223137 ms | Average CUDA latency: 175.868580 ms, Average TFLOPs: 2.957875
>> VLA-Cache inference mode
Current CUDA latency: 182.398239 ms | Average CUDA latency: 175.872405 ms, Average TFLOPs: 2.957834
>> VLA-Cache inference mode
Current CUDA latency: 102.273666 ms | Average CUDA latency: 175.829315 ms, Average TFLOPs: 2.957786
>> VLA-Cache inference mode
Current CUDA latency: 107.427551 ms | Average CUDA latency: 175.789290 ms, Average TFLOPs: 2.957768
>> VLA-Cache inference mode
Current CUDA latency: 130.278809 ms | Average CUDA latency: 175.762676 ms, Average TFLOPs: 2.957747
>> VLA-Cache inference mode
Current CUDA latency: 102.229980 ms | Average CUDA latency: 175.719699 ms, Average TFLOPs: 2.957700
>> VLA-Cache inference mode
Current CUDA latency: 178.184326 ms | Average CUDA latency: 175.721139 ms, Average TFLOPs: 2.957646
>> VLA-Cache inference mode
Current CUDA latency: 230.585831 ms | Average CUDA latency: 175.753168 ms, Average TFLOPs: 2.957622
Average time per step: 573.7820 ms, Control Frequency: 13.94 Hz, Token Reusing Ratio (Primary): 33.33 %, , Token Reusing Ratio (Wrist): 36.24 %
Saved rollout MP4 at path ./rollouts/2026_04_07/primary--2026_04_07-14_35_38--episode=99--success=True--task=pick_up_the_ketchup_and_place_it_in_the_basket.mp4
Saved rollout MP4 at path ./rollouts/2026_04_07/wrist--2026_04_07-14_35_38--episode=99--success=True--task=pick_up_the_ketchup_and_place_it_in_the_basket.mp4
04/07 [16:48:37] INFO     | >> Success: True              run_libero_eval.py:230
                 INFO     | >> # episodes completed so    run_libero_eval.py:230
                          far: 99                                               
                 INFO     | >> # successes: 98 (99.0%)    run_libero_eval.py:230

 95%|█████████▌| 19/20 [24:42<01:17, 77.63s/it][A                 INFO     | >>                            run_libero_eval.py:230
                          Task: pick up the ketchup and                         
                          place it in the basket                                
                 INFO     | >> Starting episode 20...     run_libero_eval.py:230
huggingface/tokenizers: The current process just got forked, after parallelism has already been used. Disabling parallelism to avoid deadlocks...
To disable this warning, you can either:
	- Avoid using `tokenizers` before the fork if possible
	- Explicitly set the environment variable TOKENIZERS_PARALLELISM=(true | false)
huggingface/tokenizers: The current process just got forked, after parallelism has already been used. Disabling parallelism to avoid deadlocks...
To disable this warning, you can either:
	- Avoid using `tokenizers` before the fork if possible
	- Explicitly set the environment variable TOKENIZERS_PARALLELISM=(true | false)
>> VLA-Cache inference mode
Current CUDA latency: 317.785889 ms | Average CUDA latency: 175.836034 ms, Average TFLOPs: 2.958062
>> VLA-Cache inference mode
Current CUDA latency: 295.455017 ms | Average CUDA latency: 175.905782 ms, Average TFLOPs: 2.958068
>> VLA-Cache inference mode
Current CUDA latency: 121.572418 ms | Average CUDA latency: 175.874120 ms, Average TFLOPs: 2.958080
>> VLA-Cache inference mode
Current CUDA latency: 156.944672 ms | Average CUDA latency: 175.863095 ms, Average TFLOPs: 2.958086
>> VLA-Cache inference mode
Current CUDA latency: 198.762527 ms | Average CUDA latency: 175.876424 ms, Average TFLOPs: 2.958082
>> VLA-Cache inference mode
Current CUDA latency: 158.225723 ms | Average CUDA latency: 175.866156 ms, Average TFLOPs: 2.958080
>> VLA-Cache inference mode
Current CUDA latency: 173.397476 ms | Average CUDA latency: 175.864721 ms, Average TFLOPs: 2.958076
>> VLA-Cache inference mode
Current CUDA latency: 134.903580 ms | Average CUDA latency: 175.840920 ms, Average TFLOPs: 2.958025
>> VLA-Cache inference mode
Current CUDA latency: 122.070084 ms | Average CUDA latency: 175.809694 ms, Average TFLOPs: 2.957922
>> VLA-Cache inference mode
Current CUDA latency: 126.894302 ms | Average CUDA latency: 175.781304 ms, Average TFLOPs: 2.957852
>> VLA-Cache inference mode
Current CUDA latency: 118.723709 ms | Average CUDA latency: 175.748208 ms, Average TFLOPs: 2.957767
>> VLA-Cache inference mode
Current CUDA latency: 117.774529 ms | Average CUDA latency: 175.714601 ms, Average TFLOPs: 2.957715
>> VLA-Cache inference mode
Current CUDA latency: 123.352928 ms | Average CUDA latency: 175.684264 ms, Average TFLOPs: 2.957671
>> VLA-Cache inference mode
Current CUDA latency: 120.188416 ms | Average CUDA latency: 175.652129 ms, Average TFLOPs: 2.957610
>> VLA-Cache inference mode
Current CUDA latency: 101.079231 ms | Average CUDA latency: 175.608974 ms, Average TFLOPs: 2.957510
>> VLA-Cache inference mode
Current CUDA latency: 100.909309 ms | Average CUDA latency: 175.565770 ms, Average TFLOPs: 2.957420
>> VLA-Cache inference mode
Current CUDA latency: 218.646881 ms | Average CUDA latency: 175.590672 ms, Average TFLOPs: 2.957347
>> VLA-Cache inference mode
Current CUDA latency: 409.433746 ms | Average CUDA latency: 175.725763 ms, Average TFLOPs: 2.957311
Average time per step: 575.8603 ms, Control Frequency: 13.89 Hz, Token Reusing Ratio (Primary): 33.39 %, , Token Reusing Ratio (Wrist): 36.27 %
Saved rollout MP4 at path ./rollouts/2026_04_07/primary--2026_04_07-14_35_38--episode=100--success=True--task=pick_up_the_ketchup_and_place_it_in_the_basket.mp4
Saved rollout MP4 at path ./rollouts/2026_04_07/wrist--2026_04_07-14_35_38--episode=100--success=True--task=pick_up_the_ketchup_and_place_it_in_the_basket.mp4
04/07 [16:49:59] INFO     | >> Success: True              run_libero_eval.py:230
                 INFO     | >> # episodes completed so    run_libero_eval.py:230
                          far: 100                                              
                 INFO     | >> # successes: 99 (99.0%)    run_libero_eval.py:230

100%|██████████| 20/20 [26:04<00:00, 78.78s/it][A100%|██████████| 20/20 [26:04<00:00, 78.22s/it]
                 INFO     | >> Current task success rate: run_libero_eval.py:230
                          1.0                                                   
                 INFO     | >> Current total success      run_libero_eval.py:230
                          rate: 0.99                                            
 50%|█████     | 5/10 [2:13:37<2:09:40, 1556.16s/it][Warning]: datasets path /root/sj-tmp/workspace/LIBERO/libero/libero/../datasets does not exist!
                 INFO     | >> Using default initial      run_libero_eval.py:230
                          states                                                
[Warning]: datasets path /root/sj-tmp/workspace/LIBERO/libero/libero/../datasets does not exist!

  0%|          | 0/20 [00:00<?, ?it/s][A04/07 [16:50:01] INFO     | >>                            run_libero_eval.py:230
                          Task: pick up the tomato sauce                        
                          and place it in the basket                            
                 INFO     | >> Starting episode 1...      run_libero_eval.py:230
huggingface/tokenizers: The current process just got forked, after parallelism has already been used. Disabling parallelism to avoid deadlocks...
To disable this warning, you can either:
	- Avoid using `tokenizers` before the fork if possible
	- Explicitly set the environment variable TOKENIZERS_PARALLELISM=(true | false)
huggingface/tokenizers: The current process just got forked, after parallelism has already been used. Disabling parallelism to avoid deadlocks...
To disable this warning, you can either:
	- Avoid using `tokenizers` before the fork if possible
	- Explicitly set the environment variable TOKENIZERS_PARALLELISM=(true | false)
>> VLA-Cache inference mode
Current CUDA latency: 303.012207 ms | Average CUDA latency: 175.799254 ms, Average TFLOPs: 2.957751
>> VLA-Cache inference mode
Current CUDA latency: 230.616287 ms | Average CUDA latency: 175.830886 ms, Average TFLOPs: 2.957752
>> VLA-Cache inference mode
Current CUDA latency: 145.598526 ms | Average CUDA latency: 175.813451 ms, Average TFLOPs: 2.957730
>> VLA-Cache inference mode
Current CUDA latency: 124.041245 ms | Average CUDA latency: 175.783611 ms, Average TFLOPs: 2.957717
>> VLA-Cache inference mode
Current CUDA latency: 130.379333 ms | Average CUDA latency: 175.757456 ms, Average TFLOPs: 2.957718
>> VLA-Cache inference mode
Current CUDA latency: 191.347778 ms | Average CUDA latency: 175.766432 ms, Average TFLOPs: 2.957712
>> VLA-Cache inference mode
Current CUDA latency: 191.829788 ms | Average CUDA latency: 175.775674 ms, Average TFLOPs: 2.957735
>> VLA-Cache inference mode
Current CUDA latency: 137.581467 ms | Average CUDA latency: 175.753711 ms, Average TFLOPs: 2.957732
>> VLA-Cache inference mode
Current CUDA latency: 109.834045 ms | Average CUDA latency: 175.715826 ms, Average TFLOPs: 2.957714
>> VLA-Cache inference mode
Current CUDA latency: 117.130142 ms | Average CUDA latency: 175.682175 ms, Average TFLOPs: 2.957664
>> VLA-Cache inference mode
Current CUDA latency: 108.745789 ms | Average CUDA latency: 175.643750 ms, Average TFLOPs: 2.957627
>> VLA-Cache inference mode
Current CUDA latency: 109.608414 ms | Average CUDA latency: 175.605864 ms, Average TFLOPs: 2.957603
>> VLA-Cache inference mode
Current CUDA latency: 132.378174 ms | Average CUDA latency: 175.581078 ms, Average TFLOPs: 2.957572
>> VLA-Cache inference mode
Current CUDA latency: 109.532867 ms | Average CUDA latency: 175.543228 ms, Average TFLOPs: 2.957545
>> VLA-Cache inference mode
Current CUDA latency: 137.395035 ms | Average CUDA latency: 175.521379 ms, Average TFLOPs: 2.957536
Average time per step: 632.2415 ms, Control Frequency: 12.65 Hz, Token Reusing Ratio (Primary): 32.76 %, , Token Reusing Ratio (Wrist): 34.66 %
Saved rollout MP4 at path ./rollouts/2026_04_07/primary--2026_04_07-14_35_38--episode=101--success=True--task=pick_up_the_tomato_sauce_and_place_it_in_the_baske.mp4
Saved rollout MP4 at path ./rollouts/2026_04_07/wrist--2026_04_07-14_35_38--episode=101--success=True--task=pick_up_the_tomato_sauce_and_place_it_in_the_baske.mp4
04/07 [16:51:09] INFO     | >> Success: True              run_libero_eval.py:230
                 INFO     | >> # episodes completed so    run_libero_eval.py:230
                          far: 101                                              
                 INFO     | >> # successes: 100 (99.0%)   run_libero_eval.py:230

  5%|▌         | 1/20 [01:07<21:28, 67.83s/it][A                 INFO     | >>                            run_libero_eval.py:230
                          Task: pick up the tomato sauce                        
                          and place it in the basket                            
                 INFO     | >> Starting episode 2...      run_libero_eval.py:230
huggingface/tokenizers: The current process just got forked, after parallelism has already been used. Disabling parallelism to avoid deadlocks...
To disable this warning, you can either:
	- Avoid using `tokenizers` before the fork if possible
	- Explicitly set the environment variable TOKENIZERS_PARALLELISM=(true | false)
huggingface/tokenizers: The current process just got forked, after parallelism has already been used. Disabling parallelism to avoid deadlocks...
To disable this warning, you can either:
	- Avoid using `tokenizers` before the fork if possible
	- Explicitly set the environment variable TOKENIZERS_PARALLELISM=(true | false)
>> VLA-Cache inference mode
Current CUDA latency: 332.542938 ms | Average CUDA latency: 175.611260 ms, Average TFLOPs: 2.957972
>> VLA-Cache inference mode
Current CUDA latency: 231.992798 ms | Average CUDA latency: 175.643514 ms, Average TFLOPs: 2.957957
>> VLA-Cache inference mode
Current CUDA latency: 139.852356 ms | Average CUDA latency: 175.623051 ms, Average TFLOPs: 2.957929
>> VLA-Cache inference mode
Current CUDA latency: 181.144089 ms | Average CUDA latency: 175.626206 ms, Average TFLOPs: 2.957923
>> VLA-Cache inference mode
Current CUDA latency: 233.881058 ms | Average CUDA latency: 175.659475 ms, Average TFLOPs: 2.957943
>> VLA-Cache inference mode
Current CUDA latency: 126.009987 ms | Average CUDA latency: 175.631136 ms, Average TFLOPs: 2.957946
>> VLA-Cache inference mode
Current CUDA latency: 110.843811 ms | Average CUDA latency: 175.594178 ms, Average TFLOPs: 2.957957
>> VLA-Cache inference mode
Current CUDA latency: 130.531815 ms | Average CUDA latency: 175.568487 ms, Average TFLOPs: 2.957915
>> VLA-Cache inference mode
Current CUDA latency: 115.873055 ms | Average CUDA latency: 175.534473 ms, Average TFLOPs: 2.957866
>> VLA-Cache inference mode
Current CUDA latency: 102.304573 ms | Average CUDA latency: 175.492770 ms, Average TFLOPs: 2.957795
>> VLA-Cache inference mode
Current CUDA latency: 102.485245 ms | Average CUDA latency: 175.451218 ms, Average TFLOPs: 2.957742
>> VLA-Cache inference mode
Current CUDA latency: 109.746979 ms | Average CUDA latency: 175.413843 ms, Average TFLOPs: 2.957736
>> VLA-Cache inference mode
Current CUDA latency: 135.258408 ms | Average CUDA latency: 175.391015 ms, Average TFLOPs: 2.957714
>> VLA-Cache inference mode
Current CUDA latency: 109.816803 ms | Average CUDA latency: 175.353756 ms, Average TFLOPs: 2.957689
>> VLA-Cache inference mode
Current CUDA latency: 248.931168 ms | Average CUDA latency: 175.395538 ms, Average TFLOPs: 2.957674
>> VLA-Cache inference mode
Current CUDA latency: 160.098404 ms | Average CUDA latency: 175.386856 ms, Average TFLOPs: 2.957635
Average time per step: 626.0743 ms, Control Frequency: 12.78 Hz, Token Reusing Ratio (Primary): 32.77 %, , Token Reusing Ratio (Wrist): 35.07 %
Saved rollout MP4 at path ./rollouts/2026_04_07/primary--2026_04_07-14_35_38--episode=102--success=True--task=pick_up_the_tomato_sauce_and_place_it_in_the_baske.mp4
Saved rollout MP4 at path ./rollouts/2026_04_07/wrist--2026_04_07-14_35_38--episode=102--success=True--task=pick_up_the_tomato_sauce_and_place_it_in_the_baske.mp4
04/07 [16:52:22] INFO     | >> Success: True              run_libero_eval.py:230
                 INFO     | >> # episodes completed so    run_libero_eval.py:230
                          far: 102                                              
                 INFO     | >> # successes: 101 (99.0%)   run_libero_eval.py:230

 10%|█         | 2/20 [02:20<21:14, 70.83s/it][A                 INFO     | >>                            run_libero_eval.py:230
                          Task: pick up the tomato sauce                        
                          and place it in the basket                            
                 INFO     | >> Starting episode 3...      run_libero_eval.py:230
huggingface/tokenizers: The current process just got forked, after parallelism has already been used. Disabling parallelism to avoid deadlocks...
To disable this warning, you can either:
	- Avoid using `tokenizers` before the fork if possible
	- Explicitly set the environment variable TOKENIZERS_PARALLELISM=(true | false)
huggingface/tokenizers: The current process just got forked, after parallelism has already been used. Disabling parallelism to avoid deadlocks...
To disable this warning, you can either:
	- Avoid using `tokenizers` before the fork if possible
	- Explicitly set the environment variable TOKENIZERS_PARALLELISM=(true | false)
>> VLA-Cache inference mode
Current CUDA latency: 397.679260 ms | Average CUDA latency: 175.512944 ms, Average TFLOPs: 2.958066
>> VLA-Cache inference mode
Current CUDA latency: 309.508148 ms | Average CUDA latency: 175.588905 ms, Average TFLOPs: 2.958070
>> VLA-Cache inference mode
Current CUDA latency: 207.965607 ms | Average CUDA latency: 175.607249 ms, Average TFLOPs: 2.958077
>> VLA-Cache inference mode
Current CUDA latency: 184.486725 ms | Average CUDA latency: 175.612277 ms, Average TFLOPs: 2.958083
>> VLA-Cache inference mode
Current CUDA latency: 126.427971 ms | Average CUDA latency: 175.584442 ms, Average TFLOPs: 2.958093
>> VLA-Cache inference mode
Current CUDA latency: 139.512039 ms | Average CUDA latency: 175.564039 ms, Average TFLOPs: 2.958085
>> VLA-Cache inference mode
Current CUDA latency: 137.137283 ms | Average CUDA latency: 175.542317 ms, Average TFLOPs: 2.958119
>> VLA-Cache inference mode
Current CUDA latency: 140.823746 ms | Average CUDA latency: 175.522702 ms, Average TFLOPs: 2.958068
>> VLA-Cache inference mode
Current CUDA latency: 114.855293 ms | Average CUDA latency: 175.488446 ms, Average TFLOPs: 2.958026
>> VLA-Cache inference mode
Current CUDA latency: 101.832642 ms | Average CUDA latency: 175.446879 ms, Average TFLOPs: 2.957972
>> VLA-Cache inference mode
Current CUDA latency: 106.327805 ms | Average CUDA latency: 175.407895 ms, Average TFLOPs: 2.957915
>> VLA-Cache inference mode
Current CUDA latency: 125.174622 ms | Average CUDA latency: 175.379578 ms, Average TFLOPs: 2.957910
>> VLA-Cache inference mode
Current CUDA latency: 182.930176 ms | Average CUDA latency: 175.383832 ms, Average TFLOPs: 2.957894
>> VLA-Cache inference mode
Current CUDA latency: 226.079483 ms | Average CUDA latency: 175.412377 ms, Average TFLOPs: 2.957868
>> VLA-Cache inference mode
Current CUDA latency: 372.349213 ms | Average CUDA latency: 175.523203 ms, Average TFLOPs: 2.957863
Average time per step: 628.2257 ms, Control Frequency: 12.73 Hz, Token Reusing Ratio (Primary): 32.74 %, , Token Reusing Ratio (Wrist): 34.96 %
Saved rollout MP4 at path ./rollouts/2026_04_07/primary--2026_04_07-14_35_38--episode=103--success=True--task=pick_up_the_tomato_sauce_and_place_it_in_the_baske.mp4
Saved rollout MP4 at path ./rollouts/2026_04_07/wrist--2026_04_07-14_35_38--episode=103--success=True--task=pick_up_the_tomato_sauce_and_place_it_in_the_baske.mp4
04/07 [16:53:34] INFO     | >> Success: True              run_libero_eval.py:230
                 INFO     | >> # episodes completed so    run_libero_eval.py:230
                          far: 103                                              
                 INFO     | >> # successes: 102 (99.0%)   run_libero_eval.py:230

 15%|█▌        | 3/20 [03:32<20:11, 71.27s/it][A                 INFO     | >>                            run_libero_eval.py:230
                          Task: pick up the tomato sauce                        
                          and place it in the basket                            
                 INFO     | >> Starting episode 4...      run_libero_eval.py:230
huggingface/tokenizers: The current process just got forked, after parallelism has already been used. Disabling parallelism to avoid deadlocks...
To disable this warning, you can either:
	- Avoid using `tokenizers` before the fork if possible
	- Explicitly set the environment variable TOKENIZERS_PARALLELISM=(true | false)
huggingface/tokenizers: The current process just got forked, after parallelism has already been used. Disabling parallelism to avoid deadlocks...
To disable this warning, you can either:
	- Avoid using `tokenizers` before the fork if possible
	- Explicitly set the environment variable TOKENIZERS_PARALLELISM=(true | false)
>> VLA-Cache inference mode
Current CUDA latency: 427.557312 ms | Average CUDA latency: 175.664954 ms, Average TFLOPs: 2.958291
>> VLA-Cache inference mode
Current CUDA latency: 272.980652 ms | Average CUDA latency: 175.719657 ms, Average TFLOPs: 2.958291
>> VLA-Cache inference mode
Current CUDA latency: 111.658974 ms | Average CUDA latency: 175.683667 ms, Average TFLOPs: 2.958300
>> VLA-Cache inference mode
Current CUDA latency: 109.521919 ms | Average CUDA latency: 175.646519 ms, Average TFLOPs: 2.958313
>> VLA-Cache inference mode
Current CUDA latency: 117.368286 ms | Average CUDA latency: 175.613815 ms, Average TFLOPs: 2.958350
>> VLA-Cache inference mode
Current CUDA latency: 130.154083 ms | Average CUDA latency: 175.588319 ms, Average TFLOPs: 2.958360
>> VLA-Cache inference mode
Current CUDA latency: 186.432999 ms | Average CUDA latency: 175.594398 ms, Average TFLOPs: 2.958374
>> VLA-Cache inference mode
Current CUDA latency: 165.427460 ms | Average CUDA latency: 175.588702 ms, Average TFLOPs: 2.958357
>> VLA-Cache inference mode
Current CUDA latency: 155.193344 ms | Average CUDA latency: 175.577282 ms, Average TFLOPs: 2.958340
>> VLA-Cache inference mode
Current CUDA latency: 142.902817 ms | Average CUDA latency: 175.558998 ms, Average TFLOPs: 2.958280
>> VLA-Cache inference mode
Current CUDA latency: 119.959618 ms | Average CUDA latency: 175.527902 ms, Average TFLOPs: 2.958231
>> VLA-Cache inference mode
Current CUDA latency: 142.031586 ms | Average CUDA latency: 175.509178 ms, Average TFLOPs: 2.958220
>> VLA-Cache inference mode
Current CUDA latency: 158.007675 ms | Average CUDA latency: 175.499401 ms, Average TFLOPs: 2.958207
>> VLA-Cache inference mode
Current CUDA latency: 131.383743 ms | Average CUDA latency: 175.474769 ms, Average TFLOPs: 2.958199
>> VLA-Cache inference mode
Current CUDA latency: 108.845123 ms | Average CUDA latency: 175.437587 ms, Average TFLOPs: 2.958181
>> VLA-Cache inference mode
Current CUDA latency: 108.080002 ms | Average CUDA latency: 175.400020 ms, Average TFLOPs: 2.958140
>> VLA-Cache inference mode
Current CUDA latency: 129.274170 ms | Average CUDA latency: 175.374309 ms, Average TFLOPs: 2.958109
Average time per step: 614.7740 ms, Control Frequency: 13.01 Hz, Token Reusing Ratio (Primary): 32.50 %, , Token Reusing Ratio (Wrist): 35.00 %
Saved rollout MP4 at path ./rollouts/2026_04_07/primary--2026_04_07-14_35_38--episode=104--success=True--task=pick_up_the_tomato_sauce_and_place_it_in_the_baske.mp4
Saved rollout MP4 at path ./rollouts/2026_04_07/wrist--2026_04_07-14_35_38--episode=104--success=True--task=pick_up_the_tomato_sauce_and_place_it_in_the_baske.mp4
04/07 [16:54:57] INFO     | >> Success: True              run_libero_eval.py:230
                 INFO     | >> # episodes completed so    run_libero_eval.py:230
                          far: 104                                              
                 INFO     | >> # successes: 103 (99.0%)   run_libero_eval.py:230

 20%|██        | 4/20 [04:55<20:14, 75.88s/it][A                 INFO     | >>                            run_libero_eval.py:230
                          Task: pick up the tomato sauce                        
                          and place it in the basket                            
                 INFO     | >> Starting episode 5...      run_libero_eval.py:230
huggingface/tokenizers: The current process just got forked, after parallelism has already been used. Disabling parallelism to avoid deadlocks...
To disable this warning, you can either:
	- Avoid using `tokenizers` before the fork if possible
	- Explicitly set the environment variable TOKENIZERS_PARALLELISM=(true | false)
huggingface/tokenizers: The current process just got forked, after parallelism has already been used. Disabling parallelism to avoid deadlocks...
To disable this warning, you can either:
	- Avoid using `tokenizers` before the fork if possible
	- Explicitly set the environment variable TOKENIZERS_PARALLELISM=(true | false)
>> VLA-Cache inference mode
Current CUDA latency: 333.221802 ms | Average CUDA latency: 175.462247 ms, Average TFLOPs: 2.958533
>> VLA-Cache inference mode
Current CUDA latency: 281.772156 ms | Average CUDA latency: 175.521439 ms, Average TFLOPs: 2.958537
>> VLA-Cache inference mode
Current CUDA latency: 140.144699 ms | Average CUDA latency: 175.501753 ms, Average TFLOPs: 2.958551
>> VLA-Cache inference mode
Current CUDA latency: 113.066208 ms | Average CUDA latency: 175.467028 ms, Average TFLOPs: 2.958566
>> VLA-Cache inference mode
Current CUDA latency: 194.614075 ms | Average CUDA latency: 175.477671 ms, Average TFLOPs: 2.958599
>> VLA-Cache inference mode
Current CUDA latency: 153.693436 ms | Average CUDA latency: 175.465568 ms, Average TFLOPs: 2.958615
>> VLA-Cache inference mode
Current CUDA latency: 213.725861 ms | Average CUDA latency: 175.486812 ms, Average TFLOPs: 2.958581
>> VLA-Cache inference mode
Current CUDA latency: 119.181313 ms | Average CUDA latency: 175.455566 ms, Average TFLOPs: 2.958546
>> VLA-Cache inference mode
Current CUDA latency: 123.845634 ms | Average CUDA latency: 175.426942 ms, Average TFLOPs: 2.958510
>> VLA-Cache inference mode
Current CUDA latency: 145.162521 ms | Average CUDA latency: 175.410165 ms, Average TFLOPs: 2.958425
>> VLA-Cache inference mode
Current CUDA latency: 102.415169 ms | Average CUDA latency: 175.369725 ms, Average TFLOPs: 2.958360
>> VLA-Cache inference mode
Current CUDA latency: 111.011421 ms | Average CUDA latency: 175.334089 ms, Average TFLOPs: 2.958317
>> VLA-Cache inference mode
Current CUDA latency: 103.813087 ms | Average CUDA latency: 175.294509 ms, Average TFLOPs: 2.958265
>> VLA-Cache inference mode
Current CUDA latency: 116.587585 ms | Average CUDA latency: 175.262039 ms, Average TFLOPs: 2.958219
>> VLA-Cache inference mode
Current CUDA latency: 316.750275 ms | Average CUDA latency: 175.340252 ms, Average TFLOPs: 2.958169
>> VLA-Cache inference mode
Current CUDA latency: 436.847534 ms | Average CUDA latency: 175.484731 ms, Average TFLOPs: 2.958110
Average time per step: 614.0175 ms, Control Frequency: 13.03 Hz, Token Reusing Ratio (Primary): 32.70 %, , Token Reusing Ratio (Wrist): 35.23 %
Saved rollout MP4 at path ./rollouts/2026_04_07/primary--2026_04_07-14_35_38--episode=105--success=True--task=pick_up_the_tomato_sauce_and_place_it_in_the_baske.mp4
Saved rollout MP4 at path ./rollouts/2026_04_07/wrist--2026_04_07-14_35_38--episode=105--success=True--task=pick_up_the_tomato_sauce_and_place_it_in_the_baske.mp4
04/07 [16:56:08] INFO     | >> Success: True              run_libero_eval.py:230
                 INFO     | >> # episodes completed so    run_libero_eval.py:230
                          far: 105                                              
                 INFO     | >> # successes: 104 (99.0%)   run_libero_eval.py:230

 25%|██▌       | 5/20 [06:06<18:33, 74.24s/it][A                 INFO     | >>                            run_libero_eval.py:230
                          Task: pick up the tomato sauce                        
                          and place it in the basket                            
                 INFO     | >> Starting episode 6...      run_libero_eval.py:230
huggingface/tokenizers: The current process just got forked, after parallelism has already been used. Disabling parallelism to avoid deadlocks...
To disable this warning, you can either:
	- Avoid using `tokenizers` before the fork if possible
	- Explicitly set the environment variable TOKENIZERS_PARALLELISM=(true | false)
huggingface/tokenizers: The current process just got forked, after parallelism has already been used. Disabling parallelism to avoid deadlocks...
To disable this warning, you can either:
	- Avoid using `tokenizers` before the fork if possible
	- Explicitly set the environment variable TOKENIZERS_PARALLELISM=(true | false)
>> VLA-Cache inference mode
Current CUDA latency: 361.882202 ms | Average CUDA latency: 175.587656 ms, Average TFLOPs: 2.958530
>> VLA-Cache inference mode
Current CUDA latency: 294.191437 ms | Average CUDA latency: 175.653111 ms, Average TFLOPs: 2.958534
>> VLA-Cache inference mode
Current CUDA latency: 121.378082 ms | Average CUDA latency: 175.623174 ms, Average TFLOPs: 2.958542
>> VLA-Cache inference mode
Current CUDA latency: 131.977692 ms | Average CUDA latency: 175.599114 ms, Average TFLOPs: 2.958523
>> VLA-Cache inference mode
Current CUDA latency: 109.541054 ms | Average CUDA latency: 175.562718 ms, Average TFLOPs: 2.958529
>> VLA-Cache inference mode
Current CUDA latency: 146.183136 ms | Average CUDA latency: 175.546540 ms, Average TFLOPs: 2.958550
>> VLA-Cache inference mode
Current CUDA latency: 131.072327 ms | Average CUDA latency: 175.522064 ms, Average TFLOPs: 2.958555
>> VLA-Cache inference mode
Current CUDA latency: 117.490883 ms | Average CUDA latency: 175.490143 ms, Average TFLOPs: 2.958516
>> VLA-Cache inference mode
Current CUDA latency: 175.483109 ms | Average CUDA latency: 175.490139 ms, Average TFLOPs: 2.958489
>> VLA-Cache inference mode
Current CUDA latency: 206.261063 ms | Average CUDA latency: 175.507046 ms, Average TFLOPs: 2.958431
>> VLA-Cache inference mode
Current CUDA latency: 134.383362 ms | Average CUDA latency: 175.484463 ms, Average TFLOPs: 2.958413
>> VLA-Cache inference mode
Current CUDA latency: 160.027100 ms | Average CUDA latency: 175.475980 ms, Average TFLOPs: 2.958392
>> VLA-Cache inference mode
Current CUDA latency: 108.374275 ms | Average CUDA latency: 175.439171 ms, Average TFLOPs: 2.958369
>> VLA-Cache inference mode
Current CUDA latency: 123.731071 ms | Average CUDA latency: 175.410823 ms, Average TFLOPs: 2.958331
>> VLA-Cache inference mode
Current CUDA latency: 134.142593 ms | Average CUDA latency: 175.388210 ms, Average TFLOPs: 2.958307
>> VLA-Cache inference mode
Current CUDA latency: 135.750397 ms | Average CUDA latency: 175.366502 ms, Average TFLOPs: 2.958278
Average time per step: 604.3875 ms, Control Frequency: 13.24 Hz, Token Reusing Ratio (Primary): 32.70 %, , Token Reusing Ratio (Wrist): 35.23 %
Saved rollout MP4 at path ./rollouts/2026_04_07/primary--2026_04_07-14_35_38--episode=106--success=True--task=pick_up_the_tomato_sauce_and_place_it_in_the_baske.mp4
Saved rollout MP4 at path ./rollouts/2026_04_07/wrist--2026_04_07-14_35_38--episode=106--success=True--task=pick_up_the_tomato_sauce_and_place_it_in_the_baske.mp4
04/07 [16:57:20] INFO     | >> Success: True              run_libero_eval.py:230
                 INFO     | >> # episodes completed so    run_libero_eval.py:230
                          far: 106                                              
                 INFO     | >> # successes: 105 (99.1%)   run_libero_eval.py:230

 30%|███       | 6/20 [07:18<17:09, 73.51s/it][A                 INFO     | >>                            run_libero_eval.py:230
                          Task: pick up the tomato sauce                        
                          and place it in the basket                            
                 INFO     | >> Starting episode 7...      run_libero_eval.py:230
huggingface/tokenizers: The current process just got forked, after parallelism has already been used. Disabling parallelism to avoid deadlocks...
To disable this warning, you can either:
	- Avoid using `tokenizers` before the fork if possible
	- Explicitly set the environment variable TOKENIZERS_PARALLELISM=(true | false)
huggingface/tokenizers: The current process just got forked, after parallelism has already been used. Disabling parallelism to avoid deadlocks...
To disable this warning, you can either:
	- Avoid using `tokenizers` before the fork if possible
	- Explicitly set the environment variable TOKENIZERS_PARALLELISM=(true | false)
>> VLA-Cache inference mode
Current CUDA latency: 470.707794 ms | Average CUDA latency: 175.528156 ms, Average TFLOPs: 2.958694
>> VLA-Cache inference mode
Current CUDA latency: 491.290131 ms | Average CUDA latency: 175.700892 ms, Average TFLOPs: 2.958698
>> VLA-Cache inference mode
Current CUDA latency: 142.473373 ms | Average CUDA latency: 175.682725 ms, Average TFLOPs: 2.958699
>> VLA-Cache inference mode
Current CUDA latency: 134.915909 ms | Average CUDA latency: 175.660448 ms, Average TFLOPs: 2.958732
>> VLA-Cache inference mode
Current CUDA latency: 112.042366 ms | Average CUDA latency: 175.625703 ms, Average TFLOPs: 2.958776
>> VLA-Cache inference mode
Current CUDA latency: 113.313118 ms | Average CUDA latency: 175.591690 ms, Average TFLOPs: 2.958797
>> VLA-Cache inference mode
Current CUDA latency: 140.138184 ms | Average CUDA latency: 175.572348 ms, Average TFLOPs: 2.958799
>> VLA-Cache inference mode
Current CUDA latency: 138.119934 ms | Average CUDA latency: 175.551927 ms, Average TFLOPs: 2.958787
>> VLA-Cache inference mode
Current CUDA latency: 309.050690 ms | Average CUDA latency: 175.624678 ms, Average TFLOPs: 2.958769
>> VLA-Cache inference mode
Current CUDA latency: 242.196899 ms | Average CUDA latency: 175.660938 ms, Average TFLOPs: 2.958719
>> VLA-Cache inference mode
Current CUDA latency: 108.500771 ms | Average CUDA latency: 175.624378 ms, Average TFLOPs: 2.958674
>> VLA-Cache inference mode
Current CUDA latency: 127.954399 ms | Average CUDA latency: 175.598442 ms, Average TFLOPs: 2.958645
>> VLA-Cache inference mode
Current CUDA latency: 155.065826 ms | Average CUDA latency: 175.587277 ms, Average TFLOPs: 2.958637
>> VLA-Cache inference mode
Current CUDA latency: 122.382652 ms | Average CUDA latency: 175.558362 ms, Average TFLOPs: 2.958602
>> VLA-Cache inference mode
Current CUDA latency: 110.777214 ms | Average CUDA latency: 175.523174 ms, Average TFLOPs: 2.958579
>> VLA-Cache inference mode
Current CUDA latency: 135.571808 ms | Average CUDA latency: 175.501484 ms, Average TFLOPs: 2.958560
>> VLA-Cache inference mode
Current CUDA latency: 127.966942 ms | Average CUDA latency: 175.475693 ms, Average TFLOPs: 2.958545
Average time per step: 606.4426 ms, Control Frequency: 13.19 Hz, Token Reusing Ratio (Primary): 32.78 %, , Token Reusing Ratio (Wrist): 35.08 %
Saved rollout MP4 at path ./rollouts/2026_04_07/primary--2026_04_07-14_35_38--episode=107--success=True--task=pick_up_the_tomato_sauce_and_place_it_in_the_baske.mp4
Saved rollout MP4 at path ./rollouts/2026_04_07/wrist--2026_04_07-14_35_38--episode=107--success=True--task=pick_up_the_tomato_sauce_and_place_it_in_the_baske.mp4
04/07 [16:58:33] INFO     | >> Success: True              run_libero_eval.py:230
                 INFO     | >> # episodes completed so    run_libero_eval.py:230
                          far: 107                                              
                 INFO     | >> # successes: 106 (99.1%)   run_libero_eval.py:230

 35%|███▌      | 7/20 [08:32<15:55, 73.46s/it][A                 INFO     | >>                            run_libero_eval.py:230
                          Task: pick up the tomato sauce                        
                          and place it in the basket                            
                 INFO     | >> Starting episode 8...      run_libero_eval.py:230
huggingface/tokenizers: The current process just got forked, after parallelism has already been used. Disabling parallelism to avoid deadlocks...
To disable this warning, you can either:
	- Avoid using `tokenizers` before the fork if possible
	- Explicitly set the environment variable TOKENIZERS_PARALLELISM=(true | false)
huggingface/tokenizers: The current process just got forked, after parallelism has already been used. Disabling parallelism to avoid deadlocks...
To disable this warning, you can either:
	- Avoid using `tokenizers` before the fork if possible
	- Explicitly set the environment variable TOKENIZERS_PARALLELISM=(true | false)
>> VLA-Cache inference mode
Current CUDA latency: 338.441650 ms | Average CUDA latency: 175.564069 ms, Average TFLOPs: 2.958957
>> VLA-Cache inference mode
Current CUDA latency: 278.732971 ms | Average CUDA latency: 175.619987 ms, Average TFLOPs: 2.958977
>> VLA-Cache inference mode
Current CUDA latency: 125.853981 ms | Average CUDA latency: 175.593028 ms, Average TFLOPs: 2.959003
>> VLA-Cache inference mode
Current CUDA latency: 112.411392 ms | Average CUDA latency: 175.558820 ms, Average TFLOPs: 2.959003
>> VLA-Cache inference mode
Current CUDA latency: 114.654434 ms | Average CUDA latency: 175.525864 ms, Average TFLOPs: 2.959040
>> VLA-Cache inference mode
Current CUDA latency: 110.196320 ms | Average CUDA latency: 175.490531 ms, Average TFLOPs: 2.959086
>> VLA-Cache inference mode
Current CUDA latency: 110.554977 ms | Average CUDA latency: 175.455431 ms, Average TFLOPs: 2.959121
>> VLA-Cache inference mode
Current CUDA latency: 110.785538 ms | Average CUDA latency: 175.420493 ms, Average TFLOPs: 2.959122
>> VLA-Cache inference mode
Current CUDA latency: 137.165497 ms | Average CUDA latency: 175.399837 ms, Average TFLOPs: 2.959113
>> VLA-Cache inference mode
Current CUDA latency: 167.262787 ms | Average CUDA latency: 175.395446 ms, Average TFLOPs: 2.959083
>> VLA-Cache inference mode
Current CUDA latency: 233.246017 ms | Average CUDA latency: 175.426649 ms, Average TFLOPs: 2.959050
>> VLA-Cache inference mode
Current CUDA latency: 154.471207 ms | Average CUDA latency: 175.415352 ms, Average TFLOPs: 2.959027
>> VLA-Cache inference mode
Current CUDA latency: 162.694946 ms | Average CUDA latency: 175.408498 ms, Average TFLOPs: 2.959010
>> VLA-Cache inference mode
Current CUDA latency: 170.898209 ms | Average CUDA latency: 175.406070 ms, Average TFLOPs: 2.958989
>> VLA-Cache inference mode
Current CUDA latency: 254.311356 ms | Average CUDA latency: 175.448537 ms, Average TFLOPs: 2.958958
>> VLA-Cache inference mode
Current CUDA latency: 119.065247 ms | Average CUDA latency: 175.418208 ms, Average TFLOPs: 2.958942
>> VLA-Cache inference mode
Current CUDA latency: 224.324966 ms | Average CUDA latency: 175.444502 ms, Average TFLOPs: 2.958923
Average time per step: 605.8987 ms, Control Frequency: 13.20 Hz, Token Reusing Ratio (Primary): 32.66 %, , Token Reusing Ratio (Wrist): 34.98 %
Saved rollout MP4 at path ./rollouts/2026_04_07/primary--2026_04_07-14_35_38--episode=108--success=True--task=pick_up_the_tomato_sauce_and_place_it_in_the_baske.mp4
Saved rollout MP4 at path ./rollouts/2026_04_07/wrist--2026_04_07-14_35_38--episode=108--success=True--task=pick_up_the_tomato_sauce_and_place_it_in_the_baske.mp4
04/07 [16:59:52] INFO     | >> Success: True              run_libero_eval.py:230
                 INFO     | >> # episodes completed so    run_libero_eval.py:230
                          far: 108                                              
                 INFO     | >> # successes: 107 (99.1%)   run_libero_eval.py:230

 40%|████      | 8/20 [09:51<15:02, 75.19s/it][A                 INFO     | >>                            run_libero_eval.py:230
                          Task: pick up the tomato sauce                        
                          and place it in the basket                            
                 INFO     | >> Starting episode 9...      run_libero_eval.py:230
huggingface/tokenizers: The current process just got forked, after parallelism has already been used. Disabling parallelism to avoid deadlocks...
To disable this warning, you can either:
	- Avoid using `tokenizers` before the fork if possible
	- Explicitly set the environment variable TOKENIZERS_PARALLELISM=(true | false)
huggingface/tokenizers: The current process just got forked, after parallelism has already been used. Disabling parallelism to avoid deadlocks...
To disable this warning, you can either:
	- Avoid using `tokenizers` before the fork if possible
	- Explicitly set the environment variable TOKENIZERS_PARALLELISM=(true | false)
>> VLA-Cache inference mode
Current CUDA latency: 341.034058 ms | Average CUDA latency: 175.533480 ms, Average TFLOPs: 2.959331
>> VLA-Cache inference mode
Current CUDA latency: 456.412109 ms | Average CUDA latency: 175.684328 ms, Average TFLOPs: 2.959323
>> VLA-Cache inference mode
Current CUDA latency: 192.790237 ms | Average CUDA latency: 175.693510 ms, Average TFLOPs: 2.959323
>> VLA-Cache inference mode
Current CUDA latency: 146.235931 ms | Average CUDA latency: 175.677707 ms, Average TFLOPs: 2.959335
>> VLA-Cache inference mode
Current CUDA latency: 118.576195 ms | Average CUDA latency: 175.647089 ms, Average TFLOPs: 2.959366
>> VLA-Cache inference mode
Current CUDA latency: 120.268349 ms | Average CUDA latency: 175.617411 ms, Average TFLOPs: 2.959392
>> VLA-Cache inference mode
Current CUDA latency: 125.098495 ms | Average CUDA latency: 175.590353 ms, Average TFLOPs: 2.959415
>> VLA-Cache inference mode
Current CUDA latency: 109.946815 ms | Average CUDA latency: 175.555211 ms, Average TFLOPs: 2.959387
>> VLA-Cache inference mode
Current CUDA latency: 138.547333 ms | Average CUDA latency: 175.535411 ms, Average TFLOPs: 2.959360
>> VLA-Cache inference mode
Current CUDA latency: 159.436157 ms | Average CUDA latency: 175.526801 ms, Average TFLOPs: 2.959292
>> VLA-Cache inference mode
Current CUDA latency: 224.922821 ms | Average CUDA latency: 175.553202 ms, Average TFLOPs: 2.959241
>> VLA-Cache inference mode
Current CUDA latency: 201.360992 ms | Average CUDA latency: 175.566988 ms, Average TFLOPs: 2.959212
>> VLA-Cache inference mode
Current CUDA latency: 179.724091 ms | Average CUDA latency: 175.569208 ms, Average TFLOPs: 2.959210
>> VLA-Cache inference mode
Current CUDA latency: 108.353500 ms | Average CUDA latency: 175.533340 ms, Average TFLOPs: 2.959205
>> VLA-Cache inference mode
Current CUDA latency: 108.235229 ms | Average CUDA latency: 175.497448 ms, Average TFLOPs: 2.959203
>> VLA-Cache inference mode
Current CUDA latency: 108.754654 ms | Average CUDA latency: 175.461871 ms, Average TFLOPs: 2.959166
>> VLA-Cache inference mode
Current CUDA latency: 109.192993 ms | Average CUDA latency: 175.426565 ms, Average TFLOPs: 2.959124
Average time per step: 601.7477 ms, Control Frequency: 13.29 Hz, Token Reusing Ratio (Primary): 32.71 %, , Token Reusing Ratio (Wrist): 34.98 %
Saved rollout MP4 at path ./rollouts/2026_04_07/primary--2026_04_07-14_35_38--episode=109--success=True--task=pick_up_the_tomato_sauce_and_place_it_in_the_baske.mp4
Saved rollout MP4 at path ./rollouts/2026_04_07/wrist--2026_04_07-14_35_38--episode=109--success=True--task=pick_up_the_tomato_sauce_and_place_it_in_the_baske.mp4
04/07 [17:01:10] INFO     | >> Success: True              run_libero_eval.py:230
                 INFO     | >> # episodes completed so    run_libero_eval.py:230
                          far: 109                                              
                 INFO     | >> # successes: 108 (99.1%)   run_libero_eval.py:230

 45%|████▌     | 9/20 [11:08<13:55, 75.92s/it][A                 INFO     | >>                            run_libero_eval.py:230
                          Task: pick up the tomato sauce                        
                          and place it in the basket                            
                 INFO     | >> Starting episode 10...     run_libero_eval.py:230
huggingface/tokenizers: The current process just got forked, after parallelism has already been used. Disabling parallelism to avoid deadlocks...
To disable this warning, you can either:
	- Avoid using `tokenizers` before the fork if possible
	- Explicitly set the environment variable TOKENIZERS_PARALLELISM=(true | false)
huggingface/tokenizers: The current process just got forked, after parallelism has already been used. Disabling parallelism to avoid deadlocks...
To disable this warning, you can either:
	- Avoid using `tokenizers` before the fork if possible
	- Explicitly set the environment variable TOKENIZERS_PARALLELISM=(true | false)
>> VLA-Cache inference mode
Current CUDA latency: 353.204437 ms | Average CUDA latency: 175.521229 ms, Average TFLOPs: 2.959528
>> VLA-Cache inference mode
Current CUDA latency: 253.858215 ms | Average CUDA latency: 175.562919 ms, Average TFLOPs: 2.959531
>> VLA-Cache inference mode
Current CUDA latency: 126.807549 ms | Average CUDA latency: 175.536986 ms, Average TFLOPs: 2.959508
>> VLA-Cache inference mode
Current CUDA latency: 115.318237 ms | Average CUDA latency: 175.504971 ms, Average TFLOPs: 2.959498
>> VLA-Cache inference mode
Current CUDA latency: 109.560867 ms | Average CUDA latency: 175.469932 ms, Average TFLOPs: 2.959518
>> VLA-Cache inference mode
Current CUDA latency: 199.218369 ms | Average CUDA latency: 175.482544 ms, Average TFLOPs: 2.959542
>> VLA-Cache inference mode
Current CUDA latency: 175.261337 ms | Average CUDA latency: 175.482427 ms, Average TFLOPs: 2.959528
>> VLA-Cache inference mode
Current CUDA latency: 157.112701 ms | Average CUDA latency: 175.472681 ms, Average TFLOPs: 2.959509
>> VLA-Cache inference mode
Current CUDA latency: 151.887741 ms | Average CUDA latency: 175.460176 ms, Average TFLOPs: 2.959460
>> VLA-Cache inference mode
Current CUDA latency: 109.762909 ms | Average CUDA latency: 175.425360 ms, Average TFLOPs: 2.959397
>> VLA-Cache inference mode
Current CUDA latency: 103.098846 ms | Average CUDA latency: 175.387052 ms, Average TFLOPs: 2.959339
>> VLA-Cache inference mode
Current CUDA latency: 108.951744 ms | Average CUDA latency: 175.351882 ms, Average TFLOPs: 2.959326
>> VLA-Cache inference mode
Current CUDA latency: 160.175140 ms | Average CUDA latency: 175.343852 ms, Average TFLOPs: 2.959300
>> VLA-Cache inference mode
Current CUDA latency: 151.330276 ms | Average CUDA latency: 175.331153 ms, Average TFLOPs: 2.959298
>> VLA-Cache inference mode
Current CUDA latency: 125.740669 ms | Average CUDA latency: 175.304943 ms, Average TFLOPs: 2.959263
Average time per step: 594.8826 ms, Control Frequency: 13.45 Hz, Token Reusing Ratio (Primary): 32.72 %, , Token Reusing Ratio (Wrist): 35.00 %
Saved rollout MP4 at path ./rollouts/2026_04_07/primary--2026_04_07-14_35_38--episode=110--success=True--task=pick_up_the_tomato_sauce_and_place_it_in_the_baske.mp4
Saved rollout MP4 at path ./rollouts/2026_04_07/wrist--2026_04_07-14_35_38--episode=110--success=True--task=pick_up_the_tomato_sauce_and_place_it_in_the_baske.mp4
04/07 [17:02:14] INFO     | >> Success: True              run_libero_eval.py:230
                 INFO     | >> # episodes completed so    run_libero_eval.py:230
                          far: 110                                              
                 INFO     | >> # successes: 109 (99.1%)   run_libero_eval.py:230

 50%|█████     | 10/20 [12:12<12:01, 72.13s/it][A                 INFO     | >>                            run_libero_eval.py:230
                          Task: pick up the tomato sauce                        
                          and place it in the basket                            
                 INFO     | >> Starting episode 11...     run_libero_eval.py:230
huggingface/tokenizers: The current process just got forked, after parallelism has already been used. Disabling parallelism to avoid deadlocks...
To disable this warning, you can either:
	- Avoid using `tokenizers` before the fork if possible
	- Explicitly set the environment variable TOKENIZERS_PARALLELISM=(true | false)
huggingface/tokenizers: The current process just got forked, after parallelism has already been used. Disabling parallelism to avoid deadlocks...
To disable this warning, you can either:
	- Avoid using `tokenizers` before the fork if possible
	- Explicitly set the environment variable TOKENIZERS_PARALLELISM=(true | false)
>> VLA-Cache inference mode
Current CUDA latency: 312.168457 ms | Average CUDA latency: 175.377243 ms, Average TFLOPs: 2.959664
>> VLA-Cache inference mode
Current CUDA latency: 263.519928 ms | Average CUDA latency: 175.423780 ms, Average TFLOPs: 2.959666
>> VLA-Cache inference mode
Current CUDA latency: 126.775902 ms | Average CUDA latency: 175.398109 ms, Average TFLOPs: 2.959654
>> VLA-Cache inference mode
Current CUDA latency: 117.595871 ms | Average CUDA latency: 175.367622 ms, Average TFLOPs: 2.959640
>> VLA-Cache inference mode
Current CUDA latency: 119.883522 ms | Average CUDA latency: 175.338374 ms, Average TFLOPs: 2.959666
>> VLA-Cache inference mode
Current CUDA latency: 119.895454 ms | Average CUDA latency: 175.309163 ms, Average TFLOPs: 2.959656
>> VLA-Cache inference mode
Current CUDA latency: 212.225861 ms | Average CUDA latency: 175.328603 ms, Average TFLOPs: 2.959669
>> VLA-Cache inference mode
Current CUDA latency: 204.008102 ms | Average CUDA latency: 175.343697 ms, Average TFLOPs: 2.959618
>> VLA-Cache inference mode
Current CUDA latency: 109.471420 ms | Average CUDA latency: 175.309046 ms, Average TFLOPs: 2.959570
>> VLA-Cache inference mode
Current CUDA latency: 143.258041 ms | Average CUDA latency: 175.292195 ms, Average TFLOPs: 2.959520
>> VLA-Cache inference mode
Current CUDA latency: 129.612839 ms | Average CUDA latency: 175.268191 ms, Average TFLOPs: 2.959514
>> VLA-Cache inference mode
Current CUDA latency: 113.715324 ms | Average CUDA latency: 175.235863 ms, Average TFLOPs: 2.959497
>> VLA-Cache inference mode
Current CUDA latency: 138.002304 ms | Average CUDA latency: 175.216318 ms, Average TFLOPs: 2.959494
>> VLA-Cache inference mode
Current CUDA latency: 107.240990 ms | Average CUDA latency: 175.180654 ms, Average TFLOPs: 2.959457
>> VLA-Cache inference mode
Current CUDA latency: 108.026367 ms | Average CUDA latency: 175.145439 ms, Average TFLOPs: 2.959439
>> VLA-Cache inference mode
Current CUDA latency: 108.778946 ms | Average CUDA latency: 175.110656 ms, Average TFLOPs: 2.959409
Average time per step: 595.0377 ms, Control Frequency: 13.44 Hz, Token Reusing Ratio (Primary): 32.71 %, , Token Reusing Ratio (Wrist): 35.01 %
Saved rollout MP4 at path ./rollouts/2026_04_07/primary--2026_04_07-14_35_38--episode=111--success=True--task=pick_up_the_tomato_sauce_and_place_it_in_the_baske.mp4
Saved rollout MP4 at path ./rollouts/2026_04_07/wrist--2026_04_07-14_35_38--episode=111--success=True--task=pick_up_the_tomato_sauce_and_place_it_in_the_baske.mp4
04/07 [17:03:23] INFO     | >> Success: True              run_libero_eval.py:230
                 INFO     | >> # episodes completed so    run_libero_eval.py:230
                          far: 111                                              
                 INFO     | >> # successes: 110 (99.1%)   run_libero_eval.py:230

 55%|█████▌    | 11/20 [13:22<10:42, 71.38s/it][A                 INFO     | >>                            run_libero_eval.py:230
                          Task: pick up the tomato sauce                        
                          and place it in the basket                            
                 INFO     | >> Starting episode 12...     run_libero_eval.py:230
huggingface/tokenizers: The current process just got forked, after parallelism has already been used. Disabling parallelism to avoid deadlocks...
To disable this warning, you can either:
	- Avoid using `tokenizers` before the fork if possible
	- Explicitly set the environment variable TOKENIZERS_PARALLELISM=(true | false)
huggingface/tokenizers: The current process just got forked, after parallelism has already been used. Disabling parallelism to avoid deadlocks...
To disable this warning, you can either:
	- Avoid using `tokenizers` before the fork if possible
	- Explicitly set the environment variable TOKENIZERS_PARALLELISM=(true | false)
>> VLA-Cache inference mode
Current CUDA latency: 411.844299 ms | Average CUDA latency: 175.234665 ms, Average TFLOPs: 2.959806
>> VLA-Cache inference mode
Current CUDA latency: 454.530426 ms | Average CUDA latency: 175.380893 ms, Average TFLOPs: 2.959797
>> VLA-Cache inference mode
Current CUDA latency: 149.460953 ms | Average CUDA latency: 175.367330 ms, Average TFLOPs: 2.959792
>> VLA-Cache inference mode
Current CUDA latency: 128.314621 ms | Average CUDA latency: 175.342720 ms, Average TFLOPs: 2.959776
>> VLA-Cache inference mode
Current CUDA latency: 111.152130 ms | Average CUDA latency: 175.309165 ms, Average TFLOPs: 2.959792
>> VLA-Cache inference mode
Current CUDA latency: 114.297440 ms | Average CUDA latency: 175.277289 ms, Average TFLOPs: 2.959792
>> VLA-Cache inference mode
Current CUDA latency: 117.090240 ms | Average CUDA latency: 175.246904 ms, Average TFLOPs: 2.959799
>> VLA-Cache inference mode
Current CUDA latency: 123.750237 ms | Average CUDA latency: 175.220027 ms, Average TFLOPs: 2.959761
>> VLA-Cache inference mode
Current CUDA latency: 131.848190 ms | Average CUDA latency: 175.197402 ms, Average TFLOPs: 2.959697
>> VLA-Cache inference mode
Current CUDA latency: 179.508423 ms | Average CUDA latency: 175.199650 ms, Average TFLOPs: 2.959631
>> VLA-Cache inference mode
Current CUDA latency: 206.917404 ms | Average CUDA latency: 175.216178 ms, Average TFLOPs: 2.959558
>> VLA-Cache inference mode
Current CUDA latency: 153.706467 ms | Average CUDA latency: 175.204975 ms, Average TFLOPs: 2.959523
>> VLA-Cache inference mode
Current CUDA latency: 148.246689 ms | Average CUDA latency: 175.190942 ms, Average TFLOPs: 2.959498
>> VLA-Cache inference mode
Current CUDA latency: 102.977859 ms | Average CUDA latency: 175.153370 ms, Average TFLOPs: 2.959451
>> VLA-Cache inference mode
Current CUDA latency: 107.098526 ms | Average CUDA latency: 175.117980 ms, Average TFLOPs: 2.959412
>> VLA-Cache inference mode
Current CUDA latency: 214.694275 ms | Average CUDA latency: 175.138550 ms, Average TFLOPs: 2.959375
Average time per step: 595.6948 ms, Control Frequency: 13.43 Hz, Token Reusing Ratio (Primary): 32.72 %, , Token Reusing Ratio (Wrist): 35.13 %
Saved rollout MP4 at path ./rollouts/2026_04_07/primary--2026_04_07-14_35_38--episode=112--success=True--task=pick_up_the_tomato_sauce_and_place_it_in_the_baske.mp4
Saved rollout MP4 at path ./rollouts/2026_04_07/wrist--2026_04_07-14_35_38--episode=112--success=True--task=pick_up_the_tomato_sauce_and_place_it_in_the_baske.mp4
04/07 [17:04:32] INFO     | >> Success: True              run_libero_eval.py:230
                 INFO     | >> # episodes completed so    run_libero_eval.py:230
                          far: 112                                              
                 INFO     | >> # successes: 111 (99.1%)   run_libero_eval.py:230

 60%|██████    | 12/20 [14:30<09:24, 70.53s/it][A                 INFO     | >>                            run_libero_eval.py:230
                          Task: pick up the tomato sauce                        
                          and place it in the basket                            
                 INFO     | >> Starting episode 13...     run_libero_eval.py:230
huggingface/tokenizers: The current process just got forked, after parallelism has already been used. Disabling parallelism to avoid deadlocks...
To disable this warning, you can either:
	- Avoid using `tokenizers` before the fork if possible
	- Explicitly set the environment variable TOKENIZERS_PARALLELISM=(true | false)
huggingface/tokenizers: The current process just got forked, after parallelism has already been used. Disabling parallelism to avoid deadlocks...
To disable this warning, you can either:
	- Avoid using `tokenizers` before the fork if possible
	- Explicitly set the environment variable TOKENIZERS_PARALLELISM=(true | false)
>> VLA-Cache inference mode
Current CUDA latency: 348.636810 ms | Average CUDA latency: 175.228679 ms, Average TFLOPs: 2.959770
>> VLA-Cache inference mode
Current CUDA latency: 313.644745 ms | Average CUDA latency: 175.300546 ms, Average TFLOPs: 2.959767
>> VLA-Cache inference mode
Current CUDA latency: 122.714531 ms | Average CUDA latency: 175.273257 ms, Average TFLOPs: 2.959769
>> VLA-Cache inference mode
Current CUDA latency: 114.376381 ms | Average CUDA latency: 175.241671 ms, Average TFLOPs: 2.959757
>> VLA-Cache inference mode
Current CUDA latency: 109.338051 ms | Average CUDA latency: 175.207506 ms, Average TFLOPs: 2.959765
>> VLA-Cache inference mode
Current CUDA latency: 113.133507 ms | Average CUDA latency: 175.175344 ms, Average TFLOPs: 2.959782
>> VLA-Cache inference mode
Current CUDA latency: 146.066757 ms | Average CUDA latency: 175.160269 ms, Average TFLOPs: 2.959801
>> VLA-Cache inference mode
Current CUDA latency: 130.630722 ms | Average CUDA latency: 175.137221 ms, Average TFLOPs: 2.959761
>> VLA-Cache inference mode
Current CUDA latency: 422.211487 ms | Average CUDA latency: 175.265040 ms, Average TFLOPs: 2.959720
>> VLA-Cache inference mode
Current CUDA latency: 197.948578 ms | Average CUDA latency: 175.276769 ms, Average TFLOPs: 2.959653
>> VLA-Cache inference mode
Current CUDA latency: 103.851166 ms | Average CUDA latency: 175.239856 ms, Average TFLOPs: 2.959588
>> VLA-Cache inference mode
Current CUDA latency: 160.301056 ms | Average CUDA latency: 175.232140 ms, Average TFLOPs: 2.959551
>> VLA-Cache inference mode
Current CUDA latency: 128.654755 ms | Average CUDA latency: 175.208094 ms, Average TFLOPs: 2.959530
>> VLA-Cache inference mode
Current CUDA latency: 108.187485 ms | Average CUDA latency: 175.173512 ms, Average TFLOPs: 2.959507
>> VLA-Cache inference mode
Current CUDA latency: 283.658875 ms | Average CUDA latency: 175.229461 ms, Average TFLOPs: 2.959495
>> VLA-Cache inference mode
Current CUDA latency: 143.734055 ms | Average CUDA latency: 175.213226 ms, Average TFLOPs: 2.959471
>> VLA-Cache inference mode
Current CUDA latency: 129.428421 ms | Average CUDA latency: 175.189638 ms, Average TFLOPs: 2.959469
Average time per step: 599.4796 ms, Control Frequency: 13.34 Hz, Token Reusing Ratio (Primary): 32.76 %, , Token Reusing Ratio (Wrist): 35.10 %
Saved rollout MP4 at path ./rollouts/2026_04_07/primary--2026_04_07-14_35_38--episode=113--success=True--task=pick_up_the_tomato_sauce_and_place_it_in_the_baske.mp4
Saved rollout MP4 at path ./rollouts/2026_04_07/wrist--2026_04_07-14_35_38--episode=113--success=True--task=pick_up_the_tomato_sauce_and_place_it_in_the_baske.mp4
04/07 [17:05:50] INFO     | >> Success: True              run_libero_eval.py:230
                 INFO     | >> # episodes completed so    run_libero_eval.py:230
                          far: 113                                              
                 INFO     | >> # successes: 112 (99.1%)   run_libero_eval.py:230

 65%|██████▌   | 13/20 [15:48<08:29, 72.72s/it][A                 INFO     | >>                            run_libero_eval.py:230
                          Task: pick up the tomato sauce                        
                          and place it in the basket                            
                 INFO     | >> Starting episode 14...     run_libero_eval.py:230
huggingface/tokenizers: The current process just got forked, after parallelism has already been used. Disabling parallelism to avoid deadlocks...
To disable this warning, you can either:
	- Avoid using `tokenizers` before the fork if possible
	- Explicitly set the environment variable TOKENIZERS_PARALLELISM=(true | false)
huggingface/tokenizers: The current process just got forked, after parallelism has already been used. Disabling parallelism to avoid deadlocks...
To disable this warning, you can either:
	- Avoid using `tokenizers` before the fork if possible
	- Explicitly set the environment variable TOKENIZERS_PARALLELISM=(true | false)
>> VLA-Cache inference mode
Current CUDA latency: 329.167877 ms | Average CUDA latency: 175.268926 ms, Average TFLOPs: 2.959860
>> VLA-Cache inference mode
Current CUDA latency: 257.882568 ms | Average CUDA latency: 175.311445 ms, Average TFLOPs: 2.959854
>> VLA-Cache inference mode
Current CUDA latency: 260.623718 ms | Average CUDA latency: 175.355330 ms, Average TFLOPs: 2.959848
>> VLA-Cache inference mode
Current CUDA latency: 205.842010 ms | Average CUDA latency: 175.371004 ms, Average TFLOPs: 2.959837
>> VLA-Cache inference mode
Current CUDA latency: 131.297028 ms | Average CUDA latency: 175.348356 ms, Average TFLOPs: 2.959850
>> VLA-Cache inference mode
Current CUDA latency: 120.890045 ms | Average CUDA latency: 175.320385 ms, Average TFLOPs: 2.959873
>> VLA-Cache inference mode
Current CUDA latency: 135.096802 ms | Average CUDA latency: 175.299737 ms, Average TFLOPs: 2.959894
>> VLA-Cache inference mode
Current CUDA latency: 120.470909 ms | Average CUDA latency: 175.271605 ms, Average TFLOPs: 2.959869
>> VLA-Cache inference mode
Current CUDA latency: 138.240768 ms | Average CUDA latency: 175.252615 ms, Average TFLOPs: 2.959818
>> VLA-Cache inference mode
Current CUDA latency: 116.820831 ms | Average CUDA latency: 175.222665 ms, Average TFLOPs: 2.959749
>> VLA-Cache inference mode
Current CUDA latency: 100.973312 ms | Average CUDA latency: 175.184627 ms, Average TFLOPs: 2.959695
>> VLA-Cache inference mode
Current CUDA latency: 114.180672 ms | Average CUDA latency: 175.153391 ms, Average TFLOPs: 2.959673
>> VLA-Cache inference mode
Current CUDA latency: 104.087585 ms | Average CUDA latency: 175.117022 ms, Average TFLOPs: 2.959625
>> VLA-Cache inference mode
Current CUDA latency: 116.946304 ms | Average CUDA latency: 175.087267 ms, Average TFLOPs: 2.959583
>> VLA-Cache inference mode
Current CUDA latency: 135.896454 ms | Average CUDA latency: 175.067231 ms, Average TFLOPs: 2.959568
Average time per step: 597.9150 ms, Control Frequency: 13.38 Hz, Token Reusing Ratio (Primary): 32.82 %, , Token Reusing Ratio (Wrist): 35.04 %
Saved rollout MP4 at path ./rollouts/2026_04_07/primary--2026_04_07-14_35_38--episode=114--success=True--task=pick_up_the_tomato_sauce_and_place_it_in_the_baske.mp4
Saved rollout MP4 at path ./rollouts/2026_04_07/wrist--2026_04_07-14_35_38--episode=114--success=True--task=pick_up_the_tomato_sauce_and_place_it_in_the_baske.mp4
04/07 [17:06:58] INFO     | >> Success: True              run_libero_eval.py:230
                 INFO     | >> # episodes completed so    run_libero_eval.py:230
                          far: 114                                              
                 INFO     | >> # successes: 113 (99.1%)   run_libero_eval.py:230

 70%|███████   | 14/20 [16:56<07:08, 71.34s/it][A                 INFO     | >>                            run_libero_eval.py:230
                          Task: pick up the tomato sauce                        
                          and place it in the basket                            
                 INFO     | >> Starting episode 15...     run_libero_eval.py:230
huggingface/tokenizers: The current process just got forked, after parallelism has already been used. Disabling parallelism to avoid deadlocks...
To disable this warning, you can either:
	- Avoid using `tokenizers` before the fork if possible
	- Explicitly set the environment variable TOKENIZERS_PARALLELISM=(true | false)
huggingface/tokenizers: The current process just got forked, after parallelism has already been used. Disabling parallelism to avoid deadlocks...
To disable this warning, you can either:
	- Avoid using `tokenizers` before the fork if possible
	- Explicitly set the environment variable TOKENIZERS_PARALLELISM=(true | false)
>> VLA-Cache inference mode
Current CUDA latency: 363.440033 ms | Average CUDA latency: 175.163487 ms, Average TFLOPs: 2.959955
>> VLA-Cache inference mode
Current CUDA latency: 470.071106 ms | Average CUDA latency: 175.314104 ms, Average TFLOPs: 2.959991
>> VLA-Cache inference mode
Current CUDA latency: 147.527359 ms | Average CUDA latency: 175.299919 ms, Average TFLOPs: 2.959998
>> VLA-Cache inference mode
Current CUDA latency: 129.618881 ms | Average CUDA latency: 175.276613 ms, Average TFLOPs: 2.959999
>> VLA-Cache inference mode
Current CUDA latency: 139.821671 ms | Average CUDA latency: 175.258533 ms, Average TFLOPs: 2.960037
>> VLA-Cache inference mode
Current CUDA latency: 112.981346 ms | Average CUDA latency: 175.226791 ms, Average TFLOPs: 2.960059
>> VLA-Cache inference mode
Current CUDA latency: 110.106049 ms | Average CUDA latency: 175.193617 ms, Average TFLOPs: 2.960062
>> VLA-Cache inference mode
Current CUDA latency: 111.022942 ms | Average CUDA latency: 175.160943 ms, Average TFLOPs: 2.960039
>> VLA-Cache inference mode
Current CUDA latency: 124.876129 ms | Average CUDA latency: 175.135353 ms, Average TFLOPs: 2.960015
>> VLA-Cache inference mode
Current CUDA latency: 135.999588 ms | Average CUDA latency: 175.115447 ms, Average TFLOPs: 2.959973
>> VLA-Cache inference mode
Current CUDA latency: 101.960800 ms | Average CUDA latency: 175.078256 ms, Average TFLOPs: 2.959918
>> VLA-Cache inference mode
Current CUDA latency: 108.780739 ms | Average CUDA latency: 175.044568 ms, Average TFLOPs: 2.959895
>> VLA-Cache inference mode
Current CUDA latency: 119.208611 ms | Average CUDA latency: 175.016211 ms, Average TFLOPs: 2.959868
>> VLA-Cache inference mode
Current CUDA latency: 201.715042 ms | Average CUDA latency: 175.029763 ms, Average TFLOPs: 2.959846
>> VLA-Cache inference mode
Current CUDA latency: 187.712219 ms | Average CUDA latency: 175.036198 ms, Average TFLOPs: 2.959800
>> VLA-Cache inference mode
Current CUDA latency: 129.631424 ms | Average CUDA latency: 175.013173 ms, Average TFLOPs: 2.959781
Average time per step: 595.7295 ms, Control Frequency: 13.43 Hz, Token Reusing Ratio (Primary): 32.80 %, , Token Reusing Ratio (Wrist): 35.02 %
Saved rollout MP4 at path ./rollouts/2026_04_07/primary--2026_04_07-14_35_38--episode=115--success=True--task=pick_up_the_tomato_sauce_and_place_it_in_the_baske.mp4
Saved rollout MP4 at path ./rollouts/2026_04_07/wrist--2026_04_07-14_35_38--episode=115--success=True--task=pick_up_the_tomato_sauce_and_place_it_in_the_baske.mp4
04/07 [17:08:07] INFO     | >> Success: True              run_libero_eval.py:230
                 INFO     | >> # episodes completed so    run_libero_eval.py:230
                          far: 115                                              
                 INFO     | >> # successes: 114 (99.1%)   run_libero_eval.py:230

 75%|███████▌  | 15/20 [18:05<05:53, 70.62s/it][A                 INFO     | >>                            run_libero_eval.py:230
                          Task: pick up the tomato sauce                        
                          and place it in the basket                            
                 INFO     | >> Starting episode 16...     run_libero_eval.py:230
huggingface/tokenizers: The current process just got forked, after parallelism has already been used. Disabling parallelism to avoid deadlocks...
To disable this warning, you can either:
	- Avoid using `tokenizers` before the fork if possible
	- Explicitly set the environment variable TOKENIZERS_PARALLELISM=(true | false)
huggingface/tokenizers: The current process just got forked, after parallelism has already been used. Disabling parallelism to avoid deadlocks...
To disable this warning, you can either:
	- Avoid using `tokenizers` before the fork if possible
	- Explicitly set the environment variable TOKENIZERS_PARALLELISM=(true | false)
>> VLA-Cache inference mode
Current CUDA latency: 365.999481 ms | Average CUDA latency: 175.109973 ms, Average TFLOPs: 2.960166
>> VLA-Cache inference mode
Current CUDA latency: 249.820389 ms | Average CUDA latency: 175.147820 ms, Average TFLOPs: 2.960157
>> VLA-Cache inference mode
Current CUDA latency: 118.777725 ms | Average CUDA latency: 175.119279 ms, Average TFLOPs: 2.960168
>> VLA-Cache inference mode
Current CUDA latency: 124.321602 ms | Average CUDA latency: 175.093571 ms, Average TFLOPs: 2.960157
>> VLA-Cache inference mode
Current CUDA latency: 248.429657 ms | Average CUDA latency: 175.130666 ms, Average TFLOPs: 2.960166
>> VLA-Cache inference mode
Current CUDA latency: 203.243134 ms | Average CUDA latency: 175.144878 ms, Average TFLOPs: 2.960180
>> VLA-Cache inference mode
Current CUDA latency: 163.052124 ms | Average CUDA latency: 175.138768 ms, Average TFLOPs: 2.960214
>> VLA-Cache inference mode
Current CUDA latency: 113.896896 ms | Average CUDA latency: 175.107838 ms, Average TFLOPs: 2.960207
>> VLA-Cache inference mode
Current CUDA latency: 169.589767 ms | Average CUDA latency: 175.105052 ms, Average TFLOPs: 2.960151
>> VLA-Cache inference mode
Current CUDA latency: 116.510017 ms | Average CUDA latency: 175.075489 ms, Average TFLOPs: 2.960098
>> VLA-Cache inference mode
Current CUDA latency: 103.482880 ms | Average CUDA latency: 175.039385 ms, Average TFLOPs: 2.960051
>> VLA-Cache inference mode
Current CUDA latency: 118.306816 ms | Average CUDA latency: 175.010790 ms, Average TFLOPs: 2.960040
>> VLA-Cache inference mode
Current CUDA latency: 123.724419 ms | Average CUDA latency: 174.984953 ms, Average TFLOPs: 2.960001
>> VLA-Cache inference mode
Current CUDA latency: 109.396416 ms | Average CUDA latency: 174.951928 ms, Average TFLOPs: 2.959965
>> VLA-Cache inference mode
Current CUDA latency: 465.301849 ms | Average CUDA latency: 175.098053 ms, Average TFLOPs: 2.959936
>> VLA-Cache inference mode
Current CUDA latency: 266.792236 ms | Average CUDA latency: 175.144177 ms, Average TFLOPs: 2.959921
Average time per step: 596.0716 ms, Control Frequency: 13.42 Hz, Token Reusing Ratio (Primary): 32.80 %, , Token Reusing Ratio (Wrist): 35.01 %
Saved rollout MP4 at path ./rollouts/2026_04_07/primary--2026_04_07-14_35_38--episode=116--success=True--task=pick_up_the_tomato_sauce_and_place_it_in_the_baske.mp4
Saved rollout MP4 at path ./rollouts/2026_04_07/wrist--2026_04_07-14_35_38--episode=116--success=True--task=pick_up_the_tomato_sauce_and_place_it_in_the_baske.mp4
04/07 [17:09:19] INFO     | >> Success: True              run_libero_eval.py:230
                 INFO     | >> # episodes completed so    run_libero_eval.py:230
                          far: 116                                              
                 INFO     | >> # successes: 115 (99.1%)   run_libero_eval.py:230

 80%|████████  | 16/20 [19:17<04:43, 71.00s/it][A                 INFO     | >>                            run_libero_eval.py:230
                          Task: pick up the tomato sauce                        
                          and place it in the basket                            
                 INFO     | >> Starting episode 17...     run_libero_eval.py:230
huggingface/tokenizers: The current process just got forked, after parallelism has already been used. Disabling parallelism to avoid deadlocks...
To disable this warning, you can either:
	- Avoid using `tokenizers` before the fork if possible
	- Explicitly set the environment variable TOKENIZERS_PARALLELISM=(true | false)
huggingface/tokenizers: The current process just got forked, after parallelism has already been used. Disabling parallelism to avoid deadlocks...
To disable this warning, you can either:
	- Avoid using `tokenizers` before the fork if possible
	- Explicitly set the environment variable TOKENIZERS_PARALLELISM=(true | false)
>> VLA-Cache inference mode
Current CUDA latency: 420.209351 ms | Average CUDA latency: 175.267387 ms, Average TFLOPs: 2.960303
>> VLA-Cache inference mode
Current CUDA latency: 281.116547 ms | Average CUDA latency: 175.320577 ms, Average TFLOPs: 2.960317
>> VLA-Cache inference mode
Current CUDA latency: 123.821373 ms | Average CUDA latency: 175.294711 ms, Average TFLOPs: 2.960351
>> VLA-Cache inference mode
Current CUDA latency: 112.006111 ms | Average CUDA latency: 175.262940 ms, Average TFLOPs: 2.960360
>> VLA-Cache inference mode
Current CUDA latency: 126.244675 ms | Average CUDA latency: 175.238345 ms, Average TFLOPs: 2.960385
>> VLA-Cache inference mode
Current CUDA latency: 127.502625 ms | Average CUDA latency: 175.214405 ms, Average TFLOPs: 2.960417
>> VLA-Cache inference mode
Current CUDA latency: 225.436127 ms | Average CUDA latency: 175.239579 ms, Average TFLOPs: 2.960432
>> VLA-Cache inference mode
Current CUDA latency: 228.613342 ms | Average CUDA latency: 175.266319 ms, Average TFLOPs: 2.960415
>> VLA-Cache inference mode
Current CUDA latency: 144.847549 ms | Average CUDA latency: 175.251087 ms, Average TFLOPs: 2.960385
>> VLA-Cache inference mode
Current CUDA latency: 151.846527 ms | Average CUDA latency: 175.239373 ms, Average TFLOPs: 2.960322
>> VLA-Cache inference mode
Current CUDA latency: 106.032097 ms | Average CUDA latency: 175.204752 ms, Average TFLOPs: 2.960261
>> VLA-Cache inference mode
Current CUDA latency: 109.807648 ms | Average CUDA latency: 175.172053 ms, Average TFLOPs: 2.960221
>> VLA-Cache inference mode
Current CUDA latency: 122.366943 ms | Average CUDA latency: 175.145664 ms, Average TFLOPs: 2.960182
>> VLA-Cache inference mode
Current CUDA latency: 108.515488 ms | Average CUDA latency: 175.112382 ms, Average TFLOPs: 2.960158
>> VLA-Cache inference mode
Current CUDA latency: 130.640350 ms | Average CUDA latency: 175.090180 ms, Average TFLOPs: 2.960147
>> VLA-Cache inference mode
Current CUDA latency: 369.109131 ms | Average CUDA latency: 175.186995 ms, Average TFLOPs: 2.960126
Average time per step: 598.2892 ms, Control Frequency: 13.37 Hz, Token Reusing Ratio (Primary): 32.77 %, , Token Reusing Ratio (Wrist): 35.01 %
Saved rollout MP4 at path ./rollouts/2026_04_07/primary--2026_04_07-14_35_38--episode=117--success=True--task=pick_up_the_tomato_sauce_and_place_it_in_the_baske.mp4
Saved rollout MP4 at path ./rollouts/2026_04_07/wrist--2026_04_07-14_35_38--episode=117--success=True--task=pick_up_the_tomato_sauce_and_place_it_in_the_baske.mp4
04/07 [17:10:31] INFO     | >> Success: True              run_libero_eval.py:230
                 INFO     | >> # episodes completed so    run_libero_eval.py:230
                          far: 117                                              
                 INFO     | >> # successes: 116 (99.1%)   run_libero_eval.py:230

 85%|████████▌ | 17/20 [20:29<03:34, 71.44s/it][A                 INFO     | >>                            run_libero_eval.py:230
                          Task: pick up the tomato sauce                        
                          and place it in the basket                            
                 INFO     | >> Starting episode 18...     run_libero_eval.py:230
huggingface/tokenizers: The current process just got forked, after parallelism has already been used. Disabling parallelism to avoid deadlocks...
To disable this warning, you can either:
	- Avoid using `tokenizers` before the fork if possible
	- Explicitly set the environment variable TOKENIZERS_PARALLELISM=(true | false)
huggingface/tokenizers: The current process just got forked, after parallelism has already been used. Disabling parallelism to avoid deadlocks...
To disable this warning, you can either:
	- Avoid using `tokenizers` before the fork if possible
	- Explicitly set the environment variable TOKENIZERS_PARALLELISM=(true | false)
>> VLA-Cache inference mode
Current CUDA latency: 388.519806 ms | Average CUDA latency: 175.293396 ms, Average TFLOPs: 2.960504
>> VLA-Cache inference mode
Current CUDA latency: 315.896851 ms | Average CUDA latency: 175.363487 ms, Average TFLOPs: 2.960522
>> VLA-Cache inference mode
Current CUDA latency: 137.334305 ms | Average CUDA latency: 175.344539 ms, Average TFLOPs: 2.960537
>> VLA-Cache inference mode
Current CUDA latency: 130.361343 ms | Average CUDA latency: 175.322137 ms, Average TFLOPs: 2.960550
>> VLA-Cache inference mode
Current CUDA latency: 111.494339 ms | Average CUDA latency: 175.290366 ms, Average TFLOPs: 2.960564
>> VLA-Cache inference mode
Current CUDA latency: 109.976959 ms | Average CUDA latency: 175.257872 ms, Average TFLOPs: 2.960581
>> VLA-Cache inference mode
Current CUDA latency: 108.716446 ms | Average CUDA latency: 175.224783 ms, Average TFLOPs: 2.960586
>> VLA-Cache inference mode
Current CUDA latency: 140.022141 ms | Average CUDA latency: 175.207287 ms, Average TFLOPs: 2.960551
>> VLA-Cache inference mode
Current CUDA latency: 120.426910 ms | Average CUDA latency: 175.180073 ms, Average TFLOPs: 2.960508
>> VLA-Cache inference mode
Current CUDA latency: 202.530563 ms | Average CUDA latency: 175.193654 ms, Average TFLOPs: 2.960453
>> VLA-Cache inference mode
Current CUDA latency: 149.734848 ms | Average CUDA latency: 175.181019 ms, Average TFLOPs: 2.960387
>> VLA-Cache inference mode
Current CUDA latency: 132.106110 ms | Average CUDA latency: 175.159653 ms, Average TFLOPs: 2.960347
>> VLA-Cache inference mode
Current CUDA latency: 189.057724 ms | Average CUDA latency: 175.166543 ms, Average TFLOPs: 2.960322
>> VLA-Cache inference mode
Current CUDA latency: 110.992226 ms | Average CUDA latency: 175.134742 ms, Average TFLOPs: 2.960294
>> VLA-Cache inference mode
Current CUDA latency: 103.777954 ms | Average CUDA latency: 175.099399 ms, Average TFLOPs: 2.960253
>> VLA-Cache inference mode
Current CUDA latency: 183.421127 ms | Average CUDA latency: 175.103519 ms, Average TFLOPs: 2.960197
>> VLA-Cache inference mode
Current CUDA latency: 174.531876 ms | Average CUDA latency: 175.103236 ms, Average TFLOPs: 2.960177
Average time per step: 596.5011 ms, Control Frequency: 13.41 Hz, Token Reusing Ratio (Primary): 32.79 %, , Token Reusing Ratio (Wrist): 35.04 %
Saved rollout MP4 at path ./rollouts/2026_04_07/primary--2026_04_07-14_35_38--episode=118--success=True--task=pick_up_the_tomato_sauce_and_place_it_in_the_baske.mp4
Saved rollout MP4 at path ./rollouts/2026_04_07/wrist--2026_04_07-14_35_38--episode=118--success=True--task=pick_up_the_tomato_sauce_and_place_it_in_the_baske.mp4
04/07 [17:11:48] INFO     | >> Success: True              run_libero_eval.py:230
                 INFO     | >> # episodes completed so    run_libero_eval.py:230
                          far: 118                                              
                 INFO     | >> # successes: 117 (99.2%)   run_libero_eval.py:230

 90%|█████████ | 18/20 [21:46<02:26, 73.09s/it][A                 INFO     | >>                            run_libero_eval.py:230
                          Task: pick up the tomato sauce                        
                          and place it in the basket                            
                 INFO     | >> Starting episode 19...     run_libero_eval.py:230
huggingface/tokenizers: The current process just got forked, after parallelism has already been used. Disabling parallelism to avoid deadlocks...
To disable this warning, you can either:
	- Avoid using `tokenizers` before the fork if possible
	- Explicitly set the environment variable TOKENIZERS_PARALLELISM=(true | false)
huggingface/tokenizers: The current process just got forked, after parallelism has already been used. Disabling parallelism to avoid deadlocks...
To disable this warning, you can either:
	- Avoid using `tokenizers` before the fork if possible
	- Explicitly set the environment variable TOKENIZERS_PARALLELISM=(true | false)
>> VLA-Cache inference mode
Current CUDA latency: 401.572510 ms | Average CUDA latency: 175.215239 ms, Average TFLOPs: 2.960552
>> VLA-Cache inference mode
Current CUDA latency: 295.144226 ms | Average CUDA latency: 175.274522 ms, Average TFLOPs: 2.960540
>> VLA-Cache inference mode
Current CUDA latency: 114.529533 ms | Average CUDA latency: 175.244509 ms, Average TFLOPs: 2.960525
>> VLA-Cache inference mode
Current CUDA latency: 136.044220 ms | Average CUDA latency: 175.225151 ms, Average TFLOPs: 2.960508
>> VLA-Cache inference mode
Current CUDA latency: 128.812195 ms | Average CUDA latency: 175.202242 ms, Average TFLOPs: 2.960524
>> VLA-Cache inference mode
Current CUDA latency: 127.416832 ms | Average CUDA latency: 175.178668 ms, Average TFLOPs: 2.960543
>> VLA-Cache inference mode
Current CUDA latency: 129.141403 ms | Average CUDA latency: 175.155967 ms, Average TFLOPs: 2.960558
>> VLA-Cache inference mode
Current CUDA latency: 125.040573 ms | Average CUDA latency: 175.131268 ms, Average TFLOPs: 2.960540
>> VLA-Cache inference mode
Current CUDA latency: 107.545662 ms | Average CUDA latency: 175.097974 ms, Average TFLOPs: 2.960515
>> VLA-Cache inference mode
Current CUDA latency: 120.697533 ms | Average CUDA latency: 175.071189 ms, Average TFLOPs: 2.960452
>> VLA-Cache inference mode
Current CUDA latency: 152.080612 ms | Average CUDA latency: 175.059875 ms, Average TFLOPs: 2.960404
>> VLA-Cache inference mode
Current CUDA latency: 177.429382 ms | Average CUDA latency: 175.061040 ms, Average TFLOPs: 2.960379
>> VLA-Cache inference mode
Current CUDA latency: 161.635513 ms | Average CUDA latency: 175.054440 ms, Average TFLOPs: 2.960363
>> VLA-Cache inference mode
Current CUDA latency: 115.970749 ms | Average CUDA latency: 175.025406 ms, Average TFLOPs: 2.960333
>> VLA-Cache inference mode
Current CUDA latency: 132.486588 ms | Average CUDA latency: 175.004513 ms, Average TFLOPs: 2.960313
>> VLA-Cache inference mode
Current CUDA latency: 132.521088 ms | Average CUDA latency: 174.983657 ms, Average TFLOPs: 2.960292
>> VLA-Cache inference mode
Current CUDA latency: 125.738464 ms | Average CUDA latency: 174.959493 ms, Average TFLOPs: 2.960267
Average time per step: 593.4290 ms, Control Frequency: 13.48 Hz, Token Reusing Ratio (Primary): 32.83 %, , Token Reusing Ratio (Wrist): 35.04 %
Saved rollout MP4 at path ./rollouts/2026_04_07/primary--2026_04_07-14_35_38--episode=119--success=True--task=pick_up_the_tomato_sauce_and_place_it_in_the_baske.mp4
Saved rollout MP4 at path ./rollouts/2026_04_07/wrist--2026_04_07-14_35_38--episode=119--success=True--task=pick_up_the_tomato_sauce_and_place_it_in_the_baske.mp4
04/07 [17:13:02] INFO     | >> Success: True              run_libero_eval.py:230
                 INFO     | >> # episodes completed so    run_libero_eval.py:230
                          far: 119                                              
                 INFO     | >> # successes: 118 (99.2%)   run_libero_eval.py:230

 95%|█████████▌| 19/20 [23:00<01:13, 73.32s/it][A                 INFO     | >>                            run_libero_eval.py:230
                          Task: pick up the tomato sauce                        
                          and place it in the basket                            
                 INFO     | >> Starting episode 20...     run_libero_eval.py:230
huggingface/tokenizers: The current process just got forked, after parallelism has already been used. Disabling parallelism to avoid deadlocks...
To disable this warning, you can either:
	- Avoid using `tokenizers` before the fork if possible
	- Explicitly set the environment variable TOKENIZERS_PARALLELISM=(true | false)
huggingface/tokenizers: The current process just got forked, after parallelism has already been used. Disabling parallelism to avoid deadlocks...
To disable this warning, you can either:
	- Avoid using `tokenizers` before the fork if possible
	- Explicitly set the environment variable TOKENIZERS_PARALLELISM=(true | false)
>> VLA-Cache inference mode
Current CUDA latency: 416.985352 ms | Average CUDA latency: 175.078192 ms, Average TFLOPs: 2.960639
>> VLA-Cache inference mode
Current CUDA latency: 376.126709 ms | Average CUDA latency: 175.176745 ms, Average TFLOPs: 2.960632
>> VLA-Cache inference mode
Current CUDA latency: 145.689880 ms | Average CUDA latency: 175.162298 ms, Average TFLOPs: 2.960624
>> VLA-Cache inference mode
Current CUDA latency: 121.158943 ms | Average CUDA latency: 175.135851 ms, Average TFLOPs: 2.960614
>> VLA-Cache inference mode
Current CUDA latency: 110.192253 ms | Average CUDA latency: 175.104063 ms, Average TFLOPs: 2.960628
>> VLA-Cache inference mode
Current CUDA latency: 125.169922 ms | Average CUDA latency: 175.079633 ms, Average TFLOPs: 2.960638
>> VLA-Cache inference mode
Current CUDA latency: 108.871391 ms | Average CUDA latency: 175.047258 ms, Average TFLOPs: 2.960635
>> VLA-Cache inference mode
Current CUDA latency: 198.032349 ms | Average CUDA latency: 175.058492 ms, Average TFLOPs: 2.960593
>> VLA-Cache inference mode
Current CUDA latency: 122.588387 ms | Average CUDA latency: 175.032859 ms, Average TFLOPs: 2.960565
>> VLA-Cache inference mode
Current CUDA latency: 105.114082 ms | Average CUDA latency: 174.998719 ms, Average TFLOPs: 2.960516
>> VLA-Cache inference mode
Current CUDA latency: 140.326874 ms | Average CUDA latency: 174.981798 ms, Average TFLOPs: 2.960486
>> VLA-Cache inference mode
Current CUDA latency: 224.210373 ms | Average CUDA latency: 175.005812 ms, Average TFLOPs: 2.960470
>> VLA-Cache inference mode
Current CUDA latency: 190.613724 ms | Average CUDA latency: 175.013422 ms, Average TFLOPs: 2.960454
>> VLA-Cache inference mode
Current CUDA latency: 121.140480 ms | Average CUDA latency: 174.987168 ms, Average TFLOPs: 2.960438
>> VLA-Cache inference mode
Current CUDA latency: 150.121628 ms | Average CUDA latency: 174.975056 ms, Average TFLOPs: 2.960451
>> VLA-Cache inference mode
Current CUDA latency: 139.221024 ms | Average CUDA latency: 174.957649 ms, Average TFLOPs: 2.960453
>> VLA-Cache inference mode
Current CUDA latency: 141.481094 ms | Average CUDA latency: 174.941359 ms, Average TFLOPs: 2.960463
Average time per step: 595.1964 ms, Control Frequency: 13.44 Hz, Token Reusing Ratio (Primary): 32.83 %, , Token Reusing Ratio (Wrist): 35.03 %
Saved rollout MP4 at path ./rollouts/2026_04_07/primary--2026_04_07-14_35_38--episode=120--success=True--task=pick_up_the_tomato_sauce_and_place_it_in_the_baske.mp4
Saved rollout MP4 at path ./rollouts/2026_04_07/wrist--2026_04_07-14_35_38--episode=120--success=True--task=pick_up_the_tomato_sauce_and_place_it_in_the_baske.mp4
04/07 [17:14:27] INFO     | >> Success: True              run_libero_eval.py:230
                 INFO     | >> # episodes completed so    run_libero_eval.py:230
                          far: 120                                              
                 INFO     | >> # successes: 119 (99.2%)   run_libero_eval.py:230

100%|██████████| 20/20 [24:25<00:00, 76.81s/it][A100%|██████████| 20/20 [24:25<00:00, 73.28s/it]
                 INFO     | >> Current task success rate: run_libero_eval.py:230
                          1.0                                                   
                 INFO     | >> Current total success      run_libero_eval.py:230
                          rate: 0.9916666666666667                              
 60%|██████    | 6/10 [2:38:05<1:41:44, 1526.14s/it][Warning]: datasets path /root/sj-tmp/workspace/LIBERO/libero/libero/../datasets does not exist!
                 INFO     | >> Using default initial      run_libero_eval.py:230
                          states                                                
[Warning]: datasets path /root/sj-tmp/workspace/LIBERO/libero/libero/../datasets does not exist!

  0%|          | 0/20 [00:00<?, ?it/s][A04/07 [17:14:29] INFO     | >>                            run_libero_eval.py:230
                          Task: pick up the butter and                          
                          place it in the basket                                
                 INFO     | >> Starting episode 1...      run_libero_eval.py:230
huggingface/tokenizers: The current process just got forked, after parallelism has already been used. Disabling parallelism to avoid deadlocks...
To disable this warning, you can either:
	- Avoid using `tokenizers` before the fork if possible
	- Explicitly set the environment variable TOKENIZERS_PARALLELISM=(true | false)
huggingface/tokenizers: The current process just got forked, after parallelism has already been used. Disabling parallelism to avoid deadlocks...
To disable this warning, you can either:
	- Avoid using `tokenizers` before the fork if possible
	- Explicitly set the environment variable TOKENIZERS_PARALLELISM=(true | false)
>> VLA-Cache inference mode
Current CUDA latency: 464.170166 ms | Average CUDA latency: 175.082034 ms, Average TFLOPs: 2.960825
>> VLA-Cache inference mode
Current CUDA latency: 344.565155 ms | Average CUDA latency: 175.164427 ms, Average TFLOPs: 2.960811
>> VLA-Cache inference mode
Current CUDA latency: 183.774811 ms | Average CUDA latency: 175.168611 ms, Average TFLOPs: 2.960800
>> VLA-Cache inference mode
Current CUDA latency: 164.623718 ms | Average CUDA latency: 175.163490 ms, Average TFLOPs: 2.960806
>> VLA-Cache inference mode
Current CUDA latency: 124.489853 ms | Average CUDA latency: 175.138891 ms, Average TFLOPs: 2.960792
>> VLA-Cache inference mode
Current CUDA latency: 125.814911 ms | Average CUDA latency: 175.114959 ms, Average TFLOPs: 2.960794
>> VLA-Cache inference mode
Current CUDA latency: 107.793571 ms | Average CUDA latency: 175.082310 ms, Average TFLOPs: 2.960778
>> VLA-Cache inference mode
Current CUDA latency: 101.117981 ms | Average CUDA latency: 175.046458 ms, Average TFLOPs: 2.960713
>> VLA-Cache inference mode
Current CUDA latency: 100.613091 ms | Average CUDA latency: 175.010395 ms, Average TFLOPs: 2.960633
>> VLA-Cache inference mode
Current CUDA latency: 100.202591 ms | Average CUDA latency: 174.974168 ms, Average TFLOPs: 2.960555
>> VLA-Cache inference mode
Current CUDA latency: 117.224991 ms | Average CUDA latency: 174.946216 ms, Average TFLOPs: 2.960474
>> VLA-Cache inference mode
Current CUDA latency: 102.569405 ms | Average CUDA latency: 174.911201 ms, Average TFLOPs: 2.960396
>> VLA-Cache inference mode
Current CUDA latency: 100.828285 ms | Average CUDA latency: 174.875377 ms, Average TFLOPs: 2.960339
>> VLA-Cache inference mode
Current CUDA latency: 132.456894 ms | Average CUDA latency: 174.854875 ms, Average TFLOPs: 2.960281
>> VLA-Cache inference mode
Current CUDA latency: 228.461731 ms | Average CUDA latency: 174.880772 ms, Average TFLOPs: 2.960198
>> VLA-Cache inference mode
Current CUDA latency: 139.597946 ms | Average CUDA latency: 174.863736 ms, Average TFLOPs: 2.960123
>> VLA-Cache inference mode
Current CUDA latency: 119.567619 ms | Average CUDA latency: 174.837049 ms, Average TFLOPs: 2.960057
>> VLA-Cache inference mode
Current CUDA latency: 153.738525 ms | Average CUDA latency: 174.826871 ms, Average TFLOPs: 2.960004
>> VLA-Cache inference mode
Current CUDA latency: 145.884125 ms | Average CUDA latency: 174.812916 ms, Average TFLOPs: 2.959973
Average time per step: 608.5824 ms, Control Frequency: 13.15 Hz, Token Reusing Ratio (Primary): 35.18 %, , Token Reusing Ratio (Wrist): 36.84 %
Saved rollout MP4 at path ./rollouts/2026_04_07/primary--2026_04_07-14_35_38--episode=121--success=True--task=pick_up_the_butter_and_place_it_in_the_basket.mp4
Saved rollout MP4 at path ./rollouts/2026_04_07/wrist--2026_04_07-14_35_38--episode=121--success=True--task=pick_up_the_butter_and_place_it_in_the_basket.mp4
04/07 [17:16:04] INFO     | >> Success: True              run_libero_eval.py:230
                 INFO     | >> # episodes completed so    run_libero_eval.py:230
                          far: 121                                              
                 INFO     | >> # successes: 120 (99.2%)   run_libero_eval.py:230

  5%|▌         | 1/20 [01:35<30:08, 95.16s/it][A                 INFO     | >>                            run_libero_eval.py:230
                          Task: pick up the butter and                          
                          place it in the basket                                
                 INFO     | >> Starting episode 2...      run_libero_eval.py:230
huggingface/tokenizers: The current process just got forked, after parallelism has already been used. Disabling parallelism to avoid deadlocks...
To disable this warning, you can either:
	- Avoid using `tokenizers` before the fork if possible
	- Explicitly set the environment variable TOKENIZERS_PARALLELISM=(true | false)
huggingface/tokenizers: The current process just got forked, after parallelism has already been used. Disabling parallelism to avoid deadlocks...
To disable this warning, you can either:
	- Avoid using `tokenizers` before the fork if possible
	- Explicitly set the environment variable TOKENIZERS_PARALLELISM=(true | false)
>> VLA-Cache inference mode
Current CUDA latency: 299.505219 ms | Average CUDA latency: 174.873008 ms, Average TFLOPs: 2.960333
>> VLA-Cache inference mode
Current CUDA latency: 354.974976 ms | Average CUDA latency: 174.959763 ms, Average TFLOPs: 2.960330
>> VLA-Cache inference mode
Current CUDA latency: 166.610367 ms | Average CUDA latency: 174.955743 ms, Average TFLOPs: 2.960345
>> VLA-Cache inference mode
Current CUDA latency: 125.761246 ms | Average CUDA latency: 174.932069 ms, Average TFLOPs: 2.960354
>> VLA-Cache inference mode
Current CUDA latency: 126.814240 ms | Average CUDA latency: 174.908924 ms, Average TFLOPs: 2.960337
>> VLA-Cache inference mode
Current CUDA latency: 122.983070 ms | Average CUDA latency: 174.883960 ms, Average TFLOPs: 2.960300
>> VLA-Cache inference mode
Current CUDA latency: 123.226372 ms | Average CUDA latency: 174.859136 ms, Average TFLOPs: 2.960274
>> VLA-Cache inference mode
Current CUDA latency: 108.951805 ms | Average CUDA latency: 174.827481 ms, Average TFLOPs: 2.960239
>> VLA-Cache inference mode
Current CUDA latency: 101.179520 ms | Average CUDA latency: 174.792124 ms, Average TFLOPs: 2.960188
>> VLA-Cache inference mode
Current CUDA latency: 124.613953 ms | Average CUDA latency: 174.768046 ms, Average TFLOPs: 2.960092
>> VLA-Cache inference mode
Current CUDA latency: 158.096130 ms | Average CUDA latency: 174.760050 ms, Average TFLOPs: 2.960000
>> VLA-Cache inference mode
Current CUDA latency: 292.488312 ms | Average CUDA latency: 174.816487 ms, Average TFLOPs: 2.959929
>> VLA-Cache inference mode
Current CUDA latency: 154.415421 ms | Average CUDA latency: 174.806712 ms, Average TFLOPs: 2.959831
>> VLA-Cache inference mode
Current CUDA latency: 101.704834 ms | Average CUDA latency: 174.771701 ms, Average TFLOPs: 2.959744
>> VLA-Cache inference mode
Current CUDA latency: 138.311996 ms | Average CUDA latency: 174.754248 ms, Average TFLOPs: 2.959688
>> VLA-Cache inference mode
Current CUDA latency: 110.241180 ms | Average CUDA latency: 174.723381 ms, Average TFLOPs: 2.959625
>> VLA-Cache inference mode
Current CUDA latency: 101.860863 ms | Average CUDA latency: 174.688535 ms, Average TFLOPs: 2.959554
>> VLA-Cache inference mode
Current CUDA latency: 102.006210 ms | Average CUDA latency: 174.653792 ms, Average TFLOPs: 2.959511
>> VLA-Cache inference mode
Current CUDA latency: 166.907043 ms | Average CUDA latency: 174.650091 ms, Average TFLOPs: 2.959465
Average time per step: 580.9039 ms, Control Frequency: 13.77 Hz, Token Reusing Ratio (Primary): 35.47 %, , Token Reusing Ratio (Wrist): 36.56 %
Saved rollout MP4 at path ./rollouts/2026_04_07/primary--2026_04_07-14_35_38--episode=122--success=True--task=pick_up_the_butter_and_place_it_in_the_basket.mp4
Saved rollout MP4 at path ./rollouts/2026_04_07/wrist--2026_04_07-14_35_38--episode=122--success=True--task=pick_up_the_butter_and_place_it_in_the_basket.mp4
04/07 [17:17:29] INFO     | >> Success: True              run_libero_eval.py:230
                 INFO     | >> # episodes completed so    run_libero_eval.py:230
                          far: 122                                              
                 INFO     | >> # successes: 121 (99.2%)   run_libero_eval.py:230

 10%|█         | 2/20 [03:00<26:47, 89.30s/it][A                 INFO     | >>                            run_libero_eval.py:230
                          Task: pick up the butter and                          
                          place it in the basket                                
                 INFO     | >> Starting episode 3...      run_libero_eval.py:230
huggingface/tokenizers: The current process just got forked, after parallelism has already been used. Disabling parallelism to avoid deadlocks...
To disable this warning, you can either:
	- Avoid using `tokenizers` before the fork if possible
	- Explicitly set the environment variable TOKENIZERS_PARALLELISM=(true | false)
huggingface/tokenizers: The current process just got forked, after parallelism has already been used. Disabling parallelism to avoid deadlocks...
To disable this warning, you can either:
	- Avoid using `tokenizers` before the fork if possible
	- Explicitly set the environment variable TOKENIZERS_PARALLELISM=(true | false)
>> VLA-Cache inference mode
Current CUDA latency: 517.651001 ms | Average CUDA latency: 174.813893 ms, Average TFLOPs: 2.959821
>> VLA-Cache inference mode
Current CUDA latency: 453.268097 ms | Average CUDA latency: 174.946806 ms, Average TFLOPs: 2.959810
>> VLA-Cache inference mode
Current CUDA latency: 128.020737 ms | Average CUDA latency: 174.924418 ms, Average TFLOPs: 2.959787
>> VLA-Cache inference mode
Current CUDA latency: 121.285278 ms | Average CUDA latency: 174.898839 ms, Average TFLOPs: 2.959791
>> VLA-Cache inference mode
Current CUDA latency: 109.149918 ms | Average CUDA latency: 174.867500 ms, Average TFLOPs: 2.959792
>> VLA-Cache inference mode
Current CUDA latency: 108.213341 ms | Average CUDA latency: 174.835745 ms, Average TFLOPs: 2.959776
>> VLA-Cache inference mode
Current CUDA latency: 107.554398 ms | Average CUDA latency: 174.803706 ms, Average TFLOPs: 2.959756
>> VLA-Cache inference mode
Current CUDA latency: 122.929153 ms | Average CUDA latency: 174.779016 ms, Average TFLOPs: 2.959709
>> VLA-Cache inference mode
Current CUDA latency: 124.342659 ms | Average CUDA latency: 174.755021 ms, Average TFLOPs: 2.959638
>> VLA-Cache inference mode
Current CUDA latency: 113.150528 ms | Average CUDA latency: 174.725728 ms, Average TFLOPs: 2.959537
>> VLA-Cache inference mode
Current CUDA latency: 116.032127 ms | Average CUDA latency: 174.697831 ms, Average TFLOPs: 2.959476
>> VLA-Cache inference mode
Current CUDA latency: 128.614914 ms | Average CUDA latency: 174.675939 ms, Average TFLOPs: 2.959451
>> VLA-Cache inference mode
Current CUDA latency: 116.127136 ms | Average CUDA latency: 174.648138 ms, Average TFLOPs: 2.959400
>> VLA-Cache inference mode
Current CUDA latency: 120.504829 ms | Average CUDA latency: 174.622441 ms, Average TFLOPs: 2.959360
>> VLA-Cache inference mode
Current CUDA latency: 111.664223 ms | Average CUDA latency: 174.592575 ms, Average TFLOPs: 2.959326
>> VLA-Cache inference mode
Current CUDA latency: 102.678818 ms | Average CUDA latency: 174.558477 ms, Average TFLOPs: 2.959283
>> VLA-Cache inference mode
Current CUDA latency: 102.295166 ms | Average CUDA latency: 174.524229 ms, Average TFLOPs: 2.959227
>> VLA-Cache inference mode
Current CUDA latency: 144.291580 ms | Average CUDA latency: 174.509907 ms, Average TFLOPs: 2.959196
Average time per step: 560.9412 ms, Control Frequency: 14.26 Hz, Token Reusing Ratio (Primary): 35.01 %, , Token Reusing Ratio (Wrist): 36.36 %
Saved rollout MP4 at path ./rollouts/2026_04_07/primary--2026_04_07-14_35_38--episode=123--success=True--task=pick_up_the_butter_and_place_it_in_the_basket.mp4
Saved rollout MP4 at path ./rollouts/2026_04_07/wrist--2026_04_07-14_35_38--episode=123--success=True--task=pick_up_the_butter_and_place_it_in_the_basket.mp4
04/07 [17:18:45] INFO     | >> Success: True              run_libero_eval.py:230
                 INFO     | >> # episodes completed so    run_libero_eval.py:230
                          far: 123                                              
                 INFO     | >> # successes: 122 (99.2%)   run_libero_eval.py:230

 15%|█▌        | 3/20 [04:15<23:29, 82.91s/it][A                 INFO     | >>                            run_libero_eval.py:230
                          Task: pick up the butter and                          
                          place it in the basket                                
                 INFO     | >> Starting episode 4...      run_libero_eval.py:230
huggingface/tokenizers: The current process just got forked, after parallelism has already been used. Disabling parallelism to avoid deadlocks...
To disable this warning, you can either:
	- Avoid using `tokenizers` before the fork if possible
	- Explicitly set the environment variable TOKENIZERS_PARALLELISM=(true | false)
huggingface/tokenizers: The current process just got forked, after parallelism has already been used. Disabling parallelism to avoid deadlocks...
To disable this warning, you can either:
	- Avoid using `tokenizers` before the fork if possible
	- Explicitly set the environment variable TOKENIZERS_PARALLELISM=(true | false)
>> VLA-Cache inference mode
Current CUDA latency: 515.466064 ms | Average CUDA latency: 174.671345 ms, Average TFLOPs: 2.959550
>> VLA-Cache inference mode
Current CUDA latency: 449.423737 ms | Average CUDA latency: 174.801374 ms, Average TFLOPs: 2.959542
>> VLA-Cache inference mode
Current CUDA latency: 135.890274 ms | Average CUDA latency: 174.782968 ms, Average TFLOPs: 2.959546
>> VLA-Cache inference mode
Current CUDA latency: 129.015198 ms | Average CUDA latency: 174.761328 ms, Average TFLOPs: 2.959548
>> VLA-Cache inference mode
Current CUDA latency: 134.440384 ms | Average CUDA latency: 174.742273 ms, Average TFLOPs: 2.959566
>> VLA-Cache inference mode
Current CUDA latency: 111.950493 ms | Average CUDA latency: 174.712612 ms, Average TFLOPs: 2.959580
>> VLA-Cache inference mode
Current CUDA latency: 109.061920 ms | Average CUDA latency: 174.681616 ms, Average TFLOPs: 2.959577
>> VLA-Cache inference mode
Current CUDA latency: 109.802528 ms | Average CUDA latency: 174.650998 ms, Average TFLOPs: 2.959568
>> VLA-Cache inference mode
Current CUDA latency: 125.809280 ms | Average CUDA latency: 174.627959 ms, Average TFLOPs: 2.959515
>> VLA-Cache inference mode
Current CUDA latency: 121.444130 ms | Average CUDA latency: 174.602884 ms, Average TFLOPs: 2.959425
>> VLA-Cache inference mode
Current CUDA latency: 134.098175 ms | Average CUDA latency: 174.583796 ms, Average TFLOPs: 2.959335
>> VLA-Cache inference mode
Current CUDA latency: 218.871643 ms | Average CUDA latency: 174.604657 ms, Average TFLOPs: 2.959252
>> VLA-Cache inference mode
Current CUDA latency: 146.632355 ms | Average CUDA latency: 174.591488 ms, Average TFLOPs: 2.959192
>> VLA-Cache inference mode
Current CUDA latency: 122.541695 ms | Average CUDA latency: 174.566994 ms, Average TFLOPs: 2.959156
>> VLA-Cache inference mode
Current CUDA latency: 116.351196 ms | Average CUDA latency: 174.539611 ms, Average TFLOPs: 2.959134
>> VLA-Cache inference mode
Current CUDA latency: 115.473251 ms | Average CUDA latency: 174.511841 ms, Average TFLOPs: 2.959099
>> VLA-Cache inference mode
Current CUDA latency: 334.486908 ms | Average CUDA latency: 174.587017 ms, Average TFLOPs: 2.959052
>> VLA-Cache inference mode
Current CUDA latency: 127.801598 ms | Average CUDA latency: 174.565042 ms, Average TFLOPs: 2.959009
>> VLA-Cache inference mode
Current CUDA latency: 118.136482 ms | Average CUDA latency: 174.538550 ms, Average TFLOPs: 2.958963
Average time per step: 577.8176 ms, Control Frequency: 13.85 Hz, Token Reusing Ratio (Primary): 34.91 %, , Token Reusing Ratio (Wrist): 36.62 %
Saved rollout MP4 at path ./rollouts/2026_04_07/primary--2026_04_07-14_35_38--episode=124--success=True--task=pick_up_the_butter_and_place_it_in_the_basket.mp4
Saved rollout MP4 at path ./rollouts/2026_04_07/wrist--2026_04_07-14_35_38--episode=124--success=True--task=pick_up_the_butter_and_place_it_in_the_basket.mp4
04/07 [17:20:10] INFO     | >> Success: True              run_libero_eval.py:230
                 INFO     | >> # episodes completed so    run_libero_eval.py:230
                          far: 124                                              
                 INFO     | >> # successes: 123 (99.2%)   run_libero_eval.py:230

 20%|██        | 4/20 [05:40<22:19, 83.74s/it][A                 INFO     | >>                            run_libero_eval.py:230
                          Task: pick up the butter and                          
                          place it in the basket                                
                 INFO     | >> Starting episode 5...      run_libero_eval.py:230
huggingface/tokenizers: The current process just got forked, after parallelism has already been used. Disabling parallelism to avoid deadlocks...
To disable this warning, you can either:
	- Avoid using `tokenizers` before the fork if possible
	- Explicitly set the environment variable TOKENIZERS_PARALLELISM=(true | false)
huggingface/tokenizers: The current process just got forked, after parallelism has already been used. Disabling parallelism to avoid deadlocks...
To disable this warning, you can either:
	- Avoid using `tokenizers` before the fork if possible
	- Explicitly set the environment variable TOKENIZERS_PARALLELISM=(true | false)
>> VLA-Cache inference mode
Current CUDA latency: 336.190735 ms | Average CUDA latency: 174.614407 ms, Average TFLOPs: 2.959314
>> VLA-Cache inference mode
Current CUDA latency: 245.808319 ms | Average CUDA latency: 174.647800 ms, Average TFLOPs: 2.959312
>> VLA-Cache inference mode
Current CUDA latency: 127.407204 ms | Average CUDA latency: 174.625653 ms, Average TFLOPs: 2.959307
>> VLA-Cache inference mode
Current CUDA latency: 165.375610 ms | Average CUDA latency: 174.621318 ms, Average TFLOPs: 2.959306
>> VLA-Cache inference mode
Current CUDA latency: 144.914948 ms | Average CUDA latency: 174.607404 ms, Average TFLOPs: 2.959309
>> VLA-Cache inference mode
Current CUDA latency: 201.473145 ms | Average CUDA latency: 174.619982 ms, Average TFLOPs: 2.959325
>> VLA-Cache inference mode
Current CUDA latency: 156.878052 ms | Average CUDA latency: 174.611680 ms, Average TFLOPs: 2.959300
>> VLA-Cache inference mode
Current CUDA latency: 125.760284 ms | Average CUDA latency: 174.588830 ms, Average TFLOPs: 2.959253
>> VLA-Cache inference mode
Current CUDA latency: 107.635139 ms | Average CUDA latency: 174.557529 ms, Average TFLOPs: 2.959191
>> VLA-Cache inference mode
Current CUDA latency: 118.881119 ms | Average CUDA latency: 174.531512 ms, Average TFLOPs: 2.959094
>> VLA-Cache inference mode
Current CUDA latency: 100.965378 ms | Average CUDA latency: 174.497151 ms, Average TFLOPs: 2.959027
>> VLA-Cache inference mode
Current CUDA latency: 110.190979 ms | Average CUDA latency: 174.467130 ms, Average TFLOPs: 2.958961
>> VLA-Cache inference mode
Current CUDA latency: 113.072319 ms | Average CUDA latency: 174.438481 ms, Average TFLOPs: 2.958913
>> VLA-Cache inference mode
Current CUDA latency: 103.805664 ms | Average CUDA latency: 174.405536 ms, Average TFLOPs: 2.958859
>> VLA-Cache inference mode
Current CUDA latency: 119.279327 ms | Average CUDA latency: 174.379837 ms, Average TFLOPs: 2.958811
>> VLA-Cache inference mode
Current CUDA latency: 102.413887 ms | Average CUDA latency: 174.346302 ms, Average TFLOPs: 2.958760
>> VLA-Cache inference mode
Current CUDA latency: 127.806877 ms | Average CUDA latency: 174.324625 ms, Average TFLOPs: 2.958733
>> VLA-Cache inference mode
Current CUDA latency: 149.643066 ms | Average CUDA latency: 174.313135 ms, Average TFLOPs: 2.958703
Average time per step: 581.4638 ms, Control Frequency: 13.76 Hz, Token Reusing Ratio (Primary): 34.69 %, , Token Reusing Ratio (Wrist): 36.85 %
Saved rollout MP4 at path ./rollouts/2026_04_07/primary--2026_04_07-14_35_38--episode=125--success=True--task=pick_up_the_butter_and_place_it_in_the_basket.mp4
Saved rollout MP4 at path ./rollouts/2026_04_07/wrist--2026_04_07-14_35_38--episode=125--success=True--task=pick_up_the_butter_and_place_it_in_the_basket.mp4
04/07 [17:21:30] INFO     | >> Success: True              run_libero_eval.py:230
                 INFO     | >> # episodes completed so    run_libero_eval.py:230
                          far: 125                                              
                 INFO     | >> # successes: 124 (99.2%)   run_libero_eval.py:230

 25%|██▌       | 5/20 [07:01<20:37, 82.53s/it][A                 INFO     | >>                            run_libero_eval.py:230
                          Task: pick up the butter and                          
                          place it in the basket                                
                 INFO     | >> Starting episode 6...      run_libero_eval.py:230
huggingface/tokenizers: The current process just got forked, after parallelism has already been used. Disabling parallelism to avoid deadlocks...
To disable this warning, you can either:
	- Avoid using `tokenizers` before the fork if possible
	- Explicitly set the environment variable TOKENIZERS_PARALLELISM=(true | false)
huggingface/tokenizers: The current process just got forked, after parallelism has already been used. Disabling parallelism to avoid deadlocks...
To disable this warning, you can either:
	- Avoid using `tokenizers` before the fork if possible
	- Explicitly set the environment variable TOKENIZERS_PARALLELISM=(true | false)
>> VLA-Cache inference mode
Current CUDA latency: 334.734711 ms | Average CUDA latency: 174.387784 ms, Average TFLOPs: 2.959051
>> VLA-Cache inference mode
Current CUDA latency: 254.812057 ms | Average CUDA latency: 174.425191 ms, Average TFLOPs: 2.959043
>> VLA-Cache inference mode
Current CUDA latency: 143.825241 ms | Average CUDA latency: 174.410965 ms, Average TFLOPs: 2.959029
>> VLA-Cache inference mode
Current CUDA latency: 294.733215 ms | Average CUDA latency: 174.466877 ms, Average TFLOPs: 2.959026
>> VLA-Cache inference mode
Current CUDA latency: 313.344818 ms | Average CUDA latency: 174.531381 ms, Average TFLOPs: 2.959024
>> VLA-Cache inference mode
Current CUDA latency: 123.173950 ms | Average CUDA latency: 174.507538 ms, Average TFLOPs: 2.959029
>> VLA-Cache inference mode
Current CUDA latency: 126.772766 ms | Average CUDA latency: 174.485387 ms, Average TFLOPs: 2.959020
>> VLA-Cache inference mode
Current CUDA latency: 153.705597 ms | Average CUDA latency: 174.475749 ms, Average TFLOPs: 2.958970
>> VLA-Cache inference mode
Current CUDA latency: 130.115173 ms | Average CUDA latency: 174.455184 ms, Average TFLOPs: 2.958893
>> VLA-Cache inference mode
Current CUDA latency: 101.816544 ms | Average CUDA latency: 174.421523 ms, Average TFLOPs: 2.958812
>> VLA-Cache inference mode
Current CUDA latency: 102.764381 ms | Average CUDA latency: 174.388333 ms, Average TFLOPs: 2.958756
>> VLA-Cache inference mode
Current CUDA latency: 102.379105 ms | Average CUDA latency: 174.354996 ms, Average TFLOPs: 2.958698
>> VLA-Cache inference mode
Current CUDA latency: 107.961952 ms | Average CUDA latency: 174.324272 ms, Average TFLOPs: 2.958652
>> VLA-Cache inference mode
Current CUDA latency: 253.667770 ms | Average CUDA latency: 174.360972 ms, Average TFLOPs: 2.958607
>> VLA-Cache inference mode
Current CUDA latency: 139.937378 ms | Average CUDA latency: 174.345057 ms, Average TFLOPs: 2.958553
>> VLA-Cache inference mode
Current CUDA latency: 119.983009 ms | Average CUDA latency: 174.319936 ms, Average TFLOPs: 2.958512
>> VLA-Cache inference mode
Current CUDA latency: 164.297562 ms | Average CUDA latency: 174.315306 ms, Average TFLOPs: 2.958485
>> VLA-Cache inference mode
Current CUDA latency: 122.479012 ms | Average CUDA latency: 174.291375 ms, Average TFLOPs: 2.958447
Average time per step: 583.2879 ms, Control Frequency: 13.72 Hz, Token Reusing Ratio (Primary): 34.64 %, , Token Reusing Ratio (Wrist): 36.62 %
Saved rollout MP4 at path ./rollouts/2026_04_07/primary--2026_04_07-14_35_38--episode=126--success=True--task=pick_up_the_butter_and_place_it_in_the_basket.mp4
Saved rollout MP4 at path ./rollouts/2026_04_07/wrist--2026_04_07-14_35_38--episode=126--success=True--task=pick_up_the_butter_and_place_it_in_the_basket.mp4
04/07 [17:22:55] INFO     | >> Success: True              run_libero_eval.py:230
                 INFO     | >> # episodes completed so    run_libero_eval.py:230
                          far: 126                                              
                 INFO     | >> # successes: 125 (99.2%)   run_libero_eval.py:230

 30%|███       | 6/20 [08:25<19:26, 83.30s/it][A                 INFO     | >>                            run_libero_eval.py:230
                          Task: pick up the butter and                          
                          place it in the basket                                
                 INFO     | >> Starting episode 7...      run_libero_eval.py:230
huggingface/tokenizers: The current process just got forked, after parallelism has already been used. Disabling parallelism to avoid deadlocks...
To disable this warning, you can either:
	- Avoid using `tokenizers` before the fork if possible
	- Explicitly set the environment variable TOKENIZERS_PARALLELISM=(true | false)
huggingface/tokenizers: The current process just got forked, after parallelism has already been used. Disabling parallelism to avoid deadlocks...
To disable this warning, you can either:
	- Avoid using `tokenizers` before the fork if possible
	- Explicitly set the environment variable TOKENIZERS_PARALLELISM=(true | false)
>> VLA-Cache inference mode
Current CUDA latency: 320.828491 ms | Average CUDA latency: 174.358997 ms, Average TFLOPs: 2.958792
>> VLA-Cache inference mode
Current CUDA latency: 255.121246 ms | Average CUDA latency: 174.396249 ms, Average TFLOPs: 2.958783
>> VLA-Cache inference mode
Current CUDA latency: 130.724289 ms | Average CUDA latency: 174.376114 ms, Average TFLOPs: 2.958779
>> VLA-Cache inference mode
Current CUDA latency: 113.218498 ms | Average CUDA latency: 174.347931 ms, Average TFLOPs: 2.958776
>> VLA-Cache inference mode
Current CUDA latency: 146.740189 ms | Average CUDA latency: 174.335214 ms, Average TFLOPs: 2.958769
>> VLA-Cache inference mode
Current CUDA latency: 124.862366 ms | Average CUDA latency: 174.312437 ms, Average TFLOPs: 2.958769
>> VLA-Cache inference mode
Current CUDA latency: 127.061859 ms | Average CUDA latency: 174.290692 ms, Average TFLOPs: 2.958765
>> VLA-Cache inference mode
Current CUDA latency: 240.789825 ms | Average CUDA latency: 174.321281 ms, Average TFLOPs: 2.958716
>> VLA-Cache inference mode
Current CUDA latency: 219.444672 ms | Average CUDA latency: 174.342027 ms, Average TFLOPs: 2.958645
>> VLA-Cache inference mode
Current CUDA latency: 106.950783 ms | Average CUDA latency: 174.311057 ms, Average TFLOPs: 2.958560
>> VLA-Cache inference mode
Current CUDA latency: 100.315811 ms | Average CUDA latency: 174.277067 ms, Average TFLOPs: 2.958490
>> VLA-Cache inference mode
Current CUDA latency: 100.424957 ms | Average CUDA latency: 174.243159 ms, Average TFLOPs: 2.958418
>> VLA-Cache inference mode
Current CUDA latency: 115.999199 ms | Average CUDA latency: 174.216429 ms, Average TFLOPs: 2.958375
>> VLA-Cache inference mode
Current CUDA latency: 121.648003 ms | Average CUDA latency: 174.192315 ms, Average TFLOPs: 2.958352
>> VLA-Cache inference mode
Current CUDA latency: 104.722435 ms | Average CUDA latency: 174.160463 ms, Average TFLOPs: 2.958309
>> VLA-Cache inference mode
Current CUDA latency: 100.103424 ms | Average CUDA latency: 174.126523 ms, Average TFLOPs: 2.958239
>> VLA-Cache inference mode
Current CUDA latency: 118.126434 ms | Average CUDA latency: 174.100870 ms, Average TFLOPs: 2.958179
>> VLA-Cache inference mode
Current CUDA latency: 118.253761 ms | Average CUDA latency: 174.075299 ms, Average TFLOPs: 2.958119
>> VLA-Cache inference mode
Current CUDA latency: 145.333694 ms | Average CUDA latency: 174.062145 ms, Average TFLOPs: 2.958080
Average time per step: 581.4527 ms, Control Frequency: 13.76 Hz, Token Reusing Ratio (Primary): 34.68 %, , Token Reusing Ratio (Wrist): 36.73 %
Saved rollout MP4 at path ./rollouts/2026_04_07/primary--2026_04_07-14_35_38--episode=127--success=True--task=pick_up_the_butter_and_place_it_in_the_basket.mp4
Saved rollout MP4 at path ./rollouts/2026_04_07/wrist--2026_04_07-14_35_38--episode=127--success=True--task=pick_up_the_butter_and_place_it_in_the_basket.mp4
04/07 [17:24:17] INFO     | >> Success: True              run_libero_eval.py:230
                 INFO     | >> # episodes completed so    run_libero_eval.py:230
                          far: 127                                              
                 INFO     | >> # successes: 126 (99.2%)   run_libero_eval.py:230

 35%|███▌      | 7/20 [09:47<17:56, 82.81s/it][A                 INFO     | >>                            run_libero_eval.py:230
                          Task: pick up the butter and                          
                          place it in the basket                                
                 INFO     | >> Starting episode 8...      run_libero_eval.py:230
huggingface/tokenizers: The current process just got forked, after parallelism has already been used. Disabling parallelism to avoid deadlocks...
To disable this warning, you can either:
	- Avoid using `tokenizers` before the fork if possible
	- Explicitly set the environment variable TOKENIZERS_PARALLELISM=(true | false)
huggingface/tokenizers: The current process just got forked, after parallelism has already been used. Disabling parallelism to avoid deadlocks...
To disable this warning, you can either:
	- Avoid using `tokenizers` before the fork if possible
	- Explicitly set the environment variable TOKENIZERS_PARALLELISM=(true | false)
>> VLA-Cache inference mode
Current CUDA latency: 340.445679 ms | Average CUDA latency: 174.138259 ms, Average TFLOPs: 2.958422
>> VLA-Cache inference mode
Current CUDA latency: 248.283966 ms | Average CUDA latency: 174.172161 ms, Average TFLOPs: 2.958400
>> VLA-Cache inference mode
Current CUDA latency: 240.452316 ms | Average CUDA latency: 174.202454 ms, Average TFLOPs: 2.958351
>> VLA-Cache inference mode
Current CUDA latency: 133.426331 ms | Average CUDA latency: 174.183826 ms, Average TFLOPs: 2.958343
>> VLA-Cache inference mode
Current CUDA latency: 139.844803 ms | Average CUDA latency: 174.168146 ms, Average TFLOPs: 2.958339
>> VLA-Cache inference mode
Current CUDA latency: 157.493286 ms | Average CUDA latency: 174.160536 ms, Average TFLOPs: 2.958322
>> VLA-Cache inference mode
Current CUDA latency: 129.755585 ms | Average CUDA latency: 174.140278 ms, Average TFLOPs: 2.958281
>> VLA-Cache inference mode
Current CUDA latency: 107.680573 ms | Average CUDA latency: 174.109973 ms, Average TFLOPs: 2.958225
>> VLA-Cache inference mode
Current CUDA latency: 108.629181 ms | Average CUDA latency: 174.080127 ms, Average TFLOPs: 2.958119
>> VLA-Cache inference mode
Current CUDA latency: 101.864769 ms | Average CUDA latency: 174.047227 ms, Average TFLOPs: 2.958024
>> VLA-Cache inference mode
Current CUDA latency: 109.952255 ms | Average CUDA latency: 174.018040 ms, Average TFLOPs: 2.957970
>> VLA-Cache inference mode
Current CUDA latency: 190.164124 ms | Average CUDA latency: 174.025389 ms, Average TFLOPs: 2.957930
>> VLA-Cache inference mode
Current CUDA latency: 210.041626 ms | Average CUDA latency: 174.041775 ms, Average TFLOPs: 2.957868
>> VLA-Cache inference mode
Current CUDA latency: 119.705795 ms | Average CUDA latency: 174.017066 ms, Average TFLOPs: 2.957822
>> VLA-Cache inference mode
Current CUDA latency: 130.717407 ms | Average CUDA latency: 173.997384 ms, Average TFLOPs: 2.957756
>> VLA-Cache inference mode
Current CUDA latency: 143.093475 ms | Average CUDA latency: 173.983343 ms, Average TFLOPs: 2.957745
>> VLA-Cache inference mode
Current CUDA latency: 125.284576 ms | Average CUDA latency: 173.961228 ms, Average TFLOPs: 2.957708
>> VLA-Cache inference mode
Current CUDA latency: 117.007645 ms | Average CUDA latency: 173.935375 ms, Average TFLOPs: 2.957677
Average time per step: 581.2377 ms, Control Frequency: 13.76 Hz, Token Reusing Ratio (Primary): 34.67 %, , Token Reusing Ratio (Wrist): 36.86 %
Saved rollout MP4 at path ./rollouts/2026_04_07/primary--2026_04_07-14_35_38--episode=128--success=True--task=pick_up_the_butter_and_place_it_in_the_basket.mp4
Saved rollout MP4 at path ./rollouts/2026_04_07/wrist--2026_04_07-14_35_38--episode=128--success=True--task=pick_up_the_butter_and_place_it_in_the_basket.mp4
04/07 [17:25:32] INFO     | >> Success: True              run_libero_eval.py:230
                 INFO     | >> # episodes completed so    run_libero_eval.py:230
                          far: 128                                              
                 INFO     | >> # successes: 127 (99.2%)   run_libero_eval.py:230

 40%|████      | 8/20 [11:03<16:05, 80.45s/it][A                 INFO     | >>                            run_libero_eval.py:230
                          Task: pick up the butter and                          
                          place it in the basket                                
                 INFO     | >> Starting episode 9...      run_libero_eval.py:230
huggingface/tokenizers: The current process just got forked, after parallelism has already been used. Disabling parallelism to avoid deadlocks...
To disable this warning, you can either:
	- Avoid using `tokenizers` before the fork if possible
	- Explicitly set the environment variable TOKENIZERS_PARALLELISM=(true | false)
huggingface/tokenizers: The current process just got forked, after parallelism has already been used. Disabling parallelism to avoid deadlocks...
To disable this warning, you can either:
	- Avoid using `tokenizers` before the fork if possible
	- Explicitly set the environment variable TOKENIZERS_PARALLELISM=(true | false)
>> VLA-Cache inference mode
Current CUDA latency: 347.011047 ms | Average CUDA latency: 174.013903 ms, Average TFLOPs: 2.958016
>> VLA-Cache inference mode
Current CUDA latency: 407.865814 ms | Average CUDA latency: 174.119958 ms, Average TFLOPs: 2.958017
>> VLA-Cache inference mode
Current CUDA latency: 158.479004 ms | Average CUDA latency: 174.112868 ms, Average TFLOPs: 2.957998
>> VLA-Cache inference mode
Current CUDA latency: 131.691559 ms | Average CUDA latency: 174.093647 ms, Average TFLOPs: 2.957982
>> VLA-Cache inference mode
Current CUDA latency: 144.198563 ms | Average CUDA latency: 174.080107 ms, Average TFLOPs: 2.957956
>> VLA-Cache inference mode
Current CUDA latency: 124.771965 ms | Average CUDA latency: 174.057786 ms, Average TFLOPs: 2.957949
>> VLA-Cache inference mode
Current CUDA latency: 108.773438 ms | Average CUDA latency: 174.028245 ms, Average TFLOPs: 2.957949
>> VLA-Cache inference mode
Current CUDA latency: 106.933121 ms | Average CUDA latency: 173.997899 ms, Average TFLOPs: 2.957922
>> VLA-Cache inference mode
Current CUDA latency: 108.539680 ms | Average CUDA latency: 173.968307 ms, Average TFLOPs: 2.957898
>> VLA-Cache inference mode
Current CUDA latency: 116.385475 ms | Average CUDA latency: 173.942287 ms, Average TFLOPs: 2.957820
>> VLA-Cache inference mode
Current CUDA latency: 102.918846 ms | Average CUDA latency: 173.910207 ms, Average TFLOPs: 2.957753
>> VLA-Cache inference mode
Current CUDA latency: 118.571709 ms | Average CUDA latency: 173.885224 ms, Average TFLOPs: 2.957699
>> VLA-Cache inference mode
Current CUDA latency: 101.315681 ms | Average CUDA latency: 173.852476 ms, Average TFLOPs: 2.957651
>> VLA-Cache inference mode
Current CUDA latency: 101.925217 ms | Average CUDA latency: 173.820032 ms, Average TFLOPs: 2.957594
>> VLA-Cache inference mode
Current CUDA latency: 111.996735 ms | Average CUDA latency: 173.792159 ms, Average TFLOPs: 2.957564
>> VLA-Cache inference mode
Current CUDA latency: 235.508057 ms | Average CUDA latency: 173.819972 ms, Average TFLOPs: 2.957520
>> VLA-Cache inference mode
Current CUDA latency: 269.262177 ms | Average CUDA latency: 173.862963 ms, Average TFLOPs: 2.957486
>> VLA-Cache inference mode
Current CUDA latency: 189.839233 ms | Average CUDA latency: 173.870157 ms, Average TFLOPs: 2.957455
>> VLA-Cache inference mode
Current CUDA latency: 143.118271 ms | Average CUDA latency: 173.856317 ms, Average TFLOPs: 2.957432
>> VLA-Cache inference mode
Current CUDA latency: 130.515808 ms | Average CUDA latency: 173.836821 ms, Average TFLOPs: 2.957406
Average time per step: 577.1561 ms, Control Frequency: 13.86 Hz, Token Reusing Ratio (Primary): 34.64 %, , Token Reusing Ratio (Wrist): 36.88 %
Saved rollout MP4 at path ./rollouts/2026_04_07/primary--2026_04_07-14_35_38--episode=129--success=True--task=pick_up_the_butter_and_place_it_in_the_basket.mp4
Saved rollout MP4 at path ./rollouts/2026_04_07/wrist--2026_04_07-14_35_38--episode=129--success=True--task=pick_up_the_butter_and_place_it_in_the_basket.mp4
04/07 [17:26:57] INFO     | >> Success: True              run_libero_eval.py:230
                 INFO     | >> # episodes completed so    run_libero_eval.py:230
                          far: 129                                              
                 INFO     | >> # successes: 128 (99.2%)   run_libero_eval.py:230

 45%|████▌     | 9/20 [12:27<14:59, 81.73s/it][A                 INFO     | >>                            run_libero_eval.py:230
                          Task: pick up the butter and                          
                          place it in the basket                                
                 INFO     | >> Starting episode 10...     run_libero_eval.py:230
huggingface/tokenizers: The current process just got forked, after parallelism has already been used. Disabling parallelism to avoid deadlocks...
To disable this warning, you can either:
	- Avoid using `tokenizers` before the fork if possible
	- Explicitly set the environment variable TOKENIZERS_PARALLELISM=(true | false)
huggingface/tokenizers: The current process just got forked, after parallelism has already been used. Disabling parallelism to avoid deadlocks...
To disable this warning, you can either:
	- Avoid using `tokenizers` before the fork if possible
	- Explicitly set the environment variable TOKENIZERS_PARALLELISM=(true | false)
>> VLA-Cache inference mode
Current CUDA latency: 333.267181 ms | Average CUDA latency: 173.908507 ms, Average TFLOPs: 2.957742
>> VLA-Cache inference mode
Current CUDA latency: 257.152252 ms | Average CUDA latency: 173.945920 ms, Average TFLOPs: 2.957731
>> VLA-Cache inference mode
Current CUDA latency: 133.529892 ms | Average CUDA latency: 173.927764 ms, Average TFLOPs: 2.957728
>> VLA-Cache inference mode
Current CUDA latency: 140.094269 ms | Average CUDA latency: 173.912571 ms, Average TFLOPs: 2.957746
>> VLA-Cache inference mode
Current CUDA latency: 137.278656 ms | Average CUDA latency: 173.896129 ms, Average TFLOPs: 2.957775
>> VLA-Cache inference mode
Current CUDA latency: 108.955070 ms | Average CUDA latency: 173.866994 ms, Average TFLOPs: 2.957765
>> VLA-Cache inference mode
Current CUDA latency: 231.737915 ms | Average CUDA latency: 173.892945 ms, Average TFLOPs: 2.957750
>> VLA-Cache inference mode
Current CUDA latency: 181.705276 ms | Average CUDA latency: 173.896447 ms, Average TFLOPs: 2.957730
>> VLA-Cache inference mode
Current CUDA latency: 135.462662 ms | Average CUDA latency: 173.879227 ms, Average TFLOPs: 2.957686
>> VLA-Cache inference mode
Current CUDA latency: 107.534622 ms | Average CUDA latency: 173.849516 ms, Average TFLOPs: 2.957612
>> VLA-Cache inference mode
Current CUDA latency: 115.495712 ms | Average CUDA latency: 173.823396 ms, Average TFLOPs: 2.957551
>> VLA-Cache inference mode
Current CUDA latency: 115.980194 ms | Average CUDA latency: 173.797515 ms, Average TFLOPs: 2.957474
>> VLA-Cache inference mode
Current CUDA latency: 134.868484 ms | Average CUDA latency: 173.780105 ms, Average TFLOPs: 2.957420
>> VLA-Cache inference mode
Current CUDA latency: 101.522530 ms | Average CUDA latency: 173.747804 ms, Average TFLOPs: 2.957382
>> VLA-Cache inference mode
Current CUDA latency: 102.788383 ms | Average CUDA latency: 173.716097 ms, Average TFLOPs: 2.957339
>> VLA-Cache inference mode
Current CUDA latency: 101.138756 ms | Average CUDA latency: 173.683682 ms, Average TFLOPs: 2.957270
>> VLA-Cache inference mode
Current CUDA latency: 103.428963 ms | Average CUDA latency: 173.652318 ms, Average TFLOPs: 2.957214
>> VLA-Cache inference mode
Current CUDA latency: 133.024033 ms | Average CUDA latency: 173.634189 ms, Average TFLOPs: 2.957165
>> VLA-Cache inference mode
Current CUDA latency: 473.418091 ms | Average CUDA latency: 173.767902 ms, Average TFLOPs: 2.957132
Average time per step: 575.4245 ms, Control Frequency: 13.90 Hz, Token Reusing Ratio (Primary): 34.62 %, , Token Reusing Ratio (Wrist): 36.95 %
Saved rollout MP4 at path ./rollouts/2026_04_07/primary--2026_04_07-14_35_38--episode=130--success=True--task=pick_up_the_butter_and_place_it_in_the_basket.mp4
Saved rollout MP4 at path ./rollouts/2026_04_07/wrist--2026_04_07-14_35_38--episode=130--success=True--task=pick_up_the_butter_and_place_it_in_the_basket.mp4
04/07 [17:28:19] INFO     | >> Success: True              run_libero_eval.py:230
                 INFO     | >> # episodes completed so    run_libero_eval.py:230
                          far: 130                                              
                 INFO     | >> # successes: 129 (99.2%)   run_libero_eval.py:230

 50%|█████     | 10/20 [13:49<13:38, 81.84s/it][A                 INFO     | >>                            run_libero_eval.py:230
                          Task: pick up the butter and                          
                          place it in the basket                                
                 INFO     | >> Starting episode 11...     run_libero_eval.py:230
huggingface/tokenizers: The current process just got forked, after parallelism has already been used. Disabling parallelism to avoid deadlocks...
To disable this warning, you can either:
	- Avoid using `tokenizers` before the fork if possible
	- Explicitly set the environment variable TOKENIZERS_PARALLELISM=(true | false)
huggingface/tokenizers: The current process just got forked, after parallelism has already been used. Disabling parallelism to avoid deadlocks...
To disable this warning, you can either:
	- Avoid using `tokenizers` before the fork if possible
	- Explicitly set the environment variable TOKENIZERS_PARALLELISM=(true | false)
>> VLA-Cache inference mode
Current CUDA latency: 372.962280 ms | Average CUDA latency: 173.856709 ms, Average TFLOPs: 2.957466
>> VLA-Cache inference mode
Current CUDA latency: 357.392426 ms | Average CUDA latency: 173.938498 ms, Average TFLOPs: 2.957470
>> VLA-Cache inference mode
Current CUDA latency: 134.298874 ms | Average CUDA latency: 173.920841 ms, Average TFLOPs: 2.957491
>> VLA-Cache inference mode
Current CUDA latency: 123.974174 ms | Average CUDA latency: 173.898603 ms, Average TFLOPs: 2.957518
>> VLA-Cache inference mode
Current CUDA latency: 127.123970 ms | Average CUDA latency: 173.877787 ms, Average TFLOPs: 2.957533
>> VLA-Cache inference mode
Current CUDA latency: 108.560669 ms | Average CUDA latency: 173.848731 ms, Average TFLOPs: 2.957545
>> VLA-Cache inference mode
Current CUDA latency: 127.218208 ms | Average CUDA latency: 173.827997 ms, Average TFLOPs: 2.957525
>> VLA-Cache inference mode
Current CUDA latency: 148.875366 ms | Average CUDA latency: 173.816907 ms, Average TFLOPs: 2.957465
>> VLA-Cache inference mode
Current CUDA latency: 142.905731 ms | Average CUDA latency: 173.803175 ms, Average TFLOPs: 2.957381
>> VLA-Cache inference mode
Current CUDA latency: 100.685890 ms | Average CUDA latency: 173.770707 ms, Average TFLOPs: 2.957308
>> VLA-Cache inference mode
Current CUDA latency: 101.963936 ms | Average CUDA latency: 173.738836 ms, Average TFLOPs: 2.957236
>> VLA-Cache inference mode
Current CUDA latency: 121.202431 ms | Average CUDA latency: 173.715528 ms, Average TFLOPs: 2.957193
>> VLA-Cache inference mode
Current CUDA latency: 102.432861 ms | Average CUDA latency: 173.683917 ms, Average TFLOPs: 2.957158
>> VLA-Cache inference mode
Current CUDA latency: 132.445343 ms | Average CUDA latency: 173.665637 ms, Average TFLOPs: 2.957101
>> VLA-Cache inference mode
Current CUDA latency: 213.961273 ms | Average CUDA latency: 173.683491 ms, Average TFLOPs: 2.957059
>> VLA-Cache inference mode
Current CUDA latency: 188.503143 ms | Average CUDA latency: 173.690054 ms, Average TFLOPs: 2.957018
>> VLA-Cache inference mode
Current CUDA latency: 111.161789 ms | Average CUDA latency: 173.662374 ms, Average TFLOPs: 2.956965
>> VLA-Cache inference mode
Current CUDA latency: 114.759972 ms | Average CUDA latency: 173.636311 ms, Average TFLOPs: 2.956924
>> VLA-Cache inference mode
Current CUDA latency: 123.470718 ms | Average CUDA latency: 173.614124 ms, Average TFLOPs: 2.956900
>> VLA-Cache inference mode
Current CUDA latency: 157.312347 ms | Average CUDA latency: 173.606917 ms, Average TFLOPs: 2.956882
Average time per step: 572.2476 ms, Control Frequency: 13.98 Hz, Token Reusing Ratio (Primary): 34.52 %, , Token Reusing Ratio (Wrist): 36.97 %
Saved rollout MP4 at path ./rollouts/2026_04_07/primary--2026_04_07-14_35_38--episode=131--success=True--task=pick_up_the_butter_and_place_it_in_the_basket.mp4
Saved rollout MP4 at path ./rollouts/2026_04_07/wrist--2026_04_07-14_35_38--episode=131--success=True--task=pick_up_the_butter_and_place_it_in_the_basket.mp4
04/07 [17:29:43] INFO     | >> Success: True              run_libero_eval.py:230
                 INFO     | >> # episodes completed so    run_libero_eval.py:230
                          far: 131                                              
                 INFO     | >> # successes: 130 (99.2%)   run_libero_eval.py:230

 55%|█████▌    | 11/20 [15:14<12:23, 82.63s/it][A                 INFO     | >>                            run_libero_eval.py:230
                          Task: pick up the butter and                          
                          place it in the basket                                
                 INFO     | >> Starting episode 12...     run_libero_eval.py:230
huggingface/tokenizers: The current process just got forked, after parallelism has already been used. Disabling parallelism to avoid deadlocks...
To disable this warning, you can either:
	- Avoid using `tokenizers` before the fork if possible
	- Explicitly set the environment variable TOKENIZERS_PARALLELISM=(true | false)
huggingface/tokenizers: The current process just got forked, after parallelism has already been used. Disabling parallelism to avoid deadlocks...
To disable this warning, you can either:
	- Avoid using `tokenizers` before the fork if possible
	- Explicitly set the environment variable TOKENIZERS_PARALLELISM=(true | false)
>> VLA-Cache inference mode
Current CUDA latency: 318.845428 ms | Average CUDA latency: 173.671097 ms, Average TFLOPs: 2.957213
>> VLA-Cache inference mode
Current CUDA latency: 260.277740 ms | Average CUDA latency: 173.709351 ms, Average TFLOPs: 2.957198
>> VLA-Cache inference mode
Current CUDA latency: 126.511810 ms | Average CUDA latency: 173.688513 ms, Average TFLOPs: 2.957183
>> VLA-Cache inference mode
Current CUDA latency: 118.590721 ms | Average CUDA latency: 173.664198 ms, Average TFLOPs: 2.957171
>> VLA-Cache inference mode
Current CUDA latency: 127.171005 ms | Average CUDA latency: 173.643689 ms, Average TFLOPs: 2.957169
>> VLA-Cache inference mode
Current CUDA latency: 110.769440 ms | Average CUDA latency: 173.615967 ms, Average TFLOPs: 2.957171
>> VLA-Cache inference mode
Current CUDA latency: 113.367264 ms | Average CUDA latency: 173.589414 ms, Average TFLOPs: 2.957164
>> VLA-Cache inference mode
Current CUDA latency: 127.182945 ms | Average CUDA latency: 173.568970 ms, Average TFLOPs: 2.957136
>> VLA-Cache inference mode
Current CUDA latency: 116.386909 ms | Average CUDA latency: 173.543791 ms, Average TFLOPs: 2.957086
>> VLA-Cache inference mode
Current CUDA latency: 189.789856 ms | Average CUDA latency: 173.550942 ms, Average TFLOPs: 2.956973
>> VLA-Cache inference mode
Current CUDA latency: 208.228378 ms | Average CUDA latency: 173.566198 ms, Average TFLOPs: 2.956893
>> VLA-Cache inference mode
Current CUDA latency: 114.309181 ms | Average CUDA latency: 173.540140 ms, Average TFLOPs: 2.956824
>> VLA-Cache inference mode
Current CUDA latency: 126.518684 ms | Average CUDA latency: 173.519471 ms, Average TFLOPs: 2.956771
>> VLA-Cache inference mode
Current CUDA latency: 102.479965 ms | Average CUDA latency: 173.488258 ms, Average TFLOPs: 2.956731
>> VLA-Cache inference mode
Current CUDA latency: 117.090492 ms | Average CUDA latency: 173.463490 ms, Average TFLOPs: 2.956675
>> VLA-Cache inference mode
Current CUDA latency: 100.468925 ms | Average CUDA latency: 173.431447 ms, Average TFLOPs: 2.956616
>> VLA-Cache inference mode
Current CUDA latency: 102.249054 ms | Average CUDA latency: 173.400213 ms, Average TFLOPs: 2.956580
>> VLA-Cache inference mode
Current CUDA latency: 143.867355 ms | Average CUDA latency: 173.387260 ms, Average TFLOPs: 2.956548
>> VLA-Cache inference mode
Current CUDA latency: 101.874466 ms | Average CUDA latency: 173.355908 ms, Average TFLOPs: 2.956509
Average time per step: 567.7216 ms, Control Frequency: 14.09 Hz, Token Reusing Ratio (Primary): 34.51 %, , Token Reusing Ratio (Wrist): 37.07 %
Saved rollout MP4 at path ./rollouts/2026_04_07/primary--2026_04_07-14_35_38--episode=132--success=True--task=pick_up_the_butter_and_place_it_in_the_basket.mp4
Saved rollout MP4 at path ./rollouts/2026_04_07/wrist--2026_04_07-14_35_38--episode=132--success=True--task=pick_up_the_butter_and_place_it_in_the_basket.mp4
04/07 [17:31:05] INFO     | >> Success: True              run_libero_eval.py:230
                 INFO     | >> # episodes completed so    run_libero_eval.py:230
                          far: 132                                              
                 INFO     | >> # successes: 131 (99.2%)   run_libero_eval.py:230

 60%|██████    | 12/20 [16:35<10:58, 82.36s/it][A                 INFO     | >>                            run_libero_eval.py:230
                          Task: pick up the butter and                          
                          place it in the basket                                
                 INFO     | >> Starting episode 13...     run_libero_eval.py:230
huggingface/tokenizers: The current process just got forked, after parallelism has already been used. Disabling parallelism to avoid deadlocks...
To disable this warning, you can either:
	- Avoid using `tokenizers` before the fork if possible
	- Explicitly set the environment variable TOKENIZERS_PARALLELISM=(true | false)
huggingface/tokenizers: The current process just got forked, after parallelism has already been used. Disabling parallelism to avoid deadlocks...
To disable this warning, you can either:
	- Avoid using `tokenizers` before the fork if possible
	- Explicitly set the environment variable TOKENIZERS_PARALLELISM=(true | false)
>> VLA-Cache inference mode
Current CUDA latency: 446.829590 ms | Average CUDA latency: 173.475748 ms, Average TFLOPs: 2.956837
>> VLA-Cache inference mode
Current CUDA latency: 488.189636 ms | Average CUDA latency: 173.613599 ms, Average TFLOPs: 2.956831
>> VLA-Cache inference mode
Current CUDA latency: 270.810791 ms | Average CUDA latency: 173.656154 ms, Average TFLOPs: 2.956819
>> VLA-Cache inference mode
Current CUDA latency: 137.146362 ms | Average CUDA latency: 173.640176 ms, Average TFLOPs: 2.956811
>> VLA-Cache inference mode
Current CUDA latency: 139.657700 ms | Average CUDA latency: 173.625311 ms, Average TFLOPs: 2.956811
>> VLA-Cache inference mode
Current CUDA latency: 107.865761 ms | Average CUDA latency: 173.596557 ms, Average TFLOPs: 2.956798
>> VLA-Cache inference mode
Current CUDA latency: 109.468483 ms | Average CUDA latency: 173.568529 ms, Average TFLOPs: 2.956783
>> VLA-Cache inference mode
Current CUDA latency: 149.618622 ms | Average CUDA latency: 173.558066 ms, Average TFLOPs: 2.956750
>> VLA-Cache inference mode
Current CUDA latency: 310.016235 ms | Average CUDA latency: 173.617655 ms, Average TFLOPs: 2.956691
>> VLA-Cache inference mode
Current CUDA latency: 177.565536 ms | Average CUDA latency: 173.619378 ms, Average TFLOPs: 2.956599
>> VLA-Cache inference mode
Current CUDA latency: 101.504227 ms | Average CUDA latency: 173.587914 ms, Average TFLOPs: 2.956517
>> VLA-Cache inference mode
Current CUDA latency: 100.922783 ms | Average CUDA latency: 173.556224 ms, Average TFLOPs: 2.956439
>> VLA-Cache inference mode
Current CUDA latency: 135.794235 ms | Average CUDA latency: 173.539763 ms, Average TFLOPs: 2.956390
>> VLA-Cache inference mode
Current CUDA latency: 106.825890 ms | Average CUDA latency: 173.510694 ms, Average TFLOPs: 2.956350
>> VLA-Cache inference mode
Current CUDA latency: 107.366272 ms | Average CUDA latency: 173.481885 ms, Average TFLOPs: 2.956306
>> VLA-Cache inference mode
Current CUDA latency: 116.984161 ms | Average CUDA latency: 173.457289 ms, Average TFLOPs: 2.956265
>> VLA-Cache inference mode
Current CUDA latency: 243.901855 ms | Average CUDA latency: 173.487944 ms, Average TFLOPs: 2.956233
>> VLA-Cache inference mode
Current CUDA latency: 168.114975 ms | Average CUDA latency: 173.485606 ms, Average TFLOPs: 2.956175
>> VLA-Cache inference mode
Current CUDA latency: 143.890427 ms | Average CUDA latency: 173.472739 ms, Average TFLOPs: 2.956120
>> VLA-Cache inference mode
Current CUDA latency: 149.998459 ms | Average CUDA latency: 173.462537 ms, Average TFLOPs: 2.956064
Average time per step: 567.9232 ms, Control Frequency: 14.09 Hz, Token Reusing Ratio (Primary): 34.57 %, , Token Reusing Ratio (Wrist): 37.14 %
Saved rollout MP4 at path ./rollouts/2026_04_07/primary--2026_04_07-14_35_38--episode=133--success=True--task=pick_up_the_butter_and_place_it_in_the_basket.mp4
Saved rollout MP4 at path ./rollouts/2026_04_07/wrist--2026_04_07-14_35_38--episode=133--success=True--task=pick_up_the_butter_and_place_it_in_the_basket.mp4
04/07 [17:32:29] INFO     | >> Success: True              run_libero_eval.py:230
                 INFO     | >> # episodes completed so    run_libero_eval.py:230
                          far: 133                                              
                 INFO     | >> # successes: 132 (99.2%)   run_libero_eval.py:230

 65%|██████▌   | 13/20 [18:00<09:40, 82.99s/it][A                 INFO     | >>                            run_libero_eval.py:230
                          Task: pick up the butter and                          
                          place it in the basket                                
                 INFO     | >> Starting episode 14...     run_libero_eval.py:230
huggingface/tokenizers: The current process just got forked, after parallelism has already been used. Disabling parallelism to avoid deadlocks...
To disable this warning, you can either:
	- Avoid using `tokenizers` before the fork if possible
	- Explicitly set the environment variable TOKENIZERS_PARALLELISM=(true | false)
huggingface/tokenizers: The current process just got forked, after parallelism has already been used. Disabling parallelism to avoid deadlocks...
To disable this warning, you can either:
	- Avoid using `tokenizers` before the fork if possible
	- Explicitly set the environment variable TOKENIZERS_PARALLELISM=(true | false)
>> VLA-Cache inference mode
Current CUDA latency: 370.585083 ms | Average CUDA latency: 173.548168 ms, Average TFLOPs: 2.956390
>> VLA-Cache inference mode
Current CUDA latency: 236.823334 ms | Average CUDA latency: 173.575643 ms, Average TFLOPs: 2.956370
>> VLA-Cache inference mode
Current CUDA latency: 118.583809 ms | Average CUDA latency: 173.551775 ms, Average TFLOPs: 2.956357
>> VLA-Cache inference mode
Current CUDA latency: 132.614151 ms | Average CUDA latency: 173.534015 ms, Average TFLOPs: 2.956343
>> VLA-Cache inference mode
Current CUDA latency: 128.095642 ms | Average CUDA latency: 173.514311 ms, Average TFLOPs: 2.956343
>> VLA-Cache inference mode
Current CUDA latency: 107.672546 ms | Average CUDA latency: 173.485771 ms, Average TFLOPs: 2.956327
>> VLA-Cache inference mode
Current CUDA latency: 107.029343 ms | Average CUDA latency: 173.456977 ms, Average TFLOPs: 2.956292
>> VLA-Cache inference mode
Current CUDA latency: 236.445053 ms | Average CUDA latency: 173.484256 ms, Average TFLOPs: 2.956229
>> VLA-Cache inference mode
Current CUDA latency: 184.926041 ms | Average CUDA latency: 173.489209 ms, Average TFLOPs: 2.956153
>> VLA-Cache inference mode
Current CUDA latency: 215.469116 ms | Average CUDA latency: 173.507374 ms, Average TFLOPs: 2.956056
>> VLA-Cache inference mode
Current CUDA latency: 197.760071 ms | Average CUDA latency: 173.517864 ms, Average TFLOPs: 2.955995
>> VLA-Cache inference mode
Current CUDA latency: 157.157379 ms | Average CUDA latency: 173.510791 ms, Average TFLOPs: 2.955955
>> VLA-Cache inference mode
Current CUDA latency: 120.127487 ms | Average CUDA latency: 173.487721 ms, Average TFLOPs: 2.955902
>> VLA-Cache inference mode
Current CUDA latency: 115.133148 ms | Average CUDA latency: 173.462514 ms, Average TFLOPs: 2.955843
>> VLA-Cache inference mode
Current CUDA latency: 115.828255 ms | Average CUDA latency: 173.437629 ms, Average TFLOPs: 2.955788
>> VLA-Cache inference mode
Current CUDA latency: 152.422791 ms | Average CUDA latency: 173.428559 ms, Average TFLOPs: 2.955747
>> VLA-Cache inference mode
Current CUDA latency: 117.057503 ms | Average CUDA latency: 173.404240 ms, Average TFLOPs: 2.955703
>> VLA-Cache inference mode
Current CUDA latency: 167.014694 ms | Average CUDA latency: 173.401485 ms, Average TFLOPs: 2.955678
Average time per step: 568.8413 ms, Control Frequency: 14.06 Hz, Token Reusing Ratio (Primary): 34.58 %, , Token Reusing Ratio (Wrist): 37.12 %
Saved rollout MP4 at path ./rollouts/2026_04_07/primary--2026_04_07-14_35_38--episode=134--success=True--task=pick_up_the_butter_and_place_it_in_the_basket.mp4
Saved rollout MP4 at path ./rollouts/2026_04_07/wrist--2026_04_07-14_35_38--episode=134--success=True--task=pick_up_the_butter_and_place_it_in_the_basket.mp4
04/07 [17:33:42] INFO     | >> Success: True              run_libero_eval.py:230
                 INFO     | >> # episodes completed so    run_libero_eval.py:230
                          far: 134                                              
                 INFO     | >> # successes: 133 (99.3%)   run_libero_eval.py:230

 70%|███████   | 14/20 [19:12<07:58, 79.73s/it][A                 INFO     | >>                            run_libero_eval.py:230
                          Task: pick up the butter and                          
                          place it in the basket                                
                 INFO     | >> Starting episode 15...     run_libero_eval.py:230
huggingface/tokenizers: The current process just got forked, after parallelism has already been used. Disabling parallelism to avoid deadlocks...
To disable this warning, you can either:
	- Avoid using `tokenizers` before the fork if possible
	- Explicitly set the environment variable TOKENIZERS_PARALLELISM=(true | false)
huggingface/tokenizers: The current process just got forked, after parallelism has already been used. Disabling parallelism to avoid deadlocks...
To disable this warning, you can either:
	- Avoid using `tokenizers` before the fork if possible
	- Explicitly set the environment variable TOKENIZERS_PARALLELISM=(true | false)
>> VLA-Cache inference mode
Current CUDA latency: 300.223145 ms | Average CUDA latency: 173.456149 ms, Average TFLOPs: 2.956001
>> VLA-Cache inference mode
Current CUDA latency: 254.273178 ms | Average CUDA latency: 173.490969 ms, Average TFLOPs: 2.955993
>> VLA-Cache inference mode
Current CUDA latency: 141.188965 ms | Average CUDA latency: 173.477058 ms, Average TFLOPs: 2.955966
>> VLA-Cache inference mode
Current CUDA latency: 125.440193 ms | Average CUDA latency: 173.456379 ms, Average TFLOPs: 2.955966
>> VLA-Cache inference mode
Current CUDA latency: 109.249214 ms | Average CUDA latency: 173.428751 ms, Average TFLOPs: 2.955939
>> VLA-Cache inference mode
Current CUDA latency: 108.051521 ms | Average CUDA latency: 173.400632 ms, Average TFLOPs: 2.955912
>> VLA-Cache inference mode
Current CUDA latency: 109.755455 ms | Average CUDA latency: 173.373270 ms, Average TFLOPs: 2.955899
>> VLA-Cache inference mode
Current CUDA latency: 119.768318 ms | Average CUDA latency: 173.350234 ms, Average TFLOPs: 2.955860
>> VLA-Cache inference mode
Current CUDA latency: 105.716995 ms | Average CUDA latency: 173.321182 ms, Average TFLOPs: 2.955813
>> VLA-Cache inference mode
Current CUDA latency: 113.639458 ms | Average CUDA latency: 173.295556 ms, Average TFLOPs: 2.955735
>> VLA-Cache inference mode
Current CUDA latency: 179.828644 ms | Average CUDA latency: 173.298360 ms, Average TFLOPs: 2.955670
>> VLA-Cache inference mode
Current CUDA latency: 195.161819 ms | Average CUDA latency: 173.307739 ms, Average TFLOPs: 2.955625
>> VLA-Cache inference mode
Current CUDA latency: 112.200256 ms | Average CUDA latency: 173.281536 ms, Average TFLOPs: 2.955570
>> VLA-Cache inference mode
Current CUDA latency: 131.169083 ms | Average CUDA latency: 173.263485 ms, Average TFLOPs: 2.955528
>> VLA-Cache inference mode
Current CUDA latency: 106.211197 ms | Average CUDA latency: 173.234756 ms, Average TFLOPs: 2.955484
>> VLA-Cache inference mode
Current CUDA latency: 103.619843 ms | Average CUDA latency: 173.204943 ms, Average TFLOPs: 2.955431
>> VLA-Cache inference mode
Current CUDA latency: 103.586365 ms | Average CUDA latency: 173.175140 ms, Average TFLOPs: 2.955394
>> VLA-Cache inference mode
Current CUDA latency: 118.096291 ms | Average CUDA latency: 173.151572 ms, Average TFLOPs: 2.955356
Average time per step: 568.5942 ms, Control Frequency: 14.07 Hz, Token Reusing Ratio (Primary): 34.59 %, , Token Reusing Ratio (Wrist): 37.05 %
Saved rollout MP4 at path ./rollouts/2026_04_07/primary--2026_04_07-14_35_38--episode=135--success=True--task=pick_up_the_butter_and_place_it_in_the_basket.mp4
Saved rollout MP4 at path ./rollouts/2026_04_07/wrist--2026_04_07-14_35_38--episode=135--success=True--task=pick_up_the_butter_and_place_it_in_the_basket.mp4
04/07 [17:34:54] INFO     | >> Success: True              run_libero_eval.py:230
                 INFO     | >> # episodes completed so    run_libero_eval.py:230
                          far: 135                                              
                 INFO     | >> # successes: 134 (99.3%)   run_libero_eval.py:230

 75%|███████▌  | 15/20 [20:24<06:27, 77.51s/it][A                 INFO     | >>                            run_libero_eval.py:230
                          Task: pick up the butter and                          
                          place it in the basket                                
                 INFO     | >> Starting episode 16...     run_libero_eval.py:230
huggingface/tokenizers: The current process just got forked, after parallelism has already been used. Disabling parallelism to avoid deadlocks...
To disable this warning, you can either:
	- Avoid using `tokenizers` before the fork if possible
	- Explicitly set the environment variable TOKENIZERS_PARALLELISM=(true | false)
huggingface/tokenizers: The current process just got forked, after parallelism has already been used. Disabling parallelism to avoid deadlocks...
To disable this warning, you can either:
	- Avoid using `tokenizers` before the fork if possible
	- Explicitly set the environment variable TOKENIZERS_PARALLELISM=(true | false)
>> VLA-Cache inference mode
Current CUDA latency: 406.128174 ms | Average CUDA latency: 173.251220 ms, Average TFLOPs: 2.955677
>> VLA-Cache inference mode
Current CUDA latency: 546.893677 ms | Average CUDA latency: 173.410964 ms, Average TFLOPs: 2.955667
>> VLA-Cache inference mode
Current CUDA latency: 166.737595 ms | Average CUDA latency: 173.408112 ms, Average TFLOPs: 2.955659
>> VLA-Cache inference mode
Current CUDA latency: 113.188766 ms | Average CUDA latency: 173.382389 ms, Average TFLOPs: 2.955651
>> VLA-Cache inference mode
Current CUDA latency: 110.044029 ms | Average CUDA latency: 173.355344 ms, Average TFLOPs: 2.955649
>> VLA-Cache inference mode
Current CUDA latency: 110.119293 ms | Average CUDA latency: 173.328355 ms, Average TFLOPs: 2.955638
>> VLA-Cache inference mode
Current CUDA latency: 185.208130 ms | Average CUDA latency: 173.333423 ms, Average TFLOPs: 2.955613
>> VLA-Cache inference mode
Current CUDA latency: 182.557404 ms | Average CUDA latency: 173.337356 ms, Average TFLOPs: 2.955587
>> VLA-Cache inference mode
Current CUDA latency: 115.476929 ms | Average CUDA latency: 173.312693 ms, Average TFLOPs: 2.955530
>> VLA-Cache inference mode
Current CUDA latency: 112.268768 ms | Average CUDA latency: 173.286684 ms, Average TFLOPs: 2.955461
>> VLA-Cache inference mode
Current CUDA latency: 102.303780 ms | Average CUDA latency: 173.256452 ms, Average TFLOPs: 2.955396
>> VLA-Cache inference mode
Current CUDA latency: 250.057541 ms | Average CUDA latency: 173.289148 ms, Average TFLOPs: 2.955339
>> VLA-Cache inference mode
Current CUDA latency: 244.348068 ms | Average CUDA latency: 173.319385 ms, Average TFLOPs: 2.955296
>> VLA-Cache inference mode
Current CUDA latency: 273.862762 ms | Average CUDA latency: 173.362152 ms, Average TFLOPs: 2.955255
>> VLA-Cache inference mode
Current CUDA latency: 114.985374 ms | Average CUDA latency: 173.337332 ms, Average TFLOPs: 2.955223
>> VLA-Cache inference mode
Current CUDA latency: 108.618912 ms | Average CUDA latency: 173.309827 ms, Average TFLOPs: 2.955183
>> VLA-Cache inference mode
Current CUDA latency: 102.153854 ms | Average CUDA latency: 173.279599 ms, Average TFLOPs: 2.955131
>> VLA-Cache inference mode
Current CUDA latency: 120.665886 ms | Average CUDA latency: 173.257258 ms, Average TFLOPs: 2.955075
>> VLA-Cache inference mode
Current CUDA latency: 101.977921 ms | Average CUDA latency: 173.227004 ms, Average TFLOPs: 2.955026
Average time per step: 571.1320 ms, Control Frequency: 14.01 Hz, Token Reusing Ratio (Primary): 34.56 %, , Token Reusing Ratio (Wrist): 37.12 %
Saved rollout MP4 at path ./rollouts/2026_04_07/primary--2026_04_07-14_35_38--episode=136--success=True--task=pick_up_the_butter_and_place_it_in_the_basket.mp4
Saved rollout MP4 at path ./rollouts/2026_04_07/wrist--2026_04_07-14_35_38--episode=136--success=True--task=pick_up_the_butter_and_place_it_in_the_basket.mp4
04/07 [17:36:19] INFO     | >> Success: True              run_libero_eval.py:230
                 INFO     | >> # episodes completed so    run_libero_eval.py:230
                          far: 136                                              
                 INFO     | >> # successes: 135 (99.3%)   run_libero_eval.py:230

 80%|████████  | 16/20 [21:49<05:18, 79.65s/it][A                 INFO     | >>                            run_libero_eval.py:230
                          Task: pick up the butter and                          
                          place it in the basket                                
                 INFO     | >> Starting episode 17...     run_libero_eval.py:230
huggingface/tokenizers: The current process just got forked, after parallelism has already been used. Disabling parallelism to avoid deadlocks...
To disable this warning, you can either:
	- Avoid using `tokenizers` before the fork if possible
	- Explicitly set the environment variable TOKENIZERS_PARALLELISM=(true | false)
huggingface/tokenizers: The current process just got forked, after parallelism has already been used. Disabling parallelism to avoid deadlocks...
To disable this warning, you can either:
	- Avoid using `tokenizers` before the fork if possible
	- Explicitly set the environment variable TOKENIZERS_PARALLELISM=(true | false)
>> VLA-Cache inference mode
Current CUDA latency: 451.693176 ms | Average CUDA latency: 173.345148 ms, Average TFLOPs: 2.955344
>> VLA-Cache inference mode
Current CUDA latency: 359.259003 ms | Average CUDA latency: 173.423992 ms, Average TFLOPs: 2.955342
>> VLA-Cache inference mode
Current CUDA latency: 134.204697 ms | Average CUDA latency: 173.407366 ms, Average TFLOPs: 2.955344
>> VLA-Cache inference mode
Current CUDA latency: 118.592575 ms | Average CUDA latency: 173.384140 ms, Average TFLOPs: 2.955357
>> VLA-Cache inference mode
Current CUDA latency: 111.815552 ms | Average CUDA latency: 173.358062 ms, Average TFLOPs: 2.955384
>> VLA-Cache inference mode
Current CUDA latency: 114.700798 ms | Average CUDA latency: 173.333229 ms, Average TFLOPs: 2.955396
>> VLA-Cache inference mode
Current CUDA latency: 146.983353 ms | Average CUDA latency: 173.322078 ms, Average TFLOPs: 2.955379
>> VLA-Cache inference mode
Current CUDA latency: 108.699364 ms | Average CUDA latency: 173.294742 ms, Average TFLOPs: 2.955357
>> VLA-Cache inference mode
Current CUDA latency: 151.399841 ms | Average CUDA latency: 173.285484 ms, Average TFLOPs: 2.955296
>> VLA-Cache inference mode
Current CUDA latency: 110.707069 ms | Average CUDA latency: 173.259035 ms, Average TFLOPs: 2.955230
>> VLA-Cache inference mode
Current CUDA latency: 112.582497 ms | Average CUDA latency: 173.233400 ms, Average TFLOPs: 2.955168
>> VLA-Cache inference mode
Current CUDA latency: 107.437538 ms | Average CUDA latency: 173.205615 ms, Average TFLOPs: 2.955160
>> VLA-Cache inference mode
Current CUDA latency: 135.767258 ms | Average CUDA latency: 173.189811 ms, Average TFLOPs: 2.955141
>> VLA-Cache inference mode
Current CUDA latency: 107.063423 ms | Average CUDA latency: 173.161910 ms, Average TFLOPs: 2.955120
>> VLA-Cache inference mode
Current CUDA latency: 109.607040 ms | Average CUDA latency: 173.135105 ms, Average TFLOPs: 2.955094
>> VLA-Cache inference mode
Current CUDA latency: 123.033218 ms | Average CUDA latency: 173.113983 ms, Average TFLOPs: 2.955064
>> VLA-Cache inference mode
Current CUDA latency: 119.028290 ms | Average CUDA latency: 173.091191 ms, Average TFLOPs: 2.955018
>> VLA-Cache inference mode
Current CUDA latency: 109.206146 ms | Average CUDA latency: 173.064280 ms, Average TFLOPs: 2.954977
>> VLA-Cache inference mode
Current CUDA latency: 123.700989 ms | Average CUDA latency: 173.043496 ms, Average TFLOPs: 2.954932
Average time per step: 568.2995 ms, Control Frequency: 14.08 Hz, Token Reusing Ratio (Primary): 34.58 %, , Token Reusing Ratio (Wrist): 37.07 %
Saved rollout MP4 at path ./rollouts/2026_04_07/primary--2026_04_07-14_35_38--episode=137--success=True--task=pick_up_the_butter_and_place_it_in_the_basket.mp4
Saved rollout MP4 at path ./rollouts/2026_04_07/wrist--2026_04_07-14_35_38--episode=137--success=True--task=pick_up_the_butter_and_place_it_in_the_basket.mp4
04/07 [17:37:39] INFO     | >> Success: True              run_libero_eval.py:230
                 INFO     | >> # episodes completed so    run_libero_eval.py:230
                          far: 137                                              
                 INFO     | >> # successes: 136 (99.3%)   run_libero_eval.py:230

 85%|████████▌ | 17/20 [23:09<03:59, 79.86s/it][A                 INFO     | >>                            run_libero_eval.py:230
                          Task: pick up the butter and                          
                          place it in the basket                                
                 INFO     | >> Starting episode 18...     run_libero_eval.py:230
huggingface/tokenizers: The current process just got forked, after parallelism has already been used. Disabling parallelism to avoid deadlocks...
To disable this warning, you can either:
	- Avoid using `tokenizers` before the fork if possible
	- Explicitly set the environment variable TOKENIZERS_PARALLELISM=(true | false)
huggingface/tokenizers: The current process just got forked, after parallelism has already been used. Disabling parallelism to avoid deadlocks...
To disable this warning, you can either:
	- Avoid using `tokenizers` before the fork if possible
	- Explicitly set the environment variable TOKENIZERS_PARALLELISM=(true | false)
>> VLA-Cache inference mode
Current CUDA latency: 368.498688 ms | Average CUDA latency: 173.125758 ms, Average TFLOPs: 2.955248
>> VLA-Cache inference mode
Current CUDA latency: 314.686401 ms | Average CUDA latency: 173.185312 ms, Average TFLOPs: 2.955253
>> VLA-Cache inference mode
Current CUDA latency: 152.871231 ms | Average CUDA latency: 173.176770 ms, Average TFLOPs: 2.955242
>> VLA-Cache inference mode
Current CUDA latency: 147.163422 ms | Average CUDA latency: 173.165835 ms, Average TFLOPs: 2.955238
>> VLA-Cache inference mode
Current CUDA latency: 111.084740 ms | Average CUDA latency: 173.139751 ms, Average TFLOPs: 2.955233
>> VLA-Cache inference mode
Current CUDA latency: 124.573921 ms | Average CUDA latency: 173.119354 ms, Average TFLOPs: 2.955230
>> VLA-Cache inference mode
Current CUDA latency: 108.771935 ms | Average CUDA latency: 173.092339 ms, Average TFLOPs: 2.955210
>> VLA-Cache inference mode
Current CUDA latency: 112.602013 ms | Average CUDA latency: 173.066955 ms, Average TFLOPs: 2.955163
>> VLA-Cache inference mode
Current CUDA latency: 102.645248 ms | Average CUDA latency: 173.037416 ms, Average TFLOPs: 2.955112
>> VLA-Cache inference mode
Current CUDA latency: 106.224831 ms | Average CUDA latency: 173.009402 ms, Average TFLOPs: 2.955047
>> VLA-Cache inference mode
Current CUDA latency: 102.030563 ms | Average CUDA latency: 172.979654 ms, Average TFLOPs: 2.954983
>> VLA-Cache inference mode
Current CUDA latency: 115.348671 ms | Average CUDA latency: 172.955511 ms, Average TFLOPs: 2.954920
>> VLA-Cache inference mode
Current CUDA latency: 115.764961 ms | Average CUDA latency: 172.931562 ms, Average TFLOPs: 2.954873
>> VLA-Cache inference mode
Current CUDA latency: 101.466942 ms | Average CUDA latency: 172.901647 ms, Average TFLOPs: 2.954839
>> VLA-Cache inference mode
Current CUDA latency: 101.184227 ms | Average CUDA latency: 172.871640 ms, Average TFLOPs: 2.954792
>> VLA-Cache inference mode
Current CUDA latency: 112.723648 ms | Average CUDA latency: 172.846484 ms, Average TFLOPs: 2.954730
>> VLA-Cache inference mode
Current CUDA latency: 102.098877 ms | Average CUDA latency: 172.816907 ms, Average TFLOPs: 2.954679
>> VLA-Cache inference mode
Current CUDA latency: 107.394562 ms | Average CUDA latency: 172.789568 ms, Average TFLOPs: 2.954627
>> VLA-Cache inference mode
Current CUDA latency: 194.883423 ms | Average CUDA latency: 172.798797 ms, Average TFLOPs: 2.954588
>> VLA-Cache inference mode
Current CUDA latency: 264.465485 ms | Average CUDA latency: 172.837071 ms, Average TFLOPs: 2.954550
Average time per step: 567.0605 ms, Control Frequency: 14.11 Hz, Token Reusing Ratio (Primary): 34.60 %, , Token Reusing Ratio (Wrist): 37.13 %
Saved rollout MP4 at path ./rollouts/2026_04_07/primary--2026_04_07-14_35_38--episode=138--success=True--task=pick_up_the_butter_and_place_it_in_the_basket.mp4
Saved rollout MP4 at path ./rollouts/2026_04_07/wrist--2026_04_07-14_35_38--episode=138--success=True--task=pick_up_the_butter_and_place_it_in_the_basket.mp4
04/07 [17:39:00] INFO     | >> Success: True              run_libero_eval.py:230
                 INFO     | >> # episodes completed so    run_libero_eval.py:230
                          far: 138                                              
                 INFO     | >> # successes: 137 (99.3%)   run_libero_eval.py:230

 90%|█████████ | 18/20 [24:30<02:40, 80.23s/it][A                 INFO     | >>                            run_libero_eval.py:230
                          Task: pick up the butter and                          
                          place it in the basket                                
                 INFO     | >> Starting episode 19...     run_libero_eval.py:230
huggingface/tokenizers: The current process just got forked, after parallelism has already been used. Disabling parallelism to avoid deadlocks...
To disable this warning, you can either:
	- Avoid using `tokenizers` before the fork if possible
	- Explicitly set the environment variable TOKENIZERS_PARALLELISM=(true | false)
huggingface/tokenizers: The current process just got forked, after parallelism has already been used. Disabling parallelism to avoid deadlocks...
To disable this warning, you can either:
	- Avoid using `tokenizers` before the fork if possible
	- Explicitly set the environment variable TOKENIZERS_PARALLELISM=(true | false)
>> VLA-Cache inference mode
Current CUDA latency: 328.002441 ms | Average CUDA latency: 172.901832 ms, Average TFLOPs: 2.954863
>> VLA-Cache inference mode
Current CUDA latency: 278.801971 ms | Average CUDA latency: 172.946012 ms, Average TFLOPs: 2.954851
>> VLA-Cache inference mode
Current CUDA latency: 181.780869 ms | Average CUDA latency: 172.949696 ms, Average TFLOPs: 2.954813
>> VLA-Cache inference mode
Current CUDA latency: 130.409210 ms | Average CUDA latency: 172.931964 ms, Average TFLOPs: 2.954800
>> VLA-Cache inference mode
Current CUDA latency: 345.148743 ms | Average CUDA latency: 173.003721 ms, Average TFLOPs: 2.954784
>> VLA-Cache inference mode
Current CUDA latency: 233.843399 ms | Average CUDA latency: 173.029060 ms, Average TFLOPs: 2.954751
>> VLA-Cache inference mode
Current CUDA latency: 151.376831 ms | Average CUDA latency: 173.020046 ms, Average TFLOPs: 2.954691
>> VLA-Cache inference mode
Current CUDA latency: 107.635071 ms | Average CUDA latency: 172.992836 ms, Average TFLOPs: 2.954611
>> VLA-Cache inference mode
Current CUDA latency: 113.188896 ms | Average CUDA latency: 172.967959 ms, Average TFLOPs: 2.954520
>> VLA-Cache inference mode
Current CUDA latency: 100.810081 ms | Average CUDA latency: 172.937956 ms, Average TFLOPs: 2.954453
>> VLA-Cache inference mode
Current CUDA latency: 101.009758 ms | Average CUDA latency: 172.908060 ms, Average TFLOPs: 2.954383
>> VLA-Cache inference mode
Current CUDA latency: 101.645309 ms | Average CUDA latency: 172.878454 ms, Average TFLOPs: 2.954339
>> VLA-Cache inference mode
Current CUDA latency: 262.175812 ms | Average CUDA latency: 172.915538 ms, Average TFLOPs: 2.954284
>> VLA-Cache inference mode
Current CUDA latency: 149.702759 ms | Average CUDA latency: 172.905902 ms, Average TFLOPs: 2.954236
>> VLA-Cache inference mode
Current CUDA latency: 117.874466 ms | Average CUDA latency: 172.883067 ms, Average TFLOPs: 2.954182
>> VLA-Cache inference mode
Current CUDA latency: 103.802689 ms | Average CUDA latency: 172.854415 ms, Average TFLOPs: 2.954132
>> VLA-Cache inference mode
Current CUDA latency: 119.870750 ms | Average CUDA latency: 172.832448 ms, Average TFLOPs: 2.954084
>> VLA-Cache inference mode
Current CUDA latency: 441.945068 ms | Average CUDA latency: 172.943974 ms, Average TFLOPs: 2.954071
Average time per step: 570.0044 ms, Control Frequency: 14.03 Hz, Token Reusing Ratio (Primary): 34.64 %, , Token Reusing Ratio (Wrist): 37.14 %
Saved rollout MP4 at path ./rollouts/2026_04_07/primary--2026_04_07-14_35_38--episode=139--success=True--task=pick_up_the_butter_and_place_it_in_the_basket.mp4
Saved rollout MP4 at path ./rollouts/2026_04_07/wrist--2026_04_07-14_35_38--episode=139--success=True--task=pick_up_the_butter_and_place_it_in_the_basket.mp4
04/07 [17:40:19] INFO     | >> Success: True              run_libero_eval.py:230
                 INFO     | >> # episodes completed so    run_libero_eval.py:230
                          far: 139                                              
                 INFO     | >> # successes: 138 (99.3%)   run_libero_eval.py:230

 95%|█████████▌| 19/20 [25:49<01:19, 79.82s/it][A                 INFO     | >>                            run_libero_eval.py:230
                          Task: pick up the butter and                          
                          place it in the basket                                
                 INFO     | >> Starting episode 20...     run_libero_eval.py:230
huggingface/tokenizers: The current process just got forked, after parallelism has already been used. Disabling parallelism to avoid deadlocks...
To disable this warning, you can either:
	- Avoid using `tokenizers` before the fork if possible
	- Explicitly set the environment variable TOKENIZERS_PARALLELISM=(true | false)
huggingface/tokenizers: The current process just got forked, after parallelism has already been used. Disabling parallelism to avoid deadlocks...
To disable this warning, you can either:
	- Avoid using `tokenizers` before the fork if possible
	- Explicitly set the environment variable TOKENIZERS_PARALLELISM=(true | false)
>> VLA-Cache inference mode
Current CUDA latency: 399.326843 ms | Average CUDA latency: 173.037754 ms, Average TFLOPs: 2.954383
>> VLA-Cache inference mode
Current CUDA latency: 382.518646 ms | Average CUDA latency: 173.124495 ms, Average TFLOPs: 2.954385
>> VLA-Cache inference mode
Current CUDA latency: 146.171783 ms | Average CUDA latency: 173.113339 ms, Average TFLOPs: 2.954370
>> VLA-Cache inference mode
Current CUDA latency: 117.768707 ms | Average CUDA latency: 173.090441 ms, Average TFLOPs: 2.954358
>> VLA-Cache inference mode
Current CUDA latency: 133.182404 ms | Average CUDA latency: 173.073937 ms, Average TFLOPs: 2.954329
>> VLA-Cache inference mode
Current CUDA latency: 110.975426 ms | Average CUDA latency: 173.048265 ms, Average TFLOPs: 2.954301
>> VLA-Cache inference mode
Current CUDA latency: 131.697601 ms | Average CUDA latency: 173.031178 ms, Average TFLOPs: 2.954273
>> VLA-Cache inference mode
Current CUDA latency: 151.481415 ms | Average CUDA latency: 173.022277 ms, Average TFLOPs: 2.954237
>> VLA-Cache inference mode
Current CUDA latency: 166.194656 ms | Average CUDA latency: 173.019458 ms, Average TFLOPs: 2.954199
>> VLA-Cache inference mode
Current CUDA latency: 185.612198 ms | Average CUDA latency: 173.024655 ms, Average TFLOPs: 2.954122
>> VLA-Cache inference mode
Current CUDA latency: 151.560349 ms | Average CUDA latency: 173.015800 ms, Average TFLOPs: 2.954023
>> VLA-Cache inference mode
Current CUDA latency: 122.557762 ms | Average CUDA latency: 172.994993 ms, Average TFLOPs: 2.953960
>> VLA-Cache inference mode
Current CUDA latency: 127.285698 ms | Average CUDA latency: 172.976152 ms, Average TFLOPs: 2.953904
>> VLA-Cache inference mode
Current CUDA latency: 136.189056 ms | Average CUDA latency: 172.960994 ms, Average TFLOPs: 2.953859
>> VLA-Cache inference mode
Current CUDA latency: 103.148575 ms | Average CUDA latency: 172.932241 ms, Average TFLOPs: 2.953811
>> VLA-Cache inference mode
Current CUDA latency: 102.484734 ms | Average CUDA latency: 172.903238 ms, Average TFLOPs: 2.953766
>> VLA-Cache inference mode
Current CUDA latency: 101.616867 ms | Average CUDA latency: 172.873902 ms, Average TFLOPs: 2.953727
>> VLA-Cache inference mode
Current CUDA latency: 123.218750 ms | Average CUDA latency: 172.853477 ms, Average TFLOPs: 2.953705
>> VLA-Cache inference mode
Current CUDA latency: 100.914238 ms | Average CUDA latency: 172.823896 ms, Average TFLOPs: 2.953654
>> VLA-Cache inference mode
Current CUDA latency: 125.686783 ms | Average CUDA latency: 172.804522 ms, Average TFLOPs: 2.953628
Average time per step: 569.4124 ms, Control Frequency: 14.05 Hz, Token Reusing Ratio (Primary): 34.66 %, , Token Reusing Ratio (Wrist): 37.17 %
Saved rollout MP4 at path ./rollouts/2026_04_07/primary--2026_04_07-14_35_38--episode=140--success=True--task=pick_up_the_butter_and_place_it_in_the_basket.mp4
Saved rollout MP4 at path ./rollouts/2026_04_07/wrist--2026_04_07-14_35_38--episode=140--success=True--task=pick_up_the_butter_and_place_it_in_the_basket.mp4
04/07 [17:41:45] INFO     | >> Success: True              run_libero_eval.py:230
                 INFO     | >> # episodes completed so    run_libero_eval.py:230
                          far: 140                                              
                 INFO     | >> # successes: 139 (99.3%)   run_libero_eval.py:230

100%|██████████| 20/20 [27:16<00:00, 81.79s/it][A100%|██████████| 20/20 [27:16<00:00, 81.81s/it]
                 INFO     | >> Current task success rate: run_libero_eval.py:230
                          1.0                                                   
                 INFO     | >> Current total success      run_libero_eval.py:230
                          rate: 0.9928571428571429                              
 70%|███████   | 7/10 [3:05:23<1:18:08, 1562.87s/it][Warning]: datasets path /root/sj-tmp/workspace/LIBERO/libero/libero/../datasets does not exist!
                 INFO     | >> Using default initial      run_libero_eval.py:230
                          states                                                
[Warning]: datasets path /root/sj-tmp/workspace/LIBERO/libero/libero/../datasets does not exist!

  0%|          | 0/20 [00:00<?, ?it/s][A04/07 [17:41:48] INFO     | >>                            run_libero_eval.py:230
                          Task: pick up the milk and                            
                          place it in the basket                                
                 INFO     | >> Starting episode 1...      run_libero_eval.py:230
huggingface/tokenizers: The current process just got forked, after parallelism has already been used. Disabling parallelism to avoid deadlocks...
To disable this warning, you can either:
	- Avoid using `tokenizers` before the fork if possible
	- Explicitly set the environment variable TOKENIZERS_PARALLELISM=(true | false)
huggingface/tokenizers: The current process just got forked, after parallelism has already been used. Disabling parallelism to avoid deadlocks...
To disable this warning, you can either:
	- Avoid using `tokenizers` before the fork if possible
	- Explicitly set the environment variable TOKENIZERS_PARALLELISM=(true | false)
>> VLA-Cache inference mode
Current CUDA latency: 372.826355 ms | Average CUDA latency: 172.886701 ms, Average TFLOPs: 2.953935
>> VLA-Cache inference mode
Current CUDA latency: 278.909821 ms | Average CUDA latency: 172.930242 ms, Average TFLOPs: 2.953938
>> VLA-Cache inference mode
Current CUDA latency: 272.259338 ms | Average CUDA latency: 172.971017 ms, Average TFLOPs: 2.953947
>> VLA-Cache inference mode
Current CUDA latency: 201.192505 ms | Average CUDA latency: 172.982598 ms, Average TFLOPs: 2.953932
>> VLA-Cache inference mode
Current CUDA latency: 103.602371 ms | Average CUDA latency: 172.954140 ms, Average TFLOPs: 2.953899
>> VLA-Cache inference mode
Current CUDA latency: 101.235298 ms | Average CUDA latency: 172.924735 ms, Average TFLOPs: 2.953858
>> VLA-Cache inference mode
Current CUDA latency: 109.548416 ms | Average CUDA latency: 172.898761 ms, Average TFLOPs: 2.953813
>> VLA-Cache inference mode
Current CUDA latency: 111.498146 ms | Average CUDA latency: 172.873607 ms, Average TFLOPs: 2.953781
>> VLA-Cache inference mode
Current CUDA latency: 102.721085 ms | Average CUDA latency: 172.844880 ms, Average TFLOPs: 2.953745
>> VLA-Cache inference mode
Current CUDA latency: 107.466881 ms | Average CUDA latency: 172.818118 ms, Average TFLOPs: 2.953716
>> VLA-Cache inference mode
Current CUDA latency: 115.759232 ms | Average CUDA latency: 172.794772 ms, Average TFLOPs: 2.953683
>> VLA-Cache inference mode
Current CUDA latency: 116.213860 ms | Average CUDA latency: 172.771630 ms, Average TFLOPs: 2.953643
>> VLA-Cache inference mode
Current CUDA latency: 112.303230 ms | Average CUDA latency: 172.746909 ms, Average TFLOPs: 2.953617
>> VLA-Cache inference mode
Current CUDA latency: 108.872223 ms | Average CUDA latency: 172.720806 ms, Average TFLOPs: 2.953596
>> VLA-Cache inference mode
Current CUDA latency: 108.747330 ms | Average CUDA latency: 172.694673 ms, Average TFLOPs: 2.953571
>> VLA-Cache inference mode
Current CUDA latency: 135.472580 ms | Average CUDA latency: 172.679474 ms, Average TFLOPs: 2.953561
>> VLA-Cache inference mode
Current CUDA latency: 115.231041 ms | Average CUDA latency: 172.656025 ms, Average TFLOPs: 2.953555
Average time per step: 571.2550 ms, Control Frequency: 14.00 Hz, Token Reusing Ratio (Primary): 33.66 %, , Token Reusing Ratio (Wrist): 36.31 %
Saved rollout MP4 at path ./rollouts/2026_04_07/primary--2026_04_07-14_35_38--episode=141--success=True--task=pick_up_the_milk_and_place_it_in_the_basket.mp4
Saved rollout MP4 at path ./rollouts/2026_04_07/wrist--2026_04_07-14_35_38--episode=141--success=True--task=pick_up_the_milk_and_place_it_in_the_basket.mp4
04/07 [17:42:56] INFO     | >> Success: True              run_libero_eval.py:230
                 INFO     | >> # episodes completed so    run_libero_eval.py:230
                          far: 141                                              
                 INFO     | >> # successes: 140 (99.3%)   run_libero_eval.py:230

  5%|▌         | 1/20 [01:08<21:32, 68.02s/it][A                 INFO     | >>                            run_libero_eval.py:230
                          Task: pick up the milk and                            
                          place it in the basket                                
                 INFO     | >> Starting episode 2...      run_libero_eval.py:230
huggingface/tokenizers: The current process just got forked, after parallelism has already been used. Disabling parallelism to avoid deadlocks...
To disable this warning, you can either:
	- Avoid using `tokenizers` before the fork if possible
	- Explicitly set the environment variable TOKENIZERS_PARALLELISM=(true | false)
huggingface/tokenizers: The current process just got forked, after parallelism has already been used. Disabling parallelism to avoid deadlocks...
To disable this warning, you can either:
	- Avoid using `tokenizers` before the fork if possible
	- Explicitly set the environment variable TOKENIZERS_PARALLELISM=(true | false)
>> VLA-Cache inference mode
Current CUDA latency: 387.473938 ms | Average CUDA latency: 172.743670 ms, Average TFLOPs: 2.953860
>> VLA-Cache inference mode
Current CUDA latency: 363.886871 ms | Average CUDA latency: 172.821624 ms, Average TFLOPs: 2.953855
>> VLA-Cache inference mode
Current CUDA latency: 137.564102 ms | Average CUDA latency: 172.807251 ms, Average TFLOPs: 2.953866
>> VLA-Cache inference mode
Current CUDA latency: 125.896797 ms | Average CUDA latency: 172.788135 ms, Average TFLOPs: 2.953854
>> VLA-Cache inference mode
Current CUDA latency: 123.842880 ms | Average CUDA latency: 172.768198 ms, Average TFLOPs: 2.953847
>> VLA-Cache inference mode
Current CUDA latency: 123.084450 ms | Average CUDA latency: 172.747969 ms, Average TFLOPs: 2.953828
>> VLA-Cache inference mode
Current CUDA latency: 108.951073 ms | Average CUDA latency: 172.722003 ms, Average TFLOPs: 2.953816
>> VLA-Cache inference mode
Current CUDA latency: 128.544830 ms | Average CUDA latency: 172.704031 ms, Average TFLOPs: 2.953783
>> VLA-Cache inference mode
Current CUDA latency: 176.449051 ms | Average CUDA latency: 172.705554 ms, Average TFLOPs: 2.953731
>> VLA-Cache inference mode
Current CUDA latency: 109.725182 ms | Average CUDA latency: 172.679952 ms, Average TFLOPs: 2.953710
>> VLA-Cache inference mode
Current CUDA latency: 164.903549 ms | Average CUDA latency: 172.676792 ms, Average TFLOPs: 2.953694
>> VLA-Cache inference mode
Current CUDA latency: 102.956253 ms | Average CUDA latency: 172.648473 ms, Average TFLOPs: 2.953661
>> VLA-Cache inference mode
Current CUDA latency: 107.828255 ms | Average CUDA latency: 172.622156 ms, Average TFLOPs: 2.953631
>> VLA-Cache inference mode
Current CUDA latency: 535.091858 ms | Average CUDA latency: 172.769262 ms, Average TFLOPs: 2.953605
>> VLA-Cache inference mode
Current CUDA latency: 374.659607 ms | Average CUDA latency: 172.851165 ms, Average TFLOPs: 2.953577
>> VLA-Cache inference mode
Current CUDA latency: 142.483932 ms | Average CUDA latency: 172.838850 ms, Average TFLOPs: 2.953561
>> VLA-Cache inference mode
Current CUDA latency: 111.136604 ms | Average CUDA latency: 172.813839 ms, Average TFLOPs: 2.953540
Average time per step: 612.2795 ms, Control Frequency: 13.07 Hz, Token Reusing Ratio (Primary): 33.58 %, , Token Reusing Ratio (Wrist): 35.62 %
Saved rollout MP4 at path ./rollouts/2026_04_07/primary--2026_04_07-14_35_38--episode=142--success=True--task=pick_up_the_milk_and_place_it_in_the_basket.mp4
Saved rollout MP4 at path ./rollouts/2026_04_07/wrist--2026_04_07-14_35_38--episode=142--success=True--task=pick_up_the_milk_and_place_it_in_the_basket.mp4
04/07 [17:44:10] INFO     | >> Success: True              run_libero_eval.py:230
                 INFO     | >> # episodes completed so    run_libero_eval.py:230
                          far: 142                                              
                 INFO     | >> # successes: 141 (99.3%)   run_libero_eval.py:230

 10%|█         | 2/20 [02:22<21:36, 72.05s/it][A                 INFO     | >>                            run_libero_eval.py:230
                          Task: pick up the milk and                            
                          place it in the basket                                
                 INFO     | >> Starting episode 3...      run_libero_eval.py:230
huggingface/tokenizers: The current process just got forked, after parallelism has already been used. Disabling parallelism to avoid deadlocks...
To disable this warning, you can either:
	- Avoid using `tokenizers` before the fork if possible
	- Explicitly set the environment variable TOKENIZERS_PARALLELISM=(true | false)
huggingface/tokenizers: The current process just got forked, after parallelism has already been used. Disabling parallelism to avoid deadlocks...
To disable this warning, you can either:
	- Avoid using `tokenizers` before the fork if possible
	- Explicitly set the environment variable TOKENIZERS_PARALLELISM=(true | false)
>> VLA-Cache inference mode
Current CUDA latency: 320.979401 ms | Average CUDA latency: 172.873874 ms, Average TFLOPs: 2.953842
>> VLA-Cache inference mode
Current CUDA latency: 247.510529 ms | Average CUDA latency: 172.904104 ms, Average TFLOPs: 2.953849
>> VLA-Cache inference mode
Current CUDA latency: 116.902626 ms | Average CUDA latency: 172.881431 ms, Average TFLOPs: 2.953847
>> VLA-Cache inference mode
Current CUDA latency: 137.694214 ms | Average CUDA latency: 172.867191 ms, Average TFLOPs: 2.953858
>> VLA-Cache inference mode
Current CUDA latency: 215.698563 ms | Average CUDA latency: 172.884517 ms, Average TFLOPs: 2.953867
>> VLA-Cache inference mode
Current CUDA latency: 233.520935 ms | Average CUDA latency: 172.909037 ms, Average TFLOPs: 2.953861
>> VLA-Cache inference mode
Current CUDA latency: 146.635132 ms | Average CUDA latency: 172.898417 ms, Average TFLOPs: 2.953860
>> VLA-Cache inference mode
Current CUDA latency: 134.027740 ms | Average CUDA latency: 172.882711 ms, Average TFLOPs: 2.953852
>> VLA-Cache inference mode
Current CUDA latency: 134.611649 ms | Average CUDA latency: 172.867255 ms, Average TFLOPs: 2.953826
>> VLA-Cache inference mode
Current CUDA latency: 121.324509 ms | Average CUDA latency: 172.846446 ms, Average TFLOPs: 2.953771
>> VLA-Cache inference mode
Current CUDA latency: 102.835457 ms | Average CUDA latency: 172.818193 ms, Average TFLOPs: 2.953730
>> VLA-Cache inference mode
Current CUDA latency: 113.401535 ms | Average CUDA latency: 172.794225 ms, Average TFLOPs: 2.953706
>> VLA-Cache inference mode
Current CUDA latency: 190.780838 ms | Average CUDA latency: 172.801478 ms, Average TFLOPs: 2.953703
>> VLA-Cache inference mode
Current CUDA latency: 244.091812 ms | Average CUDA latency: 172.830212 ms, Average TFLOPs: 2.953694
>> VLA-Cache inference mode
Current CUDA latency: 142.559586 ms | Average CUDA latency: 172.818016 ms, Average TFLOPs: 2.953685
>> VLA-Cache inference mode
Current CUDA latency: 107.486435 ms | Average CUDA latency: 172.791705 ms, Average TFLOPs: 2.953668
>> VLA-Cache inference mode
Current CUDA latency: 157.132065 ms | Average CUDA latency: 172.785400 ms, Average TFLOPs: 2.953671
Average time per step: 611.9765 ms, Control Frequency: 13.07 Hz, Token Reusing Ratio (Primary): 33.07 %, , Token Reusing Ratio (Wrist): 35.41 %
Saved rollout MP4 at path ./rollouts/2026_04_07/primary--2026_04_07-14_35_38--episode=143--success=True--task=pick_up_the_milk_and_place_it_in_the_basket.mp4
Saved rollout MP4 at path ./rollouts/2026_04_07/wrist--2026_04_07-14_35_38--episode=143--success=True--task=pick_up_the_milk_and_place_it_in_the_basket.mp4
04/07 [17:45:24] INFO     | >> Success: True              run_libero_eval.py:230
                 INFO     | >> # episodes completed so    run_libero_eval.py:230
                          far: 143                                              
                 INFO     | >> # successes: 142 (99.3%)   run_libero_eval.py:230

 15%|█▌        | 3/20 [03:36<20:33, 72.54s/it][A                 INFO     | >>                            run_libero_eval.py:230
                          Task: pick up the milk and                            
                          place it in the basket                                
                 INFO     | >> Starting episode 4...      run_libero_eval.py:230
huggingface/tokenizers: The current process just got forked, after parallelism has already been used. Disabling parallelism to avoid deadlocks...
To disable this warning, you can either:
	- Avoid using `tokenizers` before the fork if possible
	- Explicitly set the environment variable TOKENIZERS_PARALLELISM=(true | false)
huggingface/tokenizers: The current process just got forked, after parallelism has already been used. Disabling parallelism to avoid deadlocks...
To disable this warning, you can either:
	- Avoid using `tokenizers` before the fork if possible
	- Explicitly set the environment variable TOKENIZERS_PARALLELISM=(true | false)
>> VLA-Cache inference mode
Current CUDA latency: 351.919189 ms | Average CUDA latency: 172.857486 ms, Average TFLOPs: 2.953971
>> VLA-Cache inference mode
Current CUDA latency: 245.085022 ms | Average CUDA latency: 172.886540 ms, Average TFLOPs: 2.953980
>> VLA-Cache inference mode
Current CUDA latency: 122.753662 ms | Average CUDA latency: 172.866382 ms, Average TFLOPs: 2.953982
>> VLA-Cache inference mode
Current CUDA latency: 149.728378 ms | Average CUDA latency: 172.857082 ms, Average TFLOPs: 2.953972
>> VLA-Cache inference mode
Current CUDA latency: 112.510468 ms | Average CUDA latency: 172.832837 ms, Average TFLOPs: 2.953939
>> VLA-Cache inference mode
Current CUDA latency: 108.729118 ms | Average CUDA latency: 172.807093 ms, Average TFLOPs: 2.953922
>> VLA-Cache inference mode
Current CUDA latency: 133.458054 ms | Average CUDA latency: 172.791296 ms, Average TFLOPs: 2.953899
>> VLA-Cache inference mode
Current CUDA latency: 130.171783 ms | Average CUDA latency: 172.774194 ms, Average TFLOPs: 2.953867
>> VLA-Cache inference mode
Current CUDA latency: 166.449753 ms | Average CUDA latency: 172.771657 ms, Average TFLOPs: 2.953801
>> VLA-Cache inference mode
Current CUDA latency: 135.652069 ms | Average CUDA latency: 172.756773 ms, Average TFLOPs: 2.953760
>> VLA-Cache inference mode
Current CUDA latency: 156.189850 ms | Average CUDA latency: 172.750133 ms, Average TFLOPs: 2.953727
>> VLA-Cache inference mode
Current CUDA latency: 136.428543 ms | Average CUDA latency: 172.735581 ms, Average TFLOPs: 2.953675
>> VLA-Cache inference mode
Current CUDA latency: 112.112511 ms | Average CUDA latency: 172.711303 ms, Average TFLOPs: 2.953648
>> VLA-Cache inference mode
Current CUDA latency: 127.102783 ms | Average CUDA latency: 172.693045 ms, Average TFLOPs: 2.953623
>> VLA-Cache inference mode
Current CUDA latency: 107.594048 ms | Average CUDA latency: 172.666995 ms, Average TFLOPs: 2.953598
>> VLA-Cache inference mode
Current CUDA latency: 164.363556 ms | Average CUDA latency: 172.663673 ms, Average TFLOPs: 2.953588
Average time per step: 609.5711 ms, Control Frequency: 13.12 Hz, Token Reusing Ratio (Primary): 33.02 %, , Token Reusing Ratio (Wrist): 35.54 %
Saved rollout MP4 at path ./rollouts/2026_04_07/primary--2026_04_07-14_35_38--episode=144--success=True--task=pick_up_the_milk_and_place_it_in_the_basket.mp4
Saved rollout MP4 at path ./rollouts/2026_04_07/wrist--2026_04_07-14_35_38--episode=144--success=True--task=pick_up_the_milk_and_place_it_in_the_basket.mp4
04/07 [17:46:33] INFO     | >> Success: True              run_libero_eval.py:230
                 INFO     | >> # episodes completed so    run_libero_eval.py:230
                          far: 144                                              
                 INFO     | >> # successes: 143 (99.3%)   run_libero_eval.py:230

 20%|██        | 4/20 [04:45<19:02, 71.42s/it][A                 INFO     | >>                            run_libero_eval.py:230
                          Task: pick up the milk and                            
                          place it in the basket                                
                 INFO     | >> Starting episode 5...      run_libero_eval.py:230
huggingface/tokenizers: The current process just got forked, after parallelism has already been used. Disabling parallelism to avoid deadlocks...
To disable this warning, you can either:
	- Avoid using `tokenizers` before the fork if possible
	- Explicitly set the environment variable TOKENIZERS_PARALLELISM=(true | false)
huggingface/tokenizers: The current process just got forked, after parallelism has already been used. Disabling parallelism to avoid deadlocks...
To disable this warning, you can either:
	- Avoid using `tokenizers` before the fork if possible
	- Explicitly set the environment variable TOKENIZERS_PARALLELISM=(true | false)
>> VLA-Cache inference mode
Current CUDA latency: 301.595337 ms | Average CUDA latency: 172.715225 ms, Average TFLOPs: 2.953886
>> VLA-Cache inference mode
Current CUDA latency: 248.663940 ms | Average CUDA latency: 172.745581 ms, Average TFLOPs: 2.953897
>> VLA-Cache inference mode
Current CUDA latency: 138.639679 ms | Average CUDA latency: 172.731955 ms, Average TFLOPs: 2.953899
>> VLA-Cache inference mode
Current CUDA latency: 132.214691 ms | Average CUDA latency: 172.715774 ms, Average TFLOPs: 2.953865
>> VLA-Cache inference mode
Current CUDA latency: 111.170212 ms | Average CUDA latency: 172.691205 ms, Average TFLOPs: 2.953862
>> VLA-Cache inference mode
Current CUDA latency: 126.007202 ms | Average CUDA latency: 172.672576 ms, Average TFLOPs: 2.953854
>> VLA-Cache inference mode
Current CUDA latency: 124.719261 ms | Average CUDA latency: 172.653448 ms, Average TFLOPs: 2.953842
>> VLA-Cache inference mode
Current CUDA latency: 137.198563 ms | Average CUDA latency: 172.639311 ms, Average TFLOPs: 2.953813
>> VLA-Cache inference mode
Current CUDA latency: 228.591110 ms | Average CUDA latency: 172.661612 ms, Average TFLOPs: 2.953778
>> VLA-Cache inference mode
Current CUDA latency: 129.408295 ms | Average CUDA latency: 172.644379 ms, Average TFLOPs: 2.953742
>> VLA-Cache inference mode
Current CUDA latency: 145.032227 ms | Average CUDA latency: 172.633383 ms, Average TFLOPs: 2.953720
>> VLA-Cache inference mode
Current CUDA latency: 126.091492 ms | Average CUDA latency: 172.614855 ms, Average TFLOPs: 2.953690
>> VLA-Cache inference mode
Current CUDA latency: 107.919075 ms | Average CUDA latency: 172.589110 ms, Average TFLOPs: 2.953663
>> VLA-Cache inference mode
Current CUDA latency: 138.696671 ms | Average CUDA latency: 172.575629 ms, Average TFLOPs: 2.953636
>> VLA-Cache inference mode
Current CUDA latency: 138.330109 ms | Average CUDA latency: 172.562012 ms, Average TFLOPs: 2.953624
>> VLA-Cache inference mode
Current CUDA latency: 145.815674 ms | Average CUDA latency: 172.551382 ms, Average TFLOPs: 2.953622
Average time per step: 603.9307 ms, Control Frequency: 13.25 Hz, Token Reusing Ratio (Primary): 33.03 %, , Token Reusing Ratio (Wrist): 35.47 %
Saved rollout MP4 at path ./rollouts/2026_04_07/primary--2026_04_07-14_35_38--episode=145--success=True--task=pick_up_the_milk_and_place_it_in_the_basket.mp4
Saved rollout MP4 at path ./rollouts/2026_04_07/wrist--2026_04_07-14_35_38--episode=145--success=True--task=pick_up_the_milk_and_place_it_in_the_basket.mp4
04/07 [17:47:44] INFO     | >> Success: True              run_libero_eval.py:230
                 INFO     | >> # episodes completed so    run_libero_eval.py:230
                          far: 145                                              
                 INFO     | >> # successes: 144 (99.3%)   run_libero_eval.py:230

 25%|██▌       | 5/20 [05:56<17:45, 71.06s/it][A                 INFO     | >>                            run_libero_eval.py:230
                          Task: pick up the milk and                            
                          place it in the basket                                
                 INFO     | >> Starting episode 6...      run_libero_eval.py:230
huggingface/tokenizers: The current process just got forked, after parallelism has already been used. Disabling parallelism to avoid deadlocks...
To disable this warning, you can either:
	- Avoid using `tokenizers` before the fork if possible
	- Explicitly set the environment variable TOKENIZERS_PARALLELISM=(true | false)
huggingface/tokenizers: The current process just got forked, after parallelism has already been used. Disabling parallelism to avoid deadlocks...
To disable this warning, you can either:
	- Avoid using `tokenizers` before the fork if possible
	- Explicitly set the environment variable TOKENIZERS_PARALLELISM=(true | false)
>> VLA-Cache inference mode
Current CUDA latency: 673.116821 ms | Average CUDA latency: 172.750256 ms, Average TFLOPs: 2.953918
>> VLA-Cache inference mode
Current CUDA latency: 529.382568 ms | Average CUDA latency: 172.891889 ms, Average TFLOPs: 2.953920
>> VLA-Cache inference mode
Current CUDA latency: 157.565918 ms | Average CUDA latency: 172.885805 ms, Average TFLOPs: 2.953931
>> VLA-Cache inference mode
Current CUDA latency: 110.817123 ms | Average CUDA latency: 172.861174 ms, Average TFLOPs: 2.953944
>> VLA-Cache inference mode
Current CUDA latency: 147.015808 ms | Average CUDA latency: 172.850922 ms, Average TFLOPs: 2.953934
>> VLA-Cache inference mode
Current CUDA latency: 129.788773 ms | Average CUDA latency: 172.833848 ms, Average TFLOPs: 2.953920
>> VLA-Cache inference mode
Current CUDA latency: 134.357437 ms | Average CUDA latency: 172.818597 ms, Average TFLOPs: 2.953902
>> VLA-Cache inference mode
Current CUDA latency: 127.756477 ms | Average CUDA latency: 172.800744 ms, Average TFLOPs: 2.953863
>> VLA-Cache inference mode
Current CUDA latency: 117.340157 ms | Average CUDA latency: 172.778779 ms, Average TFLOPs: 2.953804
>> VLA-Cache inference mode
Current CUDA latency: 119.132866 ms | Average CUDA latency: 172.757542 ms, Average TFLOPs: 2.953739
>> VLA-Cache inference mode
Current CUDA latency: 287.480133 ms | Average CUDA latency: 172.802941 ms, Average TFLOPs: 2.953693
>> VLA-Cache inference mode
Current CUDA latency: 487.997803 ms | Average CUDA latency: 172.927622 ms, Average TFLOPs: 2.953671
>> VLA-Cache inference mode
Current CUDA latency: 176.162842 ms | Average CUDA latency: 172.928901 ms, Average TFLOPs: 2.953645
>> VLA-Cache inference mode
Current CUDA latency: 109.960609 ms | Average CUDA latency: 172.904013 ms, Average TFLOPs: 2.953611
>> VLA-Cache inference mode
Current CUDA latency: 118.826591 ms | Average CUDA latency: 172.882647 ms, Average TFLOPs: 2.953579
>> VLA-Cache inference mode
Current CUDA latency: 146.517990 ms | Average CUDA latency: 172.872234 ms, Average TFLOPs: 2.953561
>> VLA-Cache inference mode
Current CUDA latency: 130.913605 ms | Average CUDA latency: 172.855669 ms, Average TFLOPs: 2.953534
>> VLA-Cache inference mode
Current CUDA latency: 117.741058 ms | Average CUDA latency: 172.833919 ms, Average TFLOPs: 2.953498
>> VLA-Cache inference mode
Current CUDA latency: 130.384796 ms | Average CUDA latency: 172.817174 ms, Average TFLOPs: 2.953474
Average time per step: 618.2574 ms, Control Frequency: 12.94 Hz, Token Reusing Ratio (Primary): 33.01 %, , Token Reusing Ratio (Wrist): 35.60 %
Saved rollout MP4 at path ./rollouts/2026_04_07/primary--2026_04_07-14_35_38--episode=146--success=True--task=pick_up_the_milk_and_place_it_in_the_basket.mp4
Saved rollout MP4 at path ./rollouts/2026_04_07/wrist--2026_04_07-14_35_38--episode=146--success=True--task=pick_up_the_milk_and_place_it_in_the_basket.mp4
04/07 [17:49:04] INFO     | >> Success: True              run_libero_eval.py:230
                 INFO     | >> # episodes completed so    run_libero_eval.py:230
                          far: 146                                              
                 INFO     | >> # successes: 145 (99.3%)   run_libero_eval.py:230

 30%|███       | 6/20 [07:16<17:18, 74.16s/it][A                 INFO     | >>                            run_libero_eval.py:230
                          Task: pick up the milk and                            
                          place it in the basket                                
                 INFO     | >> Starting episode 7...      run_libero_eval.py:230
huggingface/tokenizers: The current process just got forked, after parallelism has already been used. Disabling parallelism to avoid deadlocks...
To disable this warning, you can either:
	- Avoid using `tokenizers` before the fork if possible
	- Explicitly set the environment variable TOKENIZERS_PARALLELISM=(true | false)
huggingface/tokenizers: The current process just got forked, after parallelism has already been used. Disabling parallelism to avoid deadlocks...
To disable this warning, you can either:
	- Avoid using `tokenizers` before the fork if possible
	- Explicitly set the environment variable TOKENIZERS_PARALLELISM=(true | false)
>> VLA-Cache inference mode
Current CUDA latency: 409.744171 ms | Average CUDA latency: 172.910600 ms, Average TFLOPs: 2.953768
>> VLA-Cache inference mode
Current CUDA latency: 330.378174 ms | Average CUDA latency: 172.972668 ms, Average TFLOPs: 2.953774
>> VLA-Cache inference mode
Current CUDA latency: 139.637085 ms | Average CUDA latency: 172.959533 ms, Average TFLOPs: 2.953790
>> VLA-Cache inference mode
Current CUDA latency: 121.009697 ms | Average CUDA latency: 172.939073 ms, Average TFLOPs: 2.953786
>> VLA-Cache inference mode
Current CUDA latency: 111.258049 ms | Average CUDA latency: 172.914789 ms, Average TFLOPs: 2.953785
>> VLA-Cache inference mode
Current CUDA latency: 109.853027 ms | Average CUDA latency: 172.889971 ms, Average TFLOPs: 2.953776
>> VLA-Cache inference mode
Current CUDA latency: 108.614784 ms | Average CUDA latency: 172.864686 ms, Average TFLOPs: 2.953757
>> VLA-Cache inference mode
Current CUDA latency: 114.564636 ms | Average CUDA latency: 172.841760 ms, Average TFLOPs: 2.953731
>> VLA-Cache inference mode
Current CUDA latency: 116.822304 ms | Average CUDA latency: 172.819740 ms, Average TFLOPs: 2.953668
>> VLA-Cache inference mode
Current CUDA latency: 106.337982 ms | Average CUDA latency: 172.793617 ms, Average TFLOPs: 2.953593
>> VLA-Cache inference mode
Current CUDA latency: 104.970268 ms | Average CUDA latency: 172.766978 ms, Average TFLOPs: 2.953537
>> VLA-Cache inference mode
Current CUDA latency: 101.830307 ms | Average CUDA latency: 172.739127 ms, Average TFLOPs: 2.953489
>> VLA-Cache inference mode
Current CUDA latency: 111.069725 ms | Average CUDA latency: 172.714924 ms, Average TFLOPs: 2.953486
>> VLA-Cache inference mode
Current CUDA latency: 180.520386 ms | Average CUDA latency: 172.717986 ms, Average TFLOPs: 2.953479
>> VLA-Cache inference mode
Current CUDA latency: 208.831268 ms | Average CUDA latency: 172.732148 ms, Average TFLOPs: 2.953421
>> VLA-Cache inference mode
Current CUDA latency: 125.960068 ms | Average CUDA latency: 172.713814 ms, Average TFLOPs: 2.953413
>> VLA-Cache inference mode
Current CUDA latency: 147.592865 ms | Average CUDA latency: 172.703970 ms, Average TFLOPs: 2.953387
>> VLA-Cache inference mode
Current CUDA latency: 110.965508 ms | Average CUDA latency: 172.679787 ms, Average TFLOPs: 2.953364
>> VLA-Cache inference mode
Current CUDA latency: 126.120033 ms | Average CUDA latency: 172.661557 ms, Average TFLOPs: 2.953339
>> VLA-Cache inference mode
Current CUDA latency: 154.087875 ms | Average CUDA latency: 172.654288 ms, Average TFLOPs: 2.953328
>> VLA-Cache inference mode
Current CUDA latency: 132.538437 ms | Average CUDA latency: 172.638593 ms, Average TFLOPs: 2.953307
>> VLA-Cache inference mode
Current CUDA latency: 129.546265 ms | Average CUDA latency: 172.621740 ms, Average TFLOPs: 2.953324
>> VLA-Cache inference mode
Current CUDA latency: 156.602402 ms | Average CUDA latency: 172.615478 ms, Average TFLOPs: 2.953333
Average time per step: 598.6531 ms, Control Frequency: 13.36 Hz, Token Reusing Ratio (Primary): 33.25 %, , Token Reusing Ratio (Wrist): 35.74 %
Saved rollout MP4 at path ./rollouts/2026_04_07/primary--2026_04_07-14_35_38--episode=147--success=True--task=pick_up_the_milk_and_place_it_in_the_basket.mp4
Saved rollout MP4 at path ./rollouts/2026_04_07/wrist--2026_04_07-14_35_38--episode=147--success=True--task=pick_up_the_milk_and_place_it_in_the_basket.mp4
04/07 [17:50:40] INFO     | >> Success: True              run_libero_eval.py:230
                 INFO     | >> # episodes completed so    run_libero_eval.py:230
                          far: 147                                              
                 INFO     | >> # successes: 146 (99.3%)   run_libero_eval.py:230

 35%|███▌      | 7/20 [08:52<17:36, 81.27s/it][A                 INFO     | >>                            run_libero_eval.py:230
                          Task: pick up the milk and                            
                          place it in the basket                                
                 INFO     | >> Starting episode 8...      run_libero_eval.py:230
huggingface/tokenizers: The current process just got forked, after parallelism has already been used. Disabling parallelism to avoid deadlocks...
To disable this warning, you can either:
	- Avoid using `tokenizers` before the fork if possible
	- Explicitly set the environment variable TOKENIZERS_PARALLELISM=(true | false)
huggingface/tokenizers: The current process just got forked, after parallelism has already been used. Disabling parallelism to avoid deadlocks...
To disable this warning, you can either:
	- Avoid using `tokenizers` before the fork if possible
	- Explicitly set the environment variable TOKENIZERS_PARALLELISM=(true | false)
>> VLA-Cache inference mode
Current CUDA latency: 379.664398 ms | Average CUDA latency: 172.696388 ms, Average TFLOPs: 2.953624
>> VLA-Cache inference mode
Current CUDA latency: 364.761078 ms | Average CUDA latency: 172.771413 ms, Average TFLOPs: 2.953623
>> VLA-Cache inference mode
Current CUDA latency: 122.957565 ms | Average CUDA latency: 172.751962 ms, Average TFLOPs: 2.953645
>> VLA-Cache inference mode
Current CUDA latency: 171.484390 ms | Average CUDA latency: 172.751467 ms, Average TFLOPs: 2.953632
>> VLA-Cache inference mode
Current CUDA latency: 125.445213 ms | Average CUDA latency: 172.733010 ms, Average TFLOPs: 2.953616
>> VLA-Cache inference mode
Current CUDA latency: 122.150177 ms | Average CUDA latency: 172.713282 ms, Average TFLOPs: 2.953603
>> VLA-Cache inference mode
Current CUDA latency: 148.759079 ms | Average CUDA latency: 172.703943 ms, Average TFLOPs: 2.953592
>> VLA-Cache inference mode
Current CUDA latency: 117.495552 ms | Average CUDA latency: 172.682428 ms, Average TFLOPs: 2.953561
>> VLA-Cache inference mode
Current CUDA latency: 123.702942 ms | Average CUDA latency: 172.663347 ms, Average TFLOPs: 2.953532
>> VLA-Cache inference mode
Current CUDA latency: 127.125923 ms | Average CUDA latency: 172.645614 ms, Average TFLOPs: 2.953531
>> VLA-Cache inference mode
Current CUDA latency: 127.348511 ms | Average CUDA latency: 172.627982 ms, Average TFLOPs: 2.953530
>> VLA-Cache inference mode
Current CUDA latency: 135.390457 ms | Average CUDA latency: 172.613493 ms, Average TFLOPs: 2.953512
>> VLA-Cache inference mode
Current CUDA latency: 180.041351 ms | Average CUDA latency: 172.616382 ms, Average TFLOPs: 2.953492
>> VLA-Cache inference mode
Current CUDA latency: 301.564423 ms | Average CUDA latency: 172.666517 ms, Average TFLOPs: 2.953484
>> VLA-Cache inference mode
Current CUDA latency: 136.598434 ms | Average CUDA latency: 172.652499 ms, Average TFLOPs: 2.953469
>> VLA-Cache inference mode
Current CUDA latency: 127.696068 ms | Average CUDA latency: 172.635034 ms, Average TFLOPs: 2.953437
Average time per step: 598.0999 ms, Control Frequency: 13.38 Hz, Token Reusing Ratio (Primary): 33.18 %, , Token Reusing Ratio (Wrist): 35.64 %
Saved rollout MP4 at path ./rollouts/2026_04_07/primary--2026_04_07-14_35_38--episode=148--success=True--task=pick_up_the_milk_and_place_it_in_the_basket.mp4
Saved rollout MP4 at path ./rollouts/2026_04_07/wrist--2026_04_07-14_35_38--episode=148--success=True--task=pick_up_the_milk_and_place_it_in_the_basket.mp4
04/07 [17:51:52] INFO     | >> Success: True              run_libero_eval.py:230
                 INFO     | >> # episodes completed so    run_libero_eval.py:230
                          far: 148                                              
                 INFO     | >> # successes: 147 (99.3%)   run_libero_eval.py:230

 40%|████      | 8/20 [10:04<15:40, 78.34s/it][A                 INFO     | >>                            run_libero_eval.py:230
                          Task: pick up the milk and                            
                          place it in the basket                                
                 INFO     | >> Starting episode 9...      run_libero_eval.py:230
huggingface/tokenizers: The current process just got forked, after parallelism has already been used. Disabling parallelism to avoid deadlocks...
To disable this warning, you can either:
	- Avoid using `tokenizers` before the fork if possible
	- Explicitly set the environment variable TOKENIZERS_PARALLELISM=(true | false)
huggingface/tokenizers: The current process just got forked, after parallelism has already been used. Disabling parallelism to avoid deadlocks...
To disable this warning, you can either:
	- Avoid using `tokenizers` before the fork if possible
	- Explicitly set the environment variable TOKENIZERS_PARALLELISM=(true | false)
>> VLA-Cache inference mode
Current CUDA latency: 337.044861 ms | Average CUDA latency: 172.698882 ms, Average TFLOPs: 2.953726
>> VLA-Cache inference mode
Current CUDA latency: 266.375793 ms | Average CUDA latency: 172.735248 ms, Average TFLOPs: 2.953741
>> VLA-Cache inference mode
Current CUDA latency: 149.956039 ms | Average CUDA latency: 172.726408 ms, Average TFLOPs: 2.953747
>> VLA-Cache inference mode
Current CUDA latency: 143.119614 ms | Average CUDA latency: 172.714924 ms, Average TFLOPs: 2.953728
>> VLA-Cache inference mode
Current CUDA latency: 125.053665 ms | Average CUDA latency: 172.696443 ms, Average TFLOPs: 2.953715
>> VLA-Cache inference mode
Current CUDA latency: 126.755676 ms | Average CUDA latency: 172.678637 ms, Average TFLOPs: 2.953700
>> VLA-Cache inference mode
Current CUDA latency: 127.876129 ms | Average CUDA latency: 172.661278 ms, Average TFLOPs: 2.953684
>> VLA-Cache inference mode
Current CUDA latency: 231.511398 ms | Average CUDA latency: 172.684071 ms, Average TFLOPs: 2.953649
>> VLA-Cache inference mode
Current CUDA latency: 214.093124 ms | Average CUDA latency: 172.700102 ms, Average TFLOPs: 2.953613
>> VLA-Cache inference mode
Current CUDA latency: 179.024826 ms | Average CUDA latency: 172.702550 ms, Average TFLOPs: 2.953588
>> VLA-Cache inference mode
Current CUDA latency: 205.130875 ms | Average CUDA latency: 172.715094 ms, Average TFLOPs: 2.953569
>> VLA-Cache inference mode
Current CUDA latency: 145.218689 ms | Average CUDA latency: 172.704462 ms, Average TFLOPs: 2.953537
>> VLA-Cache inference mode
Current CUDA latency: 122.630112 ms | Average CUDA latency: 172.685106 ms, Average TFLOPs: 2.953510
>> VLA-Cache inference mode
Current CUDA latency: 120.119583 ms | Average CUDA latency: 172.664794 ms, Average TFLOPs: 2.953477
>> VLA-Cache inference mode
Current CUDA latency: 107.622177 ms | Average CUDA latency: 172.639672 ms, Average TFLOPs: 2.953458
>> VLA-Cache inference mode
Current CUDA latency: 143.843903 ms | Average CUDA latency: 172.628554 ms, Average TFLOPs: 2.953448
>> VLA-Cache inference mode
Current CUDA latency: 109.688637 ms | Average CUDA latency: 172.604262 ms, Average TFLOPs: 2.953416
Average time per step: 597.2439 ms, Control Frequency: 13.39 Hz, Token Reusing Ratio (Primary): 33.16 %, , Token Reusing Ratio (Wrist): 35.64 %
Saved rollout MP4 at path ./rollouts/2026_04_07/primary--2026_04_07-14_35_38--episode=149--success=True--task=pick_up_the_milk_and_place_it_in_the_basket.mp4
Saved rollout MP4 at path ./rollouts/2026_04_07/wrist--2026_04_07-14_35_38--episode=149--success=True--task=pick_up_the_milk_and_place_it_in_the_basket.mp4
04/07 [17:53:03] INFO     | >> Success: True              run_libero_eval.py:230
                 INFO     | >> # episodes completed so    run_libero_eval.py:230
                          far: 149                                              
                 INFO     | >> # successes: 148 (99.3%)   run_libero_eval.py:230

 45%|████▌     | 9/20 [11:15<13:57, 76.11s/it][A                 INFO     | >>                            run_libero_eval.py:230
                          Task: pick up the milk and                            
                          place it in the basket                                
                 INFO     | >> Starting episode 10...     run_libero_eval.py:230
huggingface/tokenizers: The current process just got forked, after parallelism has already been used. Disabling parallelism to avoid deadlocks...
To disable this warning, you can either:
	- Avoid using `tokenizers` before the fork if possible
	- Explicitly set the environment variable TOKENIZERS_PARALLELISM=(true | false)
huggingface/tokenizers: The current process just got forked, after parallelism has already been used. Disabling parallelism to avoid deadlocks...
To disable this warning, you can either:
	- Avoid using `tokenizers` before the fork if possible
	- Explicitly set the environment variable TOKENIZERS_PARALLELISM=(true | false)
>> VLA-Cache inference mode
Current CUDA latency: 316.140717 ms | Average CUDA latency: 172.659639 ms, Average TFLOPs: 2.953704
>> VLA-Cache inference mode
Current CUDA latency: 239.215012 ms | Average CUDA latency: 172.685306 ms, Average TFLOPs: 2.953713
>> VLA-Cache inference mode
Current CUDA latency: 137.323303 ms | Average CUDA latency: 172.671674 ms, Average TFLOPs: 2.953715
>> VLA-Cache inference mode
Current CUDA latency: 109.973984 ms | Average CUDA latency: 172.647513 ms, Average TFLOPs: 2.953717
>> VLA-Cache inference mode
Current CUDA latency: 164.340897 ms | Average CUDA latency: 172.644313 ms, Average TFLOPs: 2.953715
>> VLA-Cache inference mode
Current CUDA latency: 204.158875 ms | Average CUDA latency: 172.656448 ms, Average TFLOPs: 2.953709
>> VLA-Cache inference mode
Current CUDA latency: 134.806183 ms | Average CUDA latency: 172.641879 ms, Average TFLOPs: 2.953698
>> VLA-Cache inference mode
Current CUDA latency: 131.750885 ms | Average CUDA latency: 172.626146 ms, Average TFLOPs: 2.953677
>> VLA-Cache inference mode
Current CUDA latency: 135.722946 ms | Average CUDA latency: 172.611952 ms, Average TFLOPs: 2.953632
>> VLA-Cache inference mode
Current CUDA latency: 129.909439 ms | Average CUDA latency: 172.595534 ms, Average TFLOPs: 2.953612
>> VLA-Cache inference mode
Current CUDA latency: 120.440964 ms | Average CUDA latency: 172.575490 ms, Average TFLOPs: 2.953574
>> VLA-Cache inference mode
Current CUDA latency: 108.975296 ms | Average CUDA latency: 172.551057 ms, Average TFLOPs: 2.953556
>> VLA-Cache inference mode
Current CUDA latency: 125.951263 ms | Average CUDA latency: 172.533161 ms, Average TFLOPs: 2.953520
>> VLA-Cache inference mode
Current CUDA latency: 101.388771 ms | Average CUDA latency: 172.505851 ms, Average TFLOPs: 2.953476
>> VLA-Cache inference mode
Current CUDA latency: 372.479767 ms | Average CUDA latency: 172.582587 ms, Average TFLOPs: 2.953468
>> VLA-Cache inference mode
Current CUDA latency: 395.539398 ms | Average CUDA latency: 172.668109 ms, Average TFLOPs: 2.953476
Average time per step: 595.1808 ms, Control Frequency: 13.44 Hz, Token Reusing Ratio (Primary): 33.04 %, , Token Reusing Ratio (Wrist): 35.60 %
Saved rollout MP4 at path ./rollouts/2026_04_07/primary--2026_04_07-14_35_38--episode=150--success=True--task=pick_up_the_milk_and_place_it_in_the_basket.mp4
Saved rollout MP4 at path ./rollouts/2026_04_07/wrist--2026_04_07-14_35_38--episode=150--success=True--task=pick_up_the_milk_and_place_it_in_the_basket.mp4
04/07 [17:54:14] INFO     | >> Success: True              run_libero_eval.py:230
                 INFO     | >> # episodes completed so    run_libero_eval.py:230
                          far: 150                                              
                 INFO     | >> # successes: 149 (99.3%)   run_libero_eval.py:230

 50%|█████     | 10/20 [12:26<12:25, 74.59s/it][A                 INFO     | >>                            run_libero_eval.py:230
                          Task: pick up the milk and                            
                          place it in the basket                                
                 INFO     | >> Starting episode 11...     run_libero_eval.py:230
huggingface/tokenizers: The current process just got forked, after parallelism has already been used. Disabling parallelism to avoid deadlocks...
To disable this warning, you can either:
	- Avoid using `tokenizers` before the fork if possible
	- Explicitly set the environment variable TOKENIZERS_PARALLELISM=(true | false)
huggingface/tokenizers: The current process just got forked, after parallelism has already been used. Disabling parallelism to avoid deadlocks...
To disable this warning, you can either:
	- Avoid using `tokenizers` before the fork if possible
	- Explicitly set the environment variable TOKENIZERS_PARALLELISM=(true | false)
>> VLA-Cache inference mode
Current CUDA latency: 357.322632 ms | Average CUDA latency: 172.738912 ms, Average TFLOPs: 2.953762
>> VLA-Cache inference mode
Current CUDA latency: 247.623672 ms | Average CUDA latency: 172.767615 ms, Average TFLOPs: 2.953767
>> VLA-Cache inference mode
Current CUDA latency: 127.529091 ms | Average CUDA latency: 172.750282 ms, Average TFLOPs: 2.953773
>> VLA-Cache inference mode
Current CUDA latency: 122.408928 ms | Average CUDA latency: 172.731001 ms, Average TFLOPs: 2.953793
>> VLA-Cache inference mode
Current CUDA latency: 164.938049 ms | Average CUDA latency: 172.728018 ms, Average TFLOPs: 2.953803
>> VLA-Cache inference mode
Current CUDA latency: 158.137436 ms | Average CUDA latency: 172.722434 ms, Average TFLOPs: 2.953806
>> VLA-Cache inference mode
Current CUDA latency: 176.290848 ms | Average CUDA latency: 172.723799 ms, Average TFLOPs: 2.953796
>> VLA-Cache inference mode
Current CUDA latency: 131.292923 ms | Average CUDA latency: 172.707955 ms, Average TFLOPs: 2.953776
>> VLA-Cache inference mode
Current CUDA latency: 144.184570 ms | Average CUDA latency: 172.697052 ms, Average TFLOPs: 2.953736
>> VLA-Cache inference mode
Current CUDA latency: 106.876419 ms | Average CUDA latency: 172.671901 ms, Average TFLOPs: 2.953698
>> VLA-Cache inference mode
Current CUDA latency: 108.054115 ms | Average CUDA latency: 172.647219 ms, Average TFLOPs: 2.953670
>> VLA-Cache inference mode
Current CUDA latency: 138.552994 ms | Average CUDA latency: 172.634201 ms, Average TFLOPs: 2.953637
>> VLA-Cache inference mode
Current CUDA latency: 111.400162 ms | Average CUDA latency: 172.610829 ms, Average TFLOPs: 2.953611
>> VLA-Cache inference mode
Current CUDA latency: 123.109184 ms | Average CUDA latency: 172.591942 ms, Average TFLOPs: 2.953584
>> VLA-Cache inference mode
Current CUDA latency: 207.262787 ms | Average CUDA latency: 172.605165 ms, Average TFLOPs: 2.953564
>> VLA-Cache inference mode
Current CUDA latency: 194.319962 ms | Average CUDA latency: 172.613444 ms, Average TFLOPs: 2.953560
>> VLA-Cache inference mode
Current CUDA latency: 211.789276 ms | Average CUDA latency: 172.628374 ms, Average TFLOPs: 2.953550
Average time per step: 593.2554 ms, Control Frequency: 13.48 Hz, Token Reusing Ratio (Primary): 32.95 %, , Token Reusing Ratio (Wrist): 35.60 %
Saved rollout MP4 at path ./rollouts/2026_04_07/primary--2026_04_07-14_35_38--episode=151--success=True--task=pick_up_the_milk_and_place_it_in_the_basket.mp4
Saved rollout MP4 at path ./rollouts/2026_04_07/wrist--2026_04_07-14_35_38--episode=151--success=True--task=pick_up_the_milk_and_place_it_in_the_basket.mp4
04/07 [17:55:40] INFO     | >> Success: True              run_libero_eval.py:230
                 INFO     | >> # episodes completed so    run_libero_eval.py:230
                          far: 151                                              
                 INFO     | >> # successes: 150 (99.3%)   run_libero_eval.py:230

 55%|█████▌    | 11/20 [13:52<11:42, 78.02s/it][A                 INFO     | >>                            run_libero_eval.py:230
                          Task: pick up the milk and                            
                          place it in the basket                                
                 INFO     | >> Starting episode 12...     run_libero_eval.py:230
huggingface/tokenizers: The current process just got forked, after parallelism has already been used. Disabling parallelism to avoid deadlocks...
To disable this warning, you can either:
	- Avoid using `tokenizers` before the fork if possible
	- Explicitly set the environment variable TOKENIZERS_PARALLELISM=(true | false)
huggingface/tokenizers: The current process just got forked, after parallelism has already been used. Disabling parallelism to avoid deadlocks...
To disable this warning, you can either:
	- Avoid using `tokenizers` before the fork if possible
	- Explicitly set the environment variable TOKENIZERS_PARALLELISM=(true | false)
>> VLA-Cache inference mode
Current CUDA latency: 366.084045 ms | Average CUDA latency: 172.702071 ms, Average TFLOPs: 2.953834
>> VLA-Cache inference mode
Current CUDA latency: 256.489105 ms | Average CUDA latency: 172.733978 ms, Average TFLOPs: 2.953829
>> VLA-Cache inference mode
Current CUDA latency: 158.367523 ms | Average CUDA latency: 172.728509 ms, Average TFLOPs: 2.953834
>> VLA-Cache inference mode
Current CUDA latency: 110.662460 ms | Average CUDA latency: 172.704892 ms, Average TFLOPs: 2.953823
>> VLA-Cache inference mode
Current CUDA latency: 177.785950 ms | Average CUDA latency: 172.706825 ms, Average TFLOPs: 2.953801
>> VLA-Cache inference mode
Current CUDA latency: 245.092667 ms | Average CUDA latency: 172.734348 ms, Average TFLOPs: 2.953789
>> VLA-Cache inference mode
Current CUDA latency: 179.410660 ms | Average CUDA latency: 172.736885 ms, Average TFLOPs: 2.953768
>> VLA-Cache inference mode
Current CUDA latency: 176.595779 ms | Average CUDA latency: 172.738352 ms, Average TFLOPs: 2.953718
>> VLA-Cache inference mode
Current CUDA latency: 108.583488 ms | Average CUDA latency: 172.713986 ms, Average TFLOPs: 2.953654
>> VLA-Cache inference mode
Current CUDA latency: 101.383873 ms | Average CUDA latency: 172.686905 ms, Average TFLOPs: 2.953614
>> VLA-Cache inference mode
Current CUDA latency: 131.436096 ms | Average CUDA latency: 172.671250 ms, Average TFLOPs: 2.953574
>> VLA-Cache inference mode
Current CUDA latency: 103.900414 ms | Average CUDA latency: 172.645161 ms, Average TFLOPs: 2.953537
>> VLA-Cache inference mode
Current CUDA latency: 129.979385 ms | Average CUDA latency: 172.628982 ms, Average TFLOPs: 2.953502
>> VLA-Cache inference mode
Current CUDA latency: 114.215843 ms | Average CUDA latency: 172.606839 ms, Average TFLOPs: 2.953478
>> VLA-Cache inference mode
Current CUDA latency: 127.219742 ms | Average CUDA latency: 172.589640 ms, Average TFLOPs: 2.953477
>> VLA-Cache inference mode
Current CUDA latency: 144.329956 ms | Average CUDA latency: 172.578936 ms, Average TFLOPs: 2.953457
Average time per step: 590.9852 ms, Control Frequency: 13.54 Hz, Token Reusing Ratio (Primary): 32.97 %, , Token Reusing Ratio (Wrist): 35.60 %
Saved rollout MP4 at path ./rollouts/2026_04_07/primary--2026_04_07-14_35_38--episode=152--success=True--task=pick_up_the_milk_and_place_it_in_the_basket.mp4
Saved rollout MP4 at path ./rollouts/2026_04_07/wrist--2026_04_07-14_35_38--episode=152--success=True--task=pick_up_the_milk_and_place_it_in_the_basket.mp4
04/07 [17:56:54] INFO     | >> Success: True              run_libero_eval.py:230
                 INFO     | >> # episodes completed so    run_libero_eval.py:230
                          far: 152                                              
                 INFO     | >> # successes: 151 (99.3%)   run_libero_eval.py:230

 60%|██████    | 12/20 [15:06<10:13, 76.66s/it][A                 INFO     | >>                            run_libero_eval.py:230
                          Task: pick up the milk and                            
                          place it in the basket                                
                 INFO     | >> Starting episode 13...     run_libero_eval.py:230
huggingface/tokenizers: The current process just got forked, after parallelism has already been used. Disabling parallelism to avoid deadlocks...
To disable this warning, you can either:
	- Avoid using `tokenizers` before the fork if possible
	- Explicitly set the environment variable TOKENIZERS_PARALLELISM=(true | false)
huggingface/tokenizers: The current process just got forked, after parallelism has already been used. Disabling parallelism to avoid deadlocks...
To disable this warning, you can either:
	- Avoid using `tokenizers` before the fork if possible
	- Explicitly set the environment variable TOKENIZERS_PARALLELISM=(true | false)
>> VLA-Cache inference mode
Current CUDA latency: 335.670593 ms | Average CUDA latency: 172.640689 ms, Average TFLOPs: 2.953740
>> VLA-Cache inference mode
Current CUDA latency: 233.680191 ms | Average CUDA latency: 172.663793 ms, Average TFLOPs: 2.953735
>> VLA-Cache inference mode
Current CUDA latency: 131.182053 ms | Average CUDA latency: 172.648098 ms, Average TFLOPs: 2.953737
>> VLA-Cache inference mode
Current CUDA latency: 116.440163 ms | Average CUDA latency: 172.626839 ms, Average TFLOPs: 2.953720
>> VLA-Cache inference mode
Current CUDA latency: 144.034302 ms | Average CUDA latency: 172.616029 ms, Average TFLOPs: 2.953695
>> VLA-Cache inference mode
Current CUDA latency: 151.328537 ms | Average CUDA latency: 172.607984 ms, Average TFLOPs: 2.953680
>> VLA-Cache inference mode
Current CUDA latency: 212.334076 ms | Average CUDA latency: 172.622992 ms, Average TFLOPs: 2.953640
>> VLA-Cache inference mode
Current CUDA latency: 122.327614 ms | Average CUDA latency: 172.603998 ms, Average TFLOPs: 2.953589
>> VLA-Cache inference mode
Current CUDA latency: 106.005981 ms | Average CUDA latency: 172.578858 ms, Average TFLOPs: 2.953524
>> VLA-Cache inference mode
Current CUDA latency: 100.888893 ms | Average CUDA latency: 172.551805 ms, Average TFLOPs: 2.953478
>> VLA-Cache inference mode
Current CUDA latency: 133.668869 ms | Average CUDA latency: 172.537137 ms, Average TFLOPs: 2.953426
>> VLA-Cache inference mode
Current CUDA latency: 99.973953 ms | Average CUDA latency: 172.509776 ms, Average TFLOPs: 2.953380
>> VLA-Cache inference mode
Current CUDA latency: 121.587967 ms | Average CUDA latency: 172.490582 ms, Average TFLOPs: 2.953352
>> VLA-Cache inference mode
Current CUDA latency: 176.633316 ms | Average CUDA latency: 172.492143 ms, Average TFLOPs: 2.953333
>> VLA-Cache inference mode
Current CUDA latency: 374.928589 ms | Average CUDA latency: 172.568390 ms, Average TFLOPs: 2.953329
>> VLA-Cache inference mode
Current CUDA latency: 139.177597 ms | Average CUDA latency: 172.555818 ms, Average TFLOPs: 2.953307
>> VLA-Cache inference mode
Current CUDA latency: 113.798241 ms | Average CUDA latency: 172.533704 ms, Average TFLOPs: 2.953277
>> VLA-Cache inference mode
Current CUDA latency: 127.948257 ms | Average CUDA latency: 172.516930 ms, Average TFLOPs: 2.953258
>> VLA-Cache inference mode
Current CUDA latency: 149.475555 ms | Average CUDA latency: 172.508264 ms, Average TFLOPs: 2.953229
>> VLA-Cache inference mode
Current CUDA latency: 306.360352 ms | Average CUDA latency: 172.558585 ms, Average TFLOPs: 2.953210
>> VLA-Cache inference mode
Current CUDA latency: 230.131622 ms | Average CUDA latency: 172.580221 ms, Average TFLOPs: 2.953190
>> VLA-Cache inference mode
Current CUDA latency: 142.733276 ms | Average CUDA latency: 172.569008 ms, Average TFLOPs: 2.953168
>> VLA-Cache inference mode
Current CUDA latency: 120.571968 ms | Average CUDA latency: 172.549483 ms, Average TFLOPs: 2.953157
>> VLA-Cache inference mode
Current CUDA latency: 106.958817 ms | Average CUDA latency: 172.524861 ms, Average TFLOPs: 2.953137
>> VLA-Cache inference mode
Current CUDA latency: 110.006653 ms | Average CUDA latency: 172.501402 ms, Average TFLOPs: 2.953120
>> VLA-Cache inference mode
Current CUDA latency: 107.011070 ms | Average CUDA latency: 172.476837 ms, Average TFLOPs: 2.953096
>> VLA-Cache inference mode
Current CUDA latency: 115.983490 ms | Average CUDA latency: 172.455655 ms, Average TFLOPs: 2.953071
Average time per step: 586.9907 ms, Control Frequency: 13.63 Hz, Token Reusing Ratio (Primary): 33.04 %, , Token Reusing Ratio (Wrist): 35.79 %
Saved rollout MP4 at path ./rollouts/2026_04_07/primary--2026_04_07-14_35_38--episode=153--success=True--task=pick_up_the_milk_and_place_it_in_the_basket.mp4
Saved rollout MP4 at path ./rollouts/2026_04_07/wrist--2026_04_07-14_35_38--episode=153--success=True--task=pick_up_the_milk_and_place_it_in_the_basket.mp4
04/07 [17:58:55] INFO     | >> Success: True              run_libero_eval.py:230
                 INFO     | >> # episodes completed so    run_libero_eval.py:230
                          far: 153                                              
                 INFO     | >> # successes: 152 (99.3%)   run_libero_eval.py:230

 65%|██████▌   | 13/20 [17:07<10:30, 90.12s/it][A                 INFO     | >>                            run_libero_eval.py:230
                          Task: pick up the milk and                            
                          place it in the basket                                
                 INFO     | >> Starting episode 14...     run_libero_eval.py:230
huggingface/tokenizers: The current process just got forked, after parallelism has already been used. Disabling parallelism to avoid deadlocks...
To disable this warning, you can either:
	- Avoid using `tokenizers` before the fork if possible
	- Explicitly set the environment variable TOKENIZERS_PARALLELISM=(true | false)
huggingface/tokenizers: The current process just got forked, after parallelism has already been used. Disabling parallelism to avoid deadlocks...
To disable this warning, you can either:
	- Avoid using `tokenizers` before the fork if possible
	- Explicitly set the environment variable TOKENIZERS_PARALLELISM=(true | false)
>> VLA-Cache inference mode
Current CUDA latency: 330.160614 ms | Average CUDA latency: 172.514765 ms, Average TFLOPs: 2.953351
>> VLA-Cache inference mode
Current CUDA latency: 313.166199 ms | Average CUDA latency: 172.567463 ms, Average TFLOPs: 2.953370
>> VLA-Cache inference mode
Current CUDA latency: 160.600098 ms | Average CUDA latency: 172.562981 ms, Average TFLOPs: 2.953394
>> VLA-Cache inference mode
Current CUDA latency: 186.131424 ms | Average CUDA latency: 172.568061 ms, Average TFLOPs: 2.953392
>> VLA-Cache inference mode
Current CUDA latency: 194.613922 ms | Average CUDA latency: 172.576312 ms, Average TFLOPs: 2.953394
>> VLA-Cache inference mode
Current CUDA latency: 168.924728 ms | Average CUDA latency: 172.574945 ms, Average TFLOPs: 2.953407
>> VLA-Cache inference mode
Current CUDA latency: 108.509827 ms | Average CUDA latency: 172.550987 ms, Average TFLOPs: 2.953404
>> VLA-Cache inference mode
Current CUDA latency: 149.162247 ms | Average CUDA latency: 172.542243 ms, Average TFLOPs: 2.953371
>> VLA-Cache inference mode
Current CUDA latency: 110.056061 ms | Average CUDA latency: 172.518893 ms, Average TFLOPs: 2.953327
>> VLA-Cache inference mode
Current CUDA latency: 106.977859 ms | Average CUDA latency: 172.494410 ms, Average TFLOPs: 2.953265
>> VLA-Cache inference mode
Current CUDA latency: 101.459709 ms | Average CUDA latency: 172.467885 ms, Average TFLOPs: 2.953222
>> VLA-Cache inference mode
Current CUDA latency: 110.155426 ms | Average CUDA latency: 172.444625 ms, Average TFLOPs: 2.953205
>> VLA-Cache inference mode
Current CUDA latency: 128.077881 ms | Average CUDA latency: 172.428070 ms, Average TFLOPs: 2.953211
>> VLA-Cache inference mode
Current CUDA latency: 128.754913 ms | Average CUDA latency: 172.411780 ms, Average TFLOPs: 2.953212
>> VLA-Cache inference mode
Current CUDA latency: 120.179581 ms | Average CUDA latency: 172.392305 ms, Average TFLOPs: 2.953188
>> VLA-Cache inference mode
Current CUDA latency: 123.598656 ms | Average CUDA latency: 172.374119 ms, Average TFLOPs: 2.953182
>> VLA-Cache inference mode
Current CUDA latency: 158.775940 ms | Average CUDA latency: 172.369053 ms, Average TFLOPs: 2.953171
>> VLA-Cache inference mode
Current CUDA latency: 150.375320 ms | Average CUDA latency: 172.360861 ms, Average TFLOPs: 2.953176
>> VLA-Cache inference mode
Current CUDA latency: 121.742332 ms | Average CUDA latency: 172.342016 ms, Average TFLOPs: 2.953163
>> VLA-Cache inference mode
Current CUDA latency: 107.638817 ms | Average CUDA latency: 172.317936 ms, Average TFLOPs: 2.953154
>> VLA-Cache inference mode
Current CUDA latency: 178.504669 ms | Average CUDA latency: 172.320237 ms, Average TFLOPs: 2.953153
>> VLA-Cache inference mode
Current CUDA latency: 154.742599 ms | Average CUDA latency: 172.313701 ms, Average TFLOPs: 2.953147
>> VLA-Cache inference mode
Current CUDA latency: 189.560165 ms | Average CUDA latency: 172.320112 ms, Average TFLOPs: 2.953155
Average time per step: 581.8575 ms, Control Frequency: 13.75 Hz, Token Reusing Ratio (Primary): 33.11 %, , Token Reusing Ratio (Wrist): 35.82 %
Saved rollout MP4 at path ./rollouts/2026_04_07/primary--2026_04_07-14_35_38--episode=154--success=True--task=pick_up_the_milk_and_place_it_in_the_basket.mp4
Saved rollout MP4 at path ./rollouts/2026_04_07/wrist--2026_04_07-14_35_38--episode=154--success=True--task=pick_up_the_milk_and_place_it_in_the_basket.mp4
04/07 [18:00:31] INFO     | >> Success: True              run_libero_eval.py:230
                 INFO     | >> # episodes completed so    run_libero_eval.py:230
                          far: 154                                              
                 INFO     | >> # successes: 153 (99.4%)   run_libero_eval.py:230

 70%|███████   | 14/20 [18:43<09:11, 91.89s/it][A                 INFO     | >>                            run_libero_eval.py:230
                          Task: pick up the milk and                            
                          place it in the basket                                
                 INFO     | >> Starting episode 15...     run_libero_eval.py:230
huggingface/tokenizers: The current process just got forked, after parallelism has already been used. Disabling parallelism to avoid deadlocks...
To disable this warning, you can either:
	- Avoid using `tokenizers` before the fork if possible
	- Explicitly set the environment variable TOKENIZERS_PARALLELISM=(true | false)
huggingface/tokenizers: The current process just got forked, after parallelism has already been used. Disabling parallelism to avoid deadlocks...
To disable this warning, you can either:
	- Avoid using `tokenizers` before the fork if possible
	- Explicitly set the environment variable TOKENIZERS_PARALLELISM=(true | false)
>> VLA-Cache inference mode
Current CUDA latency: 492.101471 ms | Average CUDA latency: 172.438946 ms, Average TFLOPs: 2.953432
>> VLA-Cache inference mode
Current CUDA latency: 366.097473 ms | Average CUDA latency: 172.510884 ms, Average TFLOPs: 2.953444
>> VLA-Cache inference mode
Current CUDA latency: 174.807037 ms | Average CUDA latency: 172.511737 ms, Average TFLOPs: 2.953438
>> VLA-Cache inference mode
Current CUDA latency: 133.888382 ms | Average CUDA latency: 172.497400 ms, Average TFLOPs: 2.953422
>> VLA-Cache inference mode
Current CUDA latency: 130.608734 ms | Average CUDA latency: 172.481857 ms, Average TFLOPs: 2.953409
>> VLA-Cache inference mode
Current CUDA latency: 125.507713 ms | Average CUDA latency: 172.464433 ms, Average TFLOPs: 2.953399
>> VLA-Cache inference mode
Current CUDA latency: 129.180359 ms | Average CUDA latency: 172.448384 ms, Average TFLOPs: 2.953382
>> VLA-Cache inference mode
Current CUDA latency: 123.007843 ms | Average CUDA latency: 172.430059 ms, Average TFLOPs: 2.953361
>> VLA-Cache inference mode
Current CUDA latency: 138.164551 ms | Average CUDA latency: 172.417364 ms, Average TFLOPs: 2.953311
>> VLA-Cache inference mode
Current CUDA latency: 106.819870 ms | Average CUDA latency: 172.393068 ms, Average TFLOPs: 2.953282
>> VLA-Cache inference mode
Current CUDA latency: 100.508163 ms | Average CUDA latency: 172.366454 ms, Average TFLOPs: 2.953239
>> VLA-Cache inference mode
Current CUDA latency: 117.040451 ms | Average CUDA latency: 172.345978 ms, Average TFLOPs: 2.953201
>> VLA-Cache inference mode
Current CUDA latency: 124.558273 ms | Average CUDA latency: 172.328299 ms, Average TFLOPs: 2.953175
>> VLA-Cache inference mode
Current CUDA latency: 123.021347 ms | Average CUDA latency: 172.310064 ms, Average TFLOPs: 2.953148
>> VLA-Cache inference mode
Current CUDA latency: 113.679939 ms | Average CUDA latency: 172.288389 ms, Average TFLOPs: 2.953124
>> VLA-Cache inference mode
Current CUDA latency: 182.814209 ms | Average CUDA latency: 172.292279 ms, Average TFLOPs: 2.953099
Average time per step: 580.2892 ms, Control Frequency: 13.79 Hz, Token Reusing Ratio (Primary): 33.08 %, , Token Reusing Ratio (Wrist): 35.84 %
Saved rollout MP4 at path ./rollouts/2026_04_07/primary--2026_04_07-14_35_38--episode=155--success=True--task=pick_up_the_milk_and_place_it_in_the_basket.mp4
Saved rollout MP4 at path ./rollouts/2026_04_07/wrist--2026_04_07-14_35_38--episode=155--success=True--task=pick_up_the_milk_and_place_it_in_the_basket.mp4
04/07 [18:01:38] INFO     | >> Success: True              run_libero_eval.py:230
                 INFO     | >> # episodes completed so    run_libero_eval.py:230
                          far: 155                                              
                 INFO     | >> # successes: 154 (99.4%)   run_libero_eval.py:230

 75%|███████▌  | 15/20 [19:50<07:01, 84.36s/it][A                 INFO     | >>                            run_libero_eval.py:230
                          Task: pick up the milk and                            
                          place it in the basket                                
                 INFO     | >> Starting episode 16...     run_libero_eval.py:230
huggingface/tokenizers: The current process just got forked, after parallelism has already been used. Disabling parallelism to avoid deadlocks...
To disable this warning, you can either:
	- Avoid using `tokenizers` before the fork if possible
	- Explicitly set the environment variable TOKENIZERS_PARALLELISM=(true | false)
huggingface/tokenizers: The current process just got forked, after parallelism has already been used. Disabling parallelism to avoid deadlocks...
To disable this warning, you can either:
	- Avoid using `tokenizers` before the fork if possible
	- Explicitly set the environment variable TOKENIZERS_PARALLELISM=(true | false)
>> VLA-Cache inference mode
Current CUDA latency: 366.040619 ms | Average CUDA latency: 172.363852 ms, Average TFLOPs: 2.953375
>> VLA-Cache inference mode
Current CUDA latency: 270.507050 ms | Average CUDA latency: 172.400094 ms, Average TFLOPs: 2.953370
>> VLA-Cache inference mode
Current CUDA latency: 119.270813 ms | Average CUDA latency: 172.380482 ms, Average TFLOPs: 2.953361
>> VLA-Cache inference mode
Current CUDA latency: 149.483643 ms | Average CUDA latency: 172.372033 ms, Average TFLOPs: 2.953343
>> VLA-Cache inference mode
Current CUDA latency: 131.895935 ms | Average CUDA latency: 172.357103 ms, Average TFLOPs: 2.953320
>> VLA-Cache inference mode
Current CUDA latency: 130.922211 ms | Average CUDA latency: 172.341824 ms, Average TFLOPs: 2.953292
>> VLA-Cache inference mode
Current CUDA latency: 121.847267 ms | Average CUDA latency: 172.323212 ms, Average TFLOPs: 2.953253
>> VLA-Cache inference mode
Current CUDA latency: 123.915779 ms | Average CUDA latency: 172.305376 ms, Average TFLOPs: 2.953223
>> VLA-Cache inference mode
Current CUDA latency: 122.809601 ms | Average CUDA latency: 172.287145 ms, Average TFLOPs: 2.953197
>> VLA-Cache inference mode
Current CUDA latency: 101.916992 ms | Average CUDA latency: 172.261236 ms, Average TFLOPs: 2.953168
>> VLA-Cache inference mode
Current CUDA latency: 108.140350 ms | Average CUDA latency: 172.237636 ms, Average TFLOPs: 2.953151
>> VLA-Cache inference mode
Current CUDA latency: 156.072159 ms | Average CUDA latency: 172.231688 ms, Average TFLOPs: 2.953138
>> VLA-Cache inference mode
Current CUDA latency: 108.657440 ms | Average CUDA latency: 172.208307 ms, Average TFLOPs: 2.953111
>> VLA-Cache inference mode
Current CUDA latency: 209.157028 ms | Average CUDA latency: 172.221891 ms, Average TFLOPs: 2.953088
>> VLA-Cache inference mode
Current CUDA latency: 181.654343 ms | Average CUDA latency: 172.225358 ms, Average TFLOPs: 2.953061
Average time per step: 580.4428 ms, Control Frequency: 13.78 Hz, Token Reusing Ratio (Primary): 33.09 %, , Token Reusing Ratio (Wrist): 35.86 %
Saved rollout MP4 at path ./rollouts/2026_04_07/primary--2026_04_07-14_35_38--episode=156--success=True--task=pick_up_the_milk_and_place_it_in_the_basket.mp4
Saved rollout MP4 at path ./rollouts/2026_04_07/wrist--2026_04_07-14_35_38--episode=156--success=True--task=pick_up_the_milk_and_place_it_in_the_basket.mp4
04/07 [18:02:42] INFO     | >> Success: True              run_libero_eval.py:230
                 INFO     | >> # episodes completed so    run_libero_eval.py:230
                          far: 156                                              
                 INFO     | >> # successes: 155 (99.4%)   run_libero_eval.py:230

 80%|████████  | 16/20 [20:54<05:13, 78.26s/it][A                 INFO     | >>                            run_libero_eval.py:230
                          Task: pick up the milk and                            
                          place it in the basket                                
                 INFO     | >> Starting episode 17...     run_libero_eval.py:230
huggingface/tokenizers: The current process just got forked, after parallelism has already been used. Disabling parallelism to avoid deadlocks...
To disable this warning, you can either:
	- Avoid using `tokenizers` before the fork if possible
	- Explicitly set the environment variable TOKENIZERS_PARALLELISM=(true | false)
huggingface/tokenizers: The current process just got forked, after parallelism has already been used. Disabling parallelism to avoid deadlocks...
To disable this warning, you can either:
	- Avoid using `tokenizers` before the fork if possible
	- Explicitly set the environment variable TOKENIZERS_PARALLELISM=(true | false)
>> VLA-Cache inference mode
Current CUDA latency: 325.103394 ms | Average CUDA latency: 172.281521 ms, Average TFLOPs: 2.953335
>> VLA-Cache inference mode
Current CUDA latency: 253.475174 ms | Average CUDA latency: 172.311339 ms, Average TFLOPs: 2.953333
>> VLA-Cache inference mode
Current CUDA latency: 140.418396 ms | Average CUDA latency: 172.299631 ms, Average TFLOPs: 2.953323
>> VLA-Cache inference mode
Current CUDA latency: 253.440765 ms | Average CUDA latency: 172.329408 ms, Average TFLOPs: 2.953315
>> VLA-Cache inference mode
Current CUDA latency: 271.152374 ms | Average CUDA latency: 172.365660 ms, Average TFLOPs: 2.953289
>> VLA-Cache inference mode
Current CUDA latency: 122.033089 ms | Average CUDA latency: 172.347203 ms, Average TFLOPs: 2.953269
>> VLA-Cache inference mode
Current CUDA latency: 126.965508 ms | Average CUDA latency: 172.330567 ms, Average TFLOPs: 2.953253
>> VLA-Cache inference mode
Current CUDA latency: 109.346397 ms | Average CUDA latency: 172.307487 ms, Average TFLOPs: 2.953235
>> VLA-Cache inference mode
Current CUDA latency: 199.549698 ms | Average CUDA latency: 172.317466 ms, Average TFLOPs: 2.953213
>> VLA-Cache inference mode
Current CUDA latency: 470.071869 ms | Average CUDA latency: 172.426494 ms, Average TFLOPs: 2.953206
>> VLA-Cache inference mode
Current CUDA latency: 193.509048 ms | Average CUDA latency: 172.434211 ms, Average TFLOPs: 2.953188
>> VLA-Cache inference mode
Current CUDA latency: 113.972450 ms | Average CUDA latency: 172.412820 ms, Average TFLOPs: 2.953182
>> VLA-Cache inference mode
Current CUDA latency: 178.211716 ms | Average CUDA latency: 172.414941 ms, Average TFLOPs: 2.953183
>> VLA-Cache inference mode
Current CUDA latency: 124.275070 ms | Average CUDA latency: 172.397339 ms, Average TFLOPs: 2.953171
>> VLA-Cache inference mode
Current CUDA latency: 125.558884 ms | Average CUDA latency: 172.380220 ms, Average TFLOPs: 2.953151
>> VLA-Cache inference mode
Current CUDA latency: 262.475769 ms | Average CUDA latency: 172.413138 ms, Average TFLOPs: 2.953153
>> VLA-Cache inference mode
Current CUDA latency: 181.468094 ms | Average CUDA latency: 172.416445 ms, Average TFLOPs: 2.953147
Average time per step: 584.2015 ms, Control Frequency: 13.69 Hz, Token Reusing Ratio (Primary): 33.12 %, , Token Reusing Ratio (Wrist): 35.81 %
Saved rollout MP4 at path ./rollouts/2026_04_07/primary--2026_04_07-14_35_38--episode=157--success=True--task=pick_up_the_milk_and_place_it_in_the_basket.mp4
Saved rollout MP4 at path ./rollouts/2026_04_07/wrist--2026_04_07-14_35_38--episode=157--success=True--task=pick_up_the_milk_and_place_it_in_the_basket.mp4
04/07 [18:04:01] INFO     | >> Success: True              run_libero_eval.py:230
                 INFO     | >> # episodes completed so    run_libero_eval.py:230
                          far: 157                                              
                 INFO     | >> # successes: 156 (99.4%)   run_libero_eval.py:230

 85%|████████▌ | 17/20 [22:13<03:55, 78.64s/it][A                 INFO     | >>                            run_libero_eval.py:230
                          Task: pick up the milk and                            
                          place it in the basket                                
                 INFO     | >> Starting episode 18...     run_libero_eval.py:230
huggingface/tokenizers: The current process just got forked, after parallelism has already been used. Disabling parallelism to avoid deadlocks...
To disable this warning, you can either:
	- Avoid using `tokenizers` before the fork if possible
	- Explicitly set the environment variable TOKENIZERS_PARALLELISM=(true | false)
huggingface/tokenizers: The current process just got forked, after parallelism has already been used. Disabling parallelism to avoid deadlocks...
To disable this warning, you can either:
	- Avoid using `tokenizers` before the fork if possible
	- Explicitly set the environment variable TOKENIZERS_PARALLELISM=(true | false)
>> VLA-Cache inference mode
Current CUDA latency: 363.136078 ms | Average CUDA latency: 172.486076 ms, Average TFLOPs: 2.953420
>> VLA-Cache inference mode
Current CUDA latency: 282.044006 ms | Average CUDA latency: 172.526061 ms, Average TFLOPs: 2.953426
>> VLA-Cache inference mode
Current CUDA latency: 117.916512 ms | Average CUDA latency: 172.506137 ms, Average TFLOPs: 2.953430
>> VLA-Cache inference mode
Current CUDA latency: 165.606598 ms | Average CUDA latency: 172.503621 ms, Average TFLOPs: 2.953414
>> VLA-Cache inference mode
Current CUDA latency: 125.425438 ms | Average CUDA latency: 172.486458 ms, Average TFLOPs: 2.953402
>> VLA-Cache inference mode
Current CUDA latency: 108.480385 ms | Average CUDA latency: 172.463132 ms, Average TFLOPs: 2.953394
>> VLA-Cache inference mode
Current CUDA latency: 107.617149 ms | Average CUDA latency: 172.439509 ms, Average TFLOPs: 2.953389
>> VLA-Cache inference mode
Current CUDA latency: 126.682045 ms | Average CUDA latency: 172.422846 ms, Average TFLOPs: 2.953379
>> VLA-Cache inference mode
Current CUDA latency: 128.480194 ms | Average CUDA latency: 172.406849 ms, Average TFLOPs: 2.953323
>> VLA-Cache inference mode
Current CUDA latency: 111.051102 ms | Average CUDA latency: 172.384522 ms, Average TFLOPs: 2.953279
>> VLA-Cache inference mode
Current CUDA latency: 162.075806 ms | Average CUDA latency: 172.380772 ms, Average TFLOPs: 2.953236
>> VLA-Cache inference mode
Current CUDA latency: 288.471283 ms | Average CUDA latency: 172.422986 ms, Average TFLOPs: 2.953194
>> VLA-Cache inference mode
Current CUDA latency: 160.086945 ms | Average CUDA latency: 172.418502 ms, Average TFLOPs: 2.953167
>> VLA-Cache inference mode
Current CUDA latency: 129.913498 ms | Average CUDA latency: 172.403057 ms, Average TFLOPs: 2.953160
>> VLA-Cache inference mode
Current CUDA latency: 108.841408 ms | Average CUDA latency: 172.379969 ms, Average TFLOPs: 2.953143
>> VLA-Cache inference mode
Current CUDA latency: 109.038147 ms | Average CUDA latency: 172.356969 ms, Average TFLOPs: 2.953139
>> VLA-Cache inference mode
Current CUDA latency: 157.536987 ms | Average CUDA latency: 172.351590 ms, Average TFLOPs: 2.953143
Average time per step: 584.3543 ms, Control Frequency: 13.69 Hz, Token Reusing Ratio (Primary): 33.07 %, , Token Reusing Ratio (Wrist): 35.82 %
Saved rollout MP4 at path ./rollouts/2026_04_07/primary--2026_04_07-14_35_38--episode=158--success=True--task=pick_up_the_milk_and_place_it_in_the_basket.mp4
Saved rollout MP4 at path ./rollouts/2026_04_07/wrist--2026_04_07-14_35_38--episode=158--success=True--task=pick_up_the_milk_and_place_it_in_the_basket.mp4
04/07 [18:05:22] INFO     | >> Success: True              run_libero_eval.py:230
                 INFO     | >> # episodes completed so    run_libero_eval.py:230
                          far: 158                                              
                 INFO     | >> # successes: 157 (99.4%)   run_libero_eval.py:230

 90%|█████████ | 18/20 [23:34<02:38, 79.23s/it][A                 INFO     | >>                            run_libero_eval.py:230
                          Task: pick up the milk and                            
                          place it in the basket                                
                 INFO     | >> Starting episode 19...     run_libero_eval.py:230
huggingface/tokenizers: The current process just got forked, after parallelism has already been used. Disabling parallelism to avoid deadlocks...
To disable this warning, you can either:
	- Avoid using `tokenizers` before the fork if possible
	- Explicitly set the environment variable TOKENIZERS_PARALLELISM=(true | false)
huggingface/tokenizers: The current process just got forked, after parallelism has already been used. Disabling parallelism to avoid deadlocks...
To disable this warning, you can either:
	- Avoid using `tokenizers` before the fork if possible
	- Explicitly set the environment variable TOKENIZERS_PARALLELISM=(true | false)
>> VLA-Cache inference mode
Current CUDA latency: 310.733459 ms | Average CUDA latency: 172.401801 ms, Average TFLOPs: 2.953414
>> VLA-Cache inference mode
Current CUDA latency: 285.447662 ms | Average CUDA latency: 172.442804 ms, Average TFLOPs: 2.953428
>> VLA-Cache inference mode
Current CUDA latency: 113.036674 ms | Average CUDA latency: 172.421264 ms, Average TFLOPs: 2.953422
>> VLA-Cache inference mode
Current CUDA latency: 125.400703 ms | Average CUDA latency: 172.404222 ms, Average TFLOPs: 2.953407
>> VLA-Cache inference mode
Current CUDA latency: 112.970367 ms | Average CUDA latency: 172.382688 ms, Average TFLOPs: 2.953390
>> VLA-Cache inference mode
Current CUDA latency: 108.287071 ms | Average CUDA latency: 172.359473 ms, Average TFLOPs: 2.953379
>> VLA-Cache inference mode
Current CUDA latency: 158.225632 ms | Average CUDA latency: 172.354356 ms, Average TFLOPs: 2.953355
>> VLA-Cache inference mode
Current CUDA latency: 123.018913 ms | Average CUDA latency: 172.336500 ms, Average TFLOPs: 2.953304
>> VLA-Cache inference mode
Current CUDA latency: 105.521790 ms | Average CUDA latency: 172.312327 ms, Average TFLOPs: 2.953237
>> VLA-Cache inference mode
Current CUDA latency: 154.970459 ms | Average CUDA latency: 172.306055 ms, Average TFLOPs: 2.953191
>> VLA-Cache inference mode
Current CUDA latency: 166.175644 ms | Average CUDA latency: 172.303839 ms, Average TFLOPs: 2.953159
>> VLA-Cache inference mode
Current CUDA latency: 110.174210 ms | Average CUDA latency: 172.281385 ms, Average TFLOPs: 2.953124
>> VLA-Cache inference mode
Current CUDA latency: 102.209953 ms | Average CUDA latency: 172.256070 ms, Average TFLOPs: 2.953092
>> VLA-Cache inference mode
Current CUDA latency: 108.903648 ms | Average CUDA latency: 172.233191 ms, Average TFLOPs: 2.953070
>> VLA-Cache inference mode
Current CUDA latency: 142.444672 ms | Average CUDA latency: 172.222437 ms, Average TFLOPs: 2.953055
>> VLA-Cache inference mode
Current CUDA latency: 108.518112 ms | Average CUDA latency: 172.199447 ms, Average TFLOPs: 2.953033
Average time per step: 582.3200 ms, Control Frequency: 13.74 Hz, Token Reusing Ratio (Primary): 33.09 %, , Token Reusing Ratio (Wrist): 35.83 %
Saved rollout MP4 at path ./rollouts/2026_04_07/primary--2026_04_07-14_35_38--episode=159--success=True--task=pick_up_the_milk_and_place_it_in_the_basket.mp4
Saved rollout MP4 at path ./rollouts/2026_04_07/wrist--2026_04_07-14_35_38--episode=159--success=True--task=pick_up_the_milk_and_place_it_in_the_basket.mp4
04/07 [18:06:28] INFO     | >> Success: True              run_libero_eval.py:230
                 INFO     | >> # episodes completed so    run_libero_eval.py:230
                          far: 159                                              
                 INFO     | >> # successes: 158 (99.4%)   run_libero_eval.py:230

 95%|█████████▌| 19/20 [24:40<01:15, 75.35s/it][A                 INFO     | >>                            run_libero_eval.py:230
                          Task: pick up the milk and                            
                          place it in the basket                                
                 INFO     | >> Starting episode 20...     run_libero_eval.py:230
huggingface/tokenizers: The current process just got forked, after parallelism has already been used. Disabling parallelism to avoid deadlocks...
To disable this warning, you can either:
	- Avoid using `tokenizers` before the fork if possible
	- Explicitly set the environment variable TOKENIZERS_PARALLELISM=(true | false)
huggingface/tokenizers: The current process just got forked, after parallelism has already been used. Disabling parallelism to avoid deadlocks...
To disable this warning, you can either:
	- Avoid using `tokenizers` before the fork if possible
	- Explicitly set the environment variable TOKENIZERS_PARALLELISM=(true | false)
>> VLA-Cache inference mode
Current CUDA latency: 435.180023 ms | Average CUDA latency: 172.294318 ms, Average TFLOPs: 2.953303
>> VLA-Cache inference mode
Current CUDA latency: 474.110443 ms | Average CUDA latency: 172.403159 ms, Average TFLOPs: 2.953313
>> VLA-Cache inference mode
Current CUDA latency: 116.540352 ms | Average CUDA latency: 172.383021 ms, Average TFLOPs: 2.953315
>> VLA-Cache inference mode
Current CUDA latency: 147.471649 ms | Average CUDA latency: 172.374044 ms, Average TFLOPs: 2.953305
>> VLA-Cache inference mode
Current CUDA latency: 125.538658 ms | Average CUDA latency: 172.357172 ms, Average TFLOPs: 2.953293
>> VLA-Cache inference mode
Current CUDA latency: 110.300064 ms | Average CUDA latency: 172.334825 ms, Average TFLOPs: 2.953279
>> VLA-Cache inference mode
Current CUDA latency: 156.568604 ms | Average CUDA latency: 172.329150 ms, Average TFLOPs: 2.953282
>> VLA-Cache inference mode
Current CUDA latency: 117.067230 ms | Average CUDA latency: 172.309264 ms, Average TFLOPs: 2.953258
>> VLA-Cache inference mode
Current CUDA latency: 206.790619 ms | Average CUDA latency: 172.321668 ms, Average TFLOPs: 2.953216
>> VLA-Cache inference mode
Current CUDA latency: 193.162201 ms | Average CUDA latency: 172.329162 ms, Average TFLOPs: 2.953180
>> VLA-Cache inference mode
Current CUDA latency: 117.322243 ms | Average CUDA latency: 172.309389 ms, Average TFLOPs: 2.953134
>> VLA-Cache inference mode
Current CUDA latency: 137.768921 ms | Average CUDA latency: 172.296978 ms, Average TFLOPs: 2.953092
>> VLA-Cache inference mode
Current CUDA latency: 124.323677 ms | Average CUDA latency: 172.279746 ms, Average TFLOPs: 2.953063
>> VLA-Cache inference mode
Current CUDA latency: 145.375427 ms | Average CUDA latency: 172.270086 ms, Average TFLOPs: 2.953038
>> VLA-Cache inference mode
Current CUDA latency: 107.771744 ms | Average CUDA latency: 172.246935 ms, Average TFLOPs: 2.953005
>> VLA-Cache inference mode
Current CUDA latency: 326.094666 ms | Average CUDA latency: 172.302137 ms, Average TFLOPs: 2.952993
>> VLA-Cache inference mode
Current CUDA latency: 245.440033 ms | Average CUDA latency: 172.328370 ms, Average TFLOPs: 2.952976
Average time per step: 584.9516 ms, Control Frequency: 13.68 Hz, Token Reusing Ratio (Primary): 33.13 %, , Token Reusing Ratio (Wrist): 35.81 %
Saved rollout MP4 at path ./rollouts/2026_04_07/primary--2026_04_07-14_35_38--episode=160--success=True--task=pick_up_the_milk_and_place_it_in_the_basket.mp4
Saved rollout MP4 at path ./rollouts/2026_04_07/wrist--2026_04_07-14_35_38--episode=160--success=True--task=pick_up_the_milk_and_place_it_in_the_basket.mp4
04/07 [18:07:46] INFO     | >> Success: True              run_libero_eval.py:230
                 INFO     | >> # episodes completed so    run_libero_eval.py:230
                          far: 160                                              
                 INFO     | >> # successes: 159 (99.4%)   run_libero_eval.py:230

100%|██████████| 20/20 [25:58<00:00, 76.07s/it][A100%|██████████| 20/20 [25:58<00:00, 77.92s/it]
                 INFO     | >> Current task success rate: run_libero_eval.py:230
                          1.0                                                   
                 INFO     | >> Current total success      run_libero_eval.py:230
                          rate: 0.99375                                         
 80%|████████  | 8/10 [3:31:24<52:04, 1562.15s/it]  [Warning]: datasets path /root/sj-tmp/workspace/LIBERO/libero/libero/../datasets does not exist!
                 INFO     | >> Using default initial      run_libero_eval.py:230
                          states                                                
[Warning]: datasets path /root/sj-tmp/workspace/LIBERO/libero/libero/../datasets does not exist!

  0%|          | 0/20 [00:00<?, ?it/s][A04/07 [18:07:48] INFO     | >>                            run_libero_eval.py:230
                          Task: pick up the chocolate                           
                          pudding and place it in the                           
                          basket                                                
                 INFO     | >> Starting episode 1...      run_libero_eval.py:230
huggingface/tokenizers: The current process just got forked, after parallelism has already been used. Disabling parallelism to avoid deadlocks...
To disable this warning, you can either:
	- Avoid using `tokenizers` before the fork if possible
	- Explicitly set the environment variable TOKENIZERS_PARALLELISM=(true | false)
huggingface/tokenizers: The current process just got forked, after parallelism has already been used. Disabling parallelism to avoid deadlocks...
To disable this warning, you can either:
	- Avoid using `tokenizers` before the fork if possible
	- Explicitly set the environment variable TOKENIZERS_PARALLELISM=(true | false)
>> VLA-Cache inference mode
Current CUDA latency: 378.977386 ms | Average CUDA latency: 172.402464 ms, Average TFLOPs: 2.953255
>> VLA-Cache inference mode
Current CUDA latency: 305.277344 ms | Average CUDA latency: 172.450089 ms, Average TFLOPs: 2.953257
>> VLA-Cache inference mode
Current CUDA latency: 125.220131 ms | Average CUDA latency: 172.433167 ms, Average TFLOPs: 2.953250
>> VLA-Cache inference mode
Current CUDA latency: 127.638947 ms | Average CUDA latency: 172.417123 ms, Average TFLOPs: 2.953242
>> VLA-Cache inference mode
Current CUDA latency: 143.027206 ms | Average CUDA latency: 172.406601 ms, Average TFLOPs: 2.953256
>> VLA-Cache inference mode
Current CUDA latency: 125.891037 ms | Average CUDA latency: 172.389952 ms, Average TFLOPs: 2.953246
>> VLA-Cache inference mode
Current CUDA latency: 112.517311 ms | Average CUDA latency: 172.368531 ms, Average TFLOPs: 2.953229
>> VLA-Cache inference mode
Current CUDA latency: 108.577667 ms | Average CUDA latency: 172.345716 ms, Average TFLOPs: 2.953206
>> VLA-Cache inference mode
Current CUDA latency: 107.802849 ms | Average CUDA latency: 172.322640 ms, Average TFLOPs: 2.953170
>> VLA-Cache inference mode
Current CUDA latency: 102.304131 ms | Average CUDA latency: 172.297616 ms, Average TFLOPs: 2.953132
>> VLA-Cache inference mode
Current CUDA latency: 170.512100 ms | Average CUDA latency: 172.296978 ms, Average TFLOPs: 2.953113
>> VLA-Cache inference mode
Current CUDA latency: 145.652771 ms | Average CUDA latency: 172.287462 ms, Average TFLOPs: 2.953107
>> VLA-Cache inference mode
Current CUDA latency: 109.974113 ms | Average CUDA latency: 172.265215 ms, Average TFLOPs: 2.953102
>> VLA-Cache inference mode
Current CUDA latency: 116.270302 ms | Average CUDA latency: 172.245231 ms, Average TFLOPs: 2.953065
>> VLA-Cache inference mode
Current CUDA latency: 125.695778 ms | Average CUDA latency: 172.228624 ms, Average TFLOPs: 2.953054
>> VLA-Cache inference mode
Current CUDA latency: 242.878235 ms | Average CUDA latency: 172.253820 ms, Average TFLOPs: 2.953039
>> VLA-Cache inference mode
Current CUDA latency: 146.549561 ms | Average CUDA latency: 172.244657 ms, Average TFLOPs: 2.953027
>> VLA-Cache inference mode
Current CUDA latency: 250.131104 ms | Average CUDA latency: 172.272414 ms, Average TFLOPs: 2.953017
Average time per step: 572.1570 ms, Control Frequency: 13.98 Hz, Token Reusing Ratio (Primary): 34.55 %, , Token Reusing Ratio (Wrist): 36.52 %
Saved rollout MP4 at path ./rollouts/2026_04_07/primary--2026_04_07-14_35_38--episode=161--success=True--task=pick_up_the_chocolate_pudding_and_place_it_in_the_.mp4
Saved rollout MP4 at path ./rollouts/2026_04_07/wrist--2026_04_07-14_35_38--episode=161--success=True--task=pick_up_the_chocolate_pudding_and_place_it_in_the_.mp4
04/07 [18:09:03] INFO     | >> Success: True              run_libero_eval.py:230
                 INFO     | >> # episodes completed so    run_libero_eval.py:230
                          far: 161                                              
                 INFO     | >> # successes: 160 (99.4%)   run_libero_eval.py:230

  5%|▌         | 1/20 [01:14<23:44, 75.00s/it][A                 INFO     | >>                            run_libero_eval.py:230
                          Task: pick up the chocolate                           
                          pudding and place it in the                           
                          basket                                                
                 INFO     | >> Starting episode 2...      run_libero_eval.py:230
huggingface/tokenizers: The current process just got forked, after parallelism has already been used. Disabling parallelism to avoid deadlocks...
To disable this warning, you can either:
	- Avoid using `tokenizers` before the fork if possible
	- Explicitly set the environment variable TOKENIZERS_PARALLELISM=(true | false)
huggingface/tokenizers: The current process just got forked, after parallelism has already been used. Disabling parallelism to avoid deadlocks...
To disable this warning, you can either:
	- Avoid using `tokenizers` before the fork if possible
	- Explicitly set the environment variable TOKENIZERS_PARALLELISM=(true | false)
>> VLA-Cache inference mode
Current CUDA latency: 443.580811 ms | Average CUDA latency: 172.369068 ms, Average TFLOPs: 2.953294
>> VLA-Cache inference mode
Current CUDA latency: 376.239075 ms | Average CUDA latency: 172.441671 ms, Average TFLOPs: 2.953310
>> VLA-Cache inference mode
Current CUDA latency: 118.824829 ms | Average CUDA latency: 172.422584 ms, Average TFLOPs: 2.953329
>> VLA-Cache inference mode
Current CUDA latency: 206.431396 ms | Average CUDA latency: 172.434686 ms, Average TFLOPs: 2.953350
>> VLA-Cache inference mode
Current CUDA latency: 138.254425 ms | Average CUDA latency: 172.422527 ms, Average TFLOPs: 2.953368
>> VLA-Cache inference mode
Current CUDA latency: 126.884926 ms | Average CUDA latency: 172.406333 ms, Average TFLOPs: 2.953383
>> VLA-Cache inference mode
Current CUDA latency: 127.482079 ms | Average CUDA latency: 172.390363 ms, Average TFLOPs: 2.953377
>> VLA-Cache inference mode
Current CUDA latency: 195.478149 ms | Average CUDA latency: 172.398567 ms, Average TFLOPs: 2.953371
>> VLA-Cache inference mode
Current CUDA latency: 129.668701 ms | Average CUDA latency: 172.383388 ms, Average TFLOPs: 2.953326
>> VLA-Cache inference mode
Current CUDA latency: 107.052963 ms | Average CUDA latency: 172.360188 ms, Average TFLOPs: 2.953273
>> VLA-Cache inference mode
Current CUDA latency: 100.897408 ms | Average CUDA latency: 172.334820 ms, Average TFLOPs: 2.953230
>> VLA-Cache inference mode
Current CUDA latency: 109.866814 ms | Average CUDA latency: 172.312652 ms, Average TFLOPs: 2.953199
>> VLA-Cache inference mode
Current CUDA latency: 120.993309 ms | Average CUDA latency: 172.294448 ms, Average TFLOPs: 2.953161
>> VLA-Cache inference mode
Current CUDA latency: 119.652702 ms | Average CUDA latency: 172.275780 ms, Average TFLOPs: 2.953134
>> VLA-Cache inference mode
Current CUDA latency: 172.612640 ms | Average CUDA latency: 172.275900 ms, Average TFLOPs: 2.953115
>> VLA-Cache inference mode
Current CUDA latency: 117.355453 ms | Average CUDA latency: 172.256438 ms, Average TFLOPs: 2.953088
>> VLA-Cache inference mode
Current CUDA latency: 137.766556 ms | Average CUDA latency: 172.244221 ms, Average TFLOPs: 2.953066
>> VLA-Cache inference mode
Current CUDA latency: 239.202652 ms | Average CUDA latency: 172.267931 ms, Average TFLOPs: 2.953040
>> VLA-Cache inference mode
Current CUDA latency: 174.905701 ms | Average CUDA latency: 172.268865 ms, Average TFLOPs: 2.953023
Average time per step: 586.7409 ms, Control Frequency: 13.63 Hz, Token Reusing Ratio (Primary): 34.23 %, , Token Reusing Ratio (Wrist): 36.82 %
Saved rollout MP4 at path ./rollouts/2026_04_07/primary--2026_04_07-14_35_38--episode=162--success=True--task=pick_up_the_chocolate_pudding_and_place_it_in_the_.mp4
Saved rollout MP4 at path ./rollouts/2026_04_07/wrist--2026_04_07-14_35_38--episode=162--success=True--task=pick_up_the_chocolate_pudding_and_place_it_in_the_.mp4
04/07 [18:10:21] INFO     | >> Success: True              run_libero_eval.py:230
                 INFO     | >> # episodes completed so    run_libero_eval.py:230
                          far: 162                                              
                 INFO     | >> # successes: 161 (99.4%)   run_libero_eval.py:230

 10%|█         | 2/20 [02:32<22:56, 76.45s/it][A                 INFO     | >>                            run_libero_eval.py:230
                          Task: pick up the chocolate                           
                          pudding and place it in the                           
                          basket                                                
                 INFO     | >> Starting episode 3...      run_libero_eval.py:230
huggingface/tokenizers: The current process just got forked, after parallelism has already been used. Disabling parallelism to avoid deadlocks...
To disable this warning, you can either:
	- Avoid using `tokenizers` before the fork if possible
	- Explicitly set the environment variable TOKENIZERS_PARALLELISM=(true | false)
huggingface/tokenizers: The current process just got forked, after parallelism has already been used. Disabling parallelism to avoid deadlocks...
To disable this warning, you can either:
	- Avoid using `tokenizers` before the fork if possible
	- Explicitly set the environment variable TOKENIZERS_PARALLELISM=(true | false)
>> VLA-Cache inference mode
Current CUDA latency: 320.371704 ms | Average CUDA latency: 172.321272 ms, Average TFLOPs: 2.953298
>> VLA-Cache inference mode
Current CUDA latency: 290.094055 ms | Average CUDA latency: 172.362932 ms, Average TFLOPs: 2.953312
>> VLA-Cache inference mode
Current CUDA latency: 118.947037 ms | Average CUDA latency: 172.344044 ms, Average TFLOPs: 2.953333
>> VLA-Cache inference mode
Current CUDA latency: 110.719009 ms | Average CUDA latency: 172.322261 ms, Average TFLOPs: 2.953332
>> VLA-Cache inference mode
Current CUDA latency: 115.362785 ms | Average CUDA latency: 172.302134 ms, Average TFLOPs: 2.953341
>> VLA-Cache inference mode
Current CUDA latency: 195.885925 ms | Average CUDA latency: 172.310464 ms, Average TFLOPs: 2.953354
>> VLA-Cache inference mode
Current CUDA latency: 219.622238 ms | Average CUDA latency: 172.327170 ms, Average TFLOPs: 2.953356
>> VLA-Cache inference mode
Current CUDA latency: 171.969696 ms | Average CUDA latency: 172.327044 ms, Average TFLOPs: 2.953338
>> VLA-Cache inference mode
Current CUDA latency: 131.844986 ms | Average CUDA latency: 172.312760 ms, Average TFLOPs: 2.953313
>> VLA-Cache inference mode
Current CUDA latency: 142.277664 ms | Average CUDA latency: 172.302165 ms, Average TFLOPs: 2.953267
>> VLA-Cache inference mode
Current CUDA latency: 248.062210 ms | Average CUDA latency: 172.328879 ms, Average TFLOPs: 2.953249
>> VLA-Cache inference mode
Current CUDA latency: 319.212433 ms | Average CUDA latency: 172.380653 ms, Average TFLOPs: 2.953236
>> VLA-Cache inference mode
Current CUDA latency: 154.026169 ms | Average CUDA latency: 172.374186 ms, Average TFLOPs: 2.953231
>> VLA-Cache inference mode
Current CUDA latency: 150.079941 ms | Average CUDA latency: 172.366333 ms, Average TFLOPs: 2.953224
>> VLA-Cache inference mode
Current CUDA latency: 142.916382 ms | Average CUDA latency: 172.355963 ms, Average TFLOPs: 2.953231
>> VLA-Cache inference mode
Current CUDA latency: 107.934563 ms | Average CUDA latency: 172.333288 ms, Average TFLOPs: 2.953225
>> VLA-Cache inference mode
Current CUDA latency: 113.414467 ms | Average CUDA latency: 172.312556 ms, Average TFLOPs: 2.953207
>> VLA-Cache inference mode
Current CUDA latency: 345.776398 ms | Average CUDA latency: 172.373571 ms, Average TFLOPs: 2.953184
>> VLA-Cache inference mode
Current CUDA latency: 330.953247 ms | Average CUDA latency: 172.429330 ms, Average TFLOPs: 2.953169
Average time per step: 600.6627 ms, Control Frequency: 13.32 Hz, Token Reusing Ratio (Primary): 34.10 %, , Token Reusing Ratio (Wrist): 36.62 %
Saved rollout MP4 at path ./rollouts/2026_04_07/primary--2026_04_07-14_35_38--episode=163--success=True--task=pick_up_the_chocolate_pudding_and_place_it_in_the_.mp4
Saved rollout MP4 at path ./rollouts/2026_04_07/wrist--2026_04_07-14_35_38--episode=163--success=True--task=pick_up_the_chocolate_pudding_and_place_it_in_the_.mp4
04/07 [18:11:45] INFO     | >> Success: True              run_libero_eval.py:230
                 INFO     | >> # episodes completed so    run_libero_eval.py:230
                          far: 163                                              
                 INFO     | >> # successes: 162 (99.4%)   run_libero_eval.py:230

 15%|█▌        | 3/20 [03:56<22:38, 79.89s/it][A                 INFO     | >>                            run_libero_eval.py:230
                          Task: pick up the chocolate                           
                          pudding and place it in the                           
                          basket                                                
                 INFO     | >> Starting episode 4...      run_libero_eval.py:230
huggingface/tokenizers: The current process just got forked, after parallelism has already been used. Disabling parallelism to avoid deadlocks...
To disable this warning, you can either:
	- Avoid using `tokenizers` before the fork if possible
	- Explicitly set the environment variable TOKENIZERS_PARALLELISM=(true | false)
huggingface/tokenizers: The current process just got forked, after parallelism has already been used. Disabling parallelism to avoid deadlocks...
To disable this warning, you can either:
	- Avoid using `tokenizers` before the fork if possible
	- Explicitly set the environment variable TOKENIZERS_PARALLELISM=(true | false)
>> VLA-Cache inference mode
Current CUDA latency: 430.387085 ms | Average CUDA latency: 172.520001 ms, Average TFLOPs: 2.953443
>> VLA-Cache inference mode
Current CUDA latency: 271.345581 ms | Average CUDA latency: 172.554725 ms, Average TFLOPs: 2.953457
>> VLA-Cache inference mode
Current CUDA latency: 128.501633 ms | Average CUDA latency: 172.539251 ms, Average TFLOPs: 2.953477
>> VLA-Cache inference mode
Current CUDA latency: 170.802277 ms | Average CUDA latency: 172.538641 ms, Average TFLOPs: 2.953495
>> VLA-Cache inference mode
Current CUDA latency: 132.106461 ms | Average CUDA latency: 172.524450 ms, Average TFLOPs: 2.953513
>> VLA-Cache inference mode
Current CUDA latency: 128.721817 ms | Average CUDA latency: 172.509080 ms, Average TFLOPs: 2.953519
>> VLA-Cache inference mode
Current CUDA latency: 130.603012 ms | Average CUDA latency: 172.494382 ms, Average TFLOPs: 2.953521
>> VLA-Cache inference mode
Current CUDA latency: 135.129242 ms | Average CUDA latency: 172.481280 ms, Average TFLOPs: 2.953520
>> VLA-Cache inference mode
Current CUDA latency: 167.441345 ms | Average CUDA latency: 172.479514 ms, Average TFLOPs: 2.953501
>> VLA-Cache inference mode
Current CUDA latency: 125.468323 ms | Average CUDA latency: 172.463042 ms, Average TFLOPs: 2.953440
>> VLA-Cache inference mode
Current CUDA latency: 102.000259 ms | Average CUDA latency: 172.438361 ms, Average TFLOPs: 2.953410
>> VLA-Cache inference mode
Current CUDA latency: 179.822723 ms | Average CUDA latency: 172.440947 ms, Average TFLOPs: 2.953403
>> VLA-Cache inference mode
Current CUDA latency: 209.694107 ms | Average CUDA latency: 172.453986 ms, Average TFLOPs: 2.953398
>> VLA-Cache inference mode
Current CUDA latency: 174.522812 ms | Average CUDA latency: 172.454710 ms, Average TFLOPs: 2.953398
>> VLA-Cache inference mode
Current CUDA latency: 158.491486 ms | Average CUDA latency: 172.449826 ms, Average TFLOPs: 2.953403
>> VLA-Cache inference mode
Current CUDA latency: 133.739685 ms | Average CUDA latency: 172.436291 ms, Average TFLOPs: 2.953395
>> VLA-Cache inference mode
Current CUDA latency: 109.286751 ms | Average CUDA latency: 172.414218 ms, Average TFLOPs: 2.953373
>> VLA-Cache inference mode
Current CUDA latency: 167.532227 ms | Average CUDA latency: 172.412513 ms, Average TFLOPs: 2.953373
Average time per step: 597.9568 ms, Control Frequency: 13.38 Hz, Token Reusing Ratio (Primary): 34.21 %, , Token Reusing Ratio (Wrist): 36.30 %
Saved rollout MP4 at path ./rollouts/2026_04_07/primary--2026_04_07-14_35_38--episode=164--success=True--task=pick_up_the_chocolate_pudding_and_place_it_in_the_.mp4
Saved rollout MP4 at path ./rollouts/2026_04_07/wrist--2026_04_07-14_35_38--episode=164--success=True--task=pick_up_the_chocolate_pudding_and_place_it_in_the_.mp4
04/07 [18:13:02] INFO     | >> Success: True              run_libero_eval.py:230
                 INFO     | >> # episodes completed so    run_libero_eval.py:230
                          far: 164                                              
                 INFO     | >> # successes: 163 (99.4%)   run_libero_eval.py:230

 20%|██        | 4/20 [05:14<21:04, 79.02s/it][A                 INFO     | >>                            run_libero_eval.py:230
                          Task: pick up the chocolate                           
                          pudding and place it in the                           
                          basket                                                
                 INFO     | >> Starting episode 5...      run_libero_eval.py:230
huggingface/tokenizers: The current process just got forked, after parallelism has already been used. Disabling parallelism to avoid deadlocks...
To disable this warning, you can either:
	- Avoid using `tokenizers` before the fork if possible
	- Explicitly set the environment variable TOKENIZERS_PARALLELISM=(true | false)
huggingface/tokenizers: The current process just got forked, after parallelism has already been used. Disabling parallelism to avoid deadlocks...
To disable this warning, you can either:
	- Avoid using `tokenizers` before the fork if possible
	- Explicitly set the environment variable TOKENIZERS_PARALLELISM=(true | false)
>> VLA-Cache inference mode
Current CUDA latency: 319.804535 ms | Average CUDA latency: 172.463994 ms, Average TFLOPs: 2.953645
>> VLA-Cache inference mode
Current CUDA latency: 263.705841 ms | Average CUDA latency: 172.495853 ms, Average TFLOPs: 2.953648
>> VLA-Cache inference mode
Current CUDA latency: 113.949089 ms | Average CUDA latency: 172.475417 ms, Average TFLOPs: 2.953655
>> VLA-Cache inference mode
Current CUDA latency: 153.752762 ms | Average CUDA latency: 172.468885 ms, Average TFLOPs: 2.953658
>> VLA-Cache inference mode
Current CUDA latency: 146.042297 ms | Average CUDA latency: 172.459667 ms, Average TFLOPs: 2.953667
>> VLA-Cache inference mode
Current CUDA latency: 135.937119 ms | Average CUDA latency: 172.446933 ms, Average TFLOPs: 2.953663
>> VLA-Cache inference mode
Current CUDA latency: 133.802811 ms | Average CUDA latency: 172.433463 ms, Average TFLOPs: 2.953662
>> VLA-Cache inference mode
Current CUDA latency: 136.967010 ms | Average CUDA latency: 172.421105 ms, Average TFLOPs: 2.953647
>> VLA-Cache inference mode
Current CUDA latency: 166.163391 ms | Average CUDA latency: 172.418926 ms, Average TFLOPs: 2.953644
>> VLA-Cache inference mode
Current CUDA latency: 172.974854 ms | Average CUDA latency: 172.419119 ms, Average TFLOPs: 2.953604
>> VLA-Cache inference mode
Current CUDA latency: 158.258652 ms | Average CUDA latency: 172.414191 ms, Average TFLOPs: 2.953563
>> VLA-Cache inference mode
Current CUDA latency: 129.223969 ms | Average CUDA latency: 172.399163 ms, Average TFLOPs: 2.953524
>> VLA-Cache inference mode
Current CUDA latency: 148.869858 ms | Average CUDA latency: 172.390979 ms, Average TFLOPs: 2.953507
>> VLA-Cache inference mode
Current CUDA latency: 110.743073 ms | Average CUDA latency: 172.369543 ms, Average TFLOPs: 2.953486
>> VLA-Cache inference mode
Current CUDA latency: 109.021088 ms | Average CUDA latency: 172.347524 ms, Average TFLOPs: 2.953470
>> VLA-Cache inference mode
Current CUDA latency: 118.330399 ms | Average CUDA latency: 172.328755 ms, Average TFLOPs: 2.953443
>> VLA-Cache inference mode
Current CUDA latency: 110.003136 ms | Average CUDA latency: 172.307107 ms, Average TFLOPs: 2.953422
>> VLA-Cache inference mode
Current CUDA latency: 181.323746 ms | Average CUDA latency: 172.310238 ms, Average TFLOPs: 2.953414
>> VLA-Cache inference mode
Current CUDA latency: 132.810654 ms | Average CUDA latency: 172.296527 ms, Average TFLOPs: 2.953409
Average time per step: 586.0518 ms, Control Frequency: 13.65 Hz, Token Reusing Ratio (Primary): 34.29 %, , Token Reusing Ratio (Wrist): 36.41 %
Saved rollout MP4 at path ./rollouts/2026_04_07/primary--2026_04_07-14_35_38--episode=165--success=True--task=pick_up_the_chocolate_pudding_and_place_it_in_the_.mp4
Saved rollout MP4 at path ./rollouts/2026_04_07/wrist--2026_04_07-14_35_38--episode=165--success=True--task=pick_up_the_chocolate_pudding_and_place_it_in_the_.mp4
04/07 [18:14:23] INFO     | >> Success: True              run_libero_eval.py:230
                 INFO     | >> # episodes completed so    run_libero_eval.py:230
                          far: 165                                              
                 INFO     | >> # successes: 164 (99.4%)   run_libero_eval.py:230

 25%|██▌       | 5/20 [06:35<19:56, 79.77s/it][A                 INFO     | >>                            run_libero_eval.py:230
                          Task: pick up the chocolate                           
                          pudding and place it in the                           
                          basket                                                
                 INFO     | >> Starting episode 6...      run_libero_eval.py:230
huggingface/tokenizers: The current process just got forked, after parallelism has already been used. Disabling parallelism to avoid deadlocks...
To disable this warning, you can either:
	- Avoid using `tokenizers` before the fork if possible
	- Explicitly set the environment variable TOKENIZERS_PARALLELISM=(true | false)
huggingface/tokenizers: The current process just got forked, after parallelism has already been used. Disabling parallelism to avoid deadlocks...
To disable this warning, you can either:
	- Avoid using `tokenizers` before the fork if possible
	- Explicitly set the environment variable TOKENIZERS_PARALLELISM=(true | false)
>> VLA-Cache inference mode
Current CUDA latency: 487.925690 ms | Average CUDA latency: 172.406045 ms, Average TFLOPs: 2.953679
>> VLA-Cache inference mode
Current CUDA latency: 399.509857 ms | Average CUDA latency: 172.484818 ms, Average TFLOPs: 2.953696
>> VLA-Cache inference mode
Current CUDA latency: 129.034241 ms | Average CUDA latency: 172.469752 ms, Average TFLOPs: 2.953712
>> VLA-Cache inference mode
Current CUDA latency: 206.129410 ms | Average CUDA latency: 172.481419 ms, Average TFLOPs: 2.953722
>> VLA-Cache inference mode
Current CUDA latency: 108.242691 ms | Average CUDA latency: 172.459161 ms, Average TFLOPs: 2.953732
>> VLA-Cache inference mode
Current CUDA latency: 157.696091 ms | Average CUDA latency: 172.454047 ms, Average TFLOPs: 2.953742
>> VLA-Cache inference mode
Current CUDA latency: 119.109024 ms | Average CUDA latency: 172.435576 ms, Average TFLOPs: 2.953751
>> VLA-Cache inference mode
Current CUDA latency: 122.556641 ms | Average CUDA latency: 172.418311 ms, Average TFLOPs: 2.953761
>> VLA-Cache inference mode
Current CUDA latency: 138.739426 ms | Average CUDA latency: 172.406657 ms, Average TFLOPs: 2.953752
>> VLA-Cache inference mode
Current CUDA latency: 144.846725 ms | Average CUDA latency: 172.397124 ms, Average TFLOPs: 2.953713
>> VLA-Cache inference mode
Current CUDA latency: 117.763809 ms | Average CUDA latency: 172.378233 ms, Average TFLOPs: 2.953684
>> VLA-Cache inference mode
Current CUDA latency: 485.152191 ms | Average CUDA latency: 172.486347 ms, Average TFLOPs: 2.953656
>> VLA-Cache inference mode
Current CUDA latency: 256.312866 ms | Average CUDA latency: 172.515312 ms, Average TFLOPs: 2.953655
>> VLA-Cache inference mode
Current CUDA latency: 125.900963 ms | Average CUDA latency: 172.499211 ms, Average TFLOPs: 2.953632
>> VLA-Cache inference mode
Current CUDA latency: 119.898979 ms | Average CUDA latency: 172.481048 ms, Average TFLOPs: 2.953613
>> VLA-Cache inference mode
Current CUDA latency: 146.194656 ms | Average CUDA latency: 172.471974 ms, Average TFLOPs: 2.953602
>> VLA-Cache inference mode
Current CUDA latency: 156.628067 ms | Average CUDA latency: 172.466507 ms, Average TFLOPs: 2.953584
>> VLA-Cache inference mode
Current CUDA latency: 117.080414 ms | Average CUDA latency: 172.447402 ms, Average TFLOPs: 2.953569
>> VLA-Cache inference mode
Current CUDA latency: 262.402191 ms | Average CUDA latency: 172.478420 ms, Average TFLOPs: 2.953562
Average time per step: 587.4895 ms, Control Frequency: 13.62 Hz, Token Reusing Ratio (Primary): 34.17 %, , Token Reusing Ratio (Wrist): 36.38 %
Saved rollout MP4 at path ./rollouts/2026_04_07/primary--2026_04_07-14_35_38--episode=166--success=True--task=pick_up_the_chocolate_pudding_and_place_it_in_the_.mp4
Saved rollout MP4 at path ./rollouts/2026_04_07/wrist--2026_04_07-14_35_38--episode=166--success=True--task=pick_up_the_chocolate_pudding_and_place_it_in_the_.mp4
04/07 [18:15:45] INFO     | >> Success: True              run_libero_eval.py:230
                 INFO     | >> # episodes completed so    run_libero_eval.py:230
                          far: 166                                              
                 INFO     | >> # successes: 165 (99.4%)   run_libero_eval.py:230

 30%|███       | 6/20 [07:56<18:46, 80.44s/it][A                 INFO     | >>                            run_libero_eval.py:230
                          Task: pick up the chocolate                           
                          pudding and place it in the                           
                          basket                                                
                 INFO     | >> Starting episode 7...      run_libero_eval.py:230
huggingface/tokenizers: The current process just got forked, after parallelism has already been used. Disabling parallelism to avoid deadlocks...
To disable this warning, you can either:
	- Avoid using `tokenizers` before the fork if possible
	- Explicitly set the environment variable TOKENIZERS_PARALLELISM=(true | false)
huggingface/tokenizers: The current process just got forked, after parallelism has already been used. Disabling parallelism to avoid deadlocks...
To disable this warning, you can either:
	- Avoid using `tokenizers` before the fork if possible
	- Explicitly set the environment variable TOKENIZERS_PARALLELISM=(true | false)
>> VLA-Cache inference mode
Current CUDA latency: 373.197906 ms | Average CUDA latency: 172.547610 ms, Average TFLOPs: 2.953831
>> VLA-Cache inference mode
Current CUDA latency: 294.143860 ms | Average CUDA latency: 172.589511 ms, Average TFLOPs: 2.953843
>> VLA-Cache inference mode
Current CUDA latency: 112.871201 ms | Average CUDA latency: 172.568940 ms, Average TFLOPs: 2.953861
>> VLA-Cache inference mode
Current CUDA latency: 140.660385 ms | Average CUDA latency: 172.557952 ms, Average TFLOPs: 2.953871
>> VLA-Cache inference mode
Current CUDA latency: 130.263840 ms | Average CUDA latency: 172.543393 ms, Average TFLOPs: 2.953888
>> VLA-Cache inference mode
Current CUDA latency: 126.162819 ms | Average CUDA latency: 172.527433 ms, Average TFLOPs: 2.953895
>> VLA-Cache inference mode
Current CUDA latency: 108.124161 ms | Average CUDA latency: 172.505278 ms, Average TFLOPs: 2.953902
>> VLA-Cache inference mode
Current CUDA latency: 121.550499 ms | Average CUDA latency: 172.487756 ms, Average TFLOPs: 2.953884
>> VLA-Cache inference mode
Current CUDA latency: 127.880257 ms | Average CUDA latency: 172.472422 ms, Average TFLOPs: 2.953854
>> VLA-Cache inference mode
Current CUDA latency: 115.387619 ms | Average CUDA latency: 172.452805 ms, Average TFLOPs: 2.953831
>> VLA-Cache inference mode
Current CUDA latency: 107.717697 ms | Average CUDA latency: 172.430567 ms, Average TFLOPs: 2.953815
>> VLA-Cache inference mode
Current CUDA latency: 108.196640 ms | Average CUDA latency: 172.408508 ms, Average TFLOPs: 2.953807
>> VLA-Cache inference mode
Current CUDA latency: 112.399170 ms | Average CUDA latency: 172.387908 ms, Average TFLOPs: 2.953790
>> VLA-Cache inference mode
Current CUDA latency: 108.503395 ms | Average CUDA latency: 172.365985 ms, Average TFLOPs: 2.953787
>> VLA-Cache inference mode
Current CUDA latency: 166.717209 ms | Average CUDA latency: 172.364047 ms, Average TFLOPs: 2.953787
>> VLA-Cache inference mode
Current CUDA latency: 193.118149 ms | Average CUDA latency: 172.371164 ms, Average TFLOPs: 2.953785
>> VLA-Cache inference mode
Current CUDA latency: 141.361633 ms | Average CUDA latency: 172.360533 ms, Average TFLOPs: 2.953772
>> VLA-Cache inference mode
Current CUDA latency: 137.157913 ms | Average CUDA latency: 172.348469 ms, Average TFLOPs: 2.953765
Average time per step: 578.2249 ms, Control Frequency: 13.84 Hz, Token Reusing Ratio (Primary): 34.10 %, , Token Reusing Ratio (Wrist): 36.28 %
Saved rollout MP4 at path ./rollouts/2026_04_07/primary--2026_04_07-14_35_38--episode=167--success=True--task=pick_up_the_chocolate_pudding_and_place_it_in_the_.mp4
Saved rollout MP4 at path ./rollouts/2026_04_07/wrist--2026_04_07-14_35_38--episode=167--success=True--task=pick_up_the_chocolate_pudding_and_place_it_in_the_.mp4
04/07 [18:17:01] INFO     | >> Success: True              run_libero_eval.py:230
                 INFO     | >> # episodes completed so    run_libero_eval.py:230
                          far: 167                                              
                 INFO     | >> # successes: 166 (99.4%)   run_libero_eval.py:230

 35%|███▌      | 7/20 [09:12<17:04, 78.80s/it][A                 INFO     | >>                            run_libero_eval.py:230
                          Task: pick up the chocolate                           
                          pudding and place it in the                           
                          basket                                                
                 INFO     | >> Starting episode 8...      run_libero_eval.py:230
huggingface/tokenizers: The current process just got forked, after parallelism has already been used. Disabling parallelism to avoid deadlocks...
To disable this warning, you can either:
	- Avoid using `tokenizers` before the fork if possible
	- Explicitly set the environment variable TOKENIZERS_PARALLELISM=(true | false)
huggingface/tokenizers: The current process just got forked, after parallelism has already been used. Disabling parallelism to avoid deadlocks...
To disable this warning, you can either:
	- Avoid using `tokenizers` before the fork if possible
	- Explicitly set the environment variable TOKENIZERS_PARALLELISM=(true | false)
>> VLA-Cache inference mode
Current CUDA latency: 430.673615 ms | Average CUDA latency: 172.436967 ms, Average TFLOPs: 2.954032
>> VLA-Cache inference mode
Current CUDA latency: 293.643158 ms | Average CUDA latency: 172.478476 ms, Average TFLOPs: 2.954054
>> VLA-Cache inference mode
Current CUDA latency: 136.510910 ms | Average CUDA latency: 172.466163 ms, Average TFLOPs: 2.954049
>> VLA-Cache inference mode
Current CUDA latency: 122.257439 ms | Average CUDA latency: 172.448980 ms, Average TFLOPs: 2.954039
>> VLA-Cache inference mode
Current CUDA latency: 124.669922 ms | Average CUDA latency: 172.432634 ms, Average TFLOPs: 2.954034
>> VLA-Cache inference mode
Current CUDA latency: 128.168961 ms | Average CUDA latency: 172.417496 ms, Average TFLOPs: 2.954040
>> VLA-Cache inference mode
Current CUDA latency: 123.267326 ms | Average CUDA latency: 172.400692 ms, Average TFLOPs: 2.954028
>> VLA-Cache inference mode
Current CUDA latency: 126.976639 ms | Average CUDA latency: 172.385168 ms, Average TFLOPs: 2.954018
>> VLA-Cache inference mode
Current CUDA latency: 134.065338 ms | Average CUDA latency: 172.372076 ms, Average TFLOPs: 2.953967
>> VLA-Cache inference mode
Current CUDA latency: 116.728638 ms | Average CUDA latency: 172.353072 ms, Average TFLOPs: 2.953926
>> VLA-Cache inference mode
Current CUDA latency: 109.300163 ms | Average CUDA latency: 172.331545 ms, Average TFLOPs: 2.953904
>> VLA-Cache inference mode
Current CUDA latency: 107.736732 ms | Average CUDA latency: 172.309499 ms, Average TFLOPs: 2.953891
>> VLA-Cache inference mode
Current CUDA latency: 107.680031 ms | Average CUDA latency: 172.287449 ms, Average TFLOPs: 2.953879
>> VLA-Cache inference mode
Current CUDA latency: 110.492096 ms | Average CUDA latency: 172.266373 ms, Average TFLOPs: 2.953870
>> VLA-Cache inference mode
Current CUDA latency: 118.763298 ms | Average CUDA latency: 172.248131 ms, Average TFLOPs: 2.953866
>> VLA-Cache inference mode
Current CUDA latency: 107.662338 ms | Average CUDA latency: 172.226118 ms, Average TFLOPs: 2.953849
>> VLA-Cache inference mode
Current CUDA latency: 127.050369 ms | Average CUDA latency: 172.210726 ms, Average TFLOPs: 2.953838
>> VLA-Cache inference mode
Current CUDA latency: 124.302017 ms | Average CUDA latency: 172.194408 ms, Average TFLOPs: 2.953819
Average time per step: 572.6178 ms, Control Frequency: 13.97 Hz, Token Reusing Ratio (Primary): 34.17 %, , Token Reusing Ratio (Wrist): 36.30 %
Saved rollout MP4 at path ./rollouts/2026_04_07/primary--2026_04_07-14_35_38--episode=168--success=True--task=pick_up_the_chocolate_pudding_and_place_it_in_the_.mp4
Saved rollout MP4 at path ./rollouts/2026_04_07/wrist--2026_04_07-14_35_38--episode=168--success=True--task=pick_up_the_chocolate_pudding_and_place_it_in_the_.mp4
04/07 [18:18:15] INFO     | >> Success: True              run_libero_eval.py:230
                 INFO     | >> # episodes completed so    run_libero_eval.py:230
                          far: 168                                              
                 INFO     | >> # successes: 167 (99.4%)   run_libero_eval.py:230

 40%|████      | 8/20 [10:27<15:30, 77.52s/it][A                 INFO     | >>                            run_libero_eval.py:230
                          Task: pick up the chocolate                           
                          pudding and place it in the                           
                          basket                                                
                 INFO     | >> Starting episode 9...      run_libero_eval.py:230
huggingface/tokenizers: The current process just got forked, after parallelism has already been used. Disabling parallelism to avoid deadlocks...
To disable this warning, you can either:
	- Avoid using `tokenizers` before the fork if possible
	- Explicitly set the environment variable TOKENIZERS_PARALLELISM=(true | false)
huggingface/tokenizers: The current process just got forked, after parallelism has already been used. Disabling parallelism to avoid deadlocks...
To disable this warning, you can either:
	- Avoid using `tokenizers` before the fork if possible
	- Explicitly set the environment variable TOKENIZERS_PARALLELISM=(true | false)
>> VLA-Cache inference mode
Current CUDA latency: 405.686615 ms | Average CUDA latency: 172.273909 ms, Average TFLOPs: 2.954083
>> VLA-Cache inference mode
Current CUDA latency: 319.554871 ms | Average CUDA latency: 172.324038 ms, Average TFLOPs: 2.954100
>> VLA-Cache inference mode
Current CUDA latency: 124.635300 ms | Average CUDA latency: 172.307812 ms, Average TFLOPs: 2.954100
>> VLA-Cache inference mode
Current CUDA latency: 124.137245 ms | Average CUDA latency: 172.291427 ms, Average TFLOPs: 2.954122
>> VLA-Cache inference mode
Current CUDA latency: 184.446075 ms | Average CUDA latency: 172.295560 ms, Average TFLOPs: 2.954147
>> VLA-Cache inference mode
Current CUDA latency: 130.704285 ms | Average CUDA latency: 172.281423 ms, Average TFLOPs: 2.954156
>> VLA-Cache inference mode
Current CUDA latency: 119.343971 ms | Average CUDA latency: 172.263436 ms, Average TFLOPs: 2.954162
>> VLA-Cache inference mode
Current CUDA latency: 109.043617 ms | Average CUDA latency: 172.241962 ms, Average TFLOPs: 2.954165
>> VLA-Cache inference mode
Current CUDA latency: 149.002335 ms | Average CUDA latency: 172.234070 ms, Average TFLOPs: 2.954133
>> VLA-Cache inference mode
Current CUDA latency: 106.495773 ms | Average CUDA latency: 172.211756 ms, Average TFLOPs: 2.954077
>> VLA-Cache inference mode
Current CUDA latency: 111.120285 ms | Average CUDA latency: 172.191026 ms, Average TFLOPs: 2.954039
>> VLA-Cache inference mode
Current CUDA latency: 232.218170 ms | Average CUDA latency: 172.211388 ms, Average TFLOPs: 2.954001
>> VLA-Cache inference mode
Current CUDA latency: 112.655106 ms | Average CUDA latency: 172.191192 ms, Average TFLOPs: 2.953961
>> VLA-Cache inference mode
Current CUDA latency: 106.690849 ms | Average CUDA latency: 172.168989 ms, Average TFLOPs: 2.953937
>> VLA-Cache inference mode
Current CUDA latency: 290.308197 ms | Average CUDA latency: 172.209023 ms, Average TFLOPs: 2.953917
>> VLA-Cache inference mode
Current CUDA latency: 208.791077 ms | Average CUDA latency: 172.221415 ms, Average TFLOPs: 2.953897
>> VLA-Cache inference mode
Current CUDA latency: 141.201508 ms | Average CUDA latency: 172.210910 ms, Average TFLOPs: 2.953872
>> VLA-Cache inference mode
Current CUDA latency: 128.459610 ms | Average CUDA latency: 172.196099 ms, Average TFLOPs: 2.953836
Average time per step: 572.1076 ms, Control Frequency: 13.98 Hz, Token Reusing Ratio (Primary): 34.19 %, , Token Reusing Ratio (Wrist): 36.33 %
Saved rollout MP4 at path ./rollouts/2026_04_07/primary--2026_04_07-14_35_38--episode=169--success=True--task=pick_up_the_chocolate_pudding_and_place_it_in_the_.mp4
Saved rollout MP4 at path ./rollouts/2026_04_07/wrist--2026_04_07-14_35_38--episode=169--success=True--task=pick_up_the_chocolate_pudding_and_place_it_in_the_.mp4
04/07 [18:19:34] INFO     | >> Success: True              run_libero_eval.py:230
                 INFO     | >> # episodes completed so    run_libero_eval.py:230
                          far: 169                                              
                 INFO     | >> # successes: 168 (99.4%)   run_libero_eval.py:230

 45%|████▌     | 9/20 [11:46<14:17, 77.94s/it][A                 INFO     | >>                            run_libero_eval.py:230
                          Task: pick up the chocolate                           
                          pudding and place it in the                           
                          basket                                                
                 INFO     | >> Starting episode 10...     run_libero_eval.py:230
huggingface/tokenizers: The current process just got forked, after parallelism has already been used. Disabling parallelism to avoid deadlocks...
To disable this warning, you can either:
	- Avoid using `tokenizers` before the fork if possible
	- Explicitly set the environment variable TOKENIZERS_PARALLELISM=(true | false)
huggingface/tokenizers: The current process just got forked, after parallelism has already been used. Disabling parallelism to avoid deadlocks...
To disable this warning, you can either:
	- Avoid using `tokenizers` before the fork if possible
	- Explicitly set the environment variable TOKENIZERS_PARALLELISM=(true | false)
>> VLA-Cache inference mode
Current CUDA latency: 323.611115 ms | Average CUDA latency: 172.247340 ms, Average TFLOPs: 2.954099
>> VLA-Cache inference mode
Current CUDA latency: 305.123474 ms | Average CUDA latency: 172.292291 ms, Average TFLOPs: 2.954110
>> VLA-Cache inference mode
Current CUDA latency: 226.564514 ms | Average CUDA latency: 172.310645 ms, Average TFLOPs: 2.954119
>> VLA-Cache inference mode
Current CUDA latency: 198.642914 ms | Average CUDA latency: 172.319547 ms, Average TFLOPs: 2.954127
>> VLA-Cache inference mode
Current CUDA latency: 137.072678 ms | Average CUDA latency: 172.307635 ms, Average TFLOPs: 2.954140
>> VLA-Cache inference mode
Current CUDA latency: 111.715935 ms | Average CUDA latency: 172.287165 ms, Average TFLOPs: 2.954146
>> VLA-Cache inference mode
Current CUDA latency: 115.215744 ms | Average CUDA latency: 172.267891 ms, Average TFLOPs: 2.954141
>> VLA-Cache inference mode
Current CUDA latency: 169.643585 ms | Average CUDA latency: 172.267005 ms, Average TFLOPs: 2.954108
>> VLA-Cache inference mode
Current CUDA latency: 126.591843 ms | Average CUDA latency: 172.251589 ms, Average TFLOPs: 2.954063
>> VLA-Cache inference mode
Current CUDA latency: 101.738754 ms | Average CUDA latency: 172.227800 ms, Average TFLOPs: 2.954036
>> VLA-Cache inference mode
Current CUDA latency: 116.971680 ms | Average CUDA latency: 172.209164 ms, Average TFLOPs: 2.954019
>> VLA-Cache inference mode
Current CUDA latency: 118.385956 ms | Average CUDA latency: 172.191017 ms, Average TFLOPs: 2.954019
>> VLA-Cache inference mode
Current CUDA latency: 157.361282 ms | Average CUDA latency: 172.186019 ms, Average TFLOPs: 2.954011
>> VLA-Cache inference mode
Current CUDA latency: 108.111900 ms | Average CUDA latency: 172.164430 ms, Average TFLOPs: 2.953995
>> VLA-Cache inference mode
Current CUDA latency: 107.985855 ms | Average CUDA latency: 172.142814 ms, Average TFLOPs: 2.953982
>> VLA-Cache inference mode
Current CUDA latency: 102.665054 ms | Average CUDA latency: 172.119421 ms, Average TFLOPs: 2.953954
>> VLA-Cache inference mode
Current CUDA latency: 107.290909 ms | Average CUDA latency: 172.097600 ms, Average TFLOPs: 2.953925
>> VLA-Cache inference mode
Current CUDA latency: 224.771454 ms | Average CUDA latency: 172.115324 ms, Average TFLOPs: 2.953918
Average time per step: 567.9822 ms, Control Frequency: 14.08 Hz, Token Reusing Ratio (Primary): 34.19 %, , Token Reusing Ratio (Wrist): 36.37 %
Saved rollout MP4 at path ./rollouts/2026_04_07/primary--2026_04_07-14_35_38--episode=170--success=True--task=pick_up_the_chocolate_pudding_and_place_it_in_the_.mp4
Saved rollout MP4 at path ./rollouts/2026_04_07/wrist--2026_04_07-14_35_38--episode=170--success=True--task=pick_up_the_chocolate_pudding_and_place_it_in_the_.mp4
04/07 [18:20:47] INFO     | >> Success: True              run_libero_eval.py:230
                 INFO     | >> # episodes completed so    run_libero_eval.py:230
                          far: 170                                              
                 INFO     | >> # successes: 169 (99.4%)   run_libero_eval.py:230

 50%|█████     | 10/20 [12:58<12:42, 76.26s/it][A                 INFO     | >>                            run_libero_eval.py:230
                          Task: pick up the chocolate                           
                          pudding and place it in the                           
                          basket                                                
                 INFO     | >> Starting episode 11...     run_libero_eval.py:230
huggingface/tokenizers: The current process just got forked, after parallelism has already been used. Disabling parallelism to avoid deadlocks...
To disable this warning, you can either:
	- Avoid using `tokenizers` before the fork if possible
	- Explicitly set the environment variable TOKENIZERS_PARALLELISM=(true | false)
huggingface/tokenizers: The current process just got forked, after parallelism has already been used. Disabling parallelism to avoid deadlocks...
To disable this warning, you can either:
	- Avoid using `tokenizers` before the fork if possible
	- Explicitly set the environment variable TOKENIZERS_PARALLELISM=(true | false)
>> VLA-Cache inference mode
Current CUDA latency: 552.325073 ms | Average CUDA latency: 172.243211 ms, Average TFLOPs: 2.954180
>> VLA-Cache inference mode
Current CUDA latency: 302.016510 ms | Average CUDA latency: 172.286847 ms, Average TFLOPs: 2.954201
>> VLA-Cache inference mode
Current CUDA latency: 136.781342 ms | Average CUDA latency: 172.274913 ms, Average TFLOPs: 2.954226
>> VLA-Cache inference mode
Current CUDA latency: 191.825409 ms | Average CUDA latency: 172.281482 ms, Average TFLOPs: 2.954258
>> VLA-Cache inference mode
Current CUDA latency: 109.671585 ms | Average CUDA latency: 172.260451 ms, Average TFLOPs: 2.954281
>> VLA-Cache inference mode
Current CUDA latency: 142.149475 ms | Average CUDA latency: 172.250340 ms, Average TFLOPs: 2.954287
>> VLA-Cache inference mode
Current CUDA latency: 143.525024 ms | Average CUDA latency: 172.240697 ms, Average TFLOPs: 2.954282
>> VLA-Cache inference mode
Current CUDA latency: 139.973465 ms | Average CUDA latency: 172.229869 ms, Average TFLOPs: 2.954258
>> VLA-Cache inference mode
Current CUDA latency: 108.859840 ms | Average CUDA latency: 172.208611 ms, Average TFLOPs: 2.954233
>> VLA-Cache inference mode
Current CUDA latency: 165.893021 ms | Average CUDA latency: 172.206493 ms, Average TFLOPs: 2.954191
>> VLA-Cache inference mode
Current CUDA latency: 146.556900 ms | Average CUDA latency: 172.197895 ms, Average TFLOPs: 2.954154
>> VLA-Cache inference mode
Current CUDA latency: 182.569122 ms | Average CUDA latency: 172.201370 ms, Average TFLOPs: 2.954115
>> VLA-Cache inference mode
Current CUDA latency: 203.092377 ms | Average CUDA latency: 172.211719 ms, Average TFLOPs: 2.954082
>> VLA-Cache inference mode
Current CUDA latency: 127.931297 ms | Average CUDA latency: 172.196890 ms, Average TFLOPs: 2.954059
>> VLA-Cache inference mode
Current CUDA latency: 111.285599 ms | Average CUDA latency: 172.176498 ms, Average TFLOPs: 2.954045
>> VLA-Cache inference mode
Current CUDA latency: 101.998978 ms | Average CUDA latency: 172.153011 ms, Average TFLOPs: 2.954012
>> VLA-Cache inference mode
Current CUDA latency: 102.574432 ms | Average CUDA latency: 172.129733 ms, Average TFLOPs: 2.953986
>> VLA-Cache inference mode
Current CUDA latency: 177.011292 ms | Average CUDA latency: 172.131366 ms, Average TFLOPs: 2.953960
>> VLA-Cache inference mode
Current CUDA latency: 127.160736 ms | Average CUDA latency: 172.116330 ms, Average TFLOPs: 2.953943
>> VLA-Cache inference mode
Current CUDA latency: 155.954651 ms | Average CUDA latency: 172.110929 ms, Average TFLOPs: 2.953936
Average time per step: 567.2818 ms, Control Frequency: 14.10 Hz, Token Reusing Ratio (Primary): 34.18 %, , Token Reusing Ratio (Wrist): 36.49 %
Saved rollout MP4 at path ./rollouts/2026_04_07/primary--2026_04_07-14_35_38--episode=171--success=True--task=pick_up_the_chocolate_pudding_and_place_it_in_the_.mp4
Saved rollout MP4 at path ./rollouts/2026_04_07/wrist--2026_04_07-14_35_38--episode=171--success=True--task=pick_up_the_chocolate_pudding_and_place_it_in_the_.mp4
04/07 [18:22:07] INFO     | >> Success: True              run_libero_eval.py:230
                 INFO     | >> # episodes completed so    run_libero_eval.py:230
                          far: 171                                              
                 INFO     | >> # successes: 170 (99.4%)   run_libero_eval.py:230

 55%|█████▌    | 11/20 [14:18<11:36, 77.43s/it][A                 INFO     | >>                            run_libero_eval.py:230
                          Task: pick up the chocolate                           
                          pudding and place it in the                           
                          basket                                                
                 INFO     | >> Starting episode 12...     run_libero_eval.py:230
huggingface/tokenizers: The current process just got forked, after parallelism has already been used. Disabling parallelism to avoid deadlocks...
To disable this warning, you can either:
	- Avoid using `tokenizers` before the fork if possible
	- Explicitly set the environment variable TOKENIZERS_PARALLELISM=(true | false)
huggingface/tokenizers: The current process just got forked, after parallelism has already been used. Disabling parallelism to avoid deadlocks...
To disable this warning, you can either:
	- Avoid using `tokenizers` before the fork if possible
	- Explicitly set the environment variable TOKENIZERS_PARALLELISM=(true | false)
>> VLA-Cache inference mode
Current CUDA latency: 553.008301 ms | Average CUDA latency: 172.238191 ms, Average TFLOPs: 2.954195
>> VLA-Cache inference mode
Current CUDA latency: 379.667816 ms | Average CUDA latency: 172.307473 ms, Average TFLOPs: 2.954178
>> VLA-Cache inference mode
Current CUDA latency: 164.299683 ms | Average CUDA latency: 172.304799 ms, Average TFLOPs: 2.954175
>> VLA-Cache inference mode
Current CUDA latency: 118.983070 ms | Average CUDA latency: 172.287002 ms, Average TFLOPs: 2.954183
>> VLA-Cache inference mode
Current CUDA latency: 110.586624 ms | Average CUDA latency: 172.266414 ms, Average TFLOPs: 2.954189
>> VLA-Cache inference mode
Current CUDA latency: 114.114655 ms | Average CUDA latency: 172.247018 ms, Average TFLOPs: 2.954198
>> VLA-Cache inference mode
Current CUDA latency: 125.975426 ms | Average CUDA latency: 172.231589 ms, Average TFLOPs: 2.954191
>> VLA-Cache inference mode
Current CUDA latency: 124.847267 ms | Average CUDA latency: 172.215794 ms, Average TFLOPs: 2.954190
>> VLA-Cache inference mode
Current CUDA latency: 210.726212 ms | Average CUDA latency: 172.228626 ms, Average TFLOPs: 2.954155
>> VLA-Cache inference mode
Current CUDA latency: 188.269241 ms | Average CUDA latency: 172.233970 ms, Average TFLOPs: 2.954117
>> VLA-Cache inference mode
Current CUDA latency: 246.478821 ms | Average CUDA latency: 172.258693 ms, Average TFLOPs: 2.954100
>> VLA-Cache inference mode
Current CUDA latency: 112.943550 ms | Average CUDA latency: 172.238948 ms, Average TFLOPs: 2.954101
>> VLA-Cache inference mode
Current CUDA latency: 145.592545 ms | Average CUDA latency: 172.230080 ms, Average TFLOPs: 2.954095
>> VLA-Cache inference mode
Current CUDA latency: 127.277504 ms | Average CUDA latency: 172.215126 ms, Average TFLOPs: 2.954096
>> VLA-Cache inference mode
Current CUDA latency: 129.005447 ms | Average CUDA latency: 172.200756 ms, Average TFLOPs: 2.954106
>> VLA-Cache inference mode
Current CUDA latency: 109.230721 ms | Average CUDA latency: 172.179822 ms, Average TFLOPs: 2.954114
>> VLA-Cache inference mode
Current CUDA latency: 107.926338 ms | Average CUDA latency: 172.158468 ms, Average TFLOPs: 2.954116
Average time per step: 568.3194 ms, Control Frequency: 14.08 Hz, Token Reusing Ratio (Primary): 34.09 %, , Token Reusing Ratio (Wrist): 36.38 %
Saved rollout MP4 at path ./rollouts/2026_04_07/primary--2026_04_07-14_35_38--episode=172--success=True--task=pick_up_the_chocolate_pudding_and_place_it_in_the_.mp4
Saved rollout MP4 at path ./rollouts/2026_04_07/wrist--2026_04_07-14_35_38--episode=172--success=True--task=pick_up_the_chocolate_pudding_and_place_it_in_the_.mp4
04/07 [18:23:20] INFO     | >> Success: True              run_libero_eval.py:230
                 INFO     | >> # episodes completed so    run_libero_eval.py:230
                          far: 172                                              
                 INFO     | >> # successes: 171 (99.4%)   run_libero_eval.py:230

 60%|██████    | 12/20 [15:31<10:08, 76.00s/it][A                 INFO     | >>                            run_libero_eval.py:230
                          Task: pick up the chocolate                           
                          pudding and place it in the                           
                          basket                                                
                 INFO     | >> Starting episode 13...     run_libero_eval.py:230
huggingface/tokenizers: The current process just got forked, after parallelism has already been used. Disabling parallelism to avoid deadlocks...
To disable this warning, you can either:
	- Avoid using `tokenizers` before the fork if possible
	- Explicitly set the environment variable TOKENIZERS_PARALLELISM=(true | false)
huggingface/tokenizers: The current process just got forked, after parallelism has already been used. Disabling parallelism to avoid deadlocks...
To disable this warning, you can either:
	- Avoid using `tokenizers` before the fork if possible
	- Explicitly set the environment variable TOKENIZERS_PARALLELISM=(true | false)
>> VLA-Cache inference mode
Current CUDA latency: 327.669373 ms | Average CUDA latency: 172.210133 ms, Average TFLOPs: 2.954374
>> VLA-Cache inference mode
Current CUDA latency: 382.737946 ms | Average CUDA latency: 172.280053 ms, Average TFLOPs: 2.954380
>> VLA-Cache inference mode
Current CUDA latency: 194.467941 ms | Average CUDA latency: 172.287419 ms, Average TFLOPs: 2.954404
>> VLA-Cache inference mode
Current CUDA latency: 117.190079 ms | Average CUDA latency: 172.269133 ms, Average TFLOPs: 2.954413
>> VLA-Cache inference mode
Current CUDA latency: 111.732445 ms | Average CUDA latency: 172.249048 ms, Average TFLOPs: 2.954433
>> VLA-Cache inference mode
Current CUDA latency: 118.830940 ms | Average CUDA latency: 172.231330 ms, Average TFLOPs: 2.954442
>> VLA-Cache inference mode
Current CUDA latency: 132.145538 ms | Average CUDA latency: 172.218039 ms, Average TFLOPs: 2.954442
>> VLA-Cache inference mode
Current CUDA latency: 109.471458 ms | Average CUDA latency: 172.197241 ms, Average TFLOPs: 2.954442
>> VLA-Cache inference mode
Current CUDA latency: 158.555908 ms | Average CUDA latency: 172.192721 ms, Average TFLOPs: 2.954419
>> VLA-Cache inference mode
Current CUDA latency: 132.811813 ms | Average CUDA latency: 172.179677 ms, Average TFLOPs: 2.954370
>> VLA-Cache inference mode
Current CUDA latency: 107.338013 ms | Average CUDA latency: 172.158206 ms, Average TFLOPs: 2.954343
>> VLA-Cache inference mode
Current CUDA latency: 358.504425 ms | Average CUDA latency: 172.219890 ms, Average TFLOPs: 2.954333
>> VLA-Cache inference mode
Current CUDA latency: 242.536926 ms | Average CUDA latency: 172.243158 ms, Average TFLOPs: 2.954324
>> VLA-Cache inference mode
Current CUDA latency: 144.533157 ms | Average CUDA latency: 172.233992 ms, Average TFLOPs: 2.954323
>> VLA-Cache inference mode
Current CUDA latency: 109.482079 ms | Average CUDA latency: 172.213241 ms, Average TFLOPs: 2.954323
>> VLA-Cache inference mode
Current CUDA latency: 109.102562 ms | Average CUDA latency: 172.192378 ms, Average TFLOPs: 2.954310
>> VLA-Cache inference mode
Current CUDA latency: 120.411934 ms | Average CUDA latency: 172.175266 ms, Average TFLOPs: 2.954281
>> VLA-Cache inference mode
Current CUDA latency: 109.863457 ms | Average CUDA latency: 172.154680 ms, Average TFLOPs: 2.954279
>> VLA-Cache inference mode
Current CUDA latency: 129.956482 ms | Average CUDA latency: 172.140744 ms, Average TFLOPs: 2.954260
Average time per step: 566.2141 ms, Control Frequency: 14.13 Hz, Token Reusing Ratio (Primary): 34.09 %, , Token Reusing Ratio (Wrist): 36.37 %
Saved rollout MP4 at path ./rollouts/2026_04_07/primary--2026_04_07-14_35_38--episode=173--success=True--task=pick_up_the_chocolate_pudding_and_place_it_in_the_.mp4
Saved rollout MP4 at path ./rollouts/2026_04_07/wrist--2026_04_07-14_35_38--episode=173--success=True--task=pick_up_the_chocolate_pudding_and_place_it_in_the_.mp4
04/07 [18:24:41] INFO     | >> Success: True              run_libero_eval.py:230
                 INFO     | >> # episodes completed so    run_libero_eval.py:230
                          far: 173                                              
                 INFO     | >> # successes: 172 (99.4%)   run_libero_eval.py:230

 65%|██████▌   | 13/20 [16:52<09:03, 77.60s/it][A                 INFO     | >>                            run_libero_eval.py:230
                          Task: pick up the chocolate                           
                          pudding and place it in the                           
                          basket                                                
                 INFO     | >> Starting episode 14...     run_libero_eval.py:230
huggingface/tokenizers: The current process just got forked, after parallelism has already been used. Disabling parallelism to avoid deadlocks...
To disable this warning, you can either:
	- Avoid using `tokenizers` before the fork if possible
	- Explicitly set the environment variable TOKENIZERS_PARALLELISM=(true | false)
huggingface/tokenizers: The current process just got forked, after parallelism has already been used. Disabling parallelism to avoid deadlocks...
To disable this warning, you can either:
	- Avoid using `tokenizers` before the fork if possible
	- Explicitly set the environment variable TOKENIZERS_PARALLELISM=(true | false)
>> VLA-Cache inference mode
Current CUDA latency: 391.582214 ms | Average CUDA latency: 172.213191 ms, Average TFLOPs: 2.954516
>> VLA-Cache inference mode
Current CUDA latency: 512.706238 ms | Average CUDA latency: 172.325565 ms, Average TFLOPs: 2.954523
>> VLA-Cache inference mode
Current CUDA latency: 178.337051 ms | Average CUDA latency: 172.327549 ms, Average TFLOPs: 2.954538
>> VLA-Cache inference mode
Current CUDA latency: 127.515457 ms | Average CUDA latency: 172.312769 ms, Average TFLOPs: 2.954559
>> VLA-Cache inference mode
Current CUDA latency: 165.598938 ms | Average CUDA latency: 172.310555 ms, Average TFLOPs: 2.954579
>> VLA-Cache inference mode
Current CUDA latency: 113.036736 ms | Average CUDA latency: 172.291019 ms, Average TFLOPs: 2.954605
>> VLA-Cache inference mode
Current CUDA latency: 130.503387 ms | Average CUDA latency: 172.277250 ms, Average TFLOPs: 2.954597
>> VLA-Cache inference mode
Current CUDA latency: 154.749573 ms | Average CUDA latency: 172.271477 ms, Average TFLOPs: 2.954577
>> VLA-Cache inference mode
Current CUDA latency: 127.107552 ms | Average CUDA latency: 172.256606 ms, Average TFLOPs: 2.954555
>> VLA-Cache inference mode
Current CUDA latency: 121.262718 ms | Average CUDA latency: 172.239820 ms, Average TFLOPs: 2.954503
>> VLA-Cache inference mode
Current CUDA latency: 101.276932 ms | Average CUDA latency: 172.216470 ms, Average TFLOPs: 2.954452
>> VLA-Cache inference mode
Current CUDA latency: 103.828735 ms | Average CUDA latency: 172.193974 ms, Average TFLOPs: 2.954414
>> VLA-Cache inference mode
Current CUDA latency: 110.679420 ms | Average CUDA latency: 172.173745 ms, Average TFLOPs: 2.954379
>> VLA-Cache inference mode
Current CUDA latency: 103.297218 ms | Average CUDA latency: 172.151103 ms, Average TFLOPs: 2.954355
>> VLA-Cache inference mode
Current CUDA latency: 107.064705 ms | Average CUDA latency: 172.129714 ms, Average TFLOPs: 2.954335
>> VLA-Cache inference mode
Current CUDA latency: 113.964035 ms | Average CUDA latency: 172.110606 ms, Average TFLOPs: 2.954328
>> VLA-Cache inference mode
Current CUDA latency: 121.524574 ms | Average CUDA latency: 172.093993 ms, Average TFLOPs: 2.954302
>> VLA-Cache inference mode
Current CUDA latency: 125.828484 ms | Average CUDA latency: 172.078804 ms, Average TFLOPs: 2.954282
>> VLA-Cache inference mode
Current CUDA latency: 142.619293 ms | Average CUDA latency: 172.069136 ms, Average TFLOPs: 2.954256
>> VLA-Cache inference mode
Current CUDA latency: 241.313187 ms | Average CUDA latency: 172.091854 ms, Average TFLOPs: 2.954236
Average time per step: 565.4106 ms, Control Frequency: 14.15 Hz, Token Reusing Ratio (Primary): 34.10 %, , Token Reusing Ratio (Wrist): 36.50 %
Saved rollout MP4 at path ./rollouts/2026_04_07/primary--2026_04_07-14_35_38--episode=174--success=True--task=pick_up_the_chocolate_pudding_and_place_it_in_the_.mp4
Saved rollout MP4 at path ./rollouts/2026_04_07/wrist--2026_04_07-14_35_38--episode=174--success=True--task=pick_up_the_chocolate_pudding_and_place_it_in_the_.mp4
04/07 [18:26:09] INFO     | >> Success: True              run_libero_eval.py:230
                 INFO     | >> # episodes completed so    run_libero_eval.py:230
                          far: 174                                              
                 INFO     | >> # successes: 173 (99.4%)   run_libero_eval.py:230

 70%|███████   | 14/20 [18:20<08:04, 80.72s/it][A                 INFO     | >>                            run_libero_eval.py:230
                          Task: pick up the chocolate                           
                          pudding and place it in the                           
                          basket                                                
                 INFO     | >> Starting episode 15...     run_libero_eval.py:230
huggingface/tokenizers: The current process just got forked, after parallelism has already been used. Disabling parallelism to avoid deadlocks...
To disable this warning, you can either:
	- Avoid using `tokenizers` before the fork if possible
	- Explicitly set the environment variable TOKENIZERS_PARALLELISM=(true | false)
huggingface/tokenizers: The current process just got forked, after parallelism has already been used. Disabling parallelism to avoid deadlocks...
To disable this warning, you can either:
	- Avoid using `tokenizers` before the fork if possible
	- Explicitly set the environment variable TOKENIZERS_PARALLELISM=(true | false)
>> VLA-Cache inference mode
Current CUDA latency: 382.412811 ms | Average CUDA latency: 172.160834 ms, Average TFLOPs: 2.954491
>> VLA-Cache inference mode
Current CUDA latency: 306.727783 ms | Average CUDA latency: 172.204954 ms, Average TFLOPs: 2.954495
>> VLA-Cache inference mode
Current CUDA latency: 122.774818 ms | Average CUDA latency: 172.188753 ms, Average TFLOPs: 2.954501
>> VLA-Cache inference mode
Current CUDA latency: 118.515297 ms | Average CUDA latency: 172.171167 ms, Average TFLOPs: 2.954501
>> VLA-Cache inference mode
Current CUDA latency: 125.127396 ms | Average CUDA latency: 172.155758 ms, Average TFLOPs: 2.954503
>> VLA-Cache inference mode
Current CUDA latency: 142.683167 ms | Average CUDA latency: 172.146107 ms, Average TFLOPs: 2.954493
>> VLA-Cache inference mode
Current CUDA latency: 136.269638 ms | Average CUDA latency: 172.134364 ms, Average TFLOPs: 2.954502
>> VLA-Cache inference mode
Current CUDA latency: 115.479424 ms | Average CUDA latency: 172.115825 ms, Average TFLOPs: 2.954486
>> VLA-Cache inference mode
Current CUDA latency: 117.702339 ms | Average CUDA latency: 172.098025 ms, Average TFLOPs: 2.954464
>> VLA-Cache inference mode
Current CUDA latency: 126.947746 ms | Average CUDA latency: 172.083261 ms, Average TFLOPs: 2.954417
>> VLA-Cache inference mode
Current CUDA latency: 197.513702 ms | Average CUDA latency: 172.091574 ms, Average TFLOPs: 2.954398
>> VLA-Cache inference mode
Current CUDA latency: 201.815811 ms | Average CUDA latency: 172.101288 ms, Average TFLOPs: 2.954381
>> VLA-Cache inference mode
Current CUDA latency: 155.847229 ms | Average CUDA latency: 172.095978 ms, Average TFLOPs: 2.954370
>> VLA-Cache inference mode
Current CUDA latency: 174.080872 ms | Average CUDA latency: 172.096626 ms, Average TFLOPs: 2.954373
>> VLA-Cache inference mode
Current CUDA latency: 109.706146 ms | Average CUDA latency: 172.076257 ms, Average TFLOPs: 2.954370
>> VLA-Cache inference mode
Current CUDA latency: 123.877983 ms | Average CUDA latency: 172.060526 ms, Average TFLOPs: 2.954358
>> VLA-Cache inference mode
Current CUDA latency: 125.718079 ms | Average CUDA latency: 172.045406 ms, Average TFLOPs: 2.954328
>> VLA-Cache inference mode
Current CUDA latency: 107.834145 ms | Average CUDA latency: 172.024463 ms, Average TFLOPs: 2.954311
>> VLA-Cache inference mode
Current CUDA latency: 166.093063 ms | Average CUDA latency: 172.022530 ms, Average TFLOPs: 2.954309
>> VLA-Cache inference mode
Current CUDA latency: 149.062302 ms | Average CUDA latency: 172.015046 ms, Average TFLOPs: 2.954322
Average time per step: 565.4367 ms, Control Frequency: 14.15 Hz, Token Reusing Ratio (Primary): 34.09 %, , Token Reusing Ratio (Wrist): 36.53 %
Saved rollout MP4 at path ./rollouts/2026_04_07/primary--2026_04_07-14_35_38--episode=175--success=True--task=pick_up_the_chocolate_pudding_and_place_it_in_the_.mp4
Saved rollout MP4 at path ./rollouts/2026_04_07/wrist--2026_04_07-14_35_38--episode=175--success=True--task=pick_up_the_chocolate_pudding_and_place_it_in_the_.mp4
04/07 [18:27:33] INFO     | >> Success: True              run_libero_eval.py:230
                 INFO     | >> # episodes completed so    run_libero_eval.py:230
                          far: 175                                              
                 INFO     | >> # successes: 174 (99.4%)   run_libero_eval.py:230

 75%|███████▌  | 15/20 [19:45<06:49, 81.89s/it][A                 INFO     | >>                            run_libero_eval.py:230
                          Task: pick up the chocolate                           
                          pudding and place it in the                           
                          basket                                                
                 INFO     | >> Starting episode 16...     run_libero_eval.py:230
huggingface/tokenizers: The current process just got forked, after parallelism has already been used. Disabling parallelism to avoid deadlocks...
To disable this warning, you can either:
	- Avoid using `tokenizers` before the fork if possible
	- Explicitly set the environment variable TOKENIZERS_PARALLELISM=(true | false)
huggingface/tokenizers: The current process just got forked, after parallelism has already been used. Disabling parallelism to avoid deadlocks...
To disable this warning, you can either:
	- Avoid using `tokenizers` before the fork if possible
	- Explicitly set the environment variable TOKENIZERS_PARALLELISM=(true | false)
>> VLA-Cache inference mode
Current CUDA latency: 733.622803 ms | Average CUDA latency: 172.198039 ms, Average TFLOPs: 2.954575
>> VLA-Cache inference mode
Current CUDA latency: 348.812134 ms | Average CUDA latency: 172.255568 ms, Average TFLOPs: 2.954587
>> VLA-Cache inference mode
Current CUDA latency: 148.433273 ms | Average CUDA latency: 172.247811 ms, Average TFLOPs: 2.954593
>> VLA-Cache inference mode
Current CUDA latency: 141.963333 ms | Average CUDA latency: 172.237953 ms, Average TFLOPs: 2.954600
>> VLA-Cache inference mode
Current CUDA latency: 136.193115 ms | Average CUDA latency: 172.226224 ms, Average TFLOPs: 2.954606
>> VLA-Cache inference mode
Current CUDA latency: 118.037117 ms | Average CUDA latency: 172.208595 ms, Average TFLOPs: 2.954611
>> VLA-Cache inference mode
Current CUDA latency: 110.488510 ms | Average CUDA latency: 172.188524 ms, Average TFLOPs: 2.954609
>> VLA-Cache inference mode
Current CUDA latency: 116.815773 ms | Average CUDA latency: 172.170522 ms, Average TFLOPs: 2.954601
>> VLA-Cache inference mode
Current CUDA latency: 179.930649 ms | Average CUDA latency: 172.173044 ms, Average TFLOPs: 2.954580
>> VLA-Cache inference mode
Current CUDA latency: 132.680389 ms | Average CUDA latency: 172.160214 ms, Average TFLOPs: 2.954527
>> VLA-Cache inference mode
Current CUDA latency: 101.522369 ms | Average CUDA latency: 172.137272 ms, Average TFLOPs: 2.954490
>> VLA-Cache inference mode
Current CUDA latency: 222.361816 ms | Average CUDA latency: 172.153578 ms, Average TFLOPs: 2.954475
>> VLA-Cache inference mode
Current CUDA latency: 236.781754 ms | Average CUDA latency: 172.174555 ms, Average TFLOPs: 2.954463
>> VLA-Cache inference mode
Current CUDA latency: 115.705597 ms | Average CUDA latency: 172.156233 ms, Average TFLOPs: 2.954450
>> VLA-Cache inference mode
Current CUDA latency: 157.671494 ms | Average CUDA latency: 172.151534 ms, Average TFLOPs: 2.954449
>> VLA-Cache inference mode
Current CUDA latency: 109.438560 ms | Average CUDA latency: 172.131199 ms, Average TFLOPs: 2.954438
>> VLA-Cache inference mode
Current CUDA latency: 111.863487 ms | Average CUDA latency: 172.111664 ms, Average TFLOPs: 2.954417
>> VLA-Cache inference mode
Current CUDA latency: 107.827713 ms | Average CUDA latency: 172.090833 ms, Average TFLOPs: 2.954404
>> VLA-Cache inference mode
Current CUDA latency: 305.537628 ms | Average CUDA latency: 172.134061 ms, Average TFLOPs: 2.954400
>> VLA-Cache inference mode
Current CUDA latency: 283.431763 ms | Average CUDA latency: 172.170103 ms, Average TFLOPs: 2.954413
Average time per step: 567.0115 ms, Control Frequency: 14.11 Hz, Token Reusing Ratio (Primary): 34.08 %, , Token Reusing Ratio (Wrist): 36.54 %
Saved rollout MP4 at path ./rollouts/2026_04_07/primary--2026_04_07-14_35_38--episode=176--success=True--task=pick_up_the_chocolate_pudding_and_place_it_in_the_.mp4
Saved rollout MP4 at path ./rollouts/2026_04_07/wrist--2026_04_07-14_35_38--episode=176--success=True--task=pick_up_the_chocolate_pudding_and_place_it_in_the_.mp4
04/07 [18:28:54] INFO     | >> Success: True              run_libero_eval.py:230
                 INFO     | >> # episodes completed so    run_libero_eval.py:230
                          far: 176                                              
                 INFO     | >> # successes: 175 (99.4%)   run_libero_eval.py:230

 80%|████████  | 16/20 [21:06<05:26, 81.62s/it][A                 INFO     | >>                            run_libero_eval.py:230
                          Task: pick up the chocolate                           
                          pudding and place it in the                           
                          basket                                                
                 INFO     | >> Starting episode 17...     run_libero_eval.py:230
huggingface/tokenizers: The current process just got forked, after parallelism has already been used. Disabling parallelism to avoid deadlocks...
To disable this warning, you can either:
	- Avoid using `tokenizers` before the fork if possible
	- Explicitly set the environment variable TOKENIZERS_PARALLELISM=(true | false)
huggingface/tokenizers: The current process just got forked, after parallelism has already been used. Disabling parallelism to avoid deadlocks...
To disable this warning, you can either:
	- Avoid using `tokenizers` before the fork if possible
	- Explicitly set the environment variable TOKENIZERS_PARALLELISM=(true | false)
>> VLA-Cache inference mode
Current CUDA latency: 324.745056 ms | Average CUDA latency: 172.219496 ms, Average TFLOPs: 2.954665
>> VLA-Cache inference mode
Current CUDA latency: 279.715668 ms | Average CUDA latency: 172.254285 ms, Average TFLOPs: 2.954678
>> VLA-Cache inference mode
Current CUDA latency: 127.997917 ms | Average CUDA latency: 172.239967 ms, Average TFLOPs: 2.954684
>> VLA-Cache inference mode
Current CUDA latency: 121.968063 ms | Average CUDA latency: 172.223708 ms, Average TFLOPs: 2.954690
>> VLA-Cache inference mode
Current CUDA latency: 111.180031 ms | Average CUDA latency: 172.203972 ms, Average TFLOPs: 2.954697
>> VLA-Cache inference mode
Current CUDA latency: 109.169632 ms | Average CUDA latency: 172.183599 ms, Average TFLOPs: 2.954714
>> VLA-Cache inference mode
Current CUDA latency: 191.430695 ms | Average CUDA latency: 172.189818 ms, Average TFLOPs: 2.954708
>> VLA-Cache inference mode
Current CUDA latency: 227.736542 ms | Average CUDA latency: 172.207759 ms, Average TFLOPs: 2.954689
>> VLA-Cache inference mode
Current CUDA latency: 222.267746 ms | Average CUDA latency: 172.223923 ms, Average TFLOPs: 2.954663
>> VLA-Cache inference mode
Current CUDA latency: 111.302208 ms | Average CUDA latency: 172.204259 ms, Average TFLOPs: 2.954601
>> VLA-Cache inference mode
Current CUDA latency: 112.741058 ms | Average CUDA latency: 172.185071 ms, Average TFLOPs: 2.954557
>> VLA-Cache inference mode
Current CUDA latency: 117.632545 ms | Average CUDA latency: 172.167473 ms, Average TFLOPs: 2.954514
>> VLA-Cache inference mode
Current CUDA latency: 101.965057 ms | Average CUDA latency: 172.144835 ms, Average TFLOPs: 2.954480
>> VLA-Cache inference mode
Current CUDA latency: 109.151169 ms | Average CUDA latency: 172.124527 ms, Average TFLOPs: 2.954461
>> VLA-Cache inference mode
Current CUDA latency: 107.530083 ms | Average CUDA latency: 172.103710 ms, Average TFLOPs: 2.954451
>> VLA-Cache inference mode
Current CUDA latency: 105.288765 ms | Average CUDA latency: 172.082185 ms, Average TFLOPs: 2.954420
>> VLA-Cache inference mode
Current CUDA latency: 107.283485 ms | Average CUDA latency: 172.061316 ms, Average TFLOPs: 2.954404
>> VLA-Cache inference mode
Current CUDA latency: 116.930176 ms | Average CUDA latency: 172.043566 ms, Average TFLOPs: 2.954402
>> VLA-Cache inference mode
Current CUDA latency: 122.824577 ms | Average CUDA latency: 172.027725 ms, Average TFLOPs: 2.954375
Average time per step: 564.7813 ms, Control Frequency: 14.16 Hz, Token Reusing Ratio (Primary): 34.08 %, , Token Reusing Ratio (Wrist): 36.63 %
Saved rollout MP4 at path ./rollouts/2026_04_07/primary--2026_04_07-14_35_38--episode=177--success=True--task=pick_up_the_chocolate_pudding_and_place_it_in_the_.mp4
Saved rollout MP4 at path ./rollouts/2026_04_07/wrist--2026_04_07-14_35_38--episode=177--success=True--task=pick_up_the_chocolate_pudding_and_place_it_in_the_.mp4
04/07 [18:30:23] INFO     | >> Success: True              run_libero_eval.py:230
                 INFO     | >> # episodes completed so    run_libero_eval.py:230
                          far: 177                                              
                 INFO     | >> # successes: 176 (99.4%)   run_libero_eval.py:230

 85%|████████▌ | 17/20 [22:34<04:10, 83.62s/it][A                 INFO     | >>                            run_libero_eval.py:230
                          Task: pick up the chocolate                           
                          pudding and place it in the                           
                          basket                                                
                 INFO     | >> Starting episode 18...     run_libero_eval.py:230
huggingface/tokenizers: The current process just got forked, after parallelism has already been used. Disabling parallelism to avoid deadlocks...
To disable this warning, you can either:
	- Avoid using `tokenizers` before the fork if possible
	- Explicitly set the environment variable TOKENIZERS_PARALLELISM=(true | false)
huggingface/tokenizers: The current process just got forked, after parallelism has already been used. Disabling parallelism to avoid deadlocks...
To disable this warning, you can either:
	- Avoid using `tokenizers` before the fork if possible
	- Explicitly set the environment variable TOKENIZERS_PARALLELISM=(true | false)
>> VLA-Cache inference mode
Current CUDA latency: 410.285553 ms | Average CUDA latency: 172.104384 ms, Average TFLOPs: 2.954625
>> VLA-Cache inference mode
Current CUDA latency: 404.314484 ms | Average CUDA latency: 172.179074 ms, Average TFLOPs: 2.954633
>> VLA-Cache inference mode
Current CUDA latency: 187.522598 ms | Average CUDA latency: 172.184007 ms, Average TFLOPs: 2.954648
>> VLA-Cache inference mode
Current CUDA latency: 140.969818 ms | Average CUDA latency: 172.173974 ms, Average TFLOPs: 2.954666
>> VLA-Cache inference mode
Current CUDA latency: 110.277824 ms | Average CUDA latency: 172.154084 ms, Average TFLOPs: 2.954674
>> VLA-Cache inference mode
Current CUDA latency: 113.474205 ms | Average CUDA latency: 172.135234 ms, Average TFLOPs: 2.954682
>> VLA-Cache inference mode
Current CUDA latency: 125.824829 ms | Average CUDA latency: 172.120363 ms, Average TFLOPs: 2.954694
>> VLA-Cache inference mode
Current CUDA latency: 124.154205 ms | Average CUDA latency: 172.104964 ms, Average TFLOPs: 2.954684
>> VLA-Cache inference mode
Current CUDA latency: 158.333786 ms | Average CUDA latency: 172.100545 ms, Average TFLOPs: 2.954663
>> VLA-Cache inference mode
Current CUDA latency: 124.807106 ms | Average CUDA latency: 172.085372 ms, Average TFLOPs: 2.954629
>> VLA-Cache inference mode
Current CUDA latency: 110.419647 ms | Average CUDA latency: 172.065595 ms, Average TFLOPs: 2.954608
>> VLA-Cache inference mode
Current CUDA latency: 109.939842 ms | Average CUDA latency: 172.045676 ms, Average TFLOPs: 2.954611
>> VLA-Cache inference mode
Current CUDA latency: 114.139328 ms | Average CUDA latency: 172.027116 ms, Average TFLOPs: 2.954611
>> VLA-Cache inference mode
Current CUDA latency: 109.279678 ms | Average CUDA latency: 172.007012 ms, Average TFLOPs: 2.954613
>> VLA-Cache inference mode
Current CUDA latency: 215.677185 ms | Average CUDA latency: 172.020999 ms, Average TFLOPs: 2.954613
>> VLA-Cache inference mode
Current CUDA latency: 162.339035 ms | Average CUDA latency: 172.017899 ms, Average TFLOPs: 2.954611
>> VLA-Cache inference mode
Current CUDA latency: 115.056831 ms | Average CUDA latency: 171.999666 ms, Average TFLOPs: 2.954602
>> VLA-Cache inference mode
Current CUDA latency: 111.815552 ms | Average CUDA latency: 171.980407 ms, Average TFLOPs: 2.954591
>> VLA-Cache inference mode
Current CUDA latency: 113.164993 ms | Average CUDA latency: 171.961592 ms, Average TFLOPs: 2.954572
>> VLA-Cache inference mode
Current CUDA latency: 122.842819 ms | Average CUDA latency: 171.945884 ms, Average TFLOPs: 2.954574
Average time per step: 566.4650 ms, Control Frequency: 14.12 Hz, Token Reusing Ratio (Primary): 33.99 %, , Token Reusing Ratio (Wrist): 36.61 %
Saved rollout MP4 at path ./rollouts/2026_04_07/primary--2026_04_07-14_35_38--episode=178--success=True--task=pick_up_the_chocolate_pudding_and_place_it_in_the_.mp4
Saved rollout MP4 at path ./rollouts/2026_04_07/wrist--2026_04_07-14_35_38--episode=178--success=True--task=pick_up_the_chocolate_pudding_and_place_it_in_the_.mp4
04/07 [18:31:48] INFO     | >> Success: True              run_libero_eval.py:230
                 INFO     | >> # episodes completed so    run_libero_eval.py:230
                          far: 178                                              
                 INFO     | >> # successes: 177 (99.4%)   run_libero_eval.py:230

 90%|█████████ | 18/20 [24:00<02:48, 84.26s/it][A                 INFO     | >>                            run_libero_eval.py:230
                          Task: pick up the chocolate                           
                          pudding and place it in the                           
                          basket                                                
                 INFO     | >> Starting episode 19...     run_libero_eval.py:230
huggingface/tokenizers: The current process just got forked, after parallelism has already been used. Disabling parallelism to avoid deadlocks...
To disable this warning, you can either:
	- Avoid using `tokenizers` before the fork if possible
	- Explicitly set the environment variable TOKENIZERS_PARALLELISM=(true | false)
huggingface/tokenizers: The current process just got forked, after parallelism has already been used. Disabling parallelism to avoid deadlocks...
To disable this warning, you can either:
	- Avoid using `tokenizers` before the fork if possible
	- Explicitly set the environment variable TOKENIZERS_PARALLELISM=(true | false)
>> VLA-Cache inference mode
Current CUDA latency: 375.115173 ms | Average CUDA latency: 172.010836 ms, Average TFLOPs: 2.954822
>> VLA-Cache inference mode
Current CUDA latency: 297.010742 ms | Average CUDA latency: 172.050785 ms, Average TFLOPs: 2.954846
>> VLA-Cache inference mode
Current CUDA latency: 129.414627 ms | Average CUDA latency: 172.037163 ms, Average TFLOPs: 2.954839
>> VLA-Cache inference mode
Current CUDA latency: 114.909058 ms | Average CUDA latency: 172.018917 ms, Average TFLOPs: 2.954832
>> VLA-Cache inference mode
Current CUDA latency: 109.492737 ms | Average CUDA latency: 171.998953 ms, Average TFLOPs: 2.954846
>> VLA-Cache inference mode
Current CUDA latency: 111.620094 ms | Average CUDA latency: 171.979681 ms, Average TFLOPs: 2.954850
>> VLA-Cache inference mode
Current CUDA latency: 145.831650 ms | Average CUDA latency: 171.971338 ms, Average TFLOPs: 2.954836
>> VLA-Cache inference mode
Current CUDA latency: 115.876030 ms | Average CUDA latency: 171.953445 ms, Average TFLOPs: 2.954818
>> VLA-Cache inference mode
Current CUDA latency: 107.975296 ms | Average CUDA latency: 171.933044 ms, Average TFLOPs: 2.954803
>> VLA-Cache inference mode
Current CUDA latency: 107.852066 ms | Average CUDA latency: 171.912616 ms, Average TFLOPs: 2.954801
>> VLA-Cache inference mode
Current CUDA latency: 148.228195 ms | Average CUDA latency: 171.905069 ms, Average TFLOPs: 2.954802
>> VLA-Cache inference mode
Current CUDA latency: 126.336578 ms | Average CUDA latency: 171.890552 ms, Average TFLOPs: 2.954800
>> VLA-Cache inference mode
Current CUDA latency: 124.637917 ms | Average CUDA latency: 171.875503 ms, Average TFLOPs: 2.954788
>> VLA-Cache inference mode
Current CUDA latency: 127.919556 ms | Average CUDA latency: 171.861509 ms, Average TFLOPs: 2.954783
>> VLA-Cache inference mode
Current CUDA latency: 198.102493 ms | Average CUDA latency: 171.869860 ms, Average TFLOPs: 2.954789
>> VLA-Cache inference mode
Current CUDA latency: 178.781921 ms | Average CUDA latency: 171.872060 ms, Average TFLOPs: 2.954787
>> VLA-Cache inference mode
Current CUDA latency: 162.182343 ms | Average CUDA latency: 171.868978 ms, Average TFLOPs: 2.954801
>> VLA-Cache inference mode
Current CUDA latency: 113.073059 ms | Average CUDA latency: 171.850283 ms, Average TFLOPs: 2.954810
>> VLA-Cache inference mode
Current CUDA latency: 137.841690 ms | Average CUDA latency: 171.839473 ms, Average TFLOPs: 2.954818
Average time per step: 566.5947 ms, Control Frequency: 14.12 Hz, Token Reusing Ratio (Primary): 33.98 %, , Token Reusing Ratio (Wrist): 36.52 %
Saved rollout MP4 at path ./rollouts/2026_04_07/primary--2026_04_07-14_35_38--episode=179--success=True--task=pick_up_the_chocolate_pudding_and_place_it_in_the_.mp4
Saved rollout MP4 at path ./rollouts/2026_04_07/wrist--2026_04_07-14_35_38--episode=179--success=True--task=pick_up_the_chocolate_pudding_and_place_it_in_the_.mp4
04/07 [18:33:09] INFO     | >> Success: True              run_libero_eval.py:230
                 INFO     | >> # episodes completed so    run_libero_eval.py:230
                          far: 179                                              
                 INFO     | >> # successes: 178 (99.4%)   run_libero_eval.py:230

 95%|█████████▌| 19/20 [25:20<01:23, 83.13s/it][A                 INFO     | >>                            run_libero_eval.py:230
                          Task: pick up the chocolate                           
                          pudding and place it in the                           
                          basket                                                
                 INFO     | >> Starting episode 20...     run_libero_eval.py:230
huggingface/tokenizers: The current process just got forked, after parallelism has already been used. Disabling parallelism to avoid deadlocks...
To disable this warning, you can either:
	- Avoid using `tokenizers` before the fork if possible
	- Explicitly set the environment variable TOKENIZERS_PARALLELISM=(true | false)
huggingface/tokenizers: The current process just got forked, after parallelism has already been used. Disabling parallelism to avoid deadlocks...
To disable this warning, you can either:
	- Avoid using `tokenizers` before the fork if possible
	- Explicitly set the environment variable TOKENIZERS_PARALLELISM=(true | false)
>> VLA-Cache inference mode
Current CUDA latency: 350.575928 ms | Average CUDA latency: 171.896268 ms, Average TFLOPs: 2.955065
>> VLA-Cache inference mode
Current CUDA latency: 256.784637 ms | Average CUDA latency: 171.923234 ms, Average TFLOPs: 2.955082
>> VLA-Cache inference mode
Current CUDA latency: 147.973343 ms | Average CUDA latency: 171.915629 ms, Average TFLOPs: 2.955106
>> VLA-Cache inference mode
Current CUDA latency: 260.683350 ms | Average CUDA latency: 171.943809 ms, Average TFLOPs: 2.955115
>> VLA-Cache inference mode
Current CUDA latency: 185.367416 ms | Average CUDA latency: 171.948069 ms, Average TFLOPs: 2.955121
>> VLA-Cache inference mode
Current CUDA latency: 157.284286 ms | Average CUDA latency: 171.943417 ms, Average TFLOPs: 2.955138
>> VLA-Cache inference mode
Current CUDA latency: 139.495743 ms | Average CUDA latency: 171.933126 ms, Average TFLOPs: 2.955134
>> VLA-Cache inference mode
Current CUDA latency: 137.128250 ms | Average CUDA latency: 171.922091 ms, Average TFLOPs: 2.955121
>> VLA-Cache inference mode
Current CUDA latency: 189.129791 ms | Average CUDA latency: 171.927545 ms, Average TFLOPs: 2.955092
>> VLA-Cache inference mode
Current CUDA latency: 191.570404 ms | Average CUDA latency: 171.933769 ms, Average TFLOPs: 2.955043
>> VLA-Cache inference mode
Current CUDA latency: 109.175102 ms | Average CUDA latency: 171.913889 ms, Average TFLOPs: 2.954993
>> VLA-Cache inference mode
Current CUDA latency: 129.080231 ms | Average CUDA latency: 171.900326 ms, Average TFLOPs: 2.954972
>> VLA-Cache inference mode
Current CUDA latency: 127.983620 ms | Average CUDA latency: 171.886424 ms, Average TFLOPs: 2.954947
>> VLA-Cache inference mode
Current CUDA latency: 103.846077 ms | Average CUDA latency: 171.864892 ms, Average TFLOPs: 2.954924
>> VLA-Cache inference mode
Current CUDA latency: 110.910461 ms | Average CUDA latency: 171.845609 ms, Average TFLOPs: 2.954909
>> VLA-Cache inference mode
Current CUDA latency: 149.580994 ms | Average CUDA latency: 171.838567 ms, Average TFLOPs: 2.954891
>> VLA-Cache inference mode
Current CUDA latency: 108.709534 ms | Average CUDA latency: 171.818609 ms, Average TFLOPs: 2.954873
>> VLA-Cache inference mode
Current CUDA latency: 128.923737 ms | Average CUDA latency: 171.805052 ms, Average TFLOPs: 2.954871
>> VLA-Cache inference mode
Current CUDA latency: 102.296417 ms | Average CUDA latency: 171.783090 ms, Average TFLOPs: 2.954844
Average time per step: 568.8060 ms, Control Frequency: 14.06 Hz, Token Reusing Ratio (Primary): 33.98 %, , Token Reusing Ratio (Wrist): 36.52 %
Saved rollout MP4 at path ./rollouts/2026_04_07/primary--2026_04_07-14_35_38--episode=180--success=True--task=pick_up_the_chocolate_pudding_and_place_it_in_the_.mp4
Saved rollout MP4 at path ./rollouts/2026_04_07/wrist--2026_04_07-14_35_38--episode=180--success=True--task=pick_up_the_chocolate_pudding_and_place_it_in_the_.mp4
04/07 [18:34:34] INFO     | >> Success: True              run_libero_eval.py:230
                 INFO     | >> # episodes completed so    run_libero_eval.py:230
                          far: 180                                              
                 INFO     | >> # successes: 179 (99.4%)   run_libero_eval.py:230

100%|██████████| 20/20 [26:45<00:00, 83.67s/it][A100%|██████████| 20/20 [26:45<00:00, 80.28s/it]
                 INFO     | >> Current task success rate: run_libero_eval.py:230
                          1.0                                                   
                 INFO     | >> Current total success      run_libero_eval.py:230
                          rate: 0.9944444444444445                              
 90%|█████████ | 9/10 [3:58:12<26:16, 1576.47s/it][Warning]: datasets path /root/sj-tmp/workspace/LIBERO/libero/libero/../datasets does not exist!
                 INFO     | >> Using default initial      run_libero_eval.py:230
                          states                                                
[Warning]: datasets path /root/sj-tmp/workspace/LIBERO/libero/libero/../datasets does not exist!

  0%|          | 0/20 [00:00<?, ?it/s][A04/07 [18:34:36] INFO     | >>                            run_libero_eval.py:230
                          Task: pick up the orange juice                        
                          and place it in the basket                            
                 INFO     | >> Starting episode 1...      run_libero_eval.py:230
huggingface/tokenizers: The current process just got forked, after parallelism has already been used. Disabling parallelism to avoid deadlocks...
To disable this warning, you can either:
	- Avoid using `tokenizers` before the fork if possible
	- Explicitly set the environment variable TOKENIZERS_PARALLELISM=(true | false)
huggingface/tokenizers: The current process just got forked, after parallelism has already been used. Disabling parallelism to avoid deadlocks...
To disable this warning, you can either:
	- Avoid using `tokenizers` before the fork if possible
	- Explicitly set the environment variable TOKENIZERS_PARALLELISM=(true | false)
>> VLA-Cache inference mode
Current CUDA latency: 325.676056 ms | Average CUDA latency: 171.831698 ms, Average TFLOPs: 2.955083
>> VLA-Cache inference mode
Current CUDA latency: 271.865051 ms | Average CUDA latency: 171.863284 ms, Average TFLOPs: 2.955089
>> VLA-Cache inference mode
Current CUDA latency: 135.842361 ms | Average CUDA latency: 171.851914 ms, Average TFLOPs: 2.955092
>> VLA-Cache inference mode
Current CUDA latency: 135.393631 ms | Average CUDA latency: 171.840409 ms, Average TFLOPs: 2.955085
>> VLA-Cache inference mode
Current CUDA latency: 110.033440 ms | Average CUDA latency: 171.820912 ms, Average TFLOPs: 2.955090
>> VLA-Cache inference mode
Current CUDA latency: 146.987167 ms | Average CUDA latency: 171.813080 ms, Average TFLOPs: 2.955089
>> VLA-Cache inference mode
Current CUDA latency: 119.730850 ms | Average CUDA latency: 171.796661 ms, Average TFLOPs: 2.955061
>> VLA-Cache inference mode
Current CUDA latency: 108.193474 ms | Average CUDA latency: 171.776616 ms, Average TFLOPs: 2.955032
>> VLA-Cache inference mode
Current CUDA latency: 101.386589 ms | Average CUDA latency: 171.754439 ms, Average TFLOPs: 2.954979
>> VLA-Cache inference mode
Current CUDA latency: 114.777725 ms | Average CUDA latency: 171.736493 ms, Average TFLOPs: 2.954934
>> VLA-Cache inference mode
Current CUDA latency: 117.353279 ms | Average CUDA latency: 171.719370 ms, Average TFLOPs: 2.954904
>> VLA-Cache inference mode
Current CUDA latency: 118.879486 ms | Average CUDA latency: 171.702738 ms, Average TFLOPs: 2.954878
>> VLA-Cache inference mode
Current CUDA latency: 109.305054 ms | Average CUDA latency: 171.683104 ms, Average TFLOPs: 2.954867
>> VLA-Cache inference mode
Current CUDA latency: 173.065765 ms | Average CUDA latency: 171.683539 ms, Average TFLOPs: 2.954858
>> VLA-Cache inference mode
Current CUDA latency: 110.340927 ms | Average CUDA latency: 171.664249 ms, Average TFLOPs: 2.954845
>> VLA-Cache inference mode
Current CUDA latency: 184.935715 ms | Average CUDA latency: 171.668421 ms, Average TFLOPs: 2.954832
>> VLA-Cache inference mode
Current CUDA latency: 187.787872 ms | Average CUDA latency: 171.673487 ms, Average TFLOPs: 2.954830
>> VLA-Cache inference mode
Current CUDA latency: 146.666489 ms | Average CUDA latency: 171.665630 ms, Average TFLOPs: 2.954829
Average time per step: 565.5299 ms, Control Frequency: 14.15 Hz, Token Reusing Ratio (Primary): 33.05 %, , Token Reusing Ratio (Wrist): 35.76 %
Saved rollout MP4 at path ./rollouts/2026_04_07/primary--2026_04_07-14_35_38--episode=181--success=True--task=pick_up_the_orange_juice_and_place_it_in_the_baske.mp4
Saved rollout MP4 at path ./rollouts/2026_04_07/wrist--2026_04_07-14_35_38--episode=181--success=True--task=pick_up_the_orange_juice_and_place_it_in_the_baske.mp4
04/07 [18:35:52] INFO     | >> Success: True              run_libero_eval.py:230
                 INFO     | >> # episodes completed so    run_libero_eval.py:230
                          far: 181                                              
                 INFO     | >> # successes: 180 (99.4%)   run_libero_eval.py:230

  5%|▌         | 1/20 [01:16<24:09, 76.31s/it][A                 INFO     | >>                            run_libero_eval.py:230
                          Task: pick up the orange juice                        
                          and place it in the basket                            
                 INFO     | >> Starting episode 2...      run_libero_eval.py:230
huggingface/tokenizers: The current process just got forked, after parallelism has already been used. Disabling parallelism to avoid deadlocks...
To disable this warning, you can either:
	- Avoid using `tokenizers` before the fork if possible
	- Explicitly set the environment variable TOKENIZERS_PARALLELISM=(true | false)
huggingface/tokenizers: The current process just got forked, after parallelism has already been used. Disabling parallelism to avoid deadlocks...
To disable this warning, you can either:
	- Avoid using `tokenizers` before the fork if possible
	- Explicitly set the environment variable TOKENIZERS_PARALLELISM=(true | false)
>> VLA-Cache inference mode
Current CUDA latency: 328.737030 ms | Average CUDA latency: 171.714962 ms, Average TFLOPs: 2.955067
>> VLA-Cache inference mode
Current CUDA latency: 243.877182 ms | Average CUDA latency: 171.737619 ms, Average TFLOPs: 2.955071
>> VLA-Cache inference mode
Current CUDA latency: 145.824448 ms | Average CUDA latency: 171.729485 ms, Average TFLOPs: 2.955076
>> VLA-Cache inference mode
Current CUDA latency: 253.287552 ms | Average CUDA latency: 171.755076 ms, Average TFLOPs: 2.955074
>> VLA-Cache inference mode
Current CUDA latency: 142.097122 ms | Average CUDA latency: 171.745773 ms, Average TFLOPs: 2.955080
>> VLA-Cache inference mode
Current CUDA latency: 122.512482 ms | Average CUDA latency: 171.730334 ms, Average TFLOPs: 2.955064
>> VLA-Cache inference mode
Current CUDA latency: 130.231934 ms | Average CUDA latency: 171.717326 ms, Average TFLOPs: 2.955047
>> VLA-Cache inference mode
Current CUDA latency: 112.281250 ms | Average CUDA latency: 171.698699 ms, Average TFLOPs: 2.955009
>> VLA-Cache inference mode
Current CUDA latency: 104.438911 ms | Average CUDA latency: 171.677628 ms, Average TFLOPs: 2.954976
>> VLA-Cache inference mode
Current CUDA latency: 103.763550 ms | Average CUDA latency: 171.656358 ms, Average TFLOPs: 2.954940
>> VLA-Cache inference mode
Current CUDA latency: 123.357857 ms | Average CUDA latency: 171.641237 ms, Average TFLOPs: 2.954909
>> VLA-Cache inference mode
Current CUDA latency: 104.024513 ms | Average CUDA latency: 171.620073 ms, Average TFLOPs: 2.954874
>> VLA-Cache inference mode
Current CUDA latency: 208.769669 ms | Average CUDA latency: 171.631697 ms, Average TFLOPs: 2.954843
>> VLA-Cache inference mode
Current CUDA latency: 383.914978 ms | Average CUDA latency: 171.698098 ms, Average TFLOPs: 2.954809
>> VLA-Cache inference mode
Current CUDA latency: 179.043427 ms | Average CUDA latency: 171.700395 ms, Average TFLOPs: 2.954768
Average time per step: 587.0466 ms, Control Frequency: 13.63 Hz, Token Reusing Ratio (Primary): 32.82 %, , Token Reusing Ratio (Wrist): 36.14 %
Saved rollout MP4 at path ./rollouts/2026_04_07/primary--2026_04_07-14_35_38--episode=182--success=True--task=pick_up_the_orange_juice_and_place_it_in_the_baske.mp4
Saved rollout MP4 at path ./rollouts/2026_04_07/wrist--2026_04_07-14_35_38--episode=182--success=True--task=pick_up_the_orange_juice_and_place_it_in_the_baske.mp4
04/07 [18:36:58] INFO     | >> Success: True              run_libero_eval.py:230
                 INFO     | >> # episodes completed so    run_libero_eval.py:230
                          far: 182                                              
                 INFO     | >> # successes: 181 (99.5%)   run_libero_eval.py:230

 10%|█         | 2/20 [02:21<21:00, 70.03s/it][A                 INFO     | >>                            run_libero_eval.py:230
                          Task: pick up the orange juice                        
                          and place it in the basket                            
                 INFO     | >> Starting episode 3...      run_libero_eval.py:230
huggingface/tokenizers: The current process just got forked, after parallelism has already been used. Disabling parallelism to avoid deadlocks...
To disable this warning, you can either:
	- Avoid using `tokenizers` before the fork if possible
	- Explicitly set the environment variable TOKENIZERS_PARALLELISM=(true | false)
huggingface/tokenizers: The current process just got forked, after parallelism has already been used. Disabling parallelism to avoid deadlocks...
To disable this warning, you can either:
	- Avoid using `tokenizers` before the fork if possible
	- Explicitly set the environment variable TOKENIZERS_PARALLELISM=(true | false)
>> VLA-Cache inference mode
Current CUDA latency: 310.396545 ms | Average CUDA latency: 171.743751 ms, Average TFLOPs: 2.955005
>> VLA-Cache inference mode
Current CUDA latency: 292.477478 ms | Average CUDA latency: 171.781480 ms, Average TFLOPs: 2.955007
>> VLA-Cache inference mode
Current CUDA latency: 130.786240 ms | Average CUDA latency: 171.768673 ms, Average TFLOPs: 2.955018
>> VLA-Cache inference mode
Current CUDA latency: 126.873886 ms | Average CUDA latency: 171.754652 ms, Average TFLOPs: 2.955019
>> VLA-Cache inference mode
Current CUDA latency: 125.798691 ms | Average CUDA latency: 171.740305 ms, Average TFLOPs: 2.955027
>> VLA-Cache inference mode
Current CUDA latency: 156.137695 ms | Average CUDA latency: 171.735435 ms, Average TFLOPs: 2.955054
>> VLA-Cache inference mode
Current CUDA latency: 195.650879 ms | Average CUDA latency: 171.742897 ms, Average TFLOPs: 2.955053
>> VLA-Cache inference mode
Current CUDA latency: 324.779114 ms | Average CUDA latency: 171.790631 ms, Average TFLOPs: 2.955026
>> VLA-Cache inference mode
Current CUDA latency: 197.735489 ms | Average CUDA latency: 171.798721 ms, Average TFLOPs: 2.954993
>> VLA-Cache inference mode
Current CUDA latency: 116.079201 ms | Average CUDA latency: 171.781352 ms, Average TFLOPs: 2.954939
>> VLA-Cache inference mode
Current CUDA latency: 122.093727 ms | Average CUDA latency: 171.765868 ms, Average TFLOPs: 2.954915
>> VLA-Cache inference mode
Current CUDA latency: 108.013763 ms | Average CUDA latency: 171.746008 ms, Average TFLOPs: 2.954894
>> VLA-Cache inference mode
Current CUDA latency: 126.656670 ms | Average CUDA latency: 171.731966 ms, Average TFLOPs: 2.954884
>> VLA-Cache inference mode
Current CUDA latency: 138.822693 ms | Average CUDA latency: 171.721720 ms, Average TFLOPs: 2.954889
>> VLA-Cache inference mode
Current CUDA latency: 119.952477 ms | Average CUDA latency: 171.705608 ms, Average TFLOPs: 2.954882
Average time per step: 592.0075 ms, Control Frequency: 13.51 Hz, Token Reusing Ratio (Primary): 32.89 %, , Token Reusing Ratio (Wrist): 35.56 %
Saved rollout MP4 at path ./rollouts/2026_04_07/primary--2026_04_07-14_35_38--episode=183--success=True--task=pick_up_the_orange_juice_and_place_it_in_the_baske.mp4
Saved rollout MP4 at path ./rollouts/2026_04_07/wrist--2026_04_07-14_35_38--episode=183--success=True--task=pick_up_the_orange_juice_and_place_it_in_the_baske.mp4
04/07 [18:38:01] INFO     | >> Success: True              run_libero_eval.py:230
                 INFO     | >> # episodes completed so    run_libero_eval.py:230
                          far: 183                                              
                 INFO     | >> # successes: 182 (99.5%)   run_libero_eval.py:230

 15%|█▌        | 3/20 [03:25<18:58, 66.99s/it][A                 INFO     | >>                            run_libero_eval.py:230
                          Task: pick up the orange juice                        
                          and place it in the basket                            
                 INFO     | >> Starting episode 4...      run_libero_eval.py:230
huggingface/tokenizers: The current process just got forked, after parallelism has already been used. Disabling parallelism to avoid deadlocks...
To disable this warning, you can either:
	- Avoid using `tokenizers` before the fork if possible
	- Explicitly set the environment variable TOKENIZERS_PARALLELISM=(true | false)
huggingface/tokenizers: The current process just got forked, after parallelism has already been used. Disabling parallelism to avoid deadlocks...
To disable this warning, you can either:
	- Avoid using `tokenizers` before the fork if possible
	- Explicitly set the environment variable TOKENIZERS_PARALLELISM=(true | false)
>> VLA-Cache inference mode
Current CUDA latency: 292.545410 ms | Average CUDA latency: 171.743206 ms, Average TFLOPs: 2.955118
>> VLA-Cache inference mode
Current CUDA latency: 273.163269 ms | Average CUDA latency: 171.774751 ms, Average TFLOPs: 2.955139
>> VLA-Cache inference mode
Current CUDA latency: 117.874306 ms | Average CUDA latency: 171.757991 ms, Average TFLOPs: 2.955147
>> VLA-Cache inference mode
Current CUDA latency: 116.154526 ms | Average CUDA latency: 171.740707 ms, Average TFLOPs: 2.955152
>> VLA-Cache inference mode
Current CUDA latency: 112.352226 ms | Average CUDA latency: 171.722252 ms, Average TFLOPs: 2.955161
>> VLA-Cache inference mode
Current CUDA latency: 111.981438 ms | Average CUDA latency: 171.703693 ms, Average TFLOPs: 2.955166
>> VLA-Cache inference mode
Current CUDA latency: 135.849670 ms | Average CUDA latency: 171.692558 ms, Average TFLOPs: 2.955150
>> VLA-Cache inference mode
Current CUDA latency: 133.975296 ms | Average CUDA latency: 171.680849 ms, Average TFLOPs: 2.955111
>> VLA-Cache inference mode
Current CUDA latency: 206.382233 ms | Average CUDA latency: 171.691619 ms, Average TFLOPs: 2.955072
>> VLA-Cache inference mode
Current CUDA latency: 176.198914 ms | Average CUDA latency: 171.693017 ms, Average TFLOPs: 2.955039
>> VLA-Cache inference mode
Current CUDA latency: 158.584732 ms | Average CUDA latency: 171.688951 ms, Average TFLOPs: 2.955029
>> VLA-Cache inference mode
Current CUDA latency: 106.439812 ms | Average CUDA latency: 171.668719 ms, Average TFLOPs: 2.955004
>> VLA-Cache inference mode
Current CUDA latency: 112.033699 ms | Average CUDA latency: 171.650233 ms, Average TFLOPs: 2.954983
>> VLA-Cache inference mode
Current CUDA latency: 159.117859 ms | Average CUDA latency: 171.646350 ms, Average TFLOPs: 2.954974
>> VLA-Cache inference mode
Current CUDA latency: 211.951431 ms | Average CUDA latency: 171.658836 ms, Average TFLOPs: 2.954974
>> VLA-Cache inference mode
Current CUDA latency: 194.673798 ms | Average CUDA latency: 171.665963 ms, Average TFLOPs: 2.954961
Average time per step: 588.4535 ms, Control Frequency: 13.59 Hz, Token Reusing Ratio (Primary): 32.83 %, , Token Reusing Ratio (Wrist): 35.52 %
Saved rollout MP4 at path ./rollouts/2026_04_07/primary--2026_04_07-14_35_38--episode=184--success=True--task=pick_up_the_orange_juice_and_place_it_in_the_baske.mp4
Saved rollout MP4 at path ./rollouts/2026_04_07/wrist--2026_04_07-14_35_38--episode=184--success=True--task=pick_up_the_orange_juice_and_place_it_in_the_baske.mp4
04/07 [18:39:11] INFO     | >> Success: True              run_libero_eval.py:230
04/07 [18:39:12] INFO     | >> # episodes completed so    run_libero_eval.py:230
                          far: 184                                              
                 INFO     | >> # successes: 183 (99.5%)   run_libero_eval.py:230

 20%|██        | 4/20 [04:35<18:11, 68.20s/it][A                 INFO     | >>                            run_libero_eval.py:230
                          Task: pick up the orange juice                        
                          and place it in the basket                            
                 INFO     | >> Starting episode 5...      run_libero_eval.py:230
huggingface/tokenizers: The current process just got forked, after parallelism has already been used. Disabling parallelism to avoid deadlocks...
To disable this warning, you can either:
	- Avoid using `tokenizers` before the fork if possible
	- Explicitly set the environment variable TOKENIZERS_PARALLELISM=(true | false)
huggingface/tokenizers: The current process just got forked, after parallelism has already been used. Disabling parallelism to avoid deadlocks...
To disable this warning, you can either:
	- Avoid using `tokenizers` before the fork if possible
	- Explicitly set the environment variable TOKENIZERS_PARALLELISM=(true | false)
>> VLA-Cache inference mode
Current CUDA latency: 472.390076 ms | Average CUDA latency: 171.759067 ms, Average TFLOPs: 2.955195
>> VLA-Cache inference mode
Current CUDA latency: 436.508453 ms | Average CUDA latency: 171.841007 ms, Average TFLOPs: 2.955194
>> VLA-Cache inference mode
Current CUDA latency: 161.155838 ms | Average CUDA latency: 171.837701 ms, Average TFLOPs: 2.955200
>> VLA-Cache inference mode
Current CUDA latency: 184.851837 ms | Average CUDA latency: 171.841727 ms, Average TFLOPs: 2.955195
>> VLA-Cache inference mode
Current CUDA latency: 204.759674 ms | Average CUDA latency: 171.851905 ms, Average TFLOPs: 2.955206
>> VLA-Cache inference mode
Current CUDA latency: 143.349030 ms | Average CUDA latency: 171.843095 ms, Average TFLOPs: 2.955215
>> VLA-Cache inference mode
Current CUDA latency: 122.996094 ms | Average CUDA latency: 171.828000 ms, Average TFLOPs: 2.955207
>> VLA-Cache inference mode
Current CUDA latency: 147.954010 ms | Average CUDA latency: 171.820624 ms, Average TFLOPs: 2.955191
>> VLA-Cache inference mode
Current CUDA latency: 341.859894 ms | Average CUDA latency: 171.873138 ms, Average TFLOPs: 2.955168
>> VLA-Cache inference mode
Current CUDA latency: 232.063751 ms | Average CUDA latency: 171.891721 ms, Average TFLOPs: 2.955134
>> VLA-Cache inference mode
Current CUDA latency: 104.444221 ms | Average CUDA latency: 171.870904 ms, Average TFLOPs: 2.955108
>> VLA-Cache inference mode
Current CUDA latency: 134.729187 ms | Average CUDA latency: 171.859444 ms, Average TFLOPs: 2.955082
>> VLA-Cache inference mode
Current CUDA latency: 131.581573 ms | Average CUDA latency: 171.847020 ms, Average TFLOPs: 2.955051
>> VLA-Cache inference mode
Current CUDA latency: 112.743423 ms | Average CUDA latency: 171.828795 ms, Average TFLOPs: 2.955030
>> VLA-Cache inference mode
Current CUDA latency: 235.305435 ms | Average CUDA latency: 171.848363 ms, Average TFLOPs: 2.955032
Average time per step: 588.9858 ms, Control Frequency: 13.58 Hz, Token Reusing Ratio (Primary): 33.08 %, , Token Reusing Ratio (Wrist): 35.32 %
Saved rollout MP4 at path ./rollouts/2026_04_07/primary--2026_04_07-14_35_38--episode=185--success=True--task=pick_up_the_orange_juice_and_place_it_in_the_baske.mp4
Saved rollout MP4 at path ./rollouts/2026_04_07/wrist--2026_04_07-14_35_38--episode=185--success=True--task=pick_up_the_orange_juice_and_place_it_in_the_baske.mp4
04/07 [18:40:19] INFO     | >> Success: True              run_libero_eval.py:230
                 INFO     | >> # episodes completed so    run_libero_eval.py:230
                          far: 185                                              
                 INFO     | >> # successes: 184 (99.5%)   run_libero_eval.py:230

 25%|██▌       | 5/20 [05:42<16:58, 67.92s/it][A                 INFO     | >>                            run_libero_eval.py:230
                          Task: pick up the orange juice                        
                          and place it in the basket                            
                 INFO     | >> Starting episode 6...      run_libero_eval.py:230
huggingface/tokenizers: The current process just got forked, after parallelism has already been used. Disabling parallelism to avoid deadlocks...
To disable this warning, you can either:
	- Avoid using `tokenizers` before the fork if possible
	- Explicitly set the environment variable TOKENIZERS_PARALLELISM=(true | false)
huggingface/tokenizers: The current process just got forked, after parallelism has already been used. Disabling parallelism to avoid deadlocks...
To disable this warning, you can either:
	- Avoid using `tokenizers` before the fork if possible
	- Explicitly set the environment variable TOKENIZERS_PARALLELISM=(true | false)
>> VLA-Cache inference mode
Current CUDA latency: 472.279999 ms | Average CUDA latency: 171.940946 ms, Average TFLOPs: 2.955265
>> VLA-Cache inference mode
Current CUDA latency: 315.957367 ms | Average CUDA latency: 171.985313 ms, Average TFLOPs: 2.955256
>> VLA-Cache inference mode
Current CUDA latency: 144.323486 ms | Average CUDA latency: 171.976794 ms, Average TFLOPs: 2.955252
>> VLA-Cache inference mode
Current CUDA latency: 123.681725 ms | Average CUDA latency: 171.961925 ms, Average TFLOPs: 2.955257
>> VLA-Cache inference mode
Current CUDA latency: 120.324799 ms | Average CUDA latency: 171.946031 ms, Average TFLOPs: 2.955255
>> VLA-Cache inference mode
Current CUDA latency: 111.179871 ms | Average CUDA latency: 171.927334 ms, Average TFLOPs: 2.955257
>> VLA-Cache inference mode
Current CUDA latency: 112.137566 ms | Average CUDA latency: 171.908943 ms, Average TFLOPs: 2.955247
>> VLA-Cache inference mode
Current CUDA latency: 108.991905 ms | Average CUDA latency: 171.889596 ms, Average TFLOPs: 2.955238
>> VLA-Cache inference mode
Current CUDA latency: 140.598145 ms | Average CUDA latency: 171.879976 ms, Average TFLOPs: 2.955198
>> VLA-Cache inference mode
Current CUDA latency: 124.883331 ms | Average CUDA latency: 171.865534 ms, Average TFLOPs: 2.955188
>> VLA-Cache inference mode
Current CUDA latency: 172.589157 ms | Average CUDA latency: 171.865756 ms, Average TFLOPs: 2.955176
>> VLA-Cache inference mode
Current CUDA latency: 107.099869 ms | Average CUDA latency: 171.845865 ms, Average TFLOPs: 2.955158
>> VLA-Cache inference mode
Current CUDA latency: 109.317635 ms | Average CUDA latency: 171.826667 ms, Average TFLOPs: 2.955136
>> VLA-Cache inference mode
Current CUDA latency: 107.830467 ms | Average CUDA latency: 171.807024 ms, Average TFLOPs: 2.955113
>> VLA-Cache inference mode
Current CUDA latency: 166.071777 ms | Average CUDA latency: 171.805264 ms, Average TFLOPs: 2.955105
>> VLA-Cache inference mode
Current CUDA latency: 218.847290 ms | Average CUDA latency: 171.819694 ms, Average TFLOPs: 2.955103
Average time per step: 577.4104 ms, Control Frequency: 13.85 Hz, Token Reusing Ratio (Primary): 33.06 %, , Token Reusing Ratio (Wrist): 35.26 %
Saved rollout MP4 at path ./rollouts/2026_04_07/primary--2026_04_07-14_35_38--episode=186--success=True--task=pick_up_the_orange_juice_and_place_it_in_the_baske.mp4
Saved rollout MP4 at path ./rollouts/2026_04_07/wrist--2026_04_07-14_35_38--episode=186--success=True--task=pick_up_the_orange_juice_and_place_it_in_the_baske.mp4
04/07 [18:41:28] INFO     | >> Success: True              run_libero_eval.py:230
                 INFO     | >> # episodes completed so    run_libero_eval.py:230
                          far: 186                                              
                 INFO     | >> # successes: 185 (99.5%)   run_libero_eval.py:230

 30%|███       | 6/20 [06:51<15:54, 68.16s/it][A                 INFO     | >>                            run_libero_eval.py:230
                          Task: pick up the orange juice                        
                          and place it in the basket                            
                 INFO     | >> Starting episode 7...      run_libero_eval.py:230
huggingface/tokenizers: The current process just got forked, after parallelism has already been used. Disabling parallelism to avoid deadlocks...
To disable this warning, you can either:
	- Avoid using `tokenizers` before the fork if possible
	- Explicitly set the environment variable TOKENIZERS_PARALLELISM=(true | false)
huggingface/tokenizers: The current process just got forked, after parallelism has already been used. Disabling parallelism to avoid deadlocks...
To disable this warning, you can either:
	- Avoid using `tokenizers` before the fork if possible
	- Explicitly set the environment variable TOKENIZERS_PARALLELISM=(true | false)
>> VLA-Cache inference mode
Current CUDA latency: 463.352783 ms | Average CUDA latency: 171.909094 ms, Average TFLOPs: 2.955336
>> VLA-Cache inference mode
Current CUDA latency: 589.338623 ms | Average CUDA latency: 172.037061 ms, Average TFLOPs: 2.955342
>> VLA-Cache inference mode
Current CUDA latency: 184.177094 ms | Average CUDA latency: 172.040782 ms, Average TFLOPs: 2.955341
>> VLA-Cache inference mode
Current CUDA latency: 120.599106 ms | Average CUDA latency: 172.025022 ms, Average TFLOPs: 2.955346
>> VLA-Cache inference mode
Current CUDA latency: 108.472702 ms | Average CUDA latency: 172.005557 ms, Average TFLOPs: 2.955354
>> VLA-Cache inference mode
Current CUDA latency: 113.851486 ms | Average CUDA latency: 171.987751 ms, Average TFLOPs: 2.955353
>> VLA-Cache inference mode
Current CUDA latency: 163.678787 ms | Average CUDA latency: 171.985208 ms, Average TFLOPs: 2.955334
>> VLA-Cache inference mode
Current CUDA latency: 167.055038 ms | Average CUDA latency: 171.983699 ms, Average TFLOPs: 2.955293
>> VLA-Cache inference mode
Current CUDA latency: 101.372543 ms | Average CUDA latency: 171.962099 ms, Average TFLOPs: 2.955256
>> VLA-Cache inference mode
Current CUDA latency: 104.682365 ms | Average CUDA latency: 171.941524 ms, Average TFLOPs: 2.955203
>> VLA-Cache inference mode
Current CUDA latency: 120.672989 ms | Average CUDA latency: 171.925850 ms, Average TFLOPs: 2.955177
>> VLA-Cache inference mode
Current CUDA latency: 134.668381 ms | Average CUDA latency: 171.914464 ms, Average TFLOPs: 2.955145
>> VLA-Cache inference mode
Current CUDA latency: 116.496803 ms | Average CUDA latency: 171.897532 ms, Average TFLOPs: 2.955113
>> VLA-Cache inference mode
Current CUDA latency: 192.579422 ms | Average CUDA latency: 171.903849 ms, Average TFLOPs: 2.955092
>> VLA-Cache inference mode
Current CUDA latency: 239.764679 ms | Average CUDA latency: 171.924570 ms, Average TFLOPs: 2.955096
>> VLA-Cache inference mode
Current CUDA latency: 139.284378 ms | Average CUDA latency: 171.914606 ms, Average TFLOPs: 2.955086
Average time per step: 585.3905 ms, Control Frequency: 13.67 Hz, Token Reusing Ratio (Primary): 33.09 %, , Token Reusing Ratio (Wrist): 35.27 %
Saved rollout MP4 at path ./rollouts/2026_04_07/primary--2026_04_07-14_35_38--episode=187--success=True--task=pick_up_the_orange_juice_and_place_it_in_the_baske.mp4
Saved rollout MP4 at path ./rollouts/2026_04_07/wrist--2026_04_07-14_35_38--episode=187--success=True--task=pick_up_the_orange_juice_and_place_it_in_the_baske.mp4
04/07 [18:42:36] INFO     | >> Success: True              run_libero_eval.py:230
                 INFO     | >> # episodes completed so    run_libero_eval.py:230
                          far: 187                                              
                 INFO     | >> # successes: 186 (99.5%)   run_libero_eval.py:230

 35%|███▌      | 7/20 [08:00<14:48, 68.36s/it][A                 INFO     | >>                            run_libero_eval.py:230
                          Task: pick up the orange juice                        
                          and place it in the basket                            
                 INFO     | >> Starting episode 8...      run_libero_eval.py:230
huggingface/tokenizers: The current process just got forked, after parallelism has already been used. Disabling parallelism to avoid deadlocks...
To disable this warning, you can either:
	- Avoid using `tokenizers` before the fork if possible
	- Explicitly set the environment variable TOKENIZERS_PARALLELISM=(true | false)
huggingface/tokenizers: The current process just got forked, after parallelism has already been used. Disabling parallelism to avoid deadlocks...
To disable this warning, you can either:
	- Avoid using `tokenizers` before the fork if possible
	- Explicitly set the environment variable TOKENIZERS_PARALLELISM=(true | false)
>> VLA-Cache inference mode
Current CUDA latency: 325.525757 ms | Average CUDA latency: 171.961482 ms, Average TFLOPs: 2.955317
>> VLA-Cache inference mode
Current CUDA latency: 282.585571 ms | Average CUDA latency: 171.995229 ms, Average TFLOPs: 2.955321
>> VLA-Cache inference mode
Current CUDA latency: 162.254211 ms | Average CUDA latency: 171.992258 ms, Average TFLOPs: 2.955326
>> VLA-Cache inference mode
Current CUDA latency: 200.976410 ms | Average CUDA latency: 172.001095 ms, Average TFLOPs: 2.955333
>> VLA-Cache inference mode
Current CUDA latency: 159.340195 ms | Average CUDA latency: 171.997236 ms, Average TFLOPs: 2.955339
>> VLA-Cache inference mode
Current CUDA latency: 113.253761 ms | Average CUDA latency: 171.979338 ms, Average TFLOPs: 2.955342
>> VLA-Cache inference mode
Current CUDA latency: 181.731552 ms | Average CUDA latency: 171.982308 ms, Average TFLOPs: 2.955309
>> VLA-Cache inference mode
Current CUDA latency: 102.411041 ms | Average CUDA latency: 171.961123 ms, Average TFLOPs: 2.955278
>> VLA-Cache inference mode
Current CUDA latency: 123.817024 ms | Average CUDA latency: 171.946467 ms, Average TFLOPs: 2.955250
>> VLA-Cache inference mode
Current CUDA latency: 115.861565 ms | Average CUDA latency: 171.929400 ms, Average TFLOPs: 2.955202
>> VLA-Cache inference mode
Current CUDA latency: 122.455139 ms | Average CUDA latency: 171.914348 ms, Average TFLOPs: 2.955167
>> VLA-Cache inference mode
Current CUDA latency: 117.164703 ms | Average CUDA latency: 171.897697 ms, Average TFLOPs: 2.955139
>> VLA-Cache inference mode
Current CUDA latency: 155.517883 ms | Average CUDA latency: 171.892717 ms, Average TFLOPs: 2.955112
>> VLA-Cache inference mode
Current CUDA latency: 189.972900 ms | Average CUDA latency: 171.898212 ms, Average TFLOPs: 2.955092
>> VLA-Cache inference mode
Current CUDA latency: 504.514404 ms | Average CUDA latency: 171.999280 ms, Average TFLOPs: 2.955080
>> VLA-Cache inference mode
Current CUDA latency: 192.062469 ms | Average CUDA latency: 172.005375 ms, Average TFLOPs: 2.955080
Average time per step: 585.8095 ms, Control Frequency: 13.66 Hz, Token Reusing Ratio (Primary): 33.04 %, , Token Reusing Ratio (Wrist): 35.35 %
Saved rollout MP4 at path ./rollouts/2026_04_07/primary--2026_04_07-14_35_38--episode=188--success=True--task=pick_up_the_orange_juice_and_place_it_in_the_baske.mp4
Saved rollout MP4 at path ./rollouts/2026_04_07/wrist--2026_04_07-14_35_38--episode=188--success=True--task=pick_up_the_orange_juice_and_place_it_in_the_baske.mp4
04/07 [18:43:45] INFO     | >> Success: True              run_libero_eval.py:230
                 INFO     | >> # episodes completed so    run_libero_eval.py:230
                          far: 188                                              
                 INFO     | >> # successes: 187 (99.5%)   run_libero_eval.py:230

 40%|████      | 8/20 [09:08<13:41, 68.48s/it][A                 INFO     | >>                            run_libero_eval.py:230
                          Task: pick up the orange juice                        
                          and place it in the basket                            
                 INFO     | >> Starting episode 9...      run_libero_eval.py:230
huggingface/tokenizers: The current process just got forked, after parallelism has already been used. Disabling parallelism to avoid deadlocks...
To disable this warning, you can either:
	- Avoid using `tokenizers` before the fork if possible
	- Explicitly set the environment variable TOKENIZERS_PARALLELISM=(true | false)
huggingface/tokenizers: The current process just got forked, after parallelism has already been used. Disabling parallelism to avoid deadlocks...
To disable this warning, you can either:
	- Avoid using `tokenizers` before the fork if possible
	- Explicitly set the environment variable TOKENIZERS_PARALLELISM=(true | false)
>> VLA-Cache inference mode
Current CUDA latency: 339.395233 ms | Average CUDA latency: 172.056207 ms, Average TFLOPs: 2.955309
>> VLA-Cache inference mode
Current CUDA latency: 269.056366 ms | Average CUDA latency: 172.085655 ms, Average TFLOPs: 2.955311
>> VLA-Cache inference mode
Current CUDA latency: 121.934494 ms | Average CUDA latency: 172.070434 ms, Average TFLOPs: 2.955300
>> VLA-Cache inference mode
Current CUDA latency: 154.537445 ms | Average CUDA latency: 172.065115 ms, Average TFLOPs: 2.955309
>> VLA-Cache inference mode
Current CUDA latency: 114.237282 ms | Average CUDA latency: 172.047575 ms, Average TFLOPs: 2.955316
>> VLA-Cache inference mode
Current CUDA latency: 187.340286 ms | Average CUDA latency: 172.052212 ms, Average TFLOPs: 2.955309
>> VLA-Cache inference mode
Current CUDA latency: 198.845566 ms | Average CUDA latency: 172.060334 ms, Average TFLOPs: 2.955282
>> VLA-Cache inference mode
Current CUDA latency: 147.668228 ms | Average CUDA latency: 172.052942 ms, Average TFLOPs: 2.955235
>> VLA-Cache inference mode
Current CUDA latency: 109.321922 ms | Average CUDA latency: 172.033939 ms, Average TFLOPs: 2.955183
>> VLA-Cache inference mode
Current CUDA latency: 103.183456 ms | Average CUDA latency: 172.013087 ms, Average TFLOPs: 2.955132
>> VLA-Cache inference mode
Current CUDA latency: 103.239906 ms | Average CUDA latency: 171.992266 ms, Average TFLOPs: 2.955097
>> VLA-Cache inference mode
Current CUDA latency: 106.676994 ms | Average CUDA latency: 171.972498 ms, Average TFLOPs: 2.955068
>> VLA-Cache inference mode
Current CUDA latency: 128.192032 ms | Average CUDA latency: 171.959251 ms, Average TFLOPs: 2.955045
>> VLA-Cache inference mode
Current CUDA latency: 107.322845 ms | Average CUDA latency: 171.939700 ms, Average TFLOPs: 2.955032
>> VLA-Cache inference mode
Current CUDA latency: 109.808510 ms | Average CUDA latency: 171.920912 ms, Average TFLOPs: 2.955030
>> VLA-Cache inference mode
Current CUDA latency: 107.973824 ms | Average CUDA latency: 171.901581 ms, Average TFLOPs: 2.955017
Average time per step: 577.9329 ms, Control Frequency: 13.84 Hz, Token Reusing Ratio (Primary): 33.01 %, , Token Reusing Ratio (Wrist): 35.51 %
Saved rollout MP4 at path ./rollouts/2026_04_07/primary--2026_04_07-14_35_38--episode=189--success=True--task=pick_up_the_orange_juice_and_place_it_in_the_baske.mp4
Saved rollout MP4 at path ./rollouts/2026_04_07/wrist--2026_04_07-14_35_38--episode=189--success=True--task=pick_up_the_orange_juice_and_place_it_in_the_baske.mp4
04/07 [18:44:50] INFO     | >> Success: True              run_libero_eval.py:230
04/07 [18:44:51] INFO     | >> # episodes completed so    run_libero_eval.py:230
                          far: 189                                              
                 INFO     | >> # successes: 188 (99.5%)   run_libero_eval.py:230

 45%|████▌     | 9/20 [10:14<12:22, 67.53s/it][A                 INFO     | >>                            run_libero_eval.py:230
                          Task: pick up the orange juice                        
                          and place it in the basket                            
                 INFO     | >> Starting episode 10...     run_libero_eval.py:230
huggingface/tokenizers: The current process just got forked, after parallelism has already been used. Disabling parallelism to avoid deadlocks...
To disable this warning, you can either:
	- Avoid using `tokenizers` before the fork if possible
	- Explicitly set the environment variable TOKENIZERS_PARALLELISM=(true | false)
huggingface/tokenizers: The current process just got forked, after parallelism has already been used. Disabling parallelism to avoid deadlocks...
To disable this warning, you can either:
	- Avoid using `tokenizers` before the fork if possible
	- Explicitly set the environment variable TOKENIZERS_PARALLELISM=(true | false)
>> VLA-Cache inference mode
Current CUDA latency: 325.432953 ms | Average CUDA latency: 171.947979 ms, Average TFLOPs: 2.955245
>> VLA-Cache inference mode
Current CUDA latency: 381.514648 ms | Average CUDA latency: 172.011292 ms, Average TFLOPs: 2.955257
>> VLA-Cache inference mode
Current CUDA latency: 135.144287 ms | Average CUDA latency: 172.000157 ms, Average TFLOPs: 2.955263
>> VLA-Cache inference mode
Current CUDA latency: 134.810242 ms | Average CUDA latency: 171.988928 ms, Average TFLOPs: 2.955270
>> VLA-Cache inference mode
Current CUDA latency: 164.588638 ms | Average CUDA latency: 171.986695 ms, Average TFLOPs: 2.955288
>> VLA-Cache inference mode
Current CUDA latency: 117.515518 ms | Average CUDA latency: 171.970258 ms, Average TFLOPs: 2.955283
>> VLA-Cache inference mode
Current CUDA latency: 113.778084 ms | Average CUDA latency: 171.952704 ms, Average TFLOPs: 2.955265
>> VLA-Cache inference mode
Current CUDA latency: 107.037758 ms | Average CUDA latency: 171.933128 ms, Average TFLOPs: 2.955237
>> VLA-Cache inference mode
Current CUDA latency: 134.147385 ms | Average CUDA latency: 171.921736 ms, Average TFLOPs: 2.955192
>> VLA-Cache inference mode
Current CUDA latency: 261.108459 ms | Average CUDA latency: 171.948616 ms, Average TFLOPs: 2.955142
>> VLA-Cache inference mode
Current CUDA latency: 198.329346 ms | Average CUDA latency: 171.956564 ms, Average TFLOPs: 2.955112
>> VLA-Cache inference mode
Current CUDA latency: 115.329788 ms | Average CUDA latency: 171.939508 ms, Average TFLOPs: 2.955094
>> VLA-Cache inference mode
Current CUDA latency: 102.593758 ms | Average CUDA latency: 171.918627 ms, Average TFLOPs: 2.955061
>> VLA-Cache inference mode
Current CUDA latency: 109.216866 ms | Average CUDA latency: 171.899752 ms, Average TFLOPs: 2.955047
>> VLA-Cache inference mode
Current CUDA latency: 151.231232 ms | Average CUDA latency: 171.893532 ms, Average TFLOPs: 2.955042
Average time per step: 577.0499 ms, Control Frequency: 13.86 Hz, Token Reusing Ratio (Primary): 32.98 %, , Token Reusing Ratio (Wrist): 35.49 %
Saved rollout MP4 at path ./rollouts/2026_04_07/primary--2026_04_07-14_35_38--episode=190--success=True--task=pick_up_the_orange_juice_and_place_it_in_the_baske.mp4
Saved rollout MP4 at path ./rollouts/2026_04_07/wrist--2026_04_07-14_35_38--episode=190--success=True--task=pick_up_the_orange_juice_and_place_it_in_the_baske.mp4
04/07 [18:46:02] INFO     | >> Success: True              run_libero_eval.py:230
                 INFO     | >> # episodes completed so    run_libero_eval.py:230
                          far: 190                                              
                 INFO     | >> # successes: 189 (99.5%)   run_libero_eval.py:230

 50%|█████     | 10/20 [11:26<11:28, 68.85s/it][A                 INFO     | >>                            run_libero_eval.py:230
                          Task: pick up the orange juice                        
                          and place it in the basket                            
                 INFO     | >> Starting episode 11...     run_libero_eval.py:230
huggingface/tokenizers: The current process just got forked, after parallelism has already been used. Disabling parallelism to avoid deadlocks...
To disable this warning, you can either:
	- Avoid using `tokenizers` before the fork if possible
	- Explicitly set the environment variable TOKENIZERS_PARALLELISM=(true | false)
huggingface/tokenizers: The current process just got forked, after parallelism has already been used. Disabling parallelism to avoid deadlocks...
To disable this warning, you can either:
	- Avoid using `tokenizers` before the fork if possible
	- Explicitly set the environment variable TOKENIZERS_PARALLELISM=(true | false)
>> VLA-Cache inference mode
Current CUDA latency: 351.733246 ms | Average CUDA latency: 171.947636 ms, Average TFLOPs: 2.955270
>> VLA-Cache inference mode
Current CUDA latency: 357.048279 ms | Average CUDA latency: 172.003305 ms, Average TFLOPs: 2.955273
>> VLA-Cache inference mode
Current CUDA latency: 166.015366 ms | Average CUDA latency: 172.001505 ms, Average TFLOPs: 2.955275
>> VLA-Cache inference mode
Current CUDA latency: 133.618301 ms | Average CUDA latency: 171.989968 ms, Average TFLOPs: 2.955275
>> VLA-Cache inference mode
Current CUDA latency: 126.696541 ms | Average CUDA latency: 171.976358 ms, Average TFLOPs: 2.955273
>> VLA-Cache inference mode
Current CUDA latency: 125.342339 ms | Average CUDA latency: 171.962350 ms, Average TFLOPs: 2.955263
>> VLA-Cache inference mode
Current CUDA latency: 104.640739 ms | Average CUDA latency: 171.942133 ms, Average TFLOPs: 2.955236
>> VLA-Cache inference mode
Current CUDA latency: 121.602051 ms | Average CUDA latency: 171.927020 ms, Average TFLOPs: 2.955196
>> VLA-Cache inference mode
Current CUDA latency: 101.170273 ms | Average CUDA latency: 171.905785 ms, Average TFLOPs: 2.955147
>> VLA-Cache inference mode
Current CUDA latency: 100.916100 ms | Average CUDA latency: 171.884486 ms, Average TFLOPs: 2.955094
>> VLA-Cache inference mode
Current CUDA latency: 103.724831 ms | Average CUDA latency: 171.864042 ms, Average TFLOPs: 2.955054
>> VLA-Cache inference mode
Current CUDA latency: 101.541565 ms | Average CUDA latency: 171.842956 ms, Average TFLOPs: 2.955029
>> VLA-Cache inference mode
Current CUDA latency: 120.685249 ms | Average CUDA latency: 171.827621 ms, Average TFLOPs: 2.955002
>> VLA-Cache inference mode
Current CUDA latency: 125.949120 ms | Average CUDA latency: 171.813872 ms, Average TFLOPs: 2.954984
>> VLA-Cache inference mode
Current CUDA latency: 118.499649 ms | Average CUDA latency: 171.797900 ms, Average TFLOPs: 2.954960
Average time per step: 574.3777 ms, Control Frequency: 13.93 Hz, Token Reusing Ratio (Primary): 33.02 %, , Token Reusing Ratio (Wrist): 35.55 %
Saved rollout MP4 at path ./rollouts/2026_04_07/primary--2026_04_07-14_35_38--episode=191--success=True--task=pick_up_the_orange_juice_and_place_it_in_the_baske.mp4
Saved rollout MP4 at path ./rollouts/2026_04_07/wrist--2026_04_07-14_35_38--episode=191--success=True--task=pick_up_the_orange_juice_and_place_it_in_the_baske.mp4
04/07 [18:47:03] INFO     | >> Success: True              run_libero_eval.py:230
                 INFO     | >> # episodes completed so    run_libero_eval.py:230
                          far: 191                                              
                 INFO     | >> # successes: 190 (99.5%)   run_libero_eval.py:230

 55%|█████▌    | 11/20 [12:26<09:57, 66.36s/it][A                 INFO     | >>                            run_libero_eval.py:230
                          Task: pick up the orange juice                        
                          and place it in the basket                            
                 INFO     | >> Starting episode 12...     run_libero_eval.py:230
huggingface/tokenizers: The current process just got forked, after parallelism has already been used. Disabling parallelism to avoid deadlocks...
To disable this warning, you can either:
	- Avoid using `tokenizers` before the fork if possible
	- Explicitly set the environment variable TOKENIZERS_PARALLELISM=(true | false)
huggingface/tokenizers: The current process just got forked, after parallelism has already been used. Disabling parallelism to avoid deadlocks...
To disable this warning, you can either:
	- Avoid using `tokenizers` before the fork if possible
	- Explicitly set the environment variable TOKENIZERS_PARALLELISM=(true | false)
>> VLA-Cache inference mode
Current CUDA latency: 307.628876 ms | Average CUDA latency: 171.838581 ms, Average TFLOPs: 2.955187
>> VLA-Cache inference mode
Current CUDA latency: 318.893768 ms | Average CUDA latency: 171.882609 ms, Average TFLOPs: 2.955195
>> VLA-Cache inference mode
Current CUDA latency: 116.279297 ms | Average CUDA latency: 171.865966 ms, Average TFLOPs: 2.955200
>> VLA-Cache inference mode
Current CUDA latency: 221.964417 ms | Average CUDA latency: 171.880957 ms, Average TFLOPs: 2.955195
>> VLA-Cache inference mode
Current CUDA latency: 124.966431 ms | Average CUDA latency: 171.866923 ms, Average TFLOPs: 2.955194
>> VLA-Cache inference mode
Current CUDA latency: 286.767944 ms | Average CUDA latency: 171.901284 ms, Average TFLOPs: 2.955193
>> VLA-Cache inference mode
Current CUDA latency: 189.951202 ms | Average CUDA latency: 171.906680 ms, Average TFLOPs: 2.955168
>> VLA-Cache inference mode
Current CUDA latency: 118.585793 ms | Average CUDA latency: 171.890744 ms, Average TFLOPs: 2.955137
>> VLA-Cache inference mode
Current CUDA latency: 117.544418 ms | Average CUDA latency: 171.874507 ms, Average TFLOPs: 2.955098
>> VLA-Cache inference mode
Current CUDA latency: 140.474106 ms | Average CUDA latency: 171.865128 ms, Average TFLOPs: 2.955058
>> VLA-Cache inference mode
Current CUDA latency: 137.732605 ms | Average CUDA latency: 171.854936 ms, Average TFLOPs: 2.955029
>> VLA-Cache inference mode
Current CUDA latency: 125.176895 ms | Average CUDA latency: 171.841002 ms, Average TFLOPs: 2.955009
>> VLA-Cache inference mode
Current CUDA latency: 120.413727 ms | Average CUDA latency: 171.825655 ms, Average TFLOPs: 2.954989
>> VLA-Cache inference mode
Current CUDA latency: 104.886978 ms | Average CUDA latency: 171.805686 ms, Average TFLOPs: 2.954960
>> VLA-Cache inference mode
Current CUDA latency: 109.299965 ms | Average CUDA latency: 171.787044 ms, Average TFLOPs: 2.954948
Average time per step: 574.0010 ms, Control Frequency: 13.94 Hz, Token Reusing Ratio (Primary): 33.06 %, , Token Reusing Ratio (Wrist): 35.54 %
Saved rollout MP4 at path ./rollouts/2026_04_07/primary--2026_04_07-14_35_38--episode=192--success=True--task=pick_up_the_orange_juice_and_place_it_in_the_baske.mp4
Saved rollout MP4 at path ./rollouts/2026_04_07/wrist--2026_04_07-14_35_38--episode=192--success=True--task=pick_up_the_orange_juice_and_place_it_in_the_baske.mp4
04/07 [18:48:05] INFO     | >> Success: True              run_libero_eval.py:230
                 INFO     | >> # episodes completed so    run_libero_eval.py:230
                          far: 192                                              
                 INFO     | >> # successes: 191 (99.5%)   run_libero_eval.py:230

 60%|██████    | 12/20 [13:28<08:39, 65.00s/it][A                 INFO     | >>                            run_libero_eval.py:230
                          Task: pick up the orange juice                        
                          and place it in the basket                            
                 INFO     | >> Starting episode 13...     run_libero_eval.py:230
huggingface/tokenizers: The current process just got forked, after parallelism has already been used. Disabling parallelism to avoid deadlocks...
To disable this warning, you can either:
	- Avoid using `tokenizers` before the fork if possible
	- Explicitly set the environment variable TOKENIZERS_PARALLELISM=(true | false)
huggingface/tokenizers: The current process just got forked, after parallelism has already been used. Disabling parallelism to avoid deadlocks...
To disable this warning, you can either:
	- Avoid using `tokenizers` before the fork if possible
	- Explicitly set the environment variable TOKENIZERS_PARALLELISM=(true | false)
>> VLA-Cache inference mode
Current CUDA latency: 322.244873 ms | Average CUDA latency: 171.831903 ms, Average TFLOPs: 2.955174
>> VLA-Cache inference mode
Current CUDA latency: 324.717651 ms | Average CUDA latency: 171.877473 ms, Average TFLOPs: 2.955182
>> VLA-Cache inference mode
Current CUDA latency: 127.739777 ms | Average CUDA latency: 171.864321 ms, Average TFLOPs: 2.955188
>> VLA-Cache inference mode
Current CUDA latency: 269.445099 ms | Average CUDA latency: 171.893389 ms, Average TFLOPs: 2.955194
>> VLA-Cache inference mode
Current CUDA latency: 217.414459 ms | Average CUDA latency: 171.906945 ms, Average TFLOPs: 2.955193
>> VLA-Cache inference mode
Current CUDA latency: 189.997787 ms | Average CUDA latency: 171.912330 ms, Average TFLOPs: 2.955186
>> VLA-Cache inference mode
Current CUDA latency: 184.372604 ms | Average CUDA latency: 171.916039 ms, Average TFLOPs: 2.955184
>> VLA-Cache inference mode
Current CUDA latency: 120.590881 ms | Average CUDA latency: 171.900768 ms, Average TFLOPs: 2.955162
>> VLA-Cache inference mode
Current CUDA latency: 140.305191 ms | Average CUDA latency: 171.891370 ms, Average TFLOPs: 2.955112
>> VLA-Cache inference mode
Current CUDA latency: 103.775009 ms | Average CUDA latency: 171.871115 ms, Average TFLOPs: 2.955079
>> VLA-Cache inference mode
Current CUDA latency: 182.174683 ms | Average CUDA latency: 171.874178 ms, Average TFLOPs: 2.955042
>> VLA-Cache inference mode
Current CUDA latency: 350.009949 ms | Average CUDA latency: 171.927116 ms, Average TFLOPs: 2.955022
>> VLA-Cache inference mode
Current CUDA latency: 178.486618 ms | Average CUDA latency: 171.929065 ms, Average TFLOPs: 2.955003
>> VLA-Cache inference mode
Current CUDA latency: 294.832184 ms | Average CUDA latency: 171.965567 ms, Average TFLOPs: 2.954997
>> VLA-Cache inference mode
Current CUDA latency: 186.608383 ms | Average CUDA latency: 171.969915 ms, Average TFLOPs: 2.955003
>> VLA-Cache inference mode
Current CUDA latency: 239.835358 ms | Average CUDA latency: 171.990059 ms, Average TFLOPs: 2.955021
>> VLA-Cache inference mode
Current CUDA latency: 162.185028 ms | Average CUDA latency: 171.987149 ms, Average TFLOPs: 2.955033
Average time per step: 577.7142 ms, Control Frequency: 13.85 Hz, Token Reusing Ratio (Primary): 33.18 %, , Token Reusing Ratio (Wrist): 35.36 %
Saved rollout MP4 at path ./rollouts/2026_04_07/primary--2026_04_07-14_35_38--episode=193--success=True--task=pick_up_the_orange_juice_and_place_it_in_the_baske.mp4
Saved rollout MP4 at path ./rollouts/2026_04_07/wrist--2026_04_07-14_35_38--episode=193--success=True--task=pick_up_the_orange_juice_and_place_it_in_the_baske.mp4
04/07 [18:49:23] INFO     | >> Success: True              run_libero_eval.py:230
                 INFO     | >> # episodes completed so    run_libero_eval.py:230
                          far: 193                                              
                 INFO     | >> # successes: 192 (99.5%)   run_libero_eval.py:230

 65%|██████▌   | 13/20 [14:46<08:01, 68.86s/it][A                 INFO     | >>                            run_libero_eval.py:230
                          Task: pick up the orange juice                        
                          and place it in the basket                            
                 INFO     | >> Starting episode 14...     run_libero_eval.py:230
huggingface/tokenizers: The current process just got forked, after parallelism has already been used. Disabling parallelism to avoid deadlocks...
To disable this warning, you can either:
	- Avoid using `tokenizers` before the fork if possible
	- Explicitly set the environment variable TOKENIZERS_PARALLELISM=(true | false)
huggingface/tokenizers: The current process just got forked, after parallelism has already been used. Disabling parallelism to avoid deadlocks...
To disable this warning, you can either:
	- Avoid using `tokenizers` before the fork if possible
	- Explicitly set the environment variable TOKENIZERS_PARALLELISM=(true | false)
>> VLA-Cache inference mode
Current CUDA latency: 356.158600 ms | Average CUDA latency: 172.041783 ms, Average TFLOPs: 2.955258
>> VLA-Cache inference mode
Current CUDA latency: 326.819641 ms | Average CUDA latency: 172.087684 ms, Average TFLOPs: 2.955268
>> VLA-Cache inference mode
Current CUDA latency: 138.758591 ms | Average CUDA latency: 172.077803 ms, Average TFLOPs: 2.955274
>> VLA-Cache inference mode
Current CUDA latency: 147.140671 ms | Average CUDA latency: 172.070412 ms, Average TFLOPs: 2.955273
>> VLA-Cache inference mode
Current CUDA latency: 110.488541 ms | Average CUDA latency: 172.052166 ms, Average TFLOPs: 2.955282
>> VLA-Cache inference mode
Current CUDA latency: 118.081444 ms | Average CUDA latency: 172.036179 ms, Average TFLOPs: 2.955299
>> VLA-Cache inference mode
Current CUDA latency: 136.545349 ms | Average CUDA latency: 172.025670 ms, Average TFLOPs: 2.955287
>> VLA-Cache inference mode
Current CUDA latency: 125.144958 ms | Average CUDA latency: 172.011791 ms, Average TFLOPs: 2.955267
>> VLA-Cache inference mode
Current CUDA latency: 135.425247 ms | Average CUDA latency: 172.000964 ms, Average TFLOPs: 2.955232
>> VLA-Cache inference mode
Current CUDA latency: 136.142883 ms | Average CUDA latency: 171.990355 ms, Average TFLOPs: 2.955178
>> VLA-Cache inference mode
Current CUDA latency: 104.664764 ms | Average CUDA latency: 171.970442 ms, Average TFLOPs: 2.955139
>> VLA-Cache inference mode
Current CUDA latency: 153.732925 ms | Average CUDA latency: 171.965049 ms, Average TFLOPs: 2.955113
>> VLA-Cache inference mode
Current CUDA latency: 171.683929 ms | Average CUDA latency: 171.964966 ms, Average TFLOPs: 2.955085
>> VLA-Cache inference mode
Current CUDA latency: 152.116196 ms | Average CUDA latency: 171.959101 ms, Average TFLOPs: 2.955048
>> VLA-Cache inference mode
Current CUDA latency: 296.077789 ms | Average CUDA latency: 171.995768 ms, Average TFLOPs: 2.955040
>> VLA-Cache inference mode
Current CUDA latency: 195.257660 ms | Average CUDA latency: 172.002638 ms, Average TFLOPs: 2.955032
Average time per step: 577.9454 ms, Control Frequency: 13.84 Hz, Token Reusing Ratio (Primary): 33.15 %, , Token Reusing Ratio (Wrist): 35.37 %
Saved rollout MP4 at path ./rollouts/2026_04_07/primary--2026_04_07-14_35_38--episode=194--success=True--task=pick_up_the_orange_juice_and_place_it_in_the_baske.mp4
Saved rollout MP4 at path ./rollouts/2026_04_07/wrist--2026_04_07-14_35_38--episode=194--success=True--task=pick_up_the_orange_juice_and_place_it_in_the_baske.mp4
04/07 [18:50:34] INFO     | >> Success: True              run_libero_eval.py:230
                 INFO     | >> # episodes completed so    run_libero_eval.py:230
                          far: 194                                              
                 INFO     | >> # successes: 193 (99.5%)   run_libero_eval.py:230

 70%|███████   | 14/20 [15:57<06:57, 69.52s/it][A                 INFO     | >>                            run_libero_eval.py:230
                          Task: pick up the orange juice                        
                          and place it in the basket                            
                 INFO     | >> Starting episode 15...     run_libero_eval.py:230
huggingface/tokenizers: The current process just got forked, after parallelism has already been used. Disabling parallelism to avoid deadlocks...
To disable this warning, you can either:
	- Avoid using `tokenizers` before the fork if possible
	- Explicitly set the environment variable TOKENIZERS_PARALLELISM=(true | false)
huggingface/tokenizers: The current process just got forked, after parallelism has already been used. Disabling parallelism to avoid deadlocks...
To disable this warning, you can either:
	- Avoid using `tokenizers` before the fork if possible
	- Explicitly set the environment variable TOKENIZERS_PARALLELISM=(true | false)
>> VLA-Cache inference mode
Current CUDA latency: 343.211700 ms | Average CUDA latency: 172.053187 ms, Average TFLOPs: 2.955255
>> VLA-Cache inference mode
Current CUDA latency: 242.682663 ms | Average CUDA latency: 172.074034 ms, Average TFLOPs: 2.955264
>> VLA-Cache inference mode
Current CUDA latency: 131.712646 ms | Average CUDA latency: 172.062124 ms, Average TFLOPs: 2.955273
>> VLA-Cache inference mode
Current CUDA latency: 128.307938 ms | Average CUDA latency: 172.049218 ms, Average TFLOPs: 2.955268
>> VLA-Cache inference mode
Current CUDA latency: 111.582909 ms | Average CUDA latency: 172.031386 ms, Average TFLOPs: 2.955265
>> VLA-Cache inference mode
Current CUDA latency: 116.361603 ms | Average CUDA latency: 172.014974 ms, Average TFLOPs: 2.955247
>> VLA-Cache inference mode
Current CUDA latency: 108.524994 ms | Average CUDA latency: 171.996262 ms, Average TFLOPs: 2.955219
>> VLA-Cache inference mode
Current CUDA latency: 102.116989 ms | Average CUDA latency: 171.975673 ms, Average TFLOPs: 2.955186
>> VLA-Cache inference mode
Current CUDA latency: 109.438271 ms | Average CUDA latency: 171.957253 ms, Average TFLOPs: 2.955117
>> VLA-Cache inference mode
Current CUDA latency: 102.426430 ms | Average CUDA latency: 171.936778 ms, Average TFLOPs: 2.955066
>> VLA-Cache inference mode
Current CUDA latency: 101.695869 ms | Average CUDA latency: 171.916101 ms, Average TFLOPs: 2.955027
>> VLA-Cache inference mode
Current CUDA latency: 102.581825 ms | Average CUDA latency: 171.895696 ms, Average TFLOPs: 2.954997
>> VLA-Cache inference mode
Current CUDA latency: 130.279877 ms | Average CUDA latency: 171.883453 ms, Average TFLOPs: 2.954971
>> VLA-Cache inference mode
Current CUDA latency: 199.055649 ms | Average CUDA latency: 171.891445 ms, Average TFLOPs: 2.954948
>> VLA-Cache inference mode
Current CUDA latency: 168.880539 ms | Average CUDA latency: 171.890559 ms, Average TFLOPs: 2.954933
Average time per step: 572.8571 ms, Control Frequency: 13.97 Hz, Token Reusing Ratio (Primary): 33.22 %, , Token Reusing Ratio (Wrist): 35.43 %
Saved rollout MP4 at path ./rollouts/2026_04_07/primary--2026_04_07-14_35_38--episode=195--success=True--task=pick_up_the_orange_juice_and_place_it_in_the_baske.mp4
Saved rollout MP4 at path ./rollouts/2026_04_07/wrist--2026_04_07-14_35_38--episode=195--success=True--task=pick_up_the_orange_juice_and_place_it_in_the_baske.mp4
04/07 [18:51:41] INFO     | >> Success: True              run_libero_eval.py:230
                 INFO     | >> # episodes completed so    run_libero_eval.py:230
                          far: 195                                              
                 INFO     | >> # successes: 194 (99.5%)   run_libero_eval.py:230

 75%|███████▌  | 15/20 [17:04<05:43, 68.76s/it][A                 INFO     | >>                            run_libero_eval.py:230
                          Task: pick up the orange juice                        
                          and place it in the basket                            
                 INFO     | >> Starting episode 16...     run_libero_eval.py:230
huggingface/tokenizers: The current process just got forked, after parallelism has already been used. Disabling parallelism to avoid deadlocks...
To disable this warning, you can either:
	- Avoid using `tokenizers` before the fork if possible
	- Explicitly set the environment variable TOKENIZERS_PARALLELISM=(true | false)
huggingface/tokenizers: The current process just got forked, after parallelism has already been used. Disabling parallelism to avoid deadlocks...
To disable this warning, you can either:
	- Avoid using `tokenizers` before the fork if possible
	- Explicitly set the environment variable TOKENIZERS_PARALLELISM=(true | false)
>> VLA-Cache inference mode
Current CUDA latency: 335.089844 ms | Average CUDA latency: 171.938531 ms, Average TFLOPs: 2.955156
>> VLA-Cache inference mode
Current CUDA latency: 262.322144 ms | Average CUDA latency: 171.965091 ms, Average TFLOPs: 2.955161
>> VLA-Cache inference mode
Current CUDA latency: 126.664352 ms | Average CUDA latency: 171.951783 ms, Average TFLOPs: 2.955167
>> VLA-Cache inference mode
Current CUDA latency: 115.931137 ms | Average CUDA latency: 171.935330 ms, Average TFLOPs: 2.955174
>> VLA-Cache inference mode
Current CUDA latency: 119.360001 ms | Average CUDA latency: 171.919894 ms, Average TFLOPs: 2.955168
>> VLA-Cache inference mode
Current CUDA latency: 108.515358 ms | Average CUDA latency: 171.901284 ms, Average TFLOPs: 2.955158
>> VLA-Cache inference mode
Current CUDA latency: 120.315170 ms | Average CUDA latency: 171.886147 ms, Average TFLOPs: 2.955121
>> VLA-Cache inference mode
Current CUDA latency: 126.392738 ms | Average CUDA latency: 171.872802 ms, Average TFLOPs: 2.955058
>> VLA-Cache inference mode
Current CUDA latency: 115.545570 ms | Average CUDA latency: 171.856284 ms, Average TFLOPs: 2.955006
>> VLA-Cache inference mode
Current CUDA latency: 175.170532 ms | Average CUDA latency: 171.857256 ms, Average TFLOPs: 2.954961
>> VLA-Cache inference mode
Current CUDA latency: 199.872192 ms | Average CUDA latency: 171.865466 ms, Average TFLOPs: 2.954931
>> VLA-Cache inference mode
Current CUDA latency: 134.170044 ms | Average CUDA latency: 171.854422 ms, Average TFLOPs: 2.954911
>> VLA-Cache inference mode
Current CUDA latency: 103.393890 ms | Average CUDA latency: 171.834369 ms, Average TFLOPs: 2.954887
>> VLA-Cache inference mode
Current CUDA latency: 130.171783 ms | Average CUDA latency: 171.822169 ms, Average TFLOPs: 2.954875
>> VLA-Cache inference mode
Current CUDA latency: 475.537292 ms | Average CUDA latency: 171.911079 ms, Average TFLOPs: 2.954856
>> VLA-Cache inference mode
Current CUDA latency: 190.161087 ms | Average CUDA latency: 171.916420 ms, Average TFLOPs: 2.954831
Average time per step: 572.2039 ms, Control Frequency: 13.98 Hz, Token Reusing Ratio (Primary): 33.23 %, , Token Reusing Ratio (Wrist): 35.51 %
Saved rollout MP4 at path ./rollouts/2026_04_07/primary--2026_04_07-14_35_38--episode=196--success=True--task=pick_up_the_orange_juice_and_place_it_in_the_baske.mp4
Saved rollout MP4 at path ./rollouts/2026_04_07/wrist--2026_04_07-14_35_38--episode=196--success=True--task=pick_up_the_orange_juice_and_place_it_in_the_baske.mp4
04/07 [18:52:48] INFO     | >> Success: True              run_libero_eval.py:230
                 INFO     | >> # episodes completed so    run_libero_eval.py:230
                          far: 196                                              
                 INFO     | >> # successes: 195 (99.5%)   run_libero_eval.py:230

 80%|████████  | 16/20 [18:11<04:33, 68.30s/it][A                 INFO     | >>                            run_libero_eval.py:230
                          Task: pick up the orange juice                        
                          and place it in the basket                            
                 INFO     | >> Starting episode 17...     run_libero_eval.py:230
huggingface/tokenizers: The current process just got forked, after parallelism has already been used. Disabling parallelism to avoid deadlocks...
To disable this warning, you can either:
	- Avoid using `tokenizers` before the fork if possible
	- Explicitly set the environment variable TOKENIZERS_PARALLELISM=(true | false)
huggingface/tokenizers: The current process just got forked, after parallelism has already been used. Disabling parallelism to avoid deadlocks...
To disable this warning, you can either:
	- Avoid using `tokenizers` before the fork if possible
	- Explicitly set the environment variable TOKENIZERS_PARALLELISM=(true | false)
>> VLA-Cache inference mode
Current CUDA latency: 334.970825 ms | Average CUDA latency: 171.964124 ms, Average TFLOPs: 2.955053
>> VLA-Cache inference mode
Current CUDA latency: 353.427460 ms | Average CUDA latency: 172.017199 ms, Average TFLOPs: 2.955061
>> VLA-Cache inference mode
Current CUDA latency: 179.445251 ms | Average CUDA latency: 172.019371 ms, Average TFLOPs: 2.955066
>> VLA-Cache inference mode
Current CUDA latency: 167.380386 ms | Average CUDA latency: 172.018015 ms, Average TFLOPs: 2.955071
>> VLA-Cache inference mode
Current CUDA latency: 142.600357 ms | Average CUDA latency: 172.009418 ms, Average TFLOPs: 2.955068
>> VLA-Cache inference mode
Current CUDA latency: 133.870621 ms | Average CUDA latency: 171.998277 ms, Average TFLOPs: 2.955049
>> VLA-Cache inference mode
Current CUDA latency: 138.591965 ms | Average CUDA latency: 171.988520 ms, Average TFLOPs: 2.955007
>> VLA-Cache inference mode
Current CUDA latency: 109.852226 ms | Average CUDA latency: 171.970378 ms, Average TFLOPs: 2.954962
>> VLA-Cache inference mode
Current CUDA latency: 106.790878 ms | Average CUDA latency: 171.951353 ms, Average TFLOPs: 2.954902
>> VLA-Cache inference mode
Current CUDA latency: 102.217789 ms | Average CUDA latency: 171.931005 ms, Average TFLOPs: 2.954864
>> VLA-Cache inference mode
Current CUDA latency: 104.491425 ms | Average CUDA latency: 171.911332 ms, Average TFLOPs: 2.954838
>> VLA-Cache inference mode
Current CUDA latency: 108.101952 ms | Average CUDA latency: 171.892723 ms, Average TFLOPs: 2.954819
>> VLA-Cache inference mode
Current CUDA latency: 121.649246 ms | Average CUDA latency: 171.878075 ms, Average TFLOPs: 2.954801
>> VLA-Cache inference mode
Current CUDA latency: 135.316895 ms | Average CUDA latency: 171.867419 ms, Average TFLOPs: 2.954784
>> VLA-Cache inference mode
Current CUDA latency: 155.328445 ms | Average CUDA latency: 171.862600 ms, Average TFLOPs: 2.954780
Average time per step: 571.2739 ms, Control Frequency: 14.00 Hz, Token Reusing Ratio (Primary): 33.28 %, , Token Reusing Ratio (Wrist): 35.50 %
Saved rollout MP4 at path ./rollouts/2026_04_07/primary--2026_04_07-14_35_38--episode=197--success=True--task=pick_up_the_orange_juice_and_place_it_in_the_baske.mp4
Saved rollout MP4 at path ./rollouts/2026_04_07/wrist--2026_04_07-14_35_38--episode=197--success=True--task=pick_up_the_orange_juice_and_place_it_in_the_baske.mp4
04/07 [18:53:53] INFO     | >> Success: True              run_libero_eval.py:230
                 INFO     | >> # episodes completed so    run_libero_eval.py:230
                          far: 197                                              
                 INFO     | >> # successes: 196 (99.5%)   run_libero_eval.py:230

 85%|████████▌ | 17/20 [19:16<03:22, 67.37s/it][A                 INFO     | >>                            run_libero_eval.py:230
                          Task: pick up the orange juice                        
                          and place it in the basket                            
                 INFO     | >> Starting episode 18...     run_libero_eval.py:230
huggingface/tokenizers: The current process just got forked, after parallelism has already been used. Disabling parallelism to avoid deadlocks...
To disable this warning, you can either:
	- Avoid using `tokenizers` before the fork if possible
	- Explicitly set the environment variable TOKENIZERS_PARALLELISM=(true | false)
huggingface/tokenizers: The current process just got forked, after parallelism has already been used. Disabling parallelism to avoid deadlocks...
To disable this warning, you can either:
	- Avoid using `tokenizers` before the fork if possible
	- Explicitly set the environment variable TOKENIZERS_PARALLELISM=(true | false)
>> VLA-Cache inference mode
Current CUDA latency: 390.721375 ms | Average CUDA latency: 171.926351 ms, Average TFLOPs: 2.955001
>> VLA-Cache inference mode
Current CUDA latency: 286.990112 ms | Average CUDA latency: 171.959858 ms, Average TFLOPs: 2.955010
>> VLA-Cache inference mode
Current CUDA latency: 123.423363 ms | Average CUDA latency: 171.945728 ms, Average TFLOPs: 2.955013
>> VLA-Cache inference mode
Current CUDA latency: 121.483040 ms | Average CUDA latency: 171.931042 ms, Average TFLOPs: 2.955014
>> VLA-Cache inference mode
Current CUDA latency: 112.654465 ms | Average CUDA latency: 171.913795 ms, Average TFLOPs: 2.955005
>> VLA-Cache inference mode
Current CUDA latency: 113.566078 ms | Average CUDA latency: 171.896824 ms, Average TFLOPs: 2.954989
>> VLA-Cache inference mode
Current CUDA latency: 126.559166 ms | Average CUDA latency: 171.883640 ms, Average TFLOPs: 2.954953
>> VLA-Cache inference mode
Current CUDA latency: 101.646240 ms | Average CUDA latency: 171.863222 ms, Average TFLOPs: 2.954893
>> VLA-Cache inference mode
Current CUDA latency: 107.391457 ms | Average CUDA latency: 171.844486 ms, Average TFLOPs: 2.954840
>> VLA-Cache inference mode
Current CUDA latency: 102.869507 ms | Average CUDA latency: 171.824447 ms, Average TFLOPs: 2.954802
>> VLA-Cache inference mode
Current CUDA latency: 108.035522 ms | Average CUDA latency: 171.805920 ms, Average TFLOPs: 2.954768
>> VLA-Cache inference mode
Current CUDA latency: 195.176666 ms | Average CUDA latency: 171.812706 ms, Average TFLOPs: 2.954743
>> VLA-Cache inference mode
Current CUDA latency: 174.659164 ms | Average CUDA latency: 171.813532 ms, Average TFLOPs: 2.954716
>> VLA-Cache inference mode
Current CUDA latency: 140.709671 ms | Average CUDA latency: 171.804506 ms, Average TFLOPs: 2.954711
>> VLA-Cache inference mode
Current CUDA latency: 135.219238 ms | Average CUDA latency: 171.793892 ms, Average TFLOPs: 2.954712
Average time per step: 568.3261 ms, Control Frequency: 14.08 Hz, Token Reusing Ratio (Primary): 33.27 %, , Token Reusing Ratio (Wrist): 35.54 %
Saved rollout MP4 at path ./rollouts/2026_04_07/primary--2026_04_07-14_35_38--episode=198--success=True--task=pick_up_the_orange_juice_and_place_it_in_the_baske.mp4
Saved rollout MP4 at path ./rollouts/2026_04_07/wrist--2026_04_07-14_35_38--episode=198--success=True--task=pick_up_the_orange_juice_and_place_it_in_the_baske.mp4
04/07 [18:54:57] INFO     | >> Success: True              run_libero_eval.py:230
                 INFO     | >> # episodes completed so    run_libero_eval.py:230
                          far: 198                                              
                 INFO     | >> # successes: 197 (99.5%)   run_libero_eval.py:230

 90%|█████████ | 18/20 [20:21<02:12, 66.37s/it][A                 INFO     | >>                            run_libero_eval.py:230
                          Task: pick up the orange juice                        
                          and place it in the basket                            
                 INFO     | >> Starting episode 19...     run_libero_eval.py:230
huggingface/tokenizers: The current process just got forked, after parallelism has already been used. Disabling parallelism to avoid deadlocks...
To disable this warning, you can either:
	- Avoid using `tokenizers` before the fork if possible
	- Explicitly set the environment variable TOKENIZERS_PARALLELISM=(true | false)
huggingface/tokenizers: The current process just got forked, after parallelism has already been used. Disabling parallelism to avoid deadlocks...
To disable this warning, you can either:
	- Avoid using `tokenizers` before the fork if possible
	- Explicitly set the environment variable TOKENIZERS_PARALLELISM=(true | false)
>> VLA-Cache inference mode
Current CUDA latency: 315.013062 ms | Average CUDA latency: 171.835429 ms, Average TFLOPs: 2.954932
>> VLA-Cache inference mode
Current CUDA latency: 329.557556 ms | Average CUDA latency: 171.881159 ms, Average TFLOPs: 2.954941
>> VLA-Cache inference mode
Current CUDA latency: 125.057312 ms | Average CUDA latency: 171.867587 ms, Average TFLOPs: 2.954946
>> VLA-Cache inference mode
Current CUDA latency: 177.666107 ms | Average CUDA latency: 171.869267 ms, Average TFLOPs: 2.954954
>> VLA-Cache inference mode
Current CUDA latency: 168.976349 ms | Average CUDA latency: 171.868429 ms, Average TFLOPs: 2.954957
>> VLA-Cache inference mode
Current CUDA latency: 255.561218 ms | Average CUDA latency: 171.892667 ms, Average TFLOPs: 2.954950
>> VLA-Cache inference mode
Current CUDA latency: 132.237701 ms | Average CUDA latency: 171.881186 ms, Average TFLOPs: 2.954926
>> VLA-Cache inference mode
Current CUDA latency: 151.000061 ms | Average CUDA latency: 171.875142 ms, Average TFLOPs: 2.954883
>> VLA-Cache inference mode
Current CUDA latency: 120.441437 ms | Average CUDA latency: 171.860260 ms, Average TFLOPs: 2.954821
>> VLA-Cache inference mode
Current CUDA latency: 102.069534 ms | Average CUDA latency: 171.840071 ms, Average TFLOPs: 2.954775
>> VLA-Cache inference mode
Current CUDA latency: 111.791901 ms | Average CUDA latency: 171.822706 ms, Average TFLOPs: 2.954741
>> VLA-Cache inference mode
Current CUDA latency: 527.424316 ms | Average CUDA latency: 171.925511 ms, Average TFLOPs: 2.954717
>> VLA-Cache inference mode
Current CUDA latency: 318.065857 ms | Average CUDA latency: 171.967748 ms, Average TFLOPs: 2.954696
>> VLA-Cache inference mode
Current CUDA latency: 132.871841 ms | Average CUDA latency: 171.956452 ms, Average TFLOPs: 2.954668
>> VLA-Cache inference mode
Current CUDA latency: 130.436295 ms | Average CUDA latency: 171.944459 ms, Average TFLOPs: 2.954651
>> VLA-Cache inference mode
Current CUDA latency: 155.277573 ms | Average CUDA latency: 171.939646 ms, Average TFLOPs: 2.954633
Average time per step: 569.3228 ms, Control Frequency: 14.05 Hz, Token Reusing Ratio (Primary): 33.26 %, , Token Reusing Ratio (Wrist): 35.61 %
Saved rollout MP4 at path ./rollouts/2026_04_07/primary--2026_04_07-14_35_38--episode=199--success=True--task=pick_up_the_orange_juice_and_place_it_in_the_baske.mp4
Saved rollout MP4 at path ./rollouts/2026_04_07/wrist--2026_04_07-14_35_38--episode=199--success=True--task=pick_up_the_orange_juice_and_place_it_in_the_baske.mp4
04/07 [18:56:06] INFO     | >> Success: True              run_libero_eval.py:230
                 INFO     | >> # episodes completed so    run_libero_eval.py:230
                          far: 199                                              
                 INFO     | >> # successes: 198 (99.5%)   run_libero_eval.py:230

 95%|█████████▌| 19/20 [21:29<01:07, 67.10s/it][A                 INFO     | >>                            run_libero_eval.py:230
                          Task: pick up the orange juice                        
                          and place it in the basket                            
                 INFO     | >> Starting episode 20...     run_libero_eval.py:230
huggingface/tokenizers: The current process just got forked, after parallelism has already been used. Disabling parallelism to avoid deadlocks...
To disable this warning, you can either:
	- Avoid using `tokenizers` before the fork if possible
	- Explicitly set the environment variable TOKENIZERS_PARALLELISM=(true | false)
huggingface/tokenizers: The current process just got forked, after parallelism has already been used. Disabling parallelism to avoid deadlocks...
To disable this warning, you can either:
	- Avoid using `tokenizers` before the fork if possible
	- Explicitly set the environment variable TOKENIZERS_PARALLELISM=(true | false)
>> VLA-Cache inference mode
Current CUDA latency: 320.839325 ms | Average CUDA latency: 171.982631 ms, Average TFLOPs: 2.954852
>> VLA-Cache inference mode
Current CUDA latency: 253.614243 ms | Average CUDA latency: 172.006190 ms, Average TFLOPs: 2.954862
>> VLA-Cache inference mode
Current CUDA latency: 122.417152 ms | Average CUDA latency: 171.991883 ms, Average TFLOPs: 2.954873
>> VLA-Cache inference mode
Current CUDA latency: 123.593315 ms | Average CUDA latency: 171.977923 ms, Average TFLOPs: 2.954876
>> VLA-Cache inference mode
Current CUDA latency: 243.998657 ms | Average CUDA latency: 171.998690 ms, Average TFLOPs: 2.954879
>> VLA-Cache inference mode
Current CUDA latency: 159.716736 ms | Average CUDA latency: 171.995150 ms, Average TFLOPs: 2.954869
>> VLA-Cache inference mode
Current CUDA latency: 121.090652 ms | Average CUDA latency: 171.980480 ms, Average TFLOPs: 2.954847
>> VLA-Cache inference mode
Current CUDA latency: 105.542786 ms | Average CUDA latency: 171.961339 ms, Average TFLOPs: 2.954814
>> VLA-Cache inference mode
Current CUDA latency: 106.627678 ms | Average CUDA latency: 171.942522 ms, Average TFLOPs: 2.954758
>> VLA-Cache inference mode
Current CUDA latency: 100.884445 ms | Average CUDA latency: 171.922062 ms, Average TFLOPs: 2.954705
>> VLA-Cache inference mode
Current CUDA latency: 115.246979 ms | Average CUDA latency: 171.905747 ms, Average TFLOPs: 2.954667
>> VLA-Cache inference mode
Current CUDA latency: 102.651649 ms | Average CUDA latency: 171.885818 ms, Average TFLOPs: 2.954628
>> VLA-Cache inference mode
Current CUDA latency: 361.417725 ms | Average CUDA latency: 171.940344 ms, Average TFLOPs: 2.954606
>> VLA-Cache inference mode
Current CUDA latency: 206.093796 ms | Average CUDA latency: 171.950167 ms, Average TFLOPs: 2.954590
>> VLA-Cache inference mode
Current CUDA latency: 152.771362 ms | Average CUDA latency: 171.944652 ms, Average TFLOPs: 2.954581
>> VLA-Cache inference mode
Current CUDA latency: 126.583618 ms | Average CUDA latency: 171.931614 ms, Average TFLOPs: 2.954563
Average time per step: 567.6360 ms, Control Frequency: 14.09 Hz, Token Reusing Ratio (Primary): 33.28 %, , Token Reusing Ratio (Wrist): 35.64 %
Saved rollout MP4 at path ./rollouts/2026_04_07/primary--2026_04_07-14_35_38--episode=200--success=True--task=pick_up_the_orange_juice_and_place_it_in_the_baske.mp4
Saved rollout MP4 at path ./rollouts/2026_04_07/wrist--2026_04_07-14_35_38--episode=200--success=True--task=pick_up_the_orange_juice_and_place_it_in_the_baske.mp4
04/07 [18:57:17] INFO     | >> Success: True              run_libero_eval.py:230
                 INFO     | >> # episodes completed so    run_libero_eval.py:230
                          far: 200                                              
                 INFO     | >> # successes: 199 (99.5%)   run_libero_eval.py:230

100%|██████████| 20/20 [22:41<00:00, 68.40s/it][A100%|██████████| 20/20 [22:41<00:00, 68.06s/it]
                 INFO     | >> Current task success rate: run_libero_eval.py:230
                          1.0                                                   
                 INFO     | >> Current total success      run_libero_eval.py:230
                          rate: 0.995                                           
100%|██████████| 10/10 [4:20:55<00:00, 1510.74s/it]100%|██████████| 10/10 [4:20:55<00:00, 1565.57s/it]
                 INFO     | >> Final results:             run_libero_eval.py:230
                 INFO     | >> Total episodes: 200        run_libero_eval.py:230
                 INFO     | >> Total successes: 199       run_libero_eval.py:230
                 INFO     | >> Overall success rate:      run_libero_eval.py:230
                          0.9950 (99.5%)                                        
                 INFO     | >> Results saved to           run_libero_eval.py:230
                          ./experiments/results/phase12_l                       
                          ibero_object_cache.json                               
Exception ignored in: <function MjRenderContext.__del__ at 0x7f87382de710>
Traceback (most recent call last):
  File "/root/sj-tmp/conda-envs/openvla-oft/lib/python3.10/site-packages/robosuite/utils/binding_utils.py", line 199, in __del__
    self.gl_ctx.free()
  File "/root/sj-tmp/conda-envs/openvla-oft/lib/python3.10/site-packages/robosuite/renderers/context/egl_context.py", line 150, in free
    EGL.eglDestroyContext(EGL_DISPLAY, self._context)
  File "/root/sj-tmp/conda-envs/openvla-oft/lib/python3.10/site-packages/OpenGL/error.py", line 230, in glCheckError
    raise self._errorClass(
OpenGL.raw.EGL._errors.EGLError: EGLError(
	err = EGL_NOT_INITIALIZED,
	baseOperation = eglDestroyContext,
	cArguments = (
		<OpenGL._opaque.EGLDisplay_pointer object at 0x7f871018a7c0>,
		<OpenGL._opaque.EGLContext_pointer object at 0x7f86e4186ec0>,
	),
	result = 0
)
Exception ignored in: <function EGLGLContext.__del__ at 0x7f87382de560>
Traceback (most recent call last):
  File "/root/sj-tmp/conda-envs/openvla-oft/lib/python3.10/site-packages/robosuite/renderers/context/egl_context.py", line 155, in __del__
    self.free()
  File "/root/sj-tmp/conda-envs/openvla-oft/lib/python3.10/site-packages/robosuite/renderers/context/egl_context.py", line 150, in free
    EGL.eglDestroyContext(EGL_DISPLAY, self._context)
  File "/root/sj-tmp/conda-envs/openvla-oft/lib/python3.10/site-packages/OpenGL/error.py", line 230, in glCheckError
    raise self._errorClass(
OpenGL.raw.EGL._errors.EGLError: EGLError(
	err = EGL_NOT_INITIALIZED,
	baseOperation = eglDestroyContext,
	cArguments = (
		<OpenGL._opaque.EGLDisplay_pointer object at 0x7f871018a7c0>,
		<OpenGL._opaque.EGLContext_pointer object at 0x7f86e4186ec0>,
	),
	result = 0
)
