2026-04-07 23:07:09.106149: I tensorflow/core/util/port.cc:113] oneDNN custom operations are on. You may see slightly different numerical results due to floating-point round-off errors from different computation orders. To turn them off, set the environment variable `TF_ENABLE_ONEDNN_OPTS=0`.
2026-04-07 23:07:09.154619: E external/local_xla/xla/stream_executor/cuda/cuda_dnn.cc:9261] Unable to register cuDNN factory: Attempting to register factory for plugin cuDNN when one has already been registered
2026-04-07 23:07:09.154651: E external/local_xla/xla/stream_executor/cuda/cuda_fft.cc:607] Unable to register cuFFT factory: Attempting to register factory for plugin cuFFT when one has already been registered
2026-04-07 23:07:09.156120: E external/local_xla/xla/stream_executor/cuda/cuda_blas.cc:1515] Unable to register cuBLAS factory: Attempting to register factory for plugin cuBLAS when one has already been registered
2026-04-07 23:07:09.163805: I tensorflow/core/platform/cpu_feature_guard.cc:182] This TensorFlow binary is optimized to use available CPU instructions in performance-critical operations.
To enable the following instructions: AVX2 AVX512F AVX512_VNNI FMA, in other operations, rebuild TensorFlow with the appropriate compiler flags.
2026-04-07 23:07:10.123188: W tensorflow/compiler/tf2tensorrt/utils/py_utils.cc:38] TF-TRT Warning: Could not find TensorRT
[robosuite WARNING] No private macro file found! (macros.py:53)
[robosuite WARNING] It is recommended to use a private macro file (macros.py:54)
[robosuite WARNING] To setup, run: python /root/sj-tmp/conda-envs/openvla-oft/lib/python3.10/site-packages/robosuite/scripts/setup_macros.py (macros.py:55)
Gym has been unmaintained since 2022 and does not support NumPy 2.0 amongst other critical functionality.
Please upgrade to Gymnasium, the maintained drop-in replacement of Gym, or contact the authors of your software and request that they upgrade.
See the migration guide at https://gymnasium.farama.org/introduction/migration_guide/ for additional information.
Using LIBERO constants:
  NUM_ACTIONS_CHUNK = 8
  ACTION_DIM = 7
  PROPRIO_DIM = 8
  ACTION_PROPRIO_NORMALIZATION_TYPE = bounds_q99
If needed, manually set the correct constants in `prismatic/vla/constants.py`!
04/07 [23:07:34] INFO     | >> generated new fontManager    font_manager.py:1443
/root/sj-tmp/conda-envs/openvla-oft/lib/python3.10/site-packages/matplotlib/_mathtext.py:30: PyparsingDeprecationWarning: 'enablePackrat' deprecated - use 'enable_packrat'
  ParserElement.enablePackrat()
                 WARNING  | >> In                                    core.py:201
                          /root/sj-tmp/conda-envs/openvla-oft/lib/py            
                          thon3.10/site-packages/matplotlib/mpl-data            
                          /stylelib/classic.mplstyle: 'parseString'             
                          deprecated - use 'parse_string'                       
                 WARNING  | >> In                                    core.py:201
                          /root/sj-tmp/conda-envs/openvla-oft/lib/py            
                          thon3.10/site-packages/matplotlib/mpl-data            
                          /stylelib/classic.mplstyle: 'resetCache'              
                          deprecated - use 'reset_cache'                        
Instantiating pretrained VLA policy...
Created backup of original config at: /root/sj-tmp/workspace/vla-cache/src/openvla-oft/checkpoints/openvla-7b-oft-finetuned-libero-spatial-object-goal-10/config.json.back.20260407_230736
Updated config.json at: /root/sj-tmp/workspace/vla-cache/src/openvla-oft/checkpoints/openvla-7b-oft-finetuned-libero-spatial-object-goal-10/config.json
Changes made:
  - Set AutoConfig to "configuration_prismatic.OpenVLAConfig"
  - Set AutoModelForVision2Seq to "modeling_prismatic.OpenVLAForActionPrediction"
04/07 [23:07:36] WARNING  | >> Expected                modeling_prismatic.py:333
                          `transformers==4.40.1` and                            
                          `tokenizers==0.19.1` but got                          
                          `transformers==4.47.0` and                            
                          `tokenizers==0.21.1`; there                           
                          might be inference-time                               
                          regressions due to                                    
                          dependency changes. If in                             
                          doubt, pleaseuse the above                            
                          versions.                                             
Loading checkpoint shards:   0%|          | 0/4 [00:00<?, ?it/s]Loading checkpoint shards:  25%|██▌       | 1/4 [00:00<00:00,  3.32it/s]Loading checkpoint shards:  50%|█████     | 2/4 [00:00<00:00,  3.86it/s]Loading checkpoint shards:  75%|███████▌  | 3/4 [00:00<00:00,  4.10it/s]Loading checkpoint shards: 100%|██████████| 4/4 [00:00<00:00,  4.21it/s]Loading checkpoint shards: 100%|██████████| 4/4 [00:00<00:00,  4.06it/s]
Loaded model: <class 'transformers_modules.openvla-7b-oft-finetuned-libero-spatial-object-goal-10.modeling_prismatic.OpenVLAForActionPrediction'>
04/07 [23:07:46] INFO     | >> Logging to local log file: run_libero_eval.py:215
                          ./experiments/logs/EVAL-libero_                       
                          10-openvla-2026_04_07-23_07_35-                       
                          -E5i_vlacache_skip34_bf16_20t.t                       
                          xt                                                    
[info] using task orders [0, 1, 2, 3, 4, 5, 6, 7, 8, 9]
                 INFO     | >> Task suite: libero_10      run_libero_eval.py:230
  0%|          | 0/10 [00:00<?, ?it/s][Warning]: datasets path /root/sj-tmp/workspace/LIBERO/libero/libero/../datasets does not exist!
                 INFO     | >> Using default initial      run_libero_eval.py:230
                          states                                                
[Warning]: datasets path /root/sj-tmp/workspace/LIBERO/libero/libero/../datasets does not exist!

  0%|          | 0/20 [00:00<?, ?it/s][A04/07 [23:07:50] INFO     | >>                            run_libero_eval.py:230
                          Task: put both the alphabet                           
                          soup and the tomato sauce in                          
                          the basket                                            
                 INFO     | >> Starting episode 1...      run_libero_eval.py:230
LlamaModel is using LlamaSdpaAttention, but `torch.nn.functional.scaled_dot_product_attention` does not support `output_attentions=True`. Falling back to the manual attention implementation, but specifying the manual implementation will be required from Transformers version v5.0.0 onwards. This warning can be removed using the argument `attn_implementation="eager"` when loading the model.
huggingface/tokenizers: The current process just got forked, after parallelism has already been used. Disabling parallelism to avoid deadlocks...
To disable this warning, you can either:
	- Avoid using `tokenizers` before the fork if possible
	- Explicitly set the environment variable TOKENIZERS_PARALLELISM=(true | false)
huggingface/tokenizers: The current process just got forked, after parallelism has already been used. Disabling parallelism to avoid deadlocks...
To disable this warning, you can either:
	- Avoid using `tokenizers` before the fork if possible
	- Explicitly set the environment variable TOKENIZERS_PARALLELISM=(true | false)
>> VLA-Cache inference mode
Current CUDA latency: 562.433105 ms | Average CUDA latency: 562.433105 ms, Average TFLOPs: 3.724861
>> VLA-Cache inference mode
Current CUDA latency: 441.374634 ms | Average CUDA latency: 501.903870 ms, Average TFLOPs: 3.353491
>> VLA-Cache inference mode
Current CUDA latency: 416.972260 ms | Average CUDA latency: 473.593333 ms, Average TFLOPs: 3.226342
>> VLA-Cache inference mode
Current CUDA latency: 156.724930 ms | Average CUDA latency: 394.376232 ms, Average TFLOPs: 3.154475
>> VLA-Cache inference mode
Current CUDA latency: 677.931885 ms | Average CUDA latency: 451.087363 ms, Average TFLOPs: 3.114629
>> VLA-Cache inference mode
Current CUDA latency: 306.734619 ms | Average CUDA latency: 427.028572 ms, Average TFLOPs: 3.090513
>> VLA-Cache inference mode
Current CUDA latency: 268.315765 ms | Average CUDA latency: 404.355314 ms, Average TFLOPs: 3.069206
>> VLA-Cache inference mode
Current CUDA latency: 262.264587 ms | Average CUDA latency: 386.593973 ms, Average TFLOPs: 3.050863
>> VLA-Cache inference mode
Current CUDA latency: 158.994492 ms | Average CUDA latency: 361.305142 ms, Average TFLOPs: 3.037015
>> VLA-Cache inference mode
Current CUDA latency: 224.809158 ms | Average CUDA latency: 347.655544 ms, Average TFLOPs: 3.019180
>> VLA-Cache inference mode
Current CUDA latency: 177.796997 ms | Average CUDA latency: 332.213857 ms, Average TFLOPs: 3.003447
>> VLA-Cache inference mode
Current CUDA latency: 111.367523 ms | Average CUDA latency: 313.809996 ms, Average TFLOPs: 2.988977
>> VLA-Cache inference mode
Current CUDA latency: 111.531425 ms | Average CUDA latency: 298.250106 ms, Average TFLOPs: 2.978154
>> VLA-Cache inference mode
Current CUDA latency: 157.812103 ms | Average CUDA latency: 288.218820 ms, Average TFLOPs: 2.970824
>> VLA-Cache inference mode
Current CUDA latency: 137.539749 ms | Average CUDA latency: 278.173549 ms, Average TFLOPs: 2.965336
>> VLA-Cache inference mode
Current CUDA latency: 232.590759 ms | Average CUDA latency: 275.324625 ms, Average TFLOPs: 2.961398
>> VLA-Cache inference mode
Current CUDA latency: 205.356186 ms | Average CUDA latency: 271.208834 ms, Average TFLOPs: 2.959998
>> VLA-Cache inference mode
Current CUDA latency: 140.624481 ms | Average CUDA latency: 263.954148 ms, Average TFLOPs: 2.959068
>> VLA-Cache inference mode
Current CUDA latency: 122.710144 ms | Average CUDA latency: 256.520253 ms, Average TFLOPs: 2.956790
>> VLA-Cache inference mode
Current CUDA latency: 110.671165 ms | Average CUDA latency: 249.227798 ms, Average TFLOPs: 2.955894
>> VLA-Cache inference mode
Current CUDA latency: 205.402817 ms | Average CUDA latency: 247.140895 ms, Average TFLOPs: 2.954823
>> VLA-Cache inference mode
Current CUDA latency: 310.815399 ms | Average CUDA latency: 250.035190 ms, Average TFLOPs: 2.952572
>> VLA-Cache inference mode
Current CUDA latency: 144.639297 ms | Average CUDA latency: 245.452760 ms, Average TFLOPs: 2.950279
>> VLA-Cache inference mode
Current CUDA latency: 171.976059 ms | Average CUDA latency: 242.391231 ms, Average TFLOPs: 2.948877
>> VLA-Cache inference mode
Current CUDA latency: 142.639587 ms | Average CUDA latency: 238.401165 ms, Average TFLOPs: 2.947150
>> VLA-Cache inference mode
Current CUDA latency: 183.930817 ms | Average CUDA latency: 236.306152 ms, Average TFLOPs: 2.946218
>> VLA-Cache inference mode
Current CUDA latency: 191.201691 ms | Average CUDA latency: 234.635616 ms, Average TFLOPs: 2.945153
>> VLA-Cache inference mode
Current CUDA latency: 134.833725 ms | Average CUDA latency: 231.071263 ms, Average TFLOPs: 2.944150
>> VLA-Cache inference mode
Current CUDA latency: 144.741913 ms | Average CUDA latency: 228.094389 ms, Average TFLOPs: 2.943200
>> VLA-Cache inference mode
Current CUDA latency: 129.613342 ms | Average CUDA latency: 224.811687 ms, Average TFLOPs: 2.942133
>> VLA-Cache inference mode
Current CUDA latency: 149.831070 ms | Average CUDA latency: 222.392958 ms, Average TFLOPs: 2.939523
>> VLA-Cache inference mode
Current CUDA latency: 249.723618 ms | Average CUDA latency: 223.247041 ms, Average TFLOPs: 2.938637
>> VLA-Cache inference mode
Current CUDA latency: 170.352921 ms | Average CUDA latency: 221.644189 ms, Average TFLOPs: 2.936800
>> VLA-Cache inference mode
Current CUDA latency: 177.140289 ms | Average CUDA latency: 220.335250 ms, Average TFLOPs: 2.936219
>> VLA-Cache inference mode
Current CUDA latency: 111.464828 ms | Average CUDA latency: 217.224667 ms, Average TFLOPs: 2.933766
>> VLA-Cache inference mode
Current CUDA latency: 169.084732 ms | Average CUDA latency: 215.887447 ms, Average TFLOPs: 2.934608
>> VLA-Cache inference mode
Current CUDA latency: 265.171295 ms | Average CUDA latency: 217.219442 ms, Average TFLOPs: 2.936041
>> VLA-Cache inference mode
Current CUDA latency: 169.161850 ms | Average CUDA latency: 215.954769 ms, Average TFLOPs: 2.936956
>> VLA-Cache inference mode
Current CUDA latency: 219.518524 ms | Average CUDA latency: 216.046147 ms, Average TFLOPs: 2.937437
>> VLA-Cache inference mode
Current CUDA latency: 129.909958 ms | Average CUDA latency: 213.892743 ms, Average TFLOPs: 2.937075
>> VLA-Cache inference mode
Current CUDA latency: 111.302238 ms | Average CUDA latency: 211.390535 ms, Average TFLOPs: 2.937212
>> VLA-Cache inference mode
Current CUDA latency: 117.387619 ms | Average CUDA latency: 209.152370 ms, Average TFLOPs: 2.936452
>> VLA-Cache inference mode
Current CUDA latency: 121.855934 ms | Average CUDA latency: 207.122221 ms, Average TFLOPs: 2.934751
>> VLA-Cache inference mode
Current CUDA latency: 110.245697 ms | Average CUDA latency: 204.920482 ms, Average TFLOPs: 2.934081
>> VLA-Cache inference mode
Current CUDA latency: 267.691620 ms | Average CUDA latency: 206.315396 ms, Average TFLOPs: 2.932752
>> VLA-Cache inference mode
Current CUDA latency: 186.108292 ms | Average CUDA latency: 205.876111 ms, Average TFLOPs: 2.932356
>> VLA-Cache inference mode
Current CUDA latency: 319.298767 ms | Average CUDA latency: 208.289359 ms, Average TFLOPs: 2.932165
>> VLA-Cache inference mode
Current CUDA latency: 250.787109 ms | Average CUDA latency: 209.174729 ms, Average TFLOPs: 2.931351
>> VLA-Cache inference mode
Current CUDA latency: 201.456741 ms | Average CUDA latency: 209.017219 ms, Average TFLOPs: 2.930014
Average time per step: 617.0247 ms, Control Frequency: 12.97 Hz, Token Reusing Ratio (Primary): 35.13 %, , Token Reusing Ratio (Wrist): 37.56 %
Saved rollout MP4 at path ./rollouts/2026_04_07/primary--2026_04_07-23_07_35--episode=1--success=True--task=put_both_the_alphabet_soup_and_the_tomato_sauce_in.mp4
Saved rollout MP4 at path ./rollouts/2026_04_07/wrist--2026_04_07-23_07_35--episode=1--success=True--task=put_both_the_alphabet_soup_and_the_tomato_sauce_in.mp4
04/07 [23:11:32] INFO     | >> Success: True              run_libero_eval.py:230
                 INFO     | >> # episodes completed so    run_libero_eval.py:230
                          far: 1                                                
                 INFO     | >> # successes: 1 (100.0%)    run_libero_eval.py:230

  5%|▌         | 1/20 [03:42<1:10:28, 222.55s/it][A                 INFO     | >>                            run_libero_eval.py:230
                          Task: put both the alphabet                           
                          soup and the tomato sauce in                          
                          the basket                                            
                 INFO     | >> Starting episode 2...      run_libero_eval.py:230
huggingface/tokenizers: The current process just got forked, after parallelism has already been used. Disabling parallelism to avoid deadlocks...
To disable this warning, you can either:
	- Avoid using `tokenizers` before the fork if possible
	- Explicitly set the environment variable TOKENIZERS_PARALLELISM=(true | false)
huggingface/tokenizers: The current process just got forked, after parallelism has already been used. Disabling parallelism to avoid deadlocks...
To disable this warning, you can either:
	- Avoid using `tokenizers` before the fork if possible
	- Explicitly set the environment variable TOKENIZERS_PARALLELISM=(true | false)
>> VLA-Cache inference mode
Current CUDA latency: 316.028198 ms | Average CUDA latency: 211.157438 ms, Average TFLOPs: 2.945911
>> VLA-Cache inference mode
Current CUDA latency: 311.858002 ms | Average CUDA latency: 213.131959 ms, Average TFLOPs: 2.946621
>> VLA-Cache inference mode
Current CUDA latency: 176.899582 ms | Average CUDA latency: 212.435183 ms, Average TFLOPs: 2.947191
>> VLA-Cache inference mode
Current CUDA latency: 228.603226 ms | Average CUDA latency: 212.740240 ms, Average TFLOPs: 2.947002
>> VLA-Cache inference mode
Current CUDA latency: 133.806778 ms | Average CUDA latency: 211.278509 ms, Average TFLOPs: 2.947559
>> VLA-Cache inference mode
Current CUDA latency: 182.921082 ms | Average CUDA latency: 210.762920 ms, Average TFLOPs: 2.947767
>> VLA-Cache inference mode
Current CUDA latency: 117.076836 ms | Average CUDA latency: 209.089954 ms, Average TFLOPs: 2.947540
>> VLA-Cache inference mode
Current CUDA latency: 109.446465 ms | Average CUDA latency: 207.341823 ms, Average TFLOPs: 2.947108
>> VLA-Cache inference mode
Current CUDA latency: 166.404602 ms | Average CUDA latency: 206.636008 ms, Average TFLOPs: 2.945959
>> VLA-Cache inference mode
Current CUDA latency: 221.724869 ms | Average CUDA latency: 206.891752 ms, Average TFLOPs: 2.945027
>> VLA-Cache inference mode
Current CUDA latency: 274.482605 ms | Average CUDA latency: 208.018266 ms, Average TFLOPs: 2.944336
>> VLA-Cache inference mode
Current CUDA latency: 158.360413 ms | Average CUDA latency: 207.204203 ms, Average TFLOPs: 2.943909
>> VLA-Cache inference mode
Current CUDA latency: 119.341698 ms | Average CUDA latency: 205.787066 ms, Average TFLOPs: 2.943157
>> VLA-Cache inference mode
Current CUDA latency: 265.104492 ms | Average CUDA latency: 206.728612 ms, Average TFLOPs: 2.942609
>> VLA-Cache inference mode
Current CUDA latency: 305.504059 ms | Average CUDA latency: 208.271978 ms, Average TFLOPs: 2.941635
>> VLA-Cache inference mode
Current CUDA latency: 154.173080 ms | Average CUDA latency: 207.439688 ms, Average TFLOPs: 2.940585
>> VLA-Cache inference mode
Current CUDA latency: 183.719681 ms | Average CUDA latency: 207.080294 ms, Average TFLOPs: 2.940234
>> VLA-Cache inference mode
Current CUDA latency: 194.655014 ms | Average CUDA latency: 206.894842 ms, Average TFLOPs: 2.939787
>> VLA-Cache inference mode
Current CUDA latency: 128.724869 ms | Average CUDA latency: 205.745283 ms, Average TFLOPs: 2.939705
>> VLA-Cache inference mode
Current CUDA latency: 112.923965 ms | Average CUDA latency: 204.400047 ms, Average TFLOPs: 2.938896
>> VLA-Cache inference mode
Current CUDA latency: 323.469421 ms | Average CUDA latency: 206.101038 ms, Average TFLOPs: 2.939015
>> VLA-Cache inference mode
Current CUDA latency: 372.786591 ms | Average CUDA latency: 208.448722 ms, Average TFLOPs: 2.939705
>> VLA-Cache inference mode
Current CUDA latency: 125.368034 ms | Average CUDA latency: 207.294823 ms, Average TFLOPs: 2.939781
>> VLA-Cache inference mode
Current CUDA latency: 144.003098 ms | Average CUDA latency: 206.427813 ms, Average TFLOPs: 2.939780
>> VLA-Cache inference mode
Current CUDA latency: 110.225853 ms | Average CUDA latency: 205.127787 ms, Average TFLOPs: 2.939717
>> VLA-Cache inference mode
Current CUDA latency: 154.815201 ms | Average CUDA latency: 204.456952 ms, Average TFLOPs: 2.939365
>> VLA-Cache inference mode
Current CUDA latency: 282.832764 ms | Average CUDA latency: 205.488213 ms, Average TFLOPs: 2.937983
>> VLA-Cache inference mode
Current CUDA latency: 158.078522 ms | Average CUDA latency: 204.872503 ms, Average TFLOPs: 2.936191
>> VLA-Cache inference mode
Current CUDA latency: 108.288834 ms | Average CUDA latency: 203.634251 ms, Average TFLOPs: 2.934832
>> VLA-Cache inference mode
Current CUDA latency: 207.551682 ms | Average CUDA latency: 203.683838 ms, Average TFLOPs: 2.933550
>> VLA-Cache inference mode
Current CUDA latency: 199.764130 ms | Average CUDA latency: 203.634842 ms, Average TFLOPs: 2.932515
>> VLA-Cache inference mode
Current CUDA latency: 210.170975 ms | Average CUDA latency: 203.715535 ms, Average TFLOPs: 2.931775
>> VLA-Cache inference mode
Current CUDA latency: 222.224442 ms | Average CUDA latency: 203.941253 ms, Average TFLOPs: 2.931380
Average time per step: 610.1343 ms, Control Frequency: 13.11 Hz, Token Reusing Ratio (Primary): 35.24 %, , Token Reusing Ratio (Wrist): 37.14 %
Saved rollout MP4 at path ./rollouts/2026_04_07/primary--2026_04_07-23_07_35--episode=2--success=True--task=put_both_the_alphabet_soup_and_the_tomato_sauce_in.mp4
Saved rollout MP4 at path ./rollouts/2026_04_07/wrist--2026_04_07-23_07_35--episode=2--success=True--task=put_both_the_alphabet_soup_and_the_tomato_sauce_in.mp4
04/07 [23:14:07] INFO     | >> Success: True              run_libero_eval.py:230
                 INFO     | >> # episodes completed so    run_libero_eval.py:230
                          far: 2                                                
                 INFO     | >> # successes: 2 (100.0%)    run_libero_eval.py:230

 10%|█         | 2/20 [06:17<54:50, 182.79s/it]  [A                 INFO     | >>                            run_libero_eval.py:230
                          Task: put both the alphabet                           
                          soup and the tomato sauce in                          
                          the basket                                            
                 INFO     | >> Starting episode 3...      run_libero_eval.py:230
huggingface/tokenizers: The current process just got forked, after parallelism has already been used. Disabling parallelism to avoid deadlocks...
To disable this warning, you can either:
	- Avoid using `tokenizers` before the fork if possible
	- Explicitly set the environment variable TOKENIZERS_PARALLELISM=(true | false)
huggingface/tokenizers: The current process just got forked, after parallelism has already been used. Disabling parallelism to avoid deadlocks...
To disable this warning, you can either:
	- Avoid using `tokenizers` before the fork if possible
	- Explicitly set the environment variable TOKENIZERS_PARALLELISM=(true | false)
>> VLA-Cache inference mode
Current CUDA latency: 335.739105 ms | Average CUDA latency: 205.529179 ms, Average TFLOPs: 2.940940
>> VLA-Cache inference mode
Current CUDA latency: 293.006897 ms | Average CUDA latency: 206.570581 ms, Average TFLOPs: 2.941821
>> VLA-Cache inference mode
Current CUDA latency: 131.930344 ms | Average CUDA latency: 205.692460 ms, Average TFLOPs: 2.942339
>> VLA-Cache inference mode
Current CUDA latency: 213.450241 ms | Average CUDA latency: 205.782667 ms, Average TFLOPs: 2.942983
>> VLA-Cache inference mode
Current CUDA latency: 199.444870 ms | Average CUDA latency: 205.709819 ms, Average TFLOPs: 2.943032
>> VLA-Cache inference mode
Current CUDA latency: 148.686340 ms | Average CUDA latency: 205.061825 ms, Average TFLOPs: 2.942745
>> VLA-Cache inference mode
Current CUDA latency: 111.593697 ms | Average CUDA latency: 204.011621 ms, Average TFLOPs: 2.942593
>> VLA-Cache inference mode
Current CUDA latency: 122.514206 ms | Average CUDA latency: 203.106094 ms, Average TFLOPs: 2.942043
>> VLA-Cache inference mode
Current CUDA latency: 164.526535 ms | Average CUDA latency: 202.682143 ms, Average TFLOPs: 2.941246
>> VLA-Cache inference mode
Current CUDA latency: 114.801857 ms | Average CUDA latency: 201.726922 ms, Average TFLOPs: 2.940472
>> VLA-Cache inference mode
Current CUDA latency: 165.399490 ms | Average CUDA latency: 201.336305 ms, Average TFLOPs: 2.939832
>> VLA-Cache inference mode
Current CUDA latency: 332.253662 ms | Average CUDA latency: 202.729043 ms, Average TFLOPs: 2.939411
>> VLA-Cache inference mode
Current CUDA latency: 159.227676 ms | Average CUDA latency: 202.271134 ms, Average TFLOPs: 2.939361
>> VLA-Cache inference mode
Current CUDA latency: 125.528893 ms | Average CUDA latency: 201.471735 ms, Average TFLOPs: 2.939129
>> VLA-Cache inference mode
Current CUDA latency: 121.093025 ms | Average CUDA latency: 200.643089 ms, Average TFLOPs: 2.938989
>> VLA-Cache inference mode
Current CUDA latency: 263.547394 ms | Average CUDA latency: 201.284969 ms, Average TFLOPs: 2.939155
>> VLA-Cache inference mode
Current CUDA latency: 233.679291 ms | Average CUDA latency: 201.612185 ms, Average TFLOPs: 2.939211
>> VLA-Cache inference mode
Current CUDA latency: 141.669830 ms | Average CUDA latency: 201.012761 ms, Average TFLOPs: 2.939275
>> VLA-Cache inference mode
Current CUDA latency: 116.634560 ms | Average CUDA latency: 200.177334 ms, Average TFLOPs: 2.939678
>> VLA-Cache inference mode
Current CUDA latency: 109.044861 ms | Average CUDA latency: 199.283878 ms, Average TFLOPs: 2.939760
>> VLA-Cache inference mode
Current CUDA latency: 114.177475 ms | Average CUDA latency: 198.457602 ms, Average TFLOPs: 2.940057
>> VLA-Cache inference mode
Current CUDA latency: 113.732674 ms | Average CUDA latency: 197.642939 ms, Average TFLOPs: 2.940260
>> VLA-Cache inference mode
Current CUDA latency: 138.152252 ms | Average CUDA latency: 197.076361 ms, Average TFLOPs: 2.940603
>> VLA-Cache inference mode
Current CUDA latency: 178.287430 ms | Average CUDA latency: 196.899107 ms, Average TFLOPs: 2.940313
>> VLA-Cache inference mode
Current CUDA latency: 197.143494 ms | Average CUDA latency: 196.901391 ms, Average TFLOPs: 2.939883
>> VLA-Cache inference mode
Current CUDA latency: 261.248199 ms | Average CUDA latency: 197.497195 ms, Average TFLOPs: 2.938848
>> VLA-Cache inference mode
Current CUDA latency: 127.951324 ms | Average CUDA latency: 196.859160 ms, Average TFLOPs: 2.937705
>> VLA-Cache inference mode
Current CUDA latency: 111.861404 ms | Average CUDA latency: 196.086453 ms, Average TFLOPs: 2.937166
>> VLA-Cache inference mode
Current CUDA latency: 120.010239 ms | Average CUDA latency: 195.401081 ms, Average TFLOPs: 2.936396
>> VLA-Cache inference mode
Current CUDA latency: 112.381088 ms | Average CUDA latency: 194.659832 ms, Average TFLOPs: 2.935867
>> VLA-Cache inference mode
Current CUDA latency: 132.898621 ms | Average CUDA latency: 194.113272 ms, Average TFLOPs: 2.935477
Average time per step: 599.9914 ms, Control Frequency: 13.33 Hz, Token Reusing Ratio (Primary): 34.91 %, , Token Reusing Ratio (Wrist): 36.99 %
Saved rollout MP4 at path ./rollouts/2026_04_07/primary--2026_04_07-23_07_35--episode=3--success=True--task=put_both_the_alphabet_soup_and_the_tomato_sauce_in.mp4
Saved rollout MP4 at path ./rollouts/2026_04_07/wrist--2026_04_07-23_07_35--episode=3--success=True--task=put_both_the_alphabet_soup_and_the_tomato_sauce_in.mp4
04/07 [23:16:30] INFO     | >> Success: True              run_libero_eval.py:230
                 INFO     | >> # episodes completed so    run_libero_eval.py:230
                          far: 3                                                
                 INFO     | >> # successes: 3 (100.0%)    run_libero_eval.py:230

 15%|█▌        | 3/20 [08:40<46:36, 164.52s/it][A                 INFO     | >>                            run_libero_eval.py:230
                          Task: put both the alphabet                           
                          soup and the tomato sauce in                          
                          the basket                                            
                 INFO     | >> Starting episode 4...      run_libero_eval.py:230
huggingface/tokenizers: The current process just got forked, after parallelism has already been used. Disabling parallelism to avoid deadlocks...
To disable this warning, you can either:
	- Avoid using `tokenizers` before the fork if possible
	- Explicitly set the environment variable TOKENIZERS_PARALLELISM=(true | false)
huggingface/tokenizers: The current process just got forked, after parallelism has already been used. Disabling parallelism to avoid deadlocks...
To disable this warning, you can either:
	- Avoid using `tokenizers` before the fork if possible
	- Explicitly set the environment variable TOKENIZERS_PARALLELISM=(true | false)
>> VLA-Cache inference mode
Current CUDA latency: 356.357483 ms | Average CUDA latency: 195.536467 ms, Average TFLOPs: 2.942402
>> VLA-Cache inference mode
Current CUDA latency: 328.692169 ms | Average CUDA latency: 196.694343 ms, Average TFLOPs: 2.942506
>> VLA-Cache inference mode
Current CUDA latency: 172.203201 ms | Average CUDA latency: 196.483212 ms, Average TFLOPs: 2.942851
>> VLA-Cache inference mode
Current CUDA latency: 249.173920 ms | Average CUDA latency: 196.933560 ms, Average TFLOPs: 2.942706
>> VLA-Cache inference mode
Current CUDA latency: 162.312607 ms | Average CUDA latency: 196.640162 ms, Average TFLOPs: 2.942929
>> VLA-Cache inference mode
Current CUDA latency: 147.790054 ms | Average CUDA latency: 196.229657 ms, Average TFLOPs: 2.943103
>> VLA-Cache inference mode
Current CUDA latency: 123.909950 ms | Average CUDA latency: 195.626993 ms, Average TFLOPs: 2.943082
>> VLA-Cache inference mode
Current CUDA latency: 119.373634 ms | Average CUDA latency: 194.996800 ms, Average TFLOPs: 2.942866
>> VLA-Cache inference mode
Current CUDA latency: 140.488037 ms | Average CUDA latency: 194.550007 ms, Average TFLOPs: 2.942912
>> VLA-Cache inference mode
Current CUDA latency: 133.669342 ms | Average CUDA latency: 194.055042 ms, Average TFLOPs: 2.942449
>> VLA-Cache inference mode
Current CUDA latency: 150.977509 ms | Average CUDA latency: 193.707642 ms, Average TFLOPs: 2.942068
>> VLA-Cache inference mode
Current CUDA latency: 143.386520 ms | Average CUDA latency: 193.305073 ms, Average TFLOPs: 2.941277
>> VLA-Cache inference mode
Current CUDA latency: 110.226944 ms | Average CUDA latency: 192.645723 ms, Average TFLOPs: 2.940828
>> VLA-Cache inference mode
Current CUDA latency: 113.024094 ms | Average CUDA latency: 192.018781 ms, Average TFLOPs: 2.940519
>> VLA-Cache inference mode
Current CUDA latency: 103.912956 ms | Average CUDA latency: 191.330454 ms, Average TFLOPs: 2.939883
>> VLA-Cache inference mode
Current CUDA latency: 110.438751 ms | Average CUDA latency: 190.703387 ms, Average TFLOPs: 2.939572
>> VLA-Cache inference mode
Current CUDA latency: 120.272705 ms | Average CUDA latency: 190.161613 ms, Average TFLOPs: 2.939476
>> VLA-Cache inference mode
Current CUDA latency: 194.568130 ms | Average CUDA latency: 190.195250 ms, Average TFLOPs: 2.939465
>> VLA-Cache inference mode
Current CUDA latency: 119.514626 ms | Average CUDA latency: 189.659791 ms, Average TFLOPs: 2.939247
>> VLA-Cache inference mode
Current CUDA latency: 171.097443 ms | Average CUDA latency: 189.520224 ms, Average TFLOPs: 2.938789
>> VLA-Cache inference mode
Current CUDA latency: 153.314758 ms | Average CUDA latency: 189.250034 ms, Average TFLOPs: 2.938570
>> VLA-Cache inference mode
Current CUDA latency: 127.674973 ms | Average CUDA latency: 188.793923 ms, Average TFLOPs: 2.938887
>> VLA-Cache inference mode
Current CUDA latency: 118.189316 ms | Average CUDA latency: 188.274771 ms, Average TFLOPs: 2.939007
>> VLA-Cache inference mode
Current CUDA latency: 115.580765 ms | Average CUDA latency: 187.744158 ms, Average TFLOPs: 2.939224
>> VLA-Cache inference mode
Current CUDA latency: 114.973663 ms | Average CUDA latency: 187.216836 ms, Average TFLOPs: 2.939310
>> VLA-Cache inference mode
Current CUDA latency: 211.331619 ms | Average CUDA latency: 187.390323 ms, Average TFLOPs: 2.939455
>> VLA-Cache inference mode
Current CUDA latency: 201.122330 ms | Average CUDA latency: 187.488409 ms, Average TFLOPs: 2.938746
>> VLA-Cache inference mode
Current CUDA latency: 266.038879 ms | Average CUDA latency: 188.045504 ms, Average TFLOPs: 2.938042
>> VLA-Cache inference mode
Current CUDA latency: 258.479675 ms | Average CUDA latency: 188.541520 ms, Average TFLOPs: 2.937055
>> VLA-Cache inference mode
Current CUDA latency: 148.116669 ms | Average CUDA latency: 188.258828 ms, Average TFLOPs: 2.936560
>> VLA-Cache inference mode
Current CUDA latency: 218.978882 ms | Average CUDA latency: 188.472162 ms, Average TFLOPs: 2.935883
>> VLA-Cache inference mode
Current CUDA latency: 137.931168 ms | Average CUDA latency: 188.123604 ms, Average TFLOPs: 2.935518
>> VLA-Cache inference mode
Current CUDA latency: 237.648483 ms | Average CUDA latency: 188.462815 ms, Average TFLOPs: 2.935144
Average time per step: 590.3591 ms, Control Frequency: 13.55 Hz, Token Reusing Ratio (Primary): 34.89 %, , Token Reusing Ratio (Wrist): 36.96 %
Saved rollout MP4 at path ./rollouts/2026_04_07/primary--2026_04_07-23_07_35--episode=4--success=True--task=put_both_the_alphabet_soup_and_the_tomato_sauce_in.mp4
Saved rollout MP4 at path ./rollouts/2026_04_07/wrist--2026_04_07-23_07_35--episode=4--success=True--task=put_both_the_alphabet_soup_and_the_tomato_sauce_in.mp4
04/07 [23:18:50] INFO     | >> Success: True              run_libero_eval.py:230
                 INFO     | >> # episodes completed so    run_libero_eval.py:230
                          far: 4                                                
                 INFO     | >> # successes: 4 (100.0%)    run_libero_eval.py:230

 20%|██        | 4/20 [11:00<41:18, 154.88s/it][A                 INFO     | >>                            run_libero_eval.py:230
                          Task: put both the alphabet                           
                          soup and the tomato sauce in                          
                          the basket                                            
                 INFO     | >> Starting episode 5...      run_libero_eval.py:230
huggingface/tokenizers: The current process just got forked, after parallelism has already been used. Disabling parallelism to avoid deadlocks...
To disable this warning, you can either:
	- Avoid using `tokenizers` before the fork if possible
	- Explicitly set the environment variable TOKENIZERS_PARALLELISM=(true | false)
huggingface/tokenizers: The current process just got forked, after parallelism has already been used. Disabling parallelism to avoid deadlocks...
To disable this warning, you can either:
	- Avoid using `tokenizers` before the fork if possible
	- Explicitly set the environment variable TOKENIZERS_PARALLELISM=(true | false)
>> VLA-Cache inference mode
Current CUDA latency: 302.058594 ms | Average CUDA latency: 189.235576 ms, Average TFLOPs: 2.940517
>> VLA-Cache inference mode
Current CUDA latency: 266.319611 ms | Average CUDA latency: 189.756414 ms, Average TFLOPs: 2.940656
>> VLA-Cache inference mode
Current CUDA latency: 226.742691 ms | Average CUDA latency: 190.004644 ms, Average TFLOPs: 2.940213
>> VLA-Cache inference mode
Current CUDA latency: 186.347778 ms | Average CUDA latency: 189.980265 ms, Average TFLOPs: 2.940114
>> VLA-Cache inference mode
Current CUDA latency: 136.645950 ms | Average CUDA latency: 189.627057 ms, Average TFLOPs: 2.939872
>> VLA-Cache inference mode
Current CUDA latency: 122.882851 ms | Average CUDA latency: 189.187951 ms, Average TFLOPs: 2.940043
>> VLA-Cache inference mode
Current CUDA latency: 118.507362 ms | Average CUDA latency: 188.725986 ms, Average TFLOPs: 2.939909
>> VLA-Cache inference mode
Current CUDA latency: 115.667137 ms | Average CUDA latency: 188.251578 ms, Average TFLOPs: 2.939588
>> VLA-Cache inference mode
Current CUDA latency: 108.922813 ms | Average CUDA latency: 187.739779 ms, Average TFLOPs: 2.939413
>> VLA-Cache inference mode
Current CUDA latency: 104.860161 ms | Average CUDA latency: 187.208500 ms, Average TFLOPs: 2.938970
>> VLA-Cache inference mode
Current CUDA latency: 124.044189 ms | Average CUDA latency: 186.806179 ms, Average TFLOPs: 2.938125
>> VLA-Cache inference mode
Current CUDA latency: 101.791740 ms | Average CUDA latency: 186.268113 ms, Average TFLOPs: 2.937447
>> VLA-Cache inference mode
Current CUDA latency: 103.378242 ms | Average CUDA latency: 185.746793 ms, Average TFLOPs: 2.936873
>> VLA-Cache inference mode
Current CUDA latency: 108.227554 ms | Average CUDA latency: 185.262298 ms, Average TFLOPs: 2.936366
>> VLA-Cache inference mode
Current CUDA latency: 140.630020 ms | Average CUDA latency: 184.985079 ms, Average TFLOPs: 2.935980
>> VLA-Cache inference mode
Current CUDA latency: 166.180130 ms | Average CUDA latency: 184.868999 ms, Average TFLOPs: 2.935642
>> VLA-Cache inference mode
Current CUDA latency: 279.753815 ms | Average CUDA latency: 185.451114 ms, Average TFLOPs: 2.935096
>> VLA-Cache inference mode
Current CUDA latency: 252.823364 ms | Average CUDA latency: 185.861921 ms, Average TFLOPs: 2.935026
>> VLA-Cache inference mode
Current CUDA latency: 110.198463 ms | Average CUDA latency: 185.403354 ms, Average TFLOPs: 2.934617
>> VLA-Cache inference mode
Current CUDA latency: 115.247971 ms | Average CUDA latency: 184.980732 ms, Average TFLOPs: 2.934691
>> VLA-Cache inference mode
Current CUDA latency: 115.778114 ms | Average CUDA latency: 184.566345 ms, Average TFLOPs: 2.934467
>> VLA-Cache inference mode
Current CUDA latency: 207.422119 ms | Average CUDA latency: 184.702391 ms, Average TFLOPs: 2.934383
>> VLA-Cache inference mode
Current CUDA latency: 235.083206 ms | Average CUDA latency: 185.000502 ms, Average TFLOPs: 2.934479
>> VLA-Cache inference mode
Current CUDA latency: 213.049438 ms | Average CUDA latency: 185.165496 ms, Average TFLOPs: 2.934750
>> VLA-Cache inference mode
Current CUDA latency: 146.022842 ms | Average CUDA latency: 184.936592 ms, Average TFLOPs: 2.934590
>> VLA-Cache inference mode
Current CUDA latency: 109.185310 ms | Average CUDA latency: 184.496177 ms, Average TFLOPs: 2.934444
>> VLA-Cache inference mode
Current CUDA latency: 121.882851 ms | Average CUDA latency: 184.134250 ms, Average TFLOPs: 2.934261
>> VLA-Cache inference mode
Current CUDA latency: 117.126175 ms | Average CUDA latency: 183.749147 ms, Average TFLOPs: 2.934039
>> VLA-Cache inference mode
Current CUDA latency: 165.309250 ms | Average CUDA latency: 183.643776 ms, Average TFLOPs: 2.933500
>> VLA-Cache inference mode
Current CUDA latency: 139.869476 ms | Average CUDA latency: 183.395058 ms, Average TFLOPs: 2.932759
>> VLA-Cache inference mode
Current CUDA latency: 103.938461 ms | Average CUDA latency: 182.946151 ms, Average TFLOPs: 2.932449
>> VLA-Cache inference mode
Current CUDA latency: 104.209373 ms | Average CUDA latency: 182.503809 ms, Average TFLOPs: 2.932042
>> VLA-Cache inference mode
Current CUDA latency: 115.013084 ms | Average CUDA latency: 182.126766 ms, Average TFLOPs: 2.931947
>> VLA-Cache inference mode
Current CUDA latency: 156.921951 ms | Average CUDA latency: 181.986739 ms, Average TFLOPs: 2.931717
>> VLA-Cache inference mode
Current CUDA latency: 202.265182 ms | Average CUDA latency: 182.098775 ms, Average TFLOPs: 2.931462
Average time per step: 580.5556 ms, Control Frequency: 13.78 Hz, Token Reusing Ratio (Primary): 35.15 %, , Token Reusing Ratio (Wrist): 37.01 %
Saved rollout MP4 at path ./rollouts/2026_04_07/primary--2026_04_07-23_07_35--episode=5--success=True--task=put_both_the_alphabet_soup_and_the_tomato_sauce_in.mp4
Saved rollout MP4 at path ./rollouts/2026_04_07/wrist--2026_04_07-23_07_35--episode=5--success=True--task=put_both_the_alphabet_soup_and_the_tomato_sauce_in.mp4
04/07 [23:21:22] INFO     | >> Success: True              run_libero_eval.py:230
                 INFO     | >> # episodes completed so    run_libero_eval.py:230
                          far: 5                                                
                 INFO     | >> # successes: 5 (100.0%)    run_libero_eval.py:230

 25%|██▌       | 5/20 [13:32<38:27, 153.82s/it][A                 INFO     | >>                            run_libero_eval.py:230
                          Task: put both the alphabet                           
                          soup and the tomato sauce in                          
                          the basket                                            
                 INFO     | >> Starting episode 6...      run_libero_eval.py:230
huggingface/tokenizers: The current process just got forked, after parallelism has already been used. Disabling parallelism to avoid deadlocks...
To disable this warning, you can either:
	- Avoid using `tokenizers` before the fork if possible
	- Explicitly set the environment variable TOKENIZERS_PARALLELISM=(true | false)
huggingface/tokenizers: The current process just got forked, after parallelism has already been used. Disabling parallelism to avoid deadlocks...
To disable this warning, you can either:
	- Avoid using `tokenizers` before the fork if possible
	- Explicitly set the environment variable TOKENIZERS_PARALLELISM=(true | false)
>> VLA-Cache inference mode
Current CUDA latency: 329.102478 ms | Average CUDA latency: 182.906488 ms, Average TFLOPs: 2.935821
>> VLA-Cache inference mode
Current CUDA latency: 278.993469 ms | Average CUDA latency: 183.431553 ms, Average TFLOPs: 2.936129
>> VLA-Cache inference mode
Current CUDA latency: 136.145889 ms | Average CUDA latency: 183.174566 ms, Average TFLOPs: 2.936491
>> VLA-Cache inference mode
Current CUDA latency: 116.573730 ms | Average CUDA latency: 182.814561 ms, Average TFLOPs: 2.936556
>> VLA-Cache inference mode
Current CUDA latency: 122.439201 ms | Average CUDA latency: 182.489963 ms, Average TFLOPs: 2.936485
>> VLA-Cache inference mode
Current CUDA latency: 114.550911 ms | Average CUDA latency: 182.126652 ms, Average TFLOPs: 2.936419
>> VLA-Cache inference mode
Current CUDA latency: 123.863647 ms | Average CUDA latency: 181.816743 ms, Average TFLOPs: 2.936365
>> VLA-Cache inference mode
Current CUDA latency: 167.916611 ms | Average CUDA latency: 181.743197 ms, Average TFLOPs: 2.936147
>> VLA-Cache inference mode
Current CUDA latency: 138.562790 ms | Average CUDA latency: 181.515932 ms, Average TFLOPs: 2.935850
>> VLA-Cache inference mode
Current CUDA latency: 119.447235 ms | Average CUDA latency: 181.190965 ms, Average TFLOPs: 2.935468
>> VLA-Cache inference mode
Current CUDA latency: 119.836388 ms | Average CUDA latency: 180.871410 ms, Average TFLOPs: 2.934950
>> VLA-Cache inference mode
Current CUDA latency: 146.181702 ms | Average CUDA latency: 180.691670 ms, Average TFLOPs: 2.934452
>> VLA-Cache inference mode
Current CUDA latency: 195.642776 ms | Average CUDA latency: 180.768738 ms, Average TFLOPs: 2.934166
>> VLA-Cache inference mode
Current CUDA latency: 184.824249 ms | Average CUDA latency: 180.789535 ms, Average TFLOPs: 2.934061
>> VLA-Cache inference mode
Current CUDA latency: 126.525345 ms | Average CUDA latency: 180.512677 ms, Average TFLOPs: 2.933920
>> VLA-Cache inference mode
Current CUDA latency: 112.449699 ms | Average CUDA latency: 180.167180 ms, Average TFLOPs: 2.933809
>> VLA-Cache inference mode
Current CUDA latency: 105.178017 ms | Average CUDA latency: 179.788447 ms, Average TFLOPs: 2.933495
>> VLA-Cache inference mode
Current CUDA latency: 109.456703 ms | Average CUDA latency: 179.435021 ms, Average TFLOPs: 2.933325
>> VLA-Cache inference mode
Current CUDA latency: 157.829788 ms | Average CUDA latency: 179.326995 ms, Average TFLOPs: 2.933162
>> VLA-Cache inference mode
Current CUDA latency: 144.960129 ms | Average CUDA latency: 179.156015 ms, Average TFLOPs: 2.932998
>> VLA-Cache inference mode
Current CUDA latency: 320.443115 ms | Average CUDA latency: 179.855456 ms, Average TFLOPs: 2.932948
>> VLA-Cache inference mode
Current CUDA latency: 267.882538 ms | Average CUDA latency: 180.289087 ms, Average TFLOPs: 2.932874
>> VLA-Cache inference mode
Current CUDA latency: 181.547623 ms | Average CUDA latency: 180.295256 ms, Average TFLOPs: 2.932831
>> VLA-Cache inference mode
Current CUDA latency: 138.382339 ms | Average CUDA latency: 180.090803 ms, Average TFLOPs: 2.932793
>> VLA-Cache inference mode
Current CUDA latency: 122.517982 ms | Average CUDA latency: 179.811323 ms, Average TFLOPs: 2.932680
>> VLA-Cache inference mode
Current CUDA latency: 127.390335 ms | Average CUDA latency: 179.558082 ms, Average TFLOPs: 2.932519
>> VLA-Cache inference mode
Current CUDA latency: 163.464188 ms | Average CUDA latency: 179.480707 ms, Average TFLOPs: 2.932388
>> VLA-Cache inference mode
Current CUDA latency: 245.599716 ms | Average CUDA latency: 179.797066 ms, Average TFLOPs: 2.932421
>> VLA-Cache inference mode
Current CUDA latency: 230.899582 ms | Average CUDA latency: 180.040412 ms, Average TFLOPs: 2.932348
>> VLA-Cache inference mode
Current CUDA latency: 116.974716 ms | Average CUDA latency: 179.741522 ms, Average TFLOPs: 2.932224
>> VLA-Cache inference mode
Current CUDA latency: 127.202400 ms | Average CUDA latency: 179.493696 ms, Average TFLOPs: 2.932077
>> VLA-Cache inference mode
Current CUDA latency: 125.988480 ms | Average CUDA latency: 179.242498 ms, Average TFLOPs: 2.931829
>> VLA-Cache inference mode
Current CUDA latency: 114.574783 ms | Average CUDA latency: 178.940312 ms, Average TFLOPs: 2.931740
>> VLA-Cache inference mode
Current CUDA latency: 190.603943 ms | Average CUDA latency: 178.994562 ms, Average TFLOPs: 2.931600
>> VLA-Cache inference mode
Current CUDA latency: 292.979614 ms | Average CUDA latency: 179.522270 ms, Average TFLOPs: 2.931637
>> VLA-Cache inference mode
Current CUDA latency: 222.177597 ms | Average CUDA latency: 179.718839 ms, Average TFLOPs: 2.931549
>> VLA-Cache inference mode
Current CUDA latency: 149.861313 ms | Average CUDA latency: 179.581878 ms, Average TFLOPs: 2.931434
>> VLA-Cache inference mode
Current CUDA latency: 131.898621 ms | Average CUDA latency: 179.364146 ms, Average TFLOPs: 2.931476
>> VLA-Cache inference mode
Current CUDA latency: 133.475815 ms | Average CUDA latency: 179.155562 ms, Average TFLOPs: 2.931387
>> VLA-Cache inference mode
Current CUDA latency: 121.304092 ms | Average CUDA latency: 178.893791 ms, Average TFLOPs: 2.931324
>> VLA-Cache inference mode
Current CUDA latency: 162.557663 ms | Average CUDA latency: 178.820205 ms, Average TFLOPs: 2.931336
>> VLA-Cache inference mode
Current CUDA latency: 131.798431 ms | Average CUDA latency: 178.609345 ms, Average TFLOPs: 2.931671
>> VLA-Cache inference mode
Current CUDA latency: 188.922470 ms | Average CUDA latency: 178.655386 ms, Average TFLOPs: 2.931879
>> VLA-Cache inference mode
Current CUDA latency: 197.256409 ms | Average CUDA latency: 178.738057 ms, Average TFLOPs: 2.932150
>> VLA-Cache inference mode
Current CUDA latency: 209.072540 ms | Average CUDA latency: 178.872280 ms, Average TFLOPs: 2.932440
>> VLA-Cache inference mode
Current CUDA latency: 145.224442 ms | Average CUDA latency: 178.724052 ms, Average TFLOPs: 2.932727
>> VLA-Cache inference mode
Current CUDA latency: 118.650627 ms | Average CUDA latency: 178.460572 ms, Average TFLOPs: 2.932900
>> VLA-Cache inference mode
Current CUDA latency: 113.400803 ms | Average CUDA latency: 178.176468 ms, Average TFLOPs: 2.932990
>> VLA-Cache inference mode
Current CUDA latency: 119.595810 ms | Average CUDA latency: 177.921770 ms, Average TFLOPs: 2.932886
>> VLA-Cache inference mode
Current CUDA latency: 238.241241 ms | Average CUDA latency: 178.182893 ms, Average TFLOPs: 2.932494
>> VLA-Cache inference mode
Current CUDA latency: 117.863617 ms | Average CUDA latency: 177.922896 ms, Average TFLOPs: 2.932118
>> VLA-Cache inference mode
Current CUDA latency: 110.444031 ms | Average CUDA latency: 177.633287 ms, Average TFLOPs: 2.931825
>> VLA-Cache inference mode
Current CUDA latency: 187.422394 ms | Average CUDA latency: 177.675121 ms, Average TFLOPs: 2.931606
>> VLA-Cache inference mode
Current CUDA latency: 223.646683 ms | Average CUDA latency: 177.870745 ms, Average TFLOPs: 2.931503
>> VLA-Cache inference mode
Current CUDA latency: 183.498138 ms | Average CUDA latency: 177.894590 ms, Average TFLOPs: 2.931324
Average time per step: 578.4267 ms, Control Frequency: 13.83 Hz, Token Reusing Ratio (Primary): 35.06 %, , Token Reusing Ratio (Wrist): 37.06 %
Saved rollout MP4 at path ./rollouts/2026_04_07/primary--2026_04_07-23_07_35--episode=6--success=True--task=put_both_the_alphabet_soup_and_the_tomato_sauce_in.mp4
Saved rollout MP4 at path ./rollouts/2026_04_07/wrist--2026_04_07-23_07_35--episode=6--success=True--task=put_both_the_alphabet_soup_and_the_tomato_sauce_in.mp4
04/07 [23:25:37] INFO     | >> Success: True              run_libero_eval.py:230
                 INFO     | >> # episodes completed so    run_libero_eval.py:230
                          far: 6                                                
                 INFO     | >> # successes: 6 (100.0%)    run_libero_eval.py:230

 30%|███       | 6/20 [17:47<43:53, 188.12s/it][A                 INFO     | >>                            run_libero_eval.py:230
                          Task: put both the alphabet                           
                          soup and the tomato sauce in                          
                          the basket                                            
                 INFO     | >> Starting episode 7...      run_libero_eval.py:230
huggingface/tokenizers: The current process just got forked, after parallelism has already been used. Disabling parallelism to avoid deadlocks...
To disable this warning, you can either:
	- Avoid using `tokenizers` before the fork if possible
	- Explicitly set the environment variable TOKENIZERS_PARALLELISM=(true | false)
huggingface/tokenizers: The current process just got forked, after parallelism has already been used. Disabling parallelism to avoid deadlocks...
To disable this warning, you can either:
	- Avoid using `tokenizers` before the fork if possible
	- Explicitly set the environment variable TOKENIZERS_PARALLELISM=(true | false)
>> VLA-Cache inference mode
Current CUDA latency: 381.383087 ms | Average CUDA latency: 178.753191 ms, Average TFLOPs: 2.934673
>> VLA-Cache inference mode
Current CUDA latency: 272.551544 ms | Average CUDA latency: 179.147302 ms, Average TFLOPs: 2.934898
>> VLA-Cache inference mode
Current CUDA latency: 147.313126 ms | Average CUDA latency: 179.014104 ms, Average TFLOPs: 2.934933
>> VLA-Cache inference mode
Current CUDA latency: 122.883713 ms | Average CUDA latency: 178.780228 ms, Average TFLOPs: 2.935091
>> VLA-Cache inference mode
Current CUDA latency: 111.360542 ms | Average CUDA latency: 178.500478 ms, Average TFLOPs: 2.935276
>> VLA-Cache inference mode
Current CUDA latency: 112.235779 ms | Average CUDA latency: 178.226657 ms, Average TFLOPs: 2.935549
>> VLA-Cache inference mode
Current CUDA latency: 148.869659 ms | Average CUDA latency: 178.105846 ms, Average TFLOPs: 2.935419
>> VLA-Cache inference mode
Current CUDA latency: 119.458336 ms | Average CUDA latency: 177.865487 ms, Average TFLOPs: 2.935416
>> VLA-Cache inference mode
Current CUDA latency: 114.646591 ms | Average CUDA latency: 177.607451 ms, Average TFLOPs: 2.935387
>> VLA-Cache inference mode
Current CUDA latency: 111.399170 ms | Average CUDA latency: 177.338312 ms, Average TFLOPs: 2.935391
>> VLA-Cache inference mode
Current CUDA latency: 174.645798 ms | Average CUDA latency: 177.327411 ms, Average TFLOPs: 2.935033
>> VLA-Cache inference mode
Current CUDA latency: 149.938019 ms | Average CUDA latency: 177.216970 ms, Average TFLOPs: 2.934640
>> VLA-Cache inference mode
Current CUDA latency: 132.433121 ms | Average CUDA latency: 177.037115 ms, Average TFLOPs: 2.934371
>> VLA-Cache inference mode
Current CUDA latency: 285.143860 ms | Average CUDA latency: 177.469542 ms, Average TFLOPs: 2.934201
>> VLA-Cache inference mode
Current CUDA latency: 256.059296 ms | Average CUDA latency: 177.782648 ms, Average TFLOPs: 2.933948
>> VLA-Cache inference mode
Current CUDA latency: 125.101311 ms | Average CUDA latency: 177.573596 ms, Average TFLOPs: 2.933681
>> VLA-Cache inference mode
Current CUDA latency: 112.257149 ms | Average CUDA latency: 177.315428 ms, Average TFLOPs: 2.933506
>> VLA-Cache inference mode
Current CUDA latency: 155.811523 ms | Average CUDA latency: 177.230767 ms, Average TFLOPs: 2.933461
>> VLA-Cache inference mode
Current CUDA latency: 116.844223 ms | Average CUDA latency: 176.993957 ms, Average TFLOPs: 2.933324
>> VLA-Cache inference mode
Current CUDA latency: 111.882370 ms | Average CUDA latency: 176.739615 ms, Average TFLOPs: 2.933095
>> VLA-Cache inference mode
Current CUDA latency: 186.967590 ms | Average CUDA latency: 176.779412 ms, Average TFLOPs: 2.933055
>> VLA-Cache inference mode
Current CUDA latency: 200.392410 ms | Average CUDA latency: 176.870935 ms, Average TFLOPs: 2.933342
>> VLA-Cache inference mode
Current CUDA latency: 152.058304 ms | Average CUDA latency: 176.775134 ms, Average TFLOPs: 2.933480
>> VLA-Cache inference mode
Current CUDA latency: 120.501602 ms | Average CUDA latency: 176.558697 ms, Average TFLOPs: 2.933530
>> VLA-Cache inference mode
Current CUDA latency: 108.739517 ms | Average CUDA latency: 176.298854 ms, Average TFLOPs: 2.933602
>> VLA-Cache inference mode
Current CUDA latency: 109.358879 ms | Average CUDA latency: 176.043357 ms, Average TFLOPs: 2.933593
>> VLA-Cache inference mode
Current CUDA latency: 110.172066 ms | Average CUDA latency: 175.792896 ms, Average TFLOPs: 2.933580
>> VLA-Cache inference mode
Current CUDA latency: 130.985474 ms | Average CUDA latency: 175.623171 ms, Average TFLOPs: 2.933468
>> VLA-Cache inference mode
Current CUDA latency: 221.728577 ms | Average CUDA latency: 175.797154 ms, Average TFLOPs: 2.933001
>> VLA-Cache inference mode
Current CUDA latency: 201.540314 ms | Average CUDA latency: 175.893933 ms, Average TFLOPs: 2.932581
>> VLA-Cache inference mode
Current CUDA latency: 151.154724 ms | Average CUDA latency: 175.801276 ms, Average TFLOPs: 2.932181
>> VLA-Cache inference mode
Current CUDA latency: 124.589981 ms | Average CUDA latency: 175.610189 ms, Average TFLOPs: 2.931882
>> VLA-Cache inference mode
Current CUDA latency: 107.311554 ms | Average CUDA latency: 175.356291 ms, Average TFLOPs: 2.931474
Average time per step: 574.5191 ms, Control Frequency: 13.92 Hz, Token Reusing Ratio (Primary): 35.15 %, , Token Reusing Ratio (Wrist): 37.01 %
Saved rollout MP4 at path ./rollouts/2026_04_07/primary--2026_04_07-23_07_35--episode=7--success=True--task=put_both_the_alphabet_soup_and_the_tomato_sauce_in.mp4
Saved rollout MP4 at path ./rollouts/2026_04_07/wrist--2026_04_07-23_07_35--episode=7--success=True--task=put_both_the_alphabet_soup_and_the_tomato_sauce_in.mp4
04/07 [23:28:04] INFO     | >> Success: True              run_libero_eval.py:230
                 INFO     | >> # episodes completed so    run_libero_eval.py:230
                          far: 7                                                
                 INFO     | >> # successes: 7 (100.0%)    run_libero_eval.py:230

 35%|███▌      | 7/20 [20:14<37:51, 174.72s/it][A                 INFO     | >>                            run_libero_eval.py:230
                          Task: put both the alphabet                           
                          soup and the tomato sauce in                          
                          the basket                                            
                 INFO     | >> Starting episode 8...      run_libero_eval.py:230
huggingface/tokenizers: The current process just got forked, after parallelism has already been used. Disabling parallelism to avoid deadlocks...
To disable this warning, you can either:
	- Avoid using `tokenizers` before the fork if possible
	- Explicitly set the environment variable TOKENIZERS_PARALLELISM=(true | false)
huggingface/tokenizers: The current process just got forked, after parallelism has already been used. Disabling parallelism to avoid deadlocks...
To disable this warning, you can either:
	- Avoid using `tokenizers` before the fork if possible
	- Explicitly set the environment variable TOKENIZERS_PARALLELISM=(true | false)
>> VLA-Cache inference mode
Current CUDA latency: 351.417542 ms | Average CUDA latency: 176.008370 ms, Average TFLOPs: 2.934412
>> VLA-Cache inference mode
Current CUDA latency: 313.847412 ms | Average CUDA latency: 176.517001 ms, Average TFLOPs: 2.934655
>> VLA-Cache inference mode
Current CUDA latency: 160.592743 ms | Average CUDA latency: 176.458456 ms, Average TFLOPs: 2.934748
>> VLA-Cache inference mode
Current CUDA latency: 150.739136 ms | Average CUDA latency: 176.364246 ms, Average TFLOPs: 2.934894
>> VLA-Cache inference mode
Current CUDA latency: 169.078140 ms | Average CUDA latency: 176.337654 ms, Average TFLOPs: 2.935037
>> VLA-Cache inference mode
Current CUDA latency: 164.823303 ms | Average CUDA latency: 176.295784 ms, Average TFLOPs: 2.935124
>> VLA-Cache inference mode
Current CUDA latency: 255.137573 ms | Average CUDA latency: 176.581443 ms, Average TFLOPs: 2.935023
>> VLA-Cache inference mode
Current CUDA latency: 210.817383 ms | Average CUDA latency: 176.705038 ms, Average TFLOPs: 2.934572
>> VLA-Cache inference mode
Current CUDA latency: 103.853699 ms | Average CUDA latency: 176.442983 ms, Average TFLOPs: 2.934307
>> VLA-Cache inference mode
Current CUDA latency: 107.594048 ms | Average CUDA latency: 176.196213 ms, Average TFLOPs: 2.934078
>> VLA-Cache inference mode
Current CUDA latency: 107.969276 ms | Average CUDA latency: 175.952545 ms, Average TFLOPs: 2.933849
>> VLA-Cache inference mode
Current CUDA latency: 111.528770 ms | Average CUDA latency: 175.723279 ms, Average TFLOPs: 2.933721
>> VLA-Cache inference mode
Current CUDA latency: 109.689537 ms | Average CUDA latency: 175.489117 ms, Average TFLOPs: 2.933442
>> VLA-Cache inference mode
Current CUDA latency: 112.487427 ms | Average CUDA latency: 175.266496 ms, Average TFLOPs: 2.933335
>> VLA-Cache inference mode
Current CUDA latency: 130.304062 ms | Average CUDA latency: 175.108177 ms, Average TFLOPs: 2.933381
>> VLA-Cache inference mode
Current CUDA latency: 133.393890 ms | Average CUDA latency: 174.961812 ms, Average TFLOPs: 2.933347
>> VLA-Cache inference mode
Current CUDA latency: 111.574593 ms | Average CUDA latency: 174.740178 ms, Average TFLOPs: 2.933377
>> VLA-Cache inference mode
Current CUDA latency: 236.202209 ms | Average CUDA latency: 174.954331 ms, Average TFLOPs: 2.933342
>> VLA-Cache inference mode
Current CUDA latency: 182.776932 ms | Average CUDA latency: 174.981493 ms, Average TFLOPs: 2.933479
>> VLA-Cache inference mode
Current CUDA latency: 261.385651 ms | Average CUDA latency: 175.280469 ms, Average TFLOPs: 2.933638
>> VLA-Cache inference mode
Current CUDA latency: 191.435364 ms | Average CUDA latency: 175.336176 ms, Average TFLOPs: 2.933801
>> VLA-Cache inference mode
Current CUDA latency: 118.933762 ms | Average CUDA latency: 175.142353 ms, Average TFLOPs: 2.933993
>> VLA-Cache inference mode
Current CUDA latency: 110.615585 ms | Average CUDA latency: 174.921371 ms, Average TFLOPs: 2.934130
>> VLA-Cache inference mode
Current CUDA latency: 116.352867 ms | Average CUDA latency: 174.721479 ms, Average TFLOPs: 2.934194
>> VLA-Cache inference mode
Current CUDA latency: 167.407043 ms | Average CUDA latency: 174.696600 ms, Average TFLOPs: 2.934081
>> VLA-Cache inference mode
Current CUDA latency: 115.522110 ms | Average CUDA latency: 174.496008 ms, Average TFLOPs: 2.934070
>> VLA-Cache inference mode
Current CUDA latency: 200.978149 ms | Average CUDA latency: 174.585475 ms, Average TFLOPs: 2.933797
>> VLA-Cache inference mode
Current CUDA latency: 193.306747 ms | Average CUDA latency: 174.648509 ms, Average TFLOPs: 2.933611
>> VLA-Cache inference mode
Current CUDA latency: 126.635712 ms | Average CUDA latency: 174.487393 ms, Average TFLOPs: 2.933346
>> VLA-Cache inference mode
Current CUDA latency: 284.210724 ms | Average CUDA latency: 174.854360 ms, Average TFLOPs: 2.933165
>> VLA-Cache inference mode
Current CUDA latency: 295.112701 ms | Average CUDA latency: 175.255221 ms, Average TFLOPs: 2.932959
Average time per step: 571.8532 ms, Control Frequency: 13.99 Hz, Token Reusing Ratio (Primary): 35.07 %, , Token Reusing Ratio (Wrist): 36.99 %
Saved rollout MP4 at path ./rollouts/2026_04_07/primary--2026_04_07-23_07_35--episode=8--success=True--task=put_both_the_alphabet_soup_and_the_tomato_sauce_in.mp4
Saved rollout MP4 at path ./rollouts/2026_04_07/wrist--2026_04_07-23_07_35--episode=8--success=True--task=put_both_the_alphabet_soup_and_the_tomato_sauce_in.mp4
04/07 [23:30:16] INFO     | >> Success: True              run_libero_eval.py:230
                 INFO     | >> # episodes completed so    run_libero_eval.py:230
                          far: 8                                                
                 INFO     | >> # successes: 8 (100.0%)    run_libero_eval.py:230

 40%|████      | 8/20 [22:26<32:15, 161.28s/it][A                 INFO     | >>                            run_libero_eval.py:230
                          Task: put both the alphabet                           
                          soup and the tomato sauce in                          
                          the basket                                            
                 INFO     | >> Starting episode 9...      run_libero_eval.py:230
huggingface/tokenizers: The current process just got forked, after parallelism has already been used. Disabling parallelism to avoid deadlocks...
To disable this warning, you can either:
	- Avoid using `tokenizers` before the fork if possible
	- Explicitly set the environment variable TOKENIZERS_PARALLELISM=(true | false)
huggingface/tokenizers: The current process just got forked, after parallelism has already been used. Disabling parallelism to avoid deadlocks...
To disable this warning, you can either:
	- Avoid using `tokenizers` before the fork if possible
	- Explicitly set the environment variable TOKENIZERS_PARALLELISM=(true | false)
>> VLA-Cache inference mode
Current CUDA latency: 347.433868 ms | Average CUDA latency: 175.827244 ms, Average TFLOPs: 2.935590
>> VLA-Cache inference mode
Current CUDA latency: 273.125519 ms | Average CUDA latency: 176.149423 ms, Average TFLOPs: 2.935784
>> VLA-Cache inference mode
Current CUDA latency: 121.008514 ms | Average CUDA latency: 175.967440 ms, Average TFLOPs: 2.935995
>> VLA-Cache inference mode
Current CUDA latency: 113.185822 ms | Average CUDA latency: 175.760922 ms, Average TFLOPs: 2.936204
>> VLA-Cache inference mode
Current CUDA latency: 135.562561 ms | Average CUDA latency: 175.629124 ms, Average TFLOPs: 2.936225
>> VLA-Cache inference mode
Current CUDA latency: 167.092697 ms | Average CUDA latency: 175.601227 ms, Average TFLOPs: 2.936074
>> VLA-Cache inference mode
Current CUDA latency: 108.923935 ms | Average CUDA latency: 175.384037 ms, Average TFLOPs: 2.936015
>> VLA-Cache inference mode
Current CUDA latency: 146.111679 ms | Average CUDA latency: 175.288997 ms, Average TFLOPs: 2.935952
>> VLA-Cache inference mode
Current CUDA latency: 192.957794 ms | Average CUDA latency: 175.346177 ms, Average TFLOPs: 2.935755
>> VLA-Cache inference mode
Current CUDA latency: 227.811234 ms | Average CUDA latency: 175.515420 ms, Average TFLOPs: 2.935430
>> VLA-Cache inference mode
Current CUDA latency: 149.256775 ms | Average CUDA latency: 175.430987 ms, Average TFLOPs: 2.935174
>> VLA-Cache inference mode
Current CUDA latency: 175.400864 ms | Average CUDA latency: 175.430890 ms, Average TFLOPs: 2.935081
>> VLA-Cache inference mode
Current CUDA latency: 200.661575 ms | Average CUDA latency: 175.511499 ms, Average TFLOPs: 2.935096
>> VLA-Cache inference mode
Current CUDA latency: 132.193604 ms | Average CUDA latency: 175.373544 ms, Average TFLOPs: 2.935104
>> VLA-Cache inference mode
Current CUDA latency: 109.533119 ms | Average CUDA latency: 175.164527 ms, Average TFLOPs: 2.934942
>> VLA-Cache inference mode
Current CUDA latency: 121.094818 ms | Average CUDA latency: 174.993420 ms, Average TFLOPs: 2.934850
>> VLA-Cache inference mode
Current CUDA latency: 118.238274 ms | Average CUDA latency: 174.814382 ms, Average TFLOPs: 2.934738
>> VLA-Cache inference mode
Current CUDA latency: 116.257568 ms | Average CUDA latency: 174.630241 ms, Average TFLOPs: 2.934695
>> VLA-Cache inference mode
Current CUDA latency: 110.003075 ms | Average CUDA latency: 174.427648 ms, Average TFLOPs: 2.934688
>> VLA-Cache inference mode
Current CUDA latency: 202.210464 ms | Average CUDA latency: 174.514469 ms, Average TFLOPs: 2.934686
>> VLA-Cache inference mode
Current CUDA latency: 288.615265 ms | Average CUDA latency: 174.869924 ms, Average TFLOPs: 2.934663
>> VLA-Cache inference mode
Current CUDA latency: 145.502716 ms | Average CUDA latency: 174.778721 ms, Average TFLOPs: 2.934809
>> VLA-Cache inference mode
Current CUDA latency: 122.766014 ms | Average CUDA latency: 174.617691 ms, Average TFLOPs: 2.934904
>> VLA-Cache inference mode
Current CUDA latency: 119.466080 ms | Average CUDA latency: 174.447470 ms, Average TFLOPs: 2.935026
>> VLA-Cache inference mode
Current CUDA latency: 115.264481 ms | Average CUDA latency: 174.265368 ms, Average TFLOPs: 2.935046
>> VLA-Cache inference mode
Current CUDA latency: 162.082306 ms | Average CUDA latency: 174.227997 ms, Average TFLOPs: 2.935047
>> VLA-Cache inference mode
Current CUDA latency: 208.842178 ms | Average CUDA latency: 174.333851 ms, Average TFLOPs: 2.935015
>> VLA-Cache inference mode
Current CUDA latency: 183.768738 ms | Average CUDA latency: 174.362616 ms, Average TFLOPs: 2.934916
>> VLA-Cache inference mode
Current CUDA latency: 296.181122 ms | Average CUDA latency: 174.732885 ms, Average TFLOPs: 2.934559
>> VLA-Cache inference mode
Current CUDA latency: 128.654556 ms | Average CUDA latency: 174.593253 ms, Average TFLOPs: 2.934229
>> VLA-Cache inference mode
Current CUDA latency: 109.976707 ms | Average CUDA latency: 174.398037 ms, Average TFLOPs: 2.933962
>> VLA-Cache inference mode
Current CUDA latency: 111.118973 ms | Average CUDA latency: 174.207438 ms, Average TFLOPs: 2.933711
>> VLA-Cache inference mode
Current CUDA latency: 116.008354 ms | Average CUDA latency: 174.032666 ms, Average TFLOPs: 2.933660
>> VLA-Cache inference mode
Current CUDA latency: 135.911041 ms | Average CUDA latency: 173.918529 ms, Average TFLOPs: 2.933571
>> VLA-Cache inference mode
Current CUDA latency: 166.063705 ms | Average CUDA latency: 173.895082 ms, Average TFLOPs: 2.933533
Average time per step: 570.7721 ms, Control Frequency: 14.02 Hz, Token Reusing Ratio (Primary): 35.03 %, , Token Reusing Ratio (Wrist): 36.96 %
Saved rollout MP4 at path ./rollouts/2026_04_07/primary--2026_04_07-23_07_35--episode=9--success=True--task=put_both_the_alphabet_soup_and_the_tomato_sauce_in.mp4
Saved rollout MP4 at path ./rollouts/2026_04_07/wrist--2026_04_07-23_07_35--episode=9--success=True--task=put_both_the_alphabet_soup_and_the_tomato_sauce_in.mp4
04/07 [23:32:53] INFO     | >> Success: True              run_libero_eval.py:230
                 INFO     | >> # episodes completed so    run_libero_eval.py:230
                          far: 9                                                
                 INFO     | >> # successes: 9 (100.0%)    run_libero_eval.py:230

 45%|████▌     | 9/20 [25:03<29:18, 159.90s/it][A                 INFO     | >>                            run_libero_eval.py:230
                          Task: put both the alphabet                           
                          soup and the tomato sauce in                          
                          the basket                                            
                 INFO     | >> Starting episode 10...     run_libero_eval.py:230
huggingface/tokenizers: The current process just got forked, after parallelism has already been used. Disabling parallelism to avoid deadlocks...
To disable this warning, you can either:
	- Avoid using `tokenizers` before the fork if possible
	- Explicitly set the environment variable TOKENIZERS_PARALLELISM=(true | false)
huggingface/tokenizers: The current process just got forked, after parallelism has already been used. Disabling parallelism to avoid deadlocks...
To disable this warning, you can either:
	- Avoid using `tokenizers` before the fork if possible
	- Explicitly set the environment variable TOKENIZERS_PARALLELISM=(true | false)
>> VLA-Cache inference mode
Current CUDA latency: 396.481415 ms | Average CUDA latency: 174.557541 ms, Average TFLOPs: 2.935888
>> VLA-Cache inference mode
Current CUDA latency: 382.740845 ms | Average CUDA latency: 175.175296 ms, Average TFLOPs: 2.935993
>> VLA-Cache inference mode
Current CUDA latency: 118.173950 ms | Average CUDA latency: 175.006653 ms, Average TFLOPs: 2.936100
>> VLA-Cache inference mode
Current CUDA latency: 114.500420 ms | Average CUDA latency: 174.828168 ms, Average TFLOPs: 2.936256
>> VLA-Cache inference mode
Current CUDA latency: 117.192223 ms | Average CUDA latency: 174.658651 ms, Average TFLOPs: 2.936289
>> VLA-Cache inference mode
Current CUDA latency: 129.833786 ms | Average CUDA latency: 174.527200 ms, Average TFLOPs: 2.936254
>> VLA-Cache inference mode
Current CUDA latency: 115.908478 ms | Average CUDA latency: 174.355800 ms, Average TFLOPs: 2.936185
>> VLA-Cache inference mode
Current CUDA latency: 144.980453 ms | Average CUDA latency: 174.270157 ms, Average TFLOPs: 2.936042
>> VLA-Cache inference mode
Current CUDA latency: 143.206696 ms | Average CUDA latency: 174.179857 ms, Average TFLOPs: 2.935738
>> VLA-Cache inference mode
Current CUDA latency: 119.075714 ms | Average CUDA latency: 174.020135 ms, Average TFLOPs: 2.935427
>> VLA-Cache inference mode
Current CUDA latency: 109.632576 ms | Average CUDA latency: 173.834043 ms, Average TFLOPs: 2.935318
>> VLA-Cache inference mode
Current CUDA latency: 236.176865 ms | Average CUDA latency: 174.013706 ms, Average TFLOPs: 2.935166
>> VLA-Cache inference mode
Current CUDA latency: 221.553314 ms | Average CUDA latency: 174.150314 ms, Average TFLOPs: 2.935158
>> VLA-Cache inference mode
Current CUDA latency: 257.203613 ms | Average CUDA latency: 174.388289 ms, Average TFLOPs: 2.935046
>> VLA-Cache inference mode
Current CUDA latency: 210.074722 ms | Average CUDA latency: 174.490250 ms, Average TFLOPs: 2.934877
>> VLA-Cache inference mode
Current CUDA latency: 147.000641 ms | Average CUDA latency: 174.411932 ms, Average TFLOPs: 2.934937
>> VLA-Cache inference mode
Current CUDA latency: 158.151459 ms | Average CUDA latency: 174.365737 ms, Average TFLOPs: 2.934880
>> VLA-Cache inference mode
Current CUDA latency: 125.778046 ms | Average CUDA latency: 174.228095 ms, Average TFLOPs: 2.934808
>> VLA-Cache inference mode
Current CUDA latency: 112.685440 ms | Average CUDA latency: 174.054246 ms, Average TFLOPs: 2.934771
>> VLA-Cache inference mode
Current CUDA latency: 156.925797 ms | Average CUDA latency: 174.005997 ms, Average TFLOPs: 2.934605
>> VLA-Cache inference mode
Current CUDA latency: 226.987610 ms | Average CUDA latency: 174.154822 ms, Average TFLOPs: 2.934708
>> VLA-Cache inference mode
Current CUDA latency: 209.629379 ms | Average CUDA latency: 174.254190 ms, Average TFLOPs: 2.934859
>> VLA-Cache inference mode
Current CUDA latency: 116.678558 ms | Average CUDA latency: 174.093364 ms, Average TFLOPs: 2.934937
>> VLA-Cache inference mode
Current CUDA latency: 117.146049 ms | Average CUDA latency: 173.934737 ms, Average TFLOPs: 2.935098
>> VLA-Cache inference mode
Current CUDA latency: 128.323074 ms | Average CUDA latency: 173.808038 ms, Average TFLOPs: 2.935272
>> VLA-Cache inference mode
Current CUDA latency: 114.780418 ms | Average CUDA latency: 173.644526 ms, Average TFLOPs: 2.935368
>> VLA-Cache inference mode
Current CUDA latency: 116.232735 ms | Average CUDA latency: 173.485930 ms, Average TFLOPs: 2.935357
>> VLA-Cache inference mode
Current CUDA latency: 115.358910 ms | Average CUDA latency: 173.325801 ms, Average TFLOPs: 2.935288
>> VLA-Cache inference mode
Current CUDA latency: 252.518173 ms | Average CUDA latency: 173.543362 ms, Average TFLOPs: 2.934975
>> VLA-Cache inference mode
Current CUDA latency: 148.824966 ms | Average CUDA latency: 173.475640 ms, Average TFLOPs: 2.934851
>> VLA-Cache inference mode
Current CUDA latency: 165.246399 ms | Average CUDA latency: 173.453156 ms, Average TFLOPs: 2.934641
>> VLA-Cache inference mode
Current CUDA latency: 176.397217 ms | Average CUDA latency: 173.461178 ms, Average TFLOPs: 2.934615
>> VLA-Cache inference mode
Current CUDA latency: 139.402908 ms | Average CUDA latency: 173.368628 ms, Average TFLOPs: 2.934481
>> VLA-Cache inference mode
Current CUDA latency: 120.254883 ms | Average CUDA latency: 173.224689 ms, Average TFLOPs: 2.934222
Average time per step: 570.9297 ms, Control Frequency: 14.01 Hz, Token Reusing Ratio (Primary): 35.00 %, , Token Reusing Ratio (Wrist): 36.95 %
Saved rollout MP4 at path ./rollouts/2026_04_07/primary--2026_04_07-23_07_35--episode=10--success=True--task=put_both_the_alphabet_soup_and_the_tomato_sauce_in.mp4
Saved rollout MP4 at path ./rollouts/2026_04_07/wrist--2026_04_07-23_07_35--episode=10--success=True--task=put_both_the_alphabet_soup_and_the_tomato_sauce_in.mp4
04/07 [23:35:22] INFO     | >> Success: True              run_libero_eval.py:230
                 INFO     | >> # episodes completed so    run_libero_eval.py:230
                          far: 10                                               
                 INFO     | >> # successes: 10 (100.0%)   run_libero_eval.py:230

 50%|█████     | 10/20 [27:32<26:05, 156.54s/it][A                 INFO     | >>                            run_libero_eval.py:230
                          Task: put both the alphabet                           
                          soup and the tomato sauce in                          
                          the basket                                            
                 INFO     | >> Starting episode 11...     run_libero_eval.py:230
huggingface/tokenizers: The current process just got forked, after parallelism has already been used. Disabling parallelism to avoid deadlocks...
To disable this warning, you can either:
	- Avoid using `tokenizers` before the fork if possible
	- Explicitly set the environment variable TOKENIZERS_PARALLELISM=(true | false)
huggingface/tokenizers: The current process just got forked, after parallelism has already been used. Disabling parallelism to avoid deadlocks...
To disable this warning, you can either:
	- Avoid using `tokenizers` before the fork if possible
	- Explicitly set the environment variable TOKENIZERS_PARALLELISM=(true | false)
>> VLA-Cache inference mode
Current CUDA latency: 337.802063 ms | Average CUDA latency: 173.669492 ms, Average TFLOPs: 2.936359
>> VLA-Cache inference mode
Current CUDA latency: 248.998810 ms | Average CUDA latency: 173.872536 ms, Average TFLOPs: 2.936482
>> VLA-Cache inference mode
Current CUDA latency: 139.521530 ms | Average CUDA latency: 173.780195 ms, Average TFLOPs: 2.936434
>> VLA-Cache inference mode
Current CUDA latency: 117.060509 ms | Average CUDA latency: 173.628132 ms, Average TFLOPs: 2.936496
>> VLA-Cache inference mode
Current CUDA latency: 114.073181 ms | Average CUDA latency: 173.468894 ms, Average TFLOPs: 2.936566
>> VLA-Cache inference mode
Current CUDA latency: 114.839294 ms | Average CUDA latency: 173.312548 ms, Average TFLOPs: 2.936629
>> VLA-Cache inference mode
Current CUDA latency: 112.522339 ms | Average CUDA latency: 173.150872 ms, Average TFLOPs: 2.936791
>> VLA-Cache inference mode
Current CUDA latency: 124.920258 ms | Average CUDA latency: 173.022939 ms, Average TFLOPs: 2.936828
>> VLA-Cache inference mode
Current CUDA latency: 170.373123 ms | Average CUDA latency: 173.015929 ms, Average TFLOPs: 2.936871
>> VLA-Cache inference mode
Current CUDA latency: 138.976089 ms | Average CUDA latency: 172.926114 ms, Average TFLOPs: 2.936867
>> VLA-Cache inference mode
Current CUDA latency: 208.531387 ms | Average CUDA latency: 173.019812 ms, Average TFLOPs: 2.936664
>> VLA-Cache inference mode
Current CUDA latency: 104.791267 ms | Average CUDA latency: 172.840735 ms, Average TFLOPs: 2.936446
>> VLA-Cache inference mode
Current CUDA latency: 125.343971 ms | Average CUDA latency: 172.716398 ms, Average TFLOPs: 2.936131
>> VLA-Cache inference mode
Current CUDA latency: 111.665985 ms | Average CUDA latency: 172.556997 ms, Average TFLOPs: 2.935992
>> VLA-Cache inference mode
Current CUDA latency: 121.178017 ms | Average CUDA latency: 172.423198 ms, Average TFLOPs: 2.935824
>> VLA-Cache inference mode
Current CUDA latency: 187.409988 ms | Average CUDA latency: 172.462125 ms, Average TFLOPs: 2.935743
>> VLA-Cache inference mode
Current CUDA latency: 190.484924 ms | Average CUDA latency: 172.508816 ms, Average TFLOPs: 2.935620
>> VLA-Cache inference mode
Current CUDA latency: 245.402328 ms | Average CUDA latency: 172.697171 ms, Average TFLOPs: 2.935645
>> VLA-Cache inference mode
Current CUDA latency: 211.781570 ms | Average CUDA latency: 172.797904 ms, Average TFLOPs: 2.935451
>> VLA-Cache inference mode
Current CUDA latency: 130.991653 ms | Average CUDA latency: 172.690433 ms, Average TFLOPs: 2.935231
>> VLA-Cache inference mode
Current CUDA latency: 108.595100 ms | Average CUDA latency: 172.526086 ms, Average TFLOPs: 2.935070
>> VLA-Cache inference mode
Current CUDA latency: 136.785248 ms | Average CUDA latency: 172.434677 ms, Average TFLOPs: 2.935191
>> VLA-Cache inference mode
Current CUDA latency: 122.847038 ms | Average CUDA latency: 172.308178 ms, Average TFLOPs: 2.935157
>> VLA-Cache inference mode
Current CUDA latency: 162.237305 ms | Average CUDA latency: 172.282553 ms, Average TFLOPs: 2.935248
>> VLA-Cache inference mode
Current CUDA latency: 141.299713 ms | Average CUDA latency: 172.203916 ms, Average TFLOPs: 2.935294
>> VLA-Cache inference mode
Current CUDA latency: 206.443161 ms | Average CUDA latency: 172.290597 ms, Average TFLOPs: 2.935353
>> VLA-Cache inference mode
Current CUDA latency: 127.858467 ms | Average CUDA latency: 172.178395 ms, Average TFLOPs: 2.935386
>> VLA-Cache inference mode
Current CUDA latency: 117.631073 ms | Average CUDA latency: 172.040996 ms, Average TFLOPs: 2.935434
>> VLA-Cache inference mode
Current CUDA latency: 111.758720 ms | Average CUDA latency: 171.889533 ms, Average TFLOPs: 2.935445
>> VLA-Cache inference mode
Current CUDA latency: 112.138435 ms | Average CUDA latency: 171.739781 ms, Average TFLOPs: 2.935293
>> VLA-Cache inference mode
Current CUDA latency: 168.711517 ms | Average CUDA latency: 171.732211 ms, Average TFLOPs: 2.935020
>> VLA-Cache inference mode
Current CUDA latency: 121.366211 ms | Average CUDA latency: 171.606610 ms, Average TFLOPs: 2.934949
>> VLA-Cache inference mode
Current CUDA latency: 127.174500 ms | Average CUDA latency: 171.496082 ms, Average TFLOPs: 2.934782
>> VLA-Cache inference mode
Current CUDA latency: 149.477722 ms | Average CUDA latency: 171.441446 ms, Average TFLOPs: 2.934735
>> VLA-Cache inference mode
Current CUDA latency: 191.685959 ms | Average CUDA latency: 171.491556 ms, Average TFLOPs: 2.934683
Average time per step: 568.8598 ms, Control Frequency: 14.06 Hz, Token Reusing Ratio (Primary): 34.98 %, , Token Reusing Ratio (Wrist): 36.95 %
Saved rollout MP4 at path ./rollouts/2026_04_07/primary--2026_04_07-23_07_35--episode=11--success=True--task=put_both_the_alphabet_soup_and_the_tomato_sauce_in.mp4
Saved rollout MP4 at path ./rollouts/2026_04_07/wrist--2026_04_07-23_07_35--episode=11--success=True--task=put_both_the_alphabet_soup_and_the_tomato_sauce_in.mp4
04/07 [23:37:53] INFO     | >> Success: True              run_libero_eval.py:230
                 INFO     | >> # episodes completed so    run_libero_eval.py:230
                          far: 11                                               
                 INFO     | >> # successes: 11 (100.0%)   run_libero_eval.py:230

 55%|█████▌    | 11/20 [30:03<23:12, 154.77s/it][A                 INFO     | >>                            run_libero_eval.py:230
                          Task: put both the alphabet                           
                          soup and the tomato sauce in                          
                          the basket                                            
                 INFO     | >> Starting episode 12...     run_libero_eval.py:230
huggingface/tokenizers: The current process just got forked, after parallelism has already been used. Disabling parallelism to avoid deadlocks...
To disable this warning, you can either:
	- Avoid using `tokenizers` before the fork if possible
	- Explicitly set the environment variable TOKENIZERS_PARALLELISM=(true | false)
huggingface/tokenizers: The current process just got forked, after parallelism has already been used. Disabling parallelism to avoid deadlocks...
To disable this warning, you can either:
	- Avoid using `tokenizers` before the fork if possible
	- Explicitly set the environment variable TOKENIZERS_PARALLELISM=(true | false)
>> VLA-Cache inference mode
Current CUDA latency: 395.866577 ms | Average CUDA latency: 172.045568 ms, Average TFLOPs: 2.936634
>> VLA-Cache inference mode
Current CUDA latency: 276.746582 ms | Average CUDA latency: 172.303453 ms, Average TFLOPs: 2.936636
>> VLA-Cache inference mode
Current CUDA latency: 138.479523 ms | Average CUDA latency: 172.220347 ms, Average TFLOPs: 2.936705
>> VLA-Cache inference mode
Current CUDA latency: 123.006332 ms | Average CUDA latency: 172.099725 ms, Average TFLOPs: 2.936766
>> VLA-Cache inference mode
Current CUDA latency: 109.901505 ms | Average CUDA latency: 171.947651 ms, Average TFLOPs: 2.936858
>> VLA-Cache inference mode
Current CUDA latency: 111.122948 ms | Average CUDA latency: 171.799298 ms, Average TFLOPs: 2.936947
>> VLA-Cache inference mode
Current CUDA latency: 133.011047 ms | Average CUDA latency: 171.704922 ms, Average TFLOPs: 2.936881
>> VLA-Cache inference mode
Current CUDA latency: 110.649216 ms | Average CUDA latency: 171.556729 ms, Average TFLOPs: 2.936917
>> VLA-Cache inference mode
Current CUDA latency: 108.934174 ms | Average CUDA latency: 171.405101 ms, Average TFLOPs: 2.936869
>> VLA-Cache inference mode
Current CUDA latency: 119.385887 ms | Average CUDA latency: 171.279450 ms, Average TFLOPs: 2.936687
>> VLA-Cache inference mode
Current CUDA latency: 154.197311 ms | Average CUDA latency: 171.238288 ms, Average TFLOPs: 2.936410
>> VLA-Cache inference mode
Current CUDA latency: 109.193474 ms | Average CUDA latency: 171.089142 ms, Average TFLOPs: 2.936185
>> VLA-Cache inference mode
Current CUDA latency: 110.537636 ms | Average CUDA latency: 170.943935 ms, Average TFLOPs: 2.936061
>> VLA-Cache inference mode
Current CUDA latency: 110.954369 ms | Average CUDA latency: 170.800419 ms, Average TFLOPs: 2.935977
>> VLA-Cache inference mode
Current CUDA latency: 117.803680 ms | Average CUDA latency: 170.673935 ms, Average TFLOPs: 2.935875
>> VLA-Cache inference mode
Current CUDA latency: 134.081314 ms | Average CUDA latency: 170.586810 ms, Average TFLOPs: 2.935720
>> VLA-Cache inference mode
Current CUDA latency: 142.016190 ms | Average CUDA latency: 170.518946 ms, Average TFLOPs: 2.935563
>> VLA-Cache inference mode
Current CUDA latency: 205.260162 ms | Average CUDA latency: 170.601271 ms, Average TFLOPs: 2.935469
>> VLA-Cache inference mode
Current CUDA latency: 150.620316 ms | Average CUDA latency: 170.554035 ms, Average TFLOPs: 2.935344
>> VLA-Cache inference mode
Current CUDA latency: 171.265381 ms | Average CUDA latency: 170.555713 ms, Average TFLOPs: 2.935208
>> VLA-Cache inference mode
Current CUDA latency: 196.486618 ms | Average CUDA latency: 170.616727 ms, Average TFLOPs: 2.935148
>> VLA-Cache inference mode
Current CUDA latency: 120.054398 ms | Average CUDA latency: 170.498036 ms, Average TFLOPs: 2.935218
>> VLA-Cache inference mode
Current CUDA latency: 111.259842 ms | Average CUDA latency: 170.359305 ms, Average TFLOPs: 2.935266
>> VLA-Cache inference mode
Current CUDA latency: 112.643265 ms | Average CUDA latency: 170.224454 ms, Average TFLOPs: 2.935281
>> VLA-Cache inference mode
Current CUDA latency: 110.147133 ms | Average CUDA latency: 170.084414 ms, Average TFLOPs: 2.935270
>> VLA-Cache inference mode
Current CUDA latency: 119.693184 ms | Average CUDA latency: 169.967225 ms, Average TFLOPs: 2.935261
>> VLA-Cache inference mode
Current CUDA latency: 194.912094 ms | Average CUDA latency: 170.025102 ms, Average TFLOPs: 2.935276
>> VLA-Cache inference mode
Current CUDA latency: 220.406693 ms | Average CUDA latency: 170.141726 ms, Average TFLOPs: 2.935237
>> VLA-Cache inference mode
Current CUDA latency: 213.816803 ms | Average CUDA latency: 170.242592 ms, Average TFLOPs: 2.934880
>> VLA-Cache inference mode
Current CUDA latency: 122.412323 ms | Average CUDA latency: 170.132384 ms, Average TFLOPs: 2.934503
>> VLA-Cache inference mode
Current CUDA latency: 102.157860 ms | Average CUDA latency: 169.976121 ms, Average TFLOPs: 2.934290
>> VLA-Cache inference mode
Current CUDA latency: 131.184189 ms | Average CUDA latency: 169.887148 ms, Average TFLOPs: 2.934053
>> VLA-Cache inference mode
Current CUDA latency: 175.702789 ms | Average CUDA latency: 169.900456 ms, Average TFLOPs: 2.933901
>> VLA-Cache inference mode
Current CUDA latency: 370.548615 ms | Average CUDA latency: 170.358557 ms, Average TFLOPs: 2.933834
Average time per step: 568.6060 ms, Control Frequency: 14.07 Hz, Token Reusing Ratio (Primary): 35.07 %, , Token Reusing Ratio (Wrist): 36.94 %
Saved rollout MP4 at path ./rollouts/2026_04_07/primary--2026_04_07-23_07_35--episode=12--success=True--task=put_both_the_alphabet_soup_and_the_tomato_sauce_in.mp4
Saved rollout MP4 at path ./rollouts/2026_04_07/wrist--2026_04_07-23_07_35--episode=12--success=True--task=put_both_the_alphabet_soup_and_the_tomato_sauce_in.mp4
04/07 [23:40:20] INFO     | >> Success: True              run_libero_eval.py:230
                 INFO     | >> # episodes completed so    run_libero_eval.py:230
                          far: 12                                               
                 INFO     | >> # successes: 12 (100.0%)   run_libero_eval.py:230

 60%|██████    | 12/20 [32:30<20:19, 152.45s/it][A                 INFO     | >>                            run_libero_eval.py:230
                          Task: put both the alphabet                           
                          soup and the tomato sauce in                          
                          the basket                                            
                 INFO     | >> Starting episode 13...     run_libero_eval.py:230
huggingface/tokenizers: The current process just got forked, after parallelism has already been used. Disabling parallelism to avoid deadlocks...
To disable this warning, you can either:
	- Avoid using `tokenizers` before the fork if possible
	- Explicitly set the environment variable TOKENIZERS_PARALLELISM=(true | false)
huggingface/tokenizers: The current process just got forked, after parallelism has already been used. Disabling parallelism to avoid deadlocks...
To disable this warning, you can either:
	- Avoid using `tokenizers` before the fork if possible
	- Explicitly set the environment variable TOKENIZERS_PARALLELISM=(true | false)
>> VLA-Cache inference mode
Current CUDA latency: 400.315552 ms | Average CUDA latency: 170.882377 ms, Average TFLOPs: 2.935636
>> VLA-Cache inference mode
Current CUDA latency: 280.132843 ms | Average CUDA latency: 171.130674 ms, Average TFLOPs: 2.935754
>> VLA-Cache inference mode
Current CUDA latency: 153.961945 ms | Average CUDA latency: 171.091742 ms, Average TFLOPs: 2.935856
>> VLA-Cache inference mode
Current CUDA latency: 127.409279 ms | Average CUDA latency: 170.992913 ms, Average TFLOPs: 2.935997
>> VLA-Cache inference mode
Current CUDA latency: 117.644386 ms | Average CUDA latency: 170.872488 ms, Average TFLOPs: 2.936066
>> VLA-Cache inference mode
Current CUDA latency: 119.644035 ms | Average CUDA latency: 170.757108 ms, Average TFLOPs: 2.936160
>> VLA-Cache inference mode
Current CUDA latency: 110.354752 ms | Average CUDA latency: 170.621373 ms, Average TFLOPs: 2.936236
>> VLA-Cache inference mode
Current CUDA latency: 176.869156 ms | Average CUDA latency: 170.635381 ms, Average TFLOPs: 2.936206
>> VLA-Cache inference mode
Current CUDA latency: 183.274597 ms | Average CUDA latency: 170.663657 ms, Average TFLOPs: 2.936107
>> VLA-Cache inference mode
Current CUDA latency: 322.165436 ms | Average CUDA latency: 171.001830 ms, Average TFLOPs: 2.935930
>> VLA-Cache inference mode
Current CUDA latency: 136.177338 ms | Average CUDA latency: 170.924270 ms, Average TFLOPs: 2.935733
>> VLA-Cache inference mode
Current CUDA latency: 129.729568 ms | Average CUDA latency: 170.832727 ms, Average TFLOPs: 2.935584
>> VLA-Cache inference mode
Current CUDA latency: 137.009125 ms | Average CUDA latency: 170.757730 ms, Average TFLOPs: 2.935377
>> VLA-Cache inference mode
Current CUDA latency: 115.465599 ms | Average CUDA latency: 170.635402 ms, Average TFLOPs: 2.935343
>> VLA-Cache inference mode
Current CUDA latency: 145.041565 ms | Average CUDA latency: 170.578903 ms, Average TFLOPs: 2.935214
>> VLA-Cache inference mode
Current CUDA latency: 204.585571 ms | Average CUDA latency: 170.653808 ms, Average TFLOPs: 2.935159
>> VLA-Cache inference mode
Current CUDA latency: 318.055359 ms | Average CUDA latency: 170.977767 ms, Average TFLOPs: 2.935078
>> VLA-Cache inference mode
Current CUDA latency: 228.171463 ms | Average CUDA latency: 171.103192 ms, Average TFLOPs: 2.934984
>> VLA-Cache inference mode
Current CUDA latency: 109.818878 ms | Average CUDA latency: 170.969091 ms, Average TFLOPs: 2.934900
>> VLA-Cache inference mode
Current CUDA latency: 127.492477 ms | Average CUDA latency: 170.874164 ms, Average TFLOPs: 2.934947
>> VLA-Cache inference mode
Current CUDA latency: 113.334045 ms | Average CUDA latency: 170.748804 ms, Average TFLOPs: 2.935056
>> VLA-Cache inference mode
Current CUDA latency: 111.694847 ms | Average CUDA latency: 170.620426 ms, Average TFLOPs: 2.935096
>> VLA-Cache inference mode
Current CUDA latency: 117.102463 ms | Average CUDA latency: 170.504335 ms, Average TFLOPs: 2.935183
>> VLA-Cache inference mode
Current CUDA latency: 115.588097 ms | Average CUDA latency: 170.385468 ms, Average TFLOPs: 2.935318
>> VLA-Cache inference mode
Current CUDA latency: 233.587143 ms | Average CUDA latency: 170.521973 ms, Average TFLOPs: 2.935285
>> VLA-Cache inference mode
Current CUDA latency: 169.663361 ms | Average CUDA latency: 170.520123 ms, Average TFLOPs: 2.935322
>> VLA-Cache inference mode
Current CUDA latency: 218.910492 ms | Average CUDA latency: 170.624188 ms, Average TFLOPs: 2.935362
>> VLA-Cache inference mode
Current CUDA latency: 179.875198 ms | Average CUDA latency: 170.644040 ms, Average TFLOPs: 2.935257
>> VLA-Cache inference mode
Current CUDA latency: 209.513763 ms | Average CUDA latency: 170.727273 ms, Average TFLOPs: 2.934976
>> VLA-Cache inference mode
Current CUDA latency: 120.848480 ms | Average CUDA latency: 170.620694 ms, Average TFLOPs: 2.934764
>> VLA-Cache inference mode
Current CUDA latency: 107.739075 ms | Average CUDA latency: 170.486618 ms, Average TFLOPs: 2.934634
>> VLA-Cache inference mode
Current CUDA latency: 117.849854 ms | Average CUDA latency: 170.374625 ms, Average TFLOPs: 2.934619
Average time per step: 570.6704 ms, Control Frequency: 14.02 Hz, Token Reusing Ratio (Primary): 35.02 %, , Token Reusing Ratio (Wrist): 36.94 %
Saved rollout MP4 at path ./rollouts/2026_04_07/primary--2026_04_07-23_07_35--episode=13--success=True--task=put_both_the_alphabet_soup_and_the_tomato_sauce_in.mp4
Saved rollout MP4 at path ./rollouts/2026_04_07/wrist--2026_04_07-23_07_35--episode=13--success=True--task=put_both_the_alphabet_soup_and_the_tomato_sauce_in.mp4
04/07 [23:42:42] INFO     | >> Success: True              run_libero_eval.py:230
                 INFO     | >> # episodes completed so    run_libero_eval.py:230
                          far: 13                                               
                 INFO     | >> # successes: 13 (100.0%)   run_libero_eval.py:230

 65%|██████▌   | 13/20 [34:51<17:23, 149.10s/it][A                 INFO     | >>                            run_libero_eval.py:230
                          Task: put both the alphabet                           
                          soup and the tomato sauce in                          
                          the basket                                            
                 INFO     | >> Starting episode 14...     run_libero_eval.py:230
huggingface/tokenizers: The current process just got forked, after parallelism has already been used. Disabling parallelism to avoid deadlocks...
To disable this warning, you can either:
	- Avoid using `tokenizers` before the fork if possible
	- Explicitly set the environment variable TOKENIZERS_PARALLELISM=(true | false)
huggingface/tokenizers: The current process just got forked, after parallelism has already been used. Disabling parallelism to avoid deadlocks...
To disable this warning, you can either:
	- Avoid using `tokenizers` before the fork if possible
	- Explicitly set the environment variable TOKENIZERS_PARALLELISM=(true | false)
>> VLA-Cache inference mode
Current CUDA latency: 316.166840 ms | Average CUDA latency: 170.684163 ms, Average TFLOPs: 2.936296
>> VLA-Cache inference mode
Current CUDA latency: 333.421143 ms | Average CUDA latency: 171.028944 ms, Average TFLOPs: 2.936406
>> VLA-Cache inference mode
Current CUDA latency: 167.537064 ms | Average CUDA latency: 171.021562 ms, Average TFLOPs: 2.936529
>> VLA-Cache inference mode
Current CUDA latency: 279.008667 ms | Average CUDA latency: 171.249383 ms, Average TFLOPs: 2.936658
>> VLA-Cache inference mode
Current CUDA latency: 149.199646 ms | Average CUDA latency: 171.202962 ms, Average TFLOPs: 2.936765
>> VLA-Cache inference mode
Current CUDA latency: 124.248093 ms | Average CUDA latency: 171.104318 ms, Average TFLOPs: 2.936842
>> VLA-Cache inference mode
Current CUDA latency: 139.996964 ms | Average CUDA latency: 171.039103 ms, Average TFLOPs: 2.936817
>> VLA-Cache inference mode
Current CUDA latency: 145.054749 ms | Average CUDA latency: 170.984743 ms, Average TFLOPs: 2.936741
>> VLA-Cache inference mode
Current CUDA latency: 108.616638 ms | Average CUDA latency: 170.854538 ms, Average TFLOPs: 2.936660
>> VLA-Cache inference mode
Current CUDA latency: 118.975716 ms | Average CUDA latency: 170.746457 ms, Average TFLOPs: 2.936519
>> VLA-Cache inference mode
Current CUDA latency: 103.239677 ms | Average CUDA latency: 170.606110 ms, Average TFLOPs: 2.936379
>> VLA-Cache inference mode
Current CUDA latency: 116.432961 ms | Average CUDA latency: 170.493718 ms, Average TFLOPs: 2.936256
>> VLA-Cache inference mode
Current CUDA latency: 201.558105 ms | Average CUDA latency: 170.558033 ms, Average TFLOPs: 2.936209
>> VLA-Cache inference mode
Current CUDA latency: 219.454651 ms | Average CUDA latency: 170.659059 ms, Average TFLOPs: 2.936219
>> VLA-Cache inference mode
Current CUDA latency: 263.335236 ms | Average CUDA latency: 170.850144 ms, Average TFLOPs: 2.936058
>> VLA-Cache inference mode
Current CUDA latency: 103.371330 ms | Average CUDA latency: 170.711299 ms, Average TFLOPs: 2.935922
>> VLA-Cache inference mode
Current CUDA latency: 115.175262 ms | Average CUDA latency: 170.597262 ms, Average TFLOPs: 2.935801
>> VLA-Cache inference mode
Current CUDA latency: 119.145821 ms | Average CUDA latency: 170.491829 ms, Average TFLOPs: 2.935767
>> VLA-Cache inference mode
Current CUDA latency: 119.578140 ms | Average CUDA latency: 170.387711 ms, Average TFLOPs: 2.935765
>> VLA-Cache inference mode
Current CUDA latency: 200.048996 ms | Average CUDA latency: 170.448244 ms, Average TFLOPs: 2.935697
>> VLA-Cache inference mode
Current CUDA latency: 226.529602 ms | Average CUDA latency: 170.562462 ms, Average TFLOPs: 2.935747
>> VLA-Cache inference mode
Current CUDA latency: 324.412445 ms | Average CUDA latency: 170.875166 ms, Average TFLOPs: 2.935834
>> VLA-Cache inference mode
Current CUDA latency: 171.319962 ms | Average CUDA latency: 170.876068 ms, Average TFLOPs: 2.935924
>> VLA-Cache inference mode
Current CUDA latency: 167.422882 ms | Average CUDA latency: 170.869078 ms, Average TFLOPs: 2.936046
>> VLA-Cache inference mode
Current CUDA latency: 110.292831 ms | Average CUDA latency: 170.746701 ms, Average TFLOPs: 2.936081
>> VLA-Cache inference mode
Current CUDA latency: 109.334686 ms | Average CUDA latency: 170.622887 ms, Average TFLOPs: 2.936116
>> VLA-Cache inference mode
Current CUDA latency: 117.841217 ms | Average CUDA latency: 170.516686 ms, Average TFLOPs: 2.936092
>> VLA-Cache inference mode
Current CUDA latency: 310.714294 ms | Average CUDA latency: 170.798208 ms, Average TFLOPs: 2.935922
>> VLA-Cache inference mode
Current CUDA latency: 259.504486 ms | Average CUDA latency: 170.975976 ms, Average TFLOPs: 2.935735
>> VLA-Cache inference mode
Current CUDA latency: 200.387070 ms | Average CUDA latency: 171.034798 ms, Average TFLOPs: 2.935577
>> VLA-Cache inference mode
Current CUDA latency: 179.733063 ms | Average CUDA latency: 171.052160 ms, Average TFLOPs: 2.935484
>> VLA-Cache inference mode
Current CUDA latency: 124.776192 ms | Average CUDA latency: 170.959977 ms, Average TFLOPs: 2.935368
>> VLA-Cache inference mode
Current CUDA latency: 138.360153 ms | Average CUDA latency: 170.895166 ms, Average TFLOPs: 2.935293
Average time per step: 570.8118 ms, Control Frequency: 14.02 Hz, Token Reusing Ratio (Primary): 34.97 %, , Token Reusing Ratio (Wrist): 36.94 %
Saved rollout MP4 at path ./rollouts/2026_04_07/primary--2026_04_07-23_07_35--episode=14--success=True--task=put_both_the_alphabet_soup_and_the_tomato_sauce_in.mp4
Saved rollout MP4 at path ./rollouts/2026_04_07/wrist--2026_04_07-23_07_35--episode=14--success=True--task=put_both_the_alphabet_soup_and_the_tomato_sauce_in.mp4
04/07 [23:45:16] INFO     | >> Success: True              run_libero_eval.py:230
                 INFO     | >> # episodes completed so    run_libero_eval.py:230
                          far: 14                                               
                 INFO     | >> # successes: 14 (100.0%)   run_libero_eval.py:230

 70%|███████   | 14/20 [37:25<15:03, 150.56s/it][A                 INFO     | >>                            run_libero_eval.py:230
                          Task: put both the alphabet                           
                          soup and the tomato sauce in                          
                          the basket                                            
                 INFO     | >> Starting episode 15...     run_libero_eval.py:230
>> VLA-Cache inference mode
Current CUDA latency: 334.424530 ms | Average CUDA latency: 171.219629 ms, Average TFLOPs: 2.936859
>> VLA-Cache inference mode
Current CUDA latency: 244.300735 ms | Average CUDA latency: 171.364344 ms, Average TFLOPs: 2.936928
>> VLA-Cache inference mode
Current CUDA latency: 167.423615 ms | Average CUDA latency: 171.356556 ms, Average TFLOPs: 2.936952
>> VLA-Cache inference mode
Current CUDA latency: 287.574219 ms | Average CUDA latency: 171.585782 ms, Average TFLOPs: 2.936962
>> VLA-Cache inference mode
Current CUDA latency: 218.542938 ms | Average CUDA latency: 171.678217 ms, Average TFLOPs: 2.936992
>> VLA-Cache inference mode
Current CUDA latency: 161.836288 ms | Average CUDA latency: 171.658882 ms, Average TFLOPs: 2.937021
>> VLA-Cache inference mode
Current CUDA latency: 115.826050 ms | Average CUDA latency: 171.549405 ms, Average TFLOPs: 2.937017
>> VLA-Cache inference mode
Current CUDA latency: 135.075516 ms | Average CUDA latency: 171.478028 ms, Average TFLOPs: 2.936947
>> VLA-Cache inference mode
Current CUDA latency: 110.127678 ms | Average CUDA latency: 171.358203 ms, Average TFLOPs: 2.936892
>> VLA-Cache inference mode
Current CUDA latency: 165.671463 ms | Average CUDA latency: 171.347118 ms, Average TFLOPs: 2.936746
>> VLA-Cache inference mode
Current CUDA latency: 132.009277 ms | Average CUDA latency: 171.270585 ms, Average TFLOPs: 2.936504
>> VLA-Cache inference mode
Current CUDA latency: 103.749245 ms | Average CUDA latency: 171.139476 ms, Average TFLOPs: 2.936398
>> VLA-Cache inference mode
Current CUDA latency: 113.014946 ms | Average CUDA latency: 171.026831 ms, Average TFLOPs: 2.936296
>> VLA-Cache inference mode
Current CUDA latency: 140.178558 ms | Average CUDA latency: 170.967163 ms, Average TFLOPs: 2.936254
>> VLA-Cache inference mode
Current CUDA latency: 181.918335 ms | Average CUDA latency: 170.988305 ms, Average TFLOPs: 2.936235
>> VLA-Cache inference mode
Current CUDA latency: 207.100571 ms | Average CUDA latency: 171.057885 ms, Average TFLOPs: 2.936176
>> VLA-Cache inference mode
Current CUDA latency: 227.026016 ms | Average CUDA latency: 171.165516 ms, Average TFLOPs: 2.936215
>> VLA-Cache inference mode
Current CUDA latency: 121.094208 ms | Average CUDA latency: 171.069410 ms, Average TFLOPs: 2.936213
>> VLA-Cache inference mode
Current CUDA latency: 114.544380 ms | Average CUDA latency: 170.961124 ms, Average TFLOPs: 2.936127
>> VLA-Cache inference mode
Current CUDA latency: 116.087234 ms | Average CUDA latency: 170.856203 ms, Average TFLOPs: 2.936126
>> VLA-Cache inference mode
Current CUDA latency: 110.624191 ms | Average CUDA latency: 170.741256 ms, Average TFLOPs: 2.936025
>> VLA-Cache inference mode
Current CUDA latency: 178.137283 ms | Average CUDA latency: 170.755344 ms, Average TFLOPs: 2.935982
>> VLA-Cache inference mode
Current CUDA latency: 254.334213 ms | Average CUDA latency: 170.914239 ms, Average TFLOPs: 2.936018
>> VLA-Cache inference mode
Current CUDA latency: 267.469086 ms | Average CUDA latency: 171.097455 ms, Average TFLOPs: 2.936067
>> VLA-Cache inference mode
Current CUDA latency: 133.085281 ms | Average CUDA latency: 171.025463 ms, Average TFLOPs: 2.936075
>> VLA-Cache inference mode
Current CUDA latency: 166.077057 ms | Average CUDA latency: 171.016108 ms, Average TFLOPs: 2.935955
>> VLA-Cache inference mode
Current CUDA latency: 127.863518 ms | Average CUDA latency: 170.934688 ms, Average TFLOPs: 2.935915
>> VLA-Cache inference mode
Current CUDA latency: 121.371552 ms | Average CUDA latency: 170.841349 ms, Average TFLOPs: 2.935980
>> VLA-Cache inference mode
Current CUDA latency: 166.870041 ms | Average CUDA latency: 170.833884 ms, Average TFLOPs: 2.936102
>> VLA-Cache inference mode
Current CUDA latency: 160.322052 ms | Average CUDA latency: 170.814162 ms, Average TFLOPs: 2.936130
>> VLA-Cache inference mode
Current CUDA latency: 260.534454 ms | Average CUDA latency: 170.982178 ms, Average TFLOPs: 2.936074
>> VLA-Cache inference mode
Current CUDA latency: 214.871643 ms | Average CUDA latency: 171.064214 ms, Average TFLOPs: 2.936058
>> VLA-Cache inference mode
Current CUDA latency: 165.396378 ms | Average CUDA latency: 171.053640 ms, Average TFLOPs: 2.936163
>> VLA-Cache inference mode
Current CUDA latency: 149.676544 ms | Average CUDA latency: 171.013831 ms, Average TFLOPs: 2.936220
>> VLA-Cache inference mode
Current CUDA latency: 114.965759 ms | Average CUDA latency: 170.909653 ms, Average TFLOPs: 2.936256
>> VLA-Cache inference mode
Current CUDA latency: 124.491295 ms | Average CUDA latency: 170.823533 ms, Average TFLOPs: 2.936263
>> VLA-Cache inference mode
Current CUDA latency: 110.906334 ms | Average CUDA latency: 170.712576 ms, Average TFLOPs: 2.936223
>> VLA-Cache inference mode
Current CUDA latency: 116.091934 ms | Average CUDA latency: 170.611613 ms, Average TFLOPs: 2.936321
>> VLA-Cache inference mode
Current CUDA latency: 181.433212 ms | Average CUDA latency: 170.631579 ms, Average TFLOPs: 2.936330
>> VLA-Cache inference mode
Current CUDA latency: 185.898468 ms | Average CUDA latency: 170.659695 ms, Average TFLOPs: 2.936344
>> VLA-Cache inference mode
Current CUDA latency: 182.106720 ms | Average CUDA latency: 170.680737 ms, Average TFLOPs: 2.936351
>> VLA-Cache inference mode
Current CUDA latency: 184.796616 ms | Average CUDA latency: 170.706638 ms, Average TFLOPs: 2.936346
>> VLA-Cache inference mode
Current CUDA latency: 138.035461 ms | Average CUDA latency: 170.646801 ms, Average TFLOPs: 2.936445
>> VLA-Cache inference mode
Current CUDA latency: 217.193665 ms | Average CUDA latency: 170.731896 ms, Average TFLOPs: 2.936466
>> VLA-Cache inference mode
Current CUDA latency: 145.126144 ms | Average CUDA latency: 170.685170 ms, Average TFLOPs: 2.936425
>> VLA-Cache inference mode
Current CUDA latency: 154.249756 ms | Average CUDA latency: 170.655233 ms, Average TFLOPs: 2.936341
>> VLA-Cache inference mode
Current CUDA latency: 109.128387 ms | Average CUDA latency: 170.543366 ms, Average TFLOPs: 2.936306
>> VLA-Cache inference mode
Current CUDA latency: 214.150681 ms | Average CUDA latency: 170.622508 ms, Average TFLOPs: 2.936271
>> VLA-Cache inference mode
Current CUDA latency: 145.458237 ms | Average CUDA latency: 170.576921 ms, Average TFLOPs: 2.936206
>> VLA-Cache inference mode
Current CUDA latency: 122.990623 ms | Average CUDA latency: 170.490869 ms, Average TFLOPs: 2.936137
>> VLA-Cache inference mode
Current CUDA latency: 310.315094 ms | Average CUDA latency: 170.743260 ms, Average TFLOPs: 2.936177
>> VLA-Cache inference mode
Current CUDA latency: 229.515778 ms | Average CUDA latency: 170.849156 ms, Average TFLOPs: 2.936186
>> VLA-Cache inference mode
Current CUDA latency: 125.373886 ms | Average CUDA latency: 170.767366 ms, Average TFLOPs: 2.936252
>> VLA-Cache inference mode
Current CUDA latency: 183.242981 ms | Average CUDA latency: 170.789764 ms, Average TFLOPs: 2.936308
>> VLA-Cache inference mode
Current CUDA latency: 140.771072 ms | Average CUDA latency: 170.735967 ms, Average TFLOPs: 2.936516
>> VLA-Cache inference mode
Current CUDA latency: 118.381699 ms | Average CUDA latency: 170.642310 ms, Average TFLOPs: 2.936585
>> VLA-Cache inference mode
Current CUDA latency: 109.123169 ms | Average CUDA latency: 170.532454 ms, Average TFLOPs: 2.936632
>> VLA-Cache inference mode
Current CUDA latency: 128.795517 ms | Average CUDA latency: 170.458057 ms, Average TFLOPs: 2.936736
>> VLA-Cache inference mode
Current CUDA latency: 145.805573 ms | Average CUDA latency: 170.414191 ms, Average TFLOPs: 2.936770
>> VLA-Cache inference mode
Current CUDA latency: 159.244736 ms | Average CUDA latency: 170.394352 ms, Average TFLOPs: 2.936872
>> VLA-Cache inference mode
Current CUDA latency: 215.747559 ms | Average CUDA latency: 170.474766 ms, Average TFLOPs: 2.936885
>> VLA-Cache inference mode
Current CUDA latency: 196.831161 ms | Average CUDA latency: 170.521414 ms, Average TFLOPs: 2.936889
>> VLA-Cache inference mode
Current CUDA latency: 131.623718 ms | Average CUDA latency: 170.452690 ms, Average TFLOPs: 2.936922
>> VLA-Cache inference mode
Current CUDA latency: 166.030243 ms | Average CUDA latency: 170.444891 ms, Average TFLOPs: 2.936983
huggingface/tokenizers: The current process just got forked, after parallelism has already been used. Disabling parallelism to avoid deadlocks...
To disable this warning, you can either:
	- Avoid using `tokenizers` before the fork if possible
	- Explicitly set the environment variable TOKENIZERS_PARALLELISM=(true | false)
huggingface/tokenizers: The current process just got forked, after parallelism has already been used. Disabling parallelism to avoid deadlocks...
To disable this warning, you can either:
	- Avoid using `tokenizers` before the fork if possible
	- Explicitly set the environment variable TOKENIZERS_PARALLELISM=(true | false)
>> VLA-Cache inference mode
Current CUDA latency: 109.000130 ms | Average CUDA latency: 170.336713 ms, Average TFLOPs: 2.936976
Average time per step: 570.3554 ms, Control Frequency: 14.03 Hz, Token Reusing Ratio (Primary): 35.03 %, , Token Reusing Ratio (Wrist): 36.98 %
Saved rollout MP4 at path ./rollouts/2026_04_07/primary--2026_04_07-23_07_35--episode=15--success=False--task=put_both_the_alphabet_soup_and_the_tomato_sauce_in.mp4
Saved rollout MP4 at path ./rollouts/2026_04_07/wrist--2026_04_07-23_07_35--episode=15--success=False--task=put_both_the_alphabet_soup_and_the_tomato_sauce_in.mp4
04/07 [23:50:12] INFO     | >> Success: False             run_libero_eval.py:230
                 INFO     | >> # episodes completed so    run_libero_eval.py:230
                          far: 15                                               
                 INFO     | >> # successes: 14 (93.3%)    run_libero_eval.py:230

 75%|███████▌  | 15/20 [42:22<16:12, 194.51s/it][A                 INFO     | >>                            run_libero_eval.py:230
                          Task: put both the alphabet                           
                          soup and the tomato sauce in                          
                          the basket                                            
                 INFO     | >> Starting episode 16...     run_libero_eval.py:230
huggingface/tokenizers: The current process just got forked, after parallelism has already been used. Disabling parallelism to avoid deadlocks...
To disable this warning, you can either:
	- Avoid using `tokenizers` before the fork if possible
	- Explicitly set the environment variable TOKENIZERS_PARALLELISM=(true | false)
huggingface/tokenizers: The current process just got forked, after parallelism has already been used. Disabling parallelism to avoid deadlocks...
To disable this warning, you can either:
	- Avoid using `tokenizers` before the fork if possible
	- Explicitly set the environment variable TOKENIZERS_PARALLELISM=(true | false)
>> VLA-Cache inference mode
Current CUDA latency: 371.976715 ms | Average CUDA latency: 170.691089 ms, Average TFLOPs: 2.938360
>> VLA-Cache inference mode
Current CUDA latency: 277.746185 ms | Average CUDA latency: 170.878905 ms, Average TFLOPs: 2.938377
>> VLA-Cache inference mode
Current CUDA latency: 134.186752 ms | Average CUDA latency: 170.814646 ms, Average TFLOPs: 2.938435
>> VLA-Cache inference mode
Current CUDA latency: 120.844704 ms | Average CUDA latency: 170.727286 ms, Average TFLOPs: 2.938462
>> VLA-Cache inference mode
Current CUDA latency: 155.153214 ms | Average CUDA latency: 170.700106 ms, Average TFLOPs: 2.938477
>> VLA-Cache inference mode
Current CUDA latency: 238.214493 ms | Average CUDA latency: 170.817727 ms, Average TFLOPs: 2.938510
>> VLA-Cache inference mode
Current CUDA latency: 362.305298 ms | Average CUDA latency: 171.150749 ms, Average TFLOPs: 2.938476
>> VLA-Cache inference mode
Current CUDA latency: 185.670151 ms | Average CUDA latency: 171.175956 ms, Average TFLOPs: 2.938398
>> VLA-Cache inference mode
Current CUDA latency: 132.668198 ms | Average CUDA latency: 171.109218 ms, Average TFLOPs: 2.938317
>> VLA-Cache inference mode
Current CUDA latency: 137.275208 ms | Average CUDA latency: 171.050682 ms, Average TFLOPs: 2.938209
>> VLA-Cache inference mode
Current CUDA latency: 135.536896 ms | Average CUDA latency: 170.989345 ms, Average TFLOPs: 2.938046
>> VLA-Cache inference mode
Current CUDA latency: 110.806206 ms | Average CUDA latency: 170.885581 ms, Average TFLOPs: 2.938004
>> VLA-Cache inference mode
Current CUDA latency: 161.148483 ms | Average CUDA latency: 170.868822 ms, Average TFLOPs: 2.937951
>> VLA-Cache inference mode
Current CUDA latency: 114.387871 ms | Average CUDA latency: 170.771776 ms, Average TFLOPs: 2.937851
>> VLA-Cache inference mode
Current CUDA latency: 104.417213 ms | Average CUDA latency: 170.657960 ms, Average TFLOPs: 2.937744
>> VLA-Cache inference mode
Current CUDA latency: 112.313698 ms | Average CUDA latency: 170.558055 ms, Average TFLOPs: 2.937646
>> VLA-Cache inference mode
Current CUDA latency: 108.783745 ms | Average CUDA latency: 170.452458 ms, Average TFLOPs: 2.937592
>> VLA-Cache inference mode
Current CUDA latency: 110.235901 ms | Average CUDA latency: 170.349700 ms, Average TFLOPs: 2.937587
>> VLA-Cache inference mode
Current CUDA latency: 116.176674 ms | Average CUDA latency: 170.257412 ms, Average TFLOPs: 2.937489
>> VLA-Cache inference mode
Current CUDA latency: 117.366211 ms | Average CUDA latency: 170.167461 ms, Average TFLOPs: 2.937509
>> VLA-Cache inference mode
Current CUDA latency: 194.945892 ms | Average CUDA latency: 170.209529 ms, Average TFLOPs: 2.937513
>> VLA-Cache inference mode
Current CUDA latency: 167.465286 ms | Average CUDA latency: 170.204878 ms, Average TFLOPs: 2.937558
>> VLA-Cache inference mode
Current CUDA latency: 201.275162 ms | Average CUDA latency: 170.257450 ms, Average TFLOPs: 2.937545
>> VLA-Cache inference mode
Current CUDA latency: 206.919708 ms | Average CUDA latency: 170.319380 ms, Average TFLOPs: 2.937562
>> VLA-Cache inference mode
Current CUDA latency: 121.962303 ms | Average CUDA latency: 170.237833 ms, Average TFLOPs: 2.937487
>> VLA-Cache inference mode
Current CUDA latency: 214.059586 ms | Average CUDA latency: 170.311607 ms, Average TFLOPs: 2.937324
>> VLA-Cache inference mode
Current CUDA latency: 130.794586 ms | Average CUDA latency: 170.245192 ms, Average TFLOPs: 2.937110
>> VLA-Cache inference mode
Current CUDA latency: 132.870148 ms | Average CUDA latency: 170.182482 ms, Average TFLOPs: 2.936962
>> VLA-Cache inference mode
Current CUDA latency: 166.967911 ms | Average CUDA latency: 170.177098 ms, Average TFLOPs: 2.936893
>> VLA-Cache inference mode
Current CUDA latency: 204.475769 ms | Average CUDA latency: 170.234454 ms, Average TFLOPs: 2.936713
>> VLA-Cache inference mode
Current CUDA latency: 183.805817 ms | Average CUDA latency: 170.257110 ms, Average TFLOPs: 2.936663
>> VLA-Cache inference mode
Current CUDA latency: 174.784348 ms | Average CUDA latency: 170.264656 ms, Average TFLOPs: 2.936537
>> VLA-Cache inference mode
Current CUDA latency: 156.450500 ms | Average CUDA latency: 170.241670 ms, Average TFLOPs: 2.936360
Average time per step: 572.8504 ms, Control Frequency: 13.97 Hz, Token Reusing Ratio (Primary): 35.04 %, , Token Reusing Ratio (Wrist): 37.00 %
Saved rollout MP4 at path ./rollouts/2026_04_07/primary--2026_04_07-23_07_35--episode=16--success=True--task=put_both_the_alphabet_soup_and_the_tomato_sauce_in.mp4
Saved rollout MP4 at path ./rollouts/2026_04_07/wrist--2026_04_07-23_07_35--episode=16--success=True--task=put_both_the_alphabet_soup_and_the_tomato_sauce_in.mp4
04/07 [23:52:45] INFO     | >> Success: True              run_libero_eval.py:230
                 INFO     | >> # episodes completed so    run_libero_eval.py:230
                          far: 16                                               
                 INFO     | >> # successes: 15 (93.8%)    run_libero_eval.py:230

 80%|████████  | 16/20 [44:55<12:08, 182.13s/it][A                 INFO     | >>                            run_libero_eval.py:230
                          Task: put both the alphabet                           
                          soup and the tomato sauce in                          
                          the basket                                            
                 INFO     | >> Starting episode 17...     run_libero_eval.py:230
huggingface/tokenizers: The current process just got forked, after parallelism has already been used. Disabling parallelism to avoid deadlocks...
To disable this warning, you can either:
	- Avoid using `tokenizers` before the fork if possible
	- Explicitly set the environment variable TOKENIZERS_PARALLELISM=(true | false)
huggingface/tokenizers: The current process just got forked, after parallelism has already been used. Disabling parallelism to avoid deadlocks...
To disable this warning, you can either:
	- Avoid using `tokenizers` before the fork if possible
	- Explicitly set the environment variable TOKENIZERS_PARALLELISM=(true | false)
>> VLA-Cache inference mode
Current CUDA latency: 334.951721 ms | Average CUDA latency: 170.515275 ms, Average TFLOPs: 2.937670
>> VLA-Cache inference mode
Current CUDA latency: 332.888794 ms | Average CUDA latency: 170.784551 ms, Average TFLOPs: 2.937688
>> VLA-Cache inference mode
Current CUDA latency: 122.695709 ms | Average CUDA latency: 170.704934 ms, Average TFLOPs: 2.937697
>> VLA-Cache inference mode
Current CUDA latency: 128.800705 ms | Average CUDA latency: 170.635671 ms, Average TFLOPs: 2.937678
>> VLA-Cache inference mode
Current CUDA latency: 112.485794 ms | Average CUDA latency: 170.539714 ms, Average TFLOPs: 2.937669
>> VLA-Cache inference mode
Current CUDA latency: 116.951485 ms | Average CUDA latency: 170.451430 ms, Average TFLOPs: 2.937638
>> VLA-Cache inference mode
Current CUDA latency: 109.196259 ms | Average CUDA latency: 170.350682 ms, Average TFLOPs: 2.937651
>> VLA-Cache inference mode
Current CUDA latency: 136.824356 ms | Average CUDA latency: 170.295630 ms, Average TFLOPs: 2.937560
>> VLA-Cache inference mode
Current CUDA latency: 136.600998 ms | Average CUDA latency: 170.240393 ms, Average TFLOPs: 2.937409
>> VLA-Cache inference mode
Current CUDA latency: 123.023552 ms | Average CUDA latency: 170.163115 ms, Average TFLOPs: 2.937139
>> VLA-Cache inference mode
Current CUDA latency: 115.231934 ms | Average CUDA latency: 170.073358 ms, Average TFLOPs: 2.936888
>> VLA-Cache inference mode
Current CUDA latency: 224.677124 ms | Average CUDA latency: 170.162434 ms, Average TFLOPs: 2.936741
>> VLA-Cache inference mode
Current CUDA latency: 173.022812 ms | Average CUDA latency: 170.167093 ms, Average TFLOPs: 2.936624
>> VLA-Cache inference mode
Current CUDA latency: 142.432632 ms | Average CUDA latency: 170.121996 ms, Average TFLOPs: 2.936567
>> VLA-Cache inference mode
Current CUDA latency: 160.406876 ms | Average CUDA latency: 170.106225 ms, Average TFLOPs: 2.936406
>> VLA-Cache inference mode
Current CUDA latency: 129.228577 ms | Average CUDA latency: 170.039973 ms, Average TFLOPs: 2.936270
>> VLA-Cache inference mode
Current CUDA latency: 122.272415 ms | Average CUDA latency: 169.962679 ms, Average TFLOPs: 2.936213
>> VLA-Cache inference mode
Current CUDA latency: 108.682404 ms | Average CUDA latency: 169.863680 ms, Average TFLOPs: 2.936147
>> VLA-Cache inference mode
Current CUDA latency: 107.505440 ms | Average CUDA latency: 169.763102 ms, Average TFLOPs: 2.936048
>> VLA-Cache inference mode
Current CUDA latency: 109.616638 ms | Average CUDA latency: 169.666248 ms, Average TFLOPs: 2.935972
>> VLA-Cache inference mode
Current CUDA latency: 109.536575 ms | Average CUDA latency: 169.569577 ms, Average TFLOPs: 2.935969
>> VLA-Cache inference mode
Current CUDA latency: 104.530014 ms | Average CUDA latency: 169.465179 ms, Average TFLOPs: 2.935864
>> VLA-Cache inference mode
Current CUDA latency: 110.515137 ms | Average CUDA latency: 169.370708 ms, Average TFLOPs: 2.935863
>> VLA-Cache inference mode
Current CUDA latency: 171.183105 ms | Average CUDA latency: 169.373608 ms, Average TFLOPs: 2.935904
>> VLA-Cache inference mode
Current CUDA latency: 109.993507 ms | Average CUDA latency: 169.278752 ms, Average TFLOPs: 2.935894
>> VLA-Cache inference mode
Current CUDA latency: 129.635880 ms | Average CUDA latency: 169.215525 ms, Average TFLOPs: 2.935821
>> VLA-Cache inference mode
Current CUDA latency: 286.879547 ms | Average CUDA latency: 169.402888 ms, Average TFLOPs: 2.935695
>> VLA-Cache inference mode
Current CUDA latency: 149.264801 ms | Average CUDA latency: 169.370872 ms, Average TFLOPs: 2.935521
>> VLA-Cache inference mode
Current CUDA latency: 177.374969 ms | Average CUDA latency: 169.383577 ms, Average TFLOPs: 2.935348
>> VLA-Cache inference mode
Current CUDA latency: 148.062149 ms | Average CUDA latency: 169.349787 ms, Average TFLOPs: 2.935210
>> VLA-Cache inference mode
Current CUDA latency: 110.681602 ms | Average CUDA latency: 169.256958 ms, Average TFLOPs: 2.935054
>> VLA-Cache inference mode
Current CUDA latency: 132.287872 ms | Average CUDA latency: 169.198555 ms, Average TFLOPs: 2.934965
>> VLA-Cache inference mode
Current CUDA latency: 204.761505 ms | Average CUDA latency: 169.254648 ms, Average TFLOPs: 2.934918
Average time per step: 572.0495 ms, Control Frequency: 13.98 Hz, Token Reusing Ratio (Primary): 35.13 %, , Token Reusing Ratio (Wrist): 37.04 %
Saved rollout MP4 at path ./rollouts/2026_04_07/primary--2026_04_07-23_07_35--episode=17--success=True--task=put_both_the_alphabet_soup_and_the_tomato_sauce_in.mp4
Saved rollout MP4 at path ./rollouts/2026_04_07/wrist--2026_04_07-23_07_35--episode=17--success=True--task=put_both_the_alphabet_soup_and_the_tomato_sauce_in.mp4
04/07 [23:55:10] INFO     | >> Success: True              run_libero_eval.py:230
                 INFO     | >> # episodes completed so    run_libero_eval.py:230
                          far: 17                                               
                 INFO     | >> # successes: 16 (94.1%)    run_libero_eval.py:230

 85%|████████▌ | 17/20 [47:20<08:33, 171.02s/it][A                 INFO     | >>                            run_libero_eval.py:230
                          Task: put both the alphabet                           
                          soup and the tomato sauce in                          
                          the basket                                            
                 INFO     | >> Starting episode 18...     run_libero_eval.py:230
huggingface/tokenizers: The current process just got forked, after parallelism has already been used. Disabling parallelism to avoid deadlocks...
To disable this warning, you can either:
	- Avoid using `tokenizers` before the fork if possible
	- Explicitly set the environment variable TOKENIZERS_PARALLELISM=(true | false)
huggingface/tokenizers: The current process just got forked, after parallelism has already been used. Disabling parallelism to avoid deadlocks...
To disable this warning, you can either:
	- Avoid using `tokenizers` before the fork if possible
	- Explicitly set the environment variable TOKENIZERS_PARALLELISM=(true | false)
>> VLA-Cache inference mode
Current CUDA latency: 381.683044 ms | Average CUDA latency: 169.589181 ms, Average TFLOPs: 2.936162
>> VLA-Cache inference mode
Current CUDA latency: 306.034363 ms | Average CUDA latency: 169.803717 ms, Average TFLOPs: 2.936138
>> VLA-Cache inference mode
Current CUDA latency: 130.003204 ms | Average CUDA latency: 169.741236 ms, Average TFLOPs: 2.936140
>> VLA-Cache inference mode
Current CUDA latency: 116.440865 ms | Average CUDA latency: 169.657693 ms, Average TFLOPs: 2.936134
>> VLA-Cache inference mode
Current CUDA latency: 119.231453 ms | Average CUDA latency: 169.578779 ms, Average TFLOPs: 2.936145
>> VLA-Cache inference mode
Current CUDA latency: 117.246658 ms | Average CUDA latency: 169.497010 ms, Average TFLOPs: 2.936101
>> VLA-Cache inference mode
Current CUDA latency: 109.671425 ms | Average CUDA latency: 169.403678 ms, Average TFLOPs: 2.936107
>> VLA-Cache inference mode
Current CUDA latency: 121.624512 ms | Average CUDA latency: 169.329256 ms, Average TFLOPs: 2.936032
>> VLA-Cache inference mode
Current CUDA latency: 110.831970 ms | Average CUDA latency: 169.238280 ms, Average TFLOPs: 2.935974
>> VLA-Cache inference mode
Current CUDA latency: 137.771271 ms | Average CUDA latency: 169.189419 ms, Average TFLOPs: 2.935835
>> VLA-Cache inference mode
Current CUDA latency: 181.822021 ms | Average CUDA latency: 169.209004 ms, Average TFLOPs: 2.935751
>> VLA-Cache inference mode
Current CUDA latency: 167.538437 ms | Average CUDA latency: 169.206418 ms, Average TFLOPs: 2.935595
>> VLA-Cache inference mode
Current CUDA latency: 132.428711 ms | Average CUDA latency: 169.149575 ms, Average TFLOPs: 2.935484
>> VLA-Cache inference mode
Current CUDA latency: 218.952667 ms | Average CUDA latency: 169.226431 ms, Average TFLOPs: 2.935430
>> VLA-Cache inference mode
Current CUDA latency: 140.420059 ms | Average CUDA latency: 169.182045 ms, Average TFLOPs: 2.935361
>> VLA-Cache inference mode
Current CUDA latency: 116.482529 ms | Average CUDA latency: 169.100969 ms, Average TFLOPs: 2.935207
>> VLA-Cache inference mode
Current CUDA latency: 106.766304 ms | Average CUDA latency: 169.005217 ms, Average TFLOPs: 2.935105
>> VLA-Cache inference mode
Current CUDA latency: 191.235458 ms | Average CUDA latency: 169.039312 ms, Average TFLOPs: 2.935078
>> VLA-Cache inference mode
Current CUDA latency: 332.665497 ms | Average CUDA latency: 169.289889 ms, Average TFLOPs: 2.935075
>> VLA-Cache inference mode
Current CUDA latency: 208.212067 ms | Average CUDA latency: 169.349403 ms, Average TFLOPs: 2.935050
>> VLA-Cache inference mode
Current CUDA latency: 119.380547 ms | Average CUDA latency: 169.273114 ms, Average TFLOPs: 2.935055
>> VLA-Cache inference mode
Current CUDA latency: 110.487297 ms | Average CUDA latency: 169.183502 ms, Average TFLOPs: 2.935068
>> VLA-Cache inference mode
Current CUDA latency: 186.917435 ms | Average CUDA latency: 169.210494 ms, Average TFLOPs: 2.935109
>> VLA-Cache inference mode
Current CUDA latency: 263.359772 ms | Average CUDA latency: 169.353578 ms, Average TFLOPs: 2.935120
>> VLA-Cache inference mode
Current CUDA latency: 145.891006 ms | Average CUDA latency: 169.317975 ms, Average TFLOPs: 2.935104
>> VLA-Cache inference mode
Current CUDA latency: 128.203644 ms | Average CUDA latency: 169.255680 ms, Average TFLOPs: 2.935083
>> VLA-Cache inference mode
Current CUDA latency: 113.059425 ms | Average CUDA latency: 169.170663 ms, Average TFLOPs: 2.935112
>> VLA-Cache inference mode
Current CUDA latency: 105.682045 ms | Average CUDA latency: 169.074759 ms, Average TFLOPs: 2.934997
>> VLA-Cache inference mode
Current CUDA latency: 253.632935 ms | Average CUDA latency: 169.202298 ms, Average TFLOPs: 2.934819
>> VLA-Cache inference mode
Current CUDA latency: 154.344131 ms | Average CUDA latency: 169.179921 ms, Average TFLOPs: 2.934572
>> VLA-Cache inference mode
Current CUDA latency: 119.235870 ms | Average CUDA latency: 169.104817 ms, Average TFLOPs: 2.934387
>> VLA-Cache inference mode
Current CUDA latency: 136.481766 ms | Average CUDA latency: 169.055834 ms, Average TFLOPs: 2.934248
>> VLA-Cache inference mode
Current CUDA latency: 237.690308 ms | Average CUDA latency: 169.158734 ms, Average TFLOPs: 2.934102
>> VLA-Cache inference mode
Current CUDA latency: 225.783173 ms | Average CUDA latency: 169.243501 ms, Average TFLOPs: 2.934020
>> VLA-Cache inference mode
Current CUDA latency: 143.341888 ms | Average CUDA latency: 169.204784 ms, Average TFLOPs: 2.933859
Average time per step: 572.6165 ms, Control Frequency: 13.97 Hz, Token Reusing Ratio (Primary): 35.21 %, , Token Reusing Ratio (Wrist): 37.04 %
Saved rollout MP4 at path ./rollouts/2026_04_07/primary--2026_04_07-23_07_35--episode=18--success=True--task=put_both_the_alphabet_soup_and_the_tomato_sauce_in.mp4
Saved rollout MP4 at path ./rollouts/2026_04_07/wrist--2026_04_07-23_07_35--episode=18--success=True--task=put_both_the_alphabet_soup_and_the_tomato_sauce_in.mp4
04/07 [23:57:41] INFO     | >> Success: True              run_libero_eval.py:230
                 INFO     | >> # episodes completed so    run_libero_eval.py:230
                          far: 18                                               
                 INFO     | >> # successes: 17 (94.4%)    run_libero_eval.py:230

 90%|█████████ | 18/20 [49:50<05:29, 164.78s/it][A                 INFO     | >>                            run_libero_eval.py:230
                          Task: put both the alphabet                           
                          soup and the tomato sauce in                          
                          the basket                                            
                 INFO     | >> Starting episode 19...     run_libero_eval.py:230
huggingface/tokenizers: The current process just got forked, after parallelism has already been used. Disabling parallelism to avoid deadlocks...
To disable this warning, you can either:
	- Avoid using `tokenizers` before the fork if possible
	- Explicitly set the environment variable TOKENIZERS_PARALLELISM=(true | false)
huggingface/tokenizers: The current process just got forked, after parallelism has already been used. Disabling parallelism to avoid deadlocks...
To disable this warning, you can either:
	- Avoid using `tokenizers` before the fork if possible
	- Explicitly set the environment variable TOKENIZERS_PARALLELISM=(true | false)
>> VLA-Cache inference mode
Current CUDA latency: 355.097351 ms | Average CUDA latency: 169.482236 ms, Average TFLOPs: 2.935039
>> VLA-Cache inference mode
Current CUDA latency: 248.716965 ms | Average CUDA latency: 169.600320 ms, Average TFLOPs: 2.935085
>> VLA-Cache inference mode
Current CUDA latency: 151.483521 ms | Average CUDA latency: 169.573361 ms, Average TFLOPs: 2.935066
>> VLA-Cache inference mode
Current CUDA latency: 118.571747 ms | Average CUDA latency: 169.497578 ms, Average TFLOPs: 2.935137
>> VLA-Cache inference mode
Current CUDA latency: 115.943230 ms | Average CUDA latency: 169.418121 ms, Average TFLOPs: 2.935200
>> VLA-Cache inference mode
Current CUDA latency: 111.027809 ms | Average CUDA latency: 169.331617 ms, Average TFLOPs: 2.935177
>> VLA-Cache inference mode
Current CUDA latency: 157.213730 ms | Average CUDA latency: 169.313691 ms, Average TFLOPs: 2.935119
>> VLA-Cache inference mode
Current CUDA latency: 162.840378 ms | Average CUDA latency: 169.304129 ms, Average TFLOPs: 2.935014
>> VLA-Cache inference mode
Current CUDA latency: 166.304703 ms | Average CUDA latency: 169.299705 ms, Average TFLOPs: 2.934924
>> VLA-Cache inference mode
Current CUDA latency: 141.778778 ms | Average CUDA latency: 169.259173 ms, Average TFLOPs: 2.934843
>> VLA-Cache inference mode
Current CUDA latency: 177.726746 ms | Average CUDA latency: 169.271626 ms, Average TFLOPs: 2.934764
>> VLA-Cache inference mode
Current CUDA latency: 150.856476 ms | Average CUDA latency: 169.244584 ms, Average TFLOPs: 2.934651
>> VLA-Cache inference mode
Current CUDA latency: 151.354874 ms | Average CUDA latency: 169.218353 ms, Average TFLOPs: 2.934522
>> VLA-Cache inference mode
Current CUDA latency: 109.014175 ms | Average CUDA latency: 169.130206 ms, Average TFLOPs: 2.934410
>> VLA-Cache inference mode
Current CUDA latency: 109.117859 ms | Average CUDA latency: 169.042469 ms, Average TFLOPs: 2.934308
>> VLA-Cache inference mode
Current CUDA latency: 103.106850 ms | Average CUDA latency: 168.946213 ms, Average TFLOPs: 2.934206
>> VLA-Cache inference mode
Current CUDA latency: 105.281761 ms | Average CUDA latency: 168.853407 ms, Average TFLOPs: 2.934120
>> VLA-Cache inference mode
Current CUDA latency: 113.664131 ms | Average CUDA latency: 168.773074 ms, Average TFLOPs: 2.934028
>> VLA-Cache inference mode
Current CUDA latency: 109.129471 ms | Average CUDA latency: 168.686382 ms, Average TFLOPs: 2.933968
>> VLA-Cache inference mode
Current CUDA latency: 145.260574 ms | Average CUDA latency: 168.652383 ms, Average TFLOPs: 2.933914
>> VLA-Cache inference mode
Current CUDA latency: 119.958435 ms | Average CUDA latency: 168.581812 ms, Average TFLOPs: 2.933778
>> VLA-Cache inference mode
Current CUDA latency: 156.575394 ms | Average CUDA latency: 168.564436 ms, Average TFLOPs: 2.933570
>> VLA-Cache inference mode
Current CUDA latency: 187.998657 ms | Average CUDA latency: 168.592520 ms, Average TFLOPs: 2.933423
>> VLA-Cache inference mode
Current CUDA latency: 170.187805 ms | Average CUDA latency: 168.594822 ms, Average TFLOPs: 2.933306
>> VLA-Cache inference mode
Current CUDA latency: 177.625732 ms | Average CUDA latency: 168.607835 ms, Average TFLOPs: 2.933200
>> VLA-Cache inference mode
Current CUDA latency: 169.431519 ms | Average CUDA latency: 168.609020 ms, Average TFLOPs: 2.933091
>> VLA-Cache inference mode
Current CUDA latency: 112.607773 ms | Average CUDA latency: 168.528559 ms, Average TFLOPs: 2.932938
>> VLA-Cache inference mode
Current CUDA latency: 104.241821 ms | Average CUDA latency: 168.436325 ms, Average TFLOPs: 2.932825
>> VLA-Cache inference mode
Current CUDA latency: 102.777313 ms | Average CUDA latency: 168.342258 ms, Average TFLOPs: 2.932705
>> VLA-Cache inference mode
Current CUDA latency: 175.079361 ms | Average CUDA latency: 168.351896 ms, Average TFLOPs: 2.932688
>> VLA-Cache inference mode
Current CUDA latency: 152.761307 ms | Average CUDA latency: 168.329624 ms, Average TFLOPs: 2.932610
>> VLA-Cache inference mode
Current CUDA latency: 161.683136 ms | Average CUDA latency: 168.320143 ms, Average TFLOPs: 2.932589
>> VLA-Cache inference mode
Current CUDA latency: 135.557053 ms | Average CUDA latency: 168.273471 ms, Average TFLOPs: 2.932556
>> VLA-Cache inference mode
Current CUDA latency: 115.540031 ms | Average CUDA latency: 168.198459 ms, Average TFLOPs: 2.932521
>> VLA-Cache inference mode
Current CUDA latency: 114.497986 ms | Average CUDA latency: 168.122180 ms, Average TFLOPs: 2.932512
>> VLA-Cache inference mode
Current CUDA latency: 137.278625 ms | Average CUDA latency: 168.078431 ms, Average TFLOPs: 2.932528
>> VLA-Cache inference mode
Current CUDA latency: 117.024963 ms | Average CUDA latency: 168.006117 ms, Average TFLOPs: 2.932463
>> VLA-Cache inference mode
Current CUDA latency: 117.553085 ms | Average CUDA latency: 167.934755 ms, Average TFLOPs: 2.932488
>> VLA-Cache inference mode
Current CUDA latency: 118.943138 ms | Average CUDA latency: 167.865558 ms, Average TFLOPs: 2.932499
>> VLA-Cache inference mode
Current CUDA latency: 105.020897 ms | Average CUDA latency: 167.776919 ms, Average TFLOPs: 2.932398
>> VLA-Cache inference mode
Current CUDA latency: 298.011444 ms | Average CUDA latency: 167.960348 ms, Average TFLOPs: 2.932181
>> VLA-Cache inference mode
Current CUDA latency: 168.813538 ms | Average CUDA latency: 167.961548 ms, Average TFLOPs: 2.932100
>> VLA-Cache inference mode
Current CUDA latency: 278.081726 ms | Average CUDA latency: 168.116211 ms, Average TFLOPs: 2.931976
>> VLA-Cache inference mode
Current CUDA latency: 209.151520 ms | Average CUDA latency: 168.173764 ms, Average TFLOPs: 2.931927
>> VLA-Cache inference mode
Current CUDA latency: 294.084991 ms | Average CUDA latency: 168.350111 ms, Average TFLOPs: 2.931859
Average time per step: 570.9569 ms, Control Frequency: 14.01 Hz, Token Reusing Ratio (Primary): 35.23 %, , Token Reusing Ratio (Wrist): 37.16 %
Saved rollout MP4 at path ./rollouts/2026_04_07/primary--2026_04_07-23_07_35--episode=19--success=True--task=put_both_the_alphabet_soup_and_the_tomato_sauce_in.mp4
Saved rollout MP4 at path ./rollouts/2026_04_07/wrist--2026_04_07-23_07_35--episode=19--success=True--task=put_both_the_alphabet_soup_and_the_tomato_sauce_in.mp4
04/08 [00:00:48] INFO     | >> Success: True              run_libero_eval.py:230
                 INFO     | >> # episodes completed so    run_libero_eval.py:230
                          far: 19                                               
                 INFO     | >> # successes: 18 (94.7%)    run_libero_eval.py:230

 95%|█████████▌| 19/20 [52:57<02:51, 171.44s/it][A                 INFO     | >>                            run_libero_eval.py:230
                          Task: put both the alphabet                           
                          soup and the tomato sauce in                          
                          the basket                                            
                 INFO     | >> Starting episode 20...     run_libero_eval.py:230
huggingface/tokenizers: The current process just got forked, after parallelism has already been used. Disabling parallelism to avoid deadlocks...
To disable this warning, you can either:
	- Avoid using `tokenizers` before the fork if possible
	- Explicitly set the environment variable TOKENIZERS_PARALLELISM=(true | false)
huggingface/tokenizers: The current process just got forked, after parallelism has already been used. Disabling parallelism to avoid deadlocks...
To disable this warning, you can either:
	- Avoid using `tokenizers` before the fork if possible
	- Explicitly set the environment variable TOKENIZERS_PARALLELISM=(true | false)
>> VLA-Cache inference mode
Current CUDA latency: 367.941620 ms | Average CUDA latency: 168.629259 ms, Average TFLOPs: 2.932968
>> VLA-Cache inference mode
Current CUDA latency: 296.443756 ms | Average CUDA latency: 168.807771 ms, Average TFLOPs: 2.933029
>> VLA-Cache inference mode
Current CUDA latency: 125.854340 ms | Average CUDA latency: 168.747864 ms, Average TFLOPs: 2.933074
>> VLA-Cache inference mode
Current CUDA latency: 121.705246 ms | Average CUDA latency: 168.682345 ms, Average TFLOPs: 2.933096
>> VLA-Cache inference mode
Current CUDA latency: 110.074303 ms | Average CUDA latency: 168.600832 ms, Average TFLOPs: 2.933114
>> VLA-Cache inference mode
Current CUDA latency: 115.437889 ms | Average CUDA latency: 168.526995 ms, Average TFLOPs: 2.933121
>> VLA-Cache inference mode
Current CUDA latency: 118.750015 ms | Average CUDA latency: 168.457956 ms, Average TFLOPs: 2.933117
>> VLA-Cache inference mode
Current CUDA latency: 161.036514 ms | Average CUDA latency: 168.447677 ms, Average TFLOPs: 2.933041
>> VLA-Cache inference mode
Current CUDA latency: 149.635162 ms | Average CUDA latency: 168.421657 ms, Average TFLOPs: 2.932997
>> VLA-Cache inference mode
Current CUDA latency: 169.711517 ms | Average CUDA latency: 168.423438 ms, Average TFLOPs: 2.932940
>> VLA-Cache inference mode
Current CUDA latency: 229.038620 ms | Average CUDA latency: 168.507045 ms, Average TFLOPs: 2.932822
>> VLA-Cache inference mode
Current CUDA latency: 190.666489 ms | Average CUDA latency: 168.537568 ms, Average TFLOPs: 2.932745
>> VLA-Cache inference mode
Current CUDA latency: 216.777725 ms | Average CUDA latency: 168.603923 ms, Average TFLOPs: 2.932659
>> VLA-Cache inference mode
Current CUDA latency: 117.042915 ms | Average CUDA latency: 168.533098 ms, Average TFLOPs: 2.932611
>> VLA-Cache inference mode
Current CUDA latency: 104.527328 ms | Average CUDA latency: 168.445298 ms, Average TFLOPs: 2.932527
>> VLA-Cache inference mode
Current CUDA latency: 105.285469 ms | Average CUDA latency: 168.358778 ms, Average TFLOPs: 2.932429
>> VLA-Cache inference mode
Current CUDA latency: 103.341347 ms | Average CUDA latency: 168.269835 ms, Average TFLOPs: 2.932330
>> VLA-Cache inference mode
Current CUDA latency: 118.933060 ms | Average CUDA latency: 168.202435 ms, Average TFLOPs: 2.932261
>> VLA-Cache inference mode
Current CUDA latency: 167.972763 ms | Average CUDA latency: 168.202121 ms, Average TFLOPs: 2.932229
>> VLA-Cache inference mode
Current CUDA latency: 257.051025 ms | Average CUDA latency: 168.323169 ms, Average TFLOPs: 2.932119
>> VLA-Cache inference mode
Current CUDA latency: 165.756195 ms | Average CUDA latency: 168.319676 ms, Average TFLOPs: 2.932024
>> VLA-Cache inference mode
Current CUDA latency: 187.598343 ms | Average CUDA latency: 168.345870 ms, Average TFLOPs: 2.932066
>> VLA-Cache inference mode
Current CUDA latency: 131.876480 ms | Average CUDA latency: 168.296387 ms, Average TFLOPs: 2.932079
>> VLA-Cache inference mode
Current CUDA latency: 118.959106 ms | Average CUDA latency: 168.229534 ms, Average TFLOPs: 2.932109
>> VLA-Cache inference mode
Current CUDA latency: 110.704414 ms | Average CUDA latency: 168.151692 ms, Average TFLOPs: 2.932124
>> VLA-Cache inference mode
Current CUDA latency: 114.017410 ms | Average CUDA latency: 168.078538 ms, Average TFLOPs: 2.932094
>> VLA-Cache inference mode
Current CUDA latency: 203.741318 ms | Average CUDA latency: 168.126666 ms, Average TFLOPs: 2.932085
>> VLA-Cache inference mode
Current CUDA latency: 176.931198 ms | Average CUDA latency: 168.138532 ms, Average TFLOPs: 2.932040
>> VLA-Cache inference mode
Current CUDA latency: 257.619049 ms | Average CUDA latency: 168.258963 ms, Average TFLOPs: 2.931920
>> VLA-Cache inference mode
Current CUDA latency: 169.327621 ms | Average CUDA latency: 168.260399 ms, Average TFLOPs: 2.931817
>> VLA-Cache inference mode
Current CUDA latency: 128.897018 ms | Average CUDA latency: 168.207563 ms, Average TFLOPs: 2.931717
>> VLA-Cache inference mode
Current CUDA latency: 128.247101 ms | Average CUDA latency: 168.153996 ms, Average TFLOPs: 2.931640
>> VLA-Cache inference mode
Current CUDA latency: 185.051331 ms | Average CUDA latency: 168.176617 ms, Average TFLOPs: 2.931574
>> VLA-Cache inference mode
Current CUDA latency: 182.870819 ms | Average CUDA latency: 168.196261 ms, Average TFLOPs: 2.931582
Average time per step: 570.5414 ms, Control Frequency: 14.02 Hz, Token Reusing Ratio (Primary): 35.25 %, , Token Reusing Ratio (Wrist): 37.17 %
Saved rollout MP4 at path ./rollouts/2026_04_07/primary--2026_04_07-23_07_35--episode=20--success=True--task=put_both_the_alphabet_soup_and_the_tomato_sauce_in.mp4
Saved rollout MP4 at path ./rollouts/2026_04_07/wrist--2026_04_07-23_07_35--episode=20--success=True--task=put_both_the_alphabet_soup_and_the_tomato_sauce_in.mp4
04/08 [00:03:19] INFO     | >> Success: True              run_libero_eval.py:230
                 INFO     | >> # episodes completed so    run_libero_eval.py:230
                          far: 20                                               
                 INFO     | >> # successes: 19 (95.0%)    run_libero_eval.py:230

100%|██████████| 20/20 [55:29<00:00, 165.51s/it][A100%|██████████| 20/20 [55:29<00:00, 166.48s/it]
                 INFO     | >> Current task success rate: run_libero_eval.py:230
                          0.95                                                  
                 INFO     | >> Current total success      run_libero_eval.py:230
                          rate: 0.95                                            
 10%|█         | 1/10 [55:32<8:19:56, 3332.91s/it][Warning]: datasets path /root/sj-tmp/workspace/LIBERO/libero/libero/../datasets does not exist!
                 INFO     | >> Using default initial      run_libero_eval.py:230
                          states                                                
[Warning]: datasets path /root/sj-tmp/workspace/LIBERO/libero/libero/../datasets does not exist!

  0%|          | 0/20 [00:00<?, ?it/s][A04/08 [00:03:22] INFO     | >>                            run_libero_eval.py:230
                          Task: put both the cream cheese                       
                          box and the butter in the                             
                          basket                                                
                 INFO     | >> Starting episode 1...      run_libero_eval.py:230
huggingface/tokenizers: The current process just got forked, after parallelism has already been used. Disabling parallelism to avoid deadlocks...
To disable this warning, you can either:
	- Avoid using `tokenizers` before the fork if possible
	- Explicitly set the environment variable TOKENIZERS_PARALLELISM=(true | false)
huggingface/tokenizers: The current process just got forked, after parallelism has already been used. Disabling parallelism to avoid deadlocks...
To disable this warning, you can either:
	- Avoid using `tokenizers` before the fork if possible
	- Explicitly set the environment variable TOKENIZERS_PARALLELISM=(true | false)
>> VLA-Cache inference mode
Current CUDA latency: 412.337006 ms | Average CUDA latency: 168.522217 ms, Average TFLOPs: 2.932649
>> VLA-Cache inference mode
Current CUDA latency: 288.228760 ms | Average CUDA latency: 168.681826 ms, Average TFLOPs: 2.932693
>> VLA-Cache inference mode
Current CUDA latency: 148.531265 ms | Average CUDA latency: 168.654994 ms, Average TFLOPs: 2.932679
>> VLA-Cache inference mode
Current CUDA latency: 132.310654 ms | Average CUDA latency: 168.606664 ms, Average TFLOPs: 2.932696
>> VLA-Cache inference mode
Current CUDA latency: 132.206619 ms | Average CUDA latency: 168.558324 ms, Average TFLOPs: 2.932634
>> VLA-Cache inference mode
Current CUDA latency: 109.453026 ms | Average CUDA latency: 168.479935 ms, Average TFLOPs: 2.932658
>> VLA-Cache inference mode
Current CUDA latency: 123.864769 ms | Average CUDA latency: 168.420842 ms, Average TFLOPs: 2.932578
>> VLA-Cache inference mode
Current CUDA latency: 103.496162 ms | Average CUDA latency: 168.334963 ms, Average TFLOPs: 2.932493
>> VLA-Cache inference mode
Current CUDA latency: 124.841759 ms | Average CUDA latency: 168.277508 ms, Average TFLOPs: 2.932253
>> VLA-Cache inference mode
Current CUDA latency: 105.899681 ms | Average CUDA latency: 168.195215 ms, Average TFLOPs: 2.932034
>> VLA-Cache inference mode
Current CUDA latency: 102.391968 ms | Average CUDA latency: 168.108518 ms, Average TFLOPs: 2.931809
>> VLA-Cache inference mode
Current CUDA latency: 102.518562 ms | Average CUDA latency: 168.022215 ms, Average TFLOPs: 2.931654
>> VLA-Cache inference mode
Current CUDA latency: 111.785088 ms | Average CUDA latency: 167.948316 ms, Average TFLOPs: 2.931525
>> VLA-Cache inference mode
Current CUDA latency: 107.578659 ms | Average CUDA latency: 167.869091 ms, Average TFLOPs: 2.931433
>> VLA-Cache inference mode
Current CUDA latency: 104.631554 ms | Average CUDA latency: 167.786211 ms, Average TFLOPs: 2.931331
>> VLA-Cache inference mode
Current CUDA latency: 117.890175 ms | Average CUDA latency: 167.720902 ms, Average TFLOPs: 2.931219
>> VLA-Cache inference mode
Current CUDA latency: 144.162811 ms | Average CUDA latency: 167.690107 ms, Average TFLOPs: 2.931109
>> VLA-Cache inference mode
Current CUDA latency: 142.681412 ms | Average CUDA latency: 167.657459 ms, Average TFLOPs: 2.931020
>> VLA-Cache inference mode
Current CUDA latency: 240.331512 ms | Average CUDA latency: 167.752210 ms, Average TFLOPs: 2.930938
>> VLA-Cache inference mode
Current CUDA latency: 156.129822 ms | Average CUDA latency: 167.737076 ms, Average TFLOPs: 2.930947
>> VLA-Cache inference mode
Current CUDA latency: 112.961220 ms | Average CUDA latency: 167.665846 ms, Average TFLOPs: 2.930881
>> VLA-Cache inference mode
Current CUDA latency: 109.581474 ms | Average CUDA latency: 167.590412 ms, Average TFLOPs: 2.930794
>> VLA-Cache inference mode
Current CUDA latency: 113.073181 ms | Average CUDA latency: 167.519702 ms, Average TFLOPs: 2.930762
>> VLA-Cache inference mode
Current CUDA latency: 103.928001 ms | Average CUDA latency: 167.437330 ms, Average TFLOPs: 2.930660
>> VLA-Cache inference mode
Current CUDA latency: 198.568130 ms | Average CUDA latency: 167.477602 ms, Average TFLOPs: 2.930495
>> VLA-Cache inference mode
Current CUDA latency: 124.139618 ms | Average CUDA latency: 167.421610 ms, Average TFLOPs: 2.930323
>> VLA-Cache inference mode
Current CUDA latency: 115.818817 ms | Average CUDA latency: 167.355026 ms, Average TFLOPs: 2.930100
>> VLA-Cache inference mode
Current CUDA latency: 221.736893 ms | Average CUDA latency: 167.425106 ms, Average TFLOPs: 2.929910
>> VLA-Cache inference mode
Current CUDA latency: 303.269073 ms | Average CUDA latency: 167.599937 ms, Average TFLOPs: 2.929804
>> VLA-Cache inference mode
Current CUDA latency: 303.918671 ms | Average CUDA latency: 167.775154 ms, Average TFLOPs: 2.929783
>> VLA-Cache inference mode
Current CUDA latency: 126.494110 ms | Average CUDA latency: 167.722162 ms, Average TFLOPs: 2.929805
Average time per step: 514.2857 ms, Control Frequency: 15.56 Hz, Token Reusing Ratio (Primary): 35.38 %, , Token Reusing Ratio (Wrist): 40.54 %
Saved rollout MP4 at path ./rollouts/2026_04_07/primary--2026_04_07-23_07_35--episode=21--success=True--task=put_both_the_cream_cheese_box_and_the_butter_in_th.mp4
Saved rollout MP4 at path ./rollouts/2026_04_07/wrist--2026_04_07-23_07_35--episode=21--success=True--task=put_both_the_cream_cheese_box_and_the_butter_in_th.mp4
04/08 [00:05:33] INFO     | >> Success: True              run_libero_eval.py:230
                 INFO     | >> # episodes completed so    run_libero_eval.py:230
                          far: 21                                               
                 INFO     | >> # successes: 20 (95.2%)    run_libero_eval.py:230

  5%|▌         | 1/20 [02:11<41:36, 131.37s/it][A                 INFO     | >>                            run_libero_eval.py:230
                          Task: put both the cream cheese                       
                          box and the butter in the                             
                          basket                                                
                 INFO     | >> Starting episode 2...      run_libero_eval.py:230
huggingface/tokenizers: The current process just got forked, after parallelism has already been used. Disabling parallelism to avoid deadlocks...
To disable this warning, you can either:
	- Avoid using `tokenizers` before the fork if possible
	- Explicitly set the environment variable TOKENIZERS_PARALLELISM=(true | false)
huggingface/tokenizers: The current process just got forked, after parallelism has already been used. Disabling parallelism to avoid deadlocks...
To disable this warning, you can either:
	- Avoid using `tokenizers` before the fork if possible
	- Explicitly set the environment variable TOKENIZERS_PARALLELISM=(true | false)
>> VLA-Cache inference mode
Current CUDA latency: 337.971313 ms | Average CUDA latency: 167.940430 ms, Average TFLOPs: 2.930832
>> VLA-Cache inference mode
Current CUDA latency: 267.863068 ms | Average CUDA latency: 168.068372 ms, Average TFLOPs: 2.930949
>> VLA-Cache inference mode
Current CUDA latency: 166.683578 ms | Average CUDA latency: 168.066601 ms, Average TFLOPs: 2.931024
>> VLA-Cache inference mode
Current CUDA latency: 193.389832 ms | Average CUDA latency: 168.098942 ms, Average TFLOPs: 2.931101
>> VLA-Cache inference mode
Current CUDA latency: 179.195740 ms | Average CUDA latency: 168.113096 ms, Average TFLOPs: 2.931059
>> VLA-Cache inference mode
Current CUDA latency: 129.095078 ms | Average CUDA latency: 168.063392 ms, Average TFLOPs: 2.931022
>> VLA-Cache inference mode
Current CUDA latency: 116.471741 ms | Average CUDA latency: 167.997753 ms, Average TFLOPs: 2.930975
>> VLA-Cache inference mode
Current CUDA latency: 126.346626 ms | Average CUDA latency: 167.944830 ms, Average TFLOPs: 2.930874
>> VLA-Cache inference mode
Current CUDA latency: 148.083679 ms | Average CUDA latency: 167.919625 ms, Average TFLOPs: 2.930693
>> VLA-Cache inference mode
Current CUDA latency: 120.200897 ms | Average CUDA latency: 167.859145 ms, Average TFLOPs: 2.930484
>> VLA-Cache inference mode
Current CUDA latency: 129.244904 ms | Average CUDA latency: 167.810266 ms, Average TFLOPs: 2.930254
>> VLA-Cache inference mode
Current CUDA latency: 103.678947 ms | Average CUDA latency: 167.729190 ms, Average TFLOPs: 2.930103
>> VLA-Cache inference mode
Current CUDA latency: 120.101311 ms | Average CUDA latency: 167.669054 ms, Average TFLOPs: 2.929947
>> VLA-Cache inference mode
Current CUDA latency: 172.496185 ms | Average CUDA latency: 167.675141 ms, Average TFLOPs: 2.929831
>> VLA-Cache inference mode
Current CUDA latency: 327.488617 ms | Average CUDA latency: 167.876417 ms, Average TFLOPs: 2.929736
>> VLA-Cache inference mode
Current CUDA latency: 227.677917 ms | Average CUDA latency: 167.951639 ms, Average TFLOPs: 2.929667
>> VLA-Cache inference mode
Current CUDA latency: 140.403519 ms | Average CUDA latency: 167.917031 ms, Average TFLOPs: 2.929607
>> VLA-Cache inference mode
Current CUDA latency: 141.006622 ms | Average CUDA latency: 167.883267 ms, Average TFLOPs: 2.929567
>> VLA-Cache inference mode
Current CUDA latency: 407.161621 ms | Average CUDA latency: 168.183114 ms, Average TFLOPs: 2.929551
>> VLA-Cache inference mode
Current CUDA latency: 232.212830 ms | Average CUDA latency: 168.263251 ms, Average TFLOPs: 2.929601
>> VLA-Cache inference mode
Current CUDA latency: 122.017570 ms | Average CUDA latency: 168.205444 ms, Average TFLOPs: 2.929518
>> VLA-Cache inference mode
Current CUDA latency: 145.149445 ms | Average CUDA latency: 168.176660 ms, Average TFLOPs: 2.929421
>> VLA-Cache inference mode
Current CUDA latency: 114.750946 ms | Average CUDA latency: 168.110045 ms, Average TFLOPs: 2.929335
>> VLA-Cache inference mode
Current CUDA latency: 172.773209 ms | Average CUDA latency: 168.115852 ms, Average TFLOPs: 2.929194
>> VLA-Cache inference mode
Current CUDA latency: 251.886841 ms | Average CUDA latency: 168.220045 ms, Average TFLOPs: 2.929021
>> VLA-Cache inference mode
Current CUDA latency: 154.484512 ms | Average CUDA latency: 168.202982 ms, Average TFLOPs: 2.928833
>> VLA-Cache inference mode
Current CUDA latency: 159.583298 ms | Average CUDA latency: 168.192288 ms, Average TFLOPs: 2.928577
>> VLA-Cache inference mode
Current CUDA latency: 163.703781 ms | Average CUDA latency: 168.186726 ms, Average TFLOPs: 2.928440
>> VLA-Cache inference mode
Current CUDA latency: 149.346619 ms | Average CUDA latency: 168.163409 ms, Average TFLOPs: 2.928295
>> VLA-Cache inference mode
Current CUDA latency: 144.872986 ms | Average CUDA latency: 168.134619 ms, Average TFLOPs: 2.928309
>> VLA-Cache inference mode
Current CUDA latency: 186.208069 ms | Average CUDA latency: 168.156932 ms, Average TFLOPs: 2.928344
Average time per step: 562.2116 ms, Control Frequency: 14.23 Hz, Token Reusing Ratio (Primary): 35.24 %, , Token Reusing Ratio (Wrist): 40.18 %
Saved rollout MP4 at path ./rollouts/2026_04_07/primary--2026_04_07-23_07_35--episode=22--success=True--task=put_both_the_cream_cheese_box_and_the_butter_in_th.mp4
Saved rollout MP4 at path ./rollouts/2026_04_07/wrist--2026_04_07-23_07_35--episode=22--success=True--task=put_both_the_cream_cheese_box_and_the_butter_in_th.mp4
04/08 [00:08:07] INFO     | >> Success: True              run_libero_eval.py:230
                 INFO     | >> # episodes completed so    run_libero_eval.py:230
                          far: 22                                               
                 INFO     | >> # successes: 21 (95.5%)    run_libero_eval.py:230

 10%|█         | 2/20 [04:44<43:15, 144.19s/it][A                 INFO     | >>                            run_libero_eval.py:230
                          Task: put both the cream cheese                       
                          box and the butter in the                             
                          basket                                                
                 INFO     | >> Starting episode 3...      run_libero_eval.py:230
huggingface/tokenizers: The current process just got forked, after parallelism has already been used. Disabling parallelism to avoid deadlocks...
To disable this warning, you can either:
	- Avoid using `tokenizers` before the fork if possible
	- Explicitly set the environment variable TOKENIZERS_PARALLELISM=(true | false)
huggingface/tokenizers: The current process just got forked, after parallelism has already been used. Disabling parallelism to avoid deadlocks...
To disable this warning, you can either:
	- Avoid using `tokenizers` before the fork if possible
	- Explicitly set the environment variable TOKENIZERS_PARALLELISM=(true | false)
>> VLA-Cache inference mode
Current CUDA latency: 618.714661 ms | Average CUDA latency: 168.712491 ms, Average TFLOPs: 2.929334
>> VLA-Cache inference mode
Current CUDA latency: 347.688782 ms | Average CUDA latency: 168.932905 ms, Average TFLOPs: 2.929379
>> VLA-Cache inference mode
Current CUDA latency: 124.646240 ms | Average CUDA latency: 168.878432 ms, Average TFLOPs: 2.929440
>> VLA-Cache inference mode
Current CUDA latency: 119.008957 ms | Average CUDA latency: 168.817167 ms, Average TFLOPs: 2.929522
>> VLA-Cache inference mode
Current CUDA latency: 153.303482 ms | Average CUDA latency: 168.798132 ms, Average TFLOPs: 2.929455
>> VLA-Cache inference mode
Current CUDA latency: 122.472542 ms | Average CUDA latency: 168.741360 ms, Average TFLOPs: 2.929394
>> VLA-Cache inference mode
Current CUDA latency: 109.201469 ms | Average CUDA latency: 168.668484 ms, Average TFLOPs: 2.929356
>> VLA-Cache inference mode
Current CUDA latency: 123.883713 ms | Average CUDA latency: 168.613735 ms, Average TFLOPs: 2.929256
>> VLA-Cache inference mode
Current CUDA latency: 136.682343 ms | Average CUDA latency: 168.574746 ms, Average TFLOPs: 2.929057
>> VLA-Cache inference mode
Current CUDA latency: 115.293121 ms | Average CUDA latency: 168.509769 ms, Average TFLOPs: 2.928870
>> VLA-Cache inference mode
Current CUDA latency: 108.454880 ms | Average CUDA latency: 168.436620 ms, Average TFLOPs: 2.928743
>> VLA-Cache inference mode
Current CUDA latency: 141.213959 ms | Average CUDA latency: 168.403503 ms, Average TFLOPs: 2.928612
>> VLA-Cache inference mode
Current CUDA latency: 174.714844 ms | Average CUDA latency: 168.411172 ms, Average TFLOPs: 2.928562
>> VLA-Cache inference mode
Current CUDA latency: 149.789627 ms | Average CUDA latency: 168.388573 ms, Average TFLOPs: 2.928487
>> VLA-Cache inference mode
Current CUDA latency: 105.114304 ms | Average CUDA latency: 168.311876 ms, Average TFLOPs: 2.928412
>> VLA-Cache inference mode
Current CUDA latency: 106.034752 ms | Average CUDA latency: 168.236480 ms, Average TFLOPs: 2.928328
>> VLA-Cache inference mode
Current CUDA latency: 137.579391 ms | Average CUDA latency: 168.199410 ms, Average TFLOPs: 2.928275
>> VLA-Cache inference mode
Current CUDA latency: 137.675201 ms | Average CUDA latency: 168.162545 ms, Average TFLOPs: 2.928247
>> VLA-Cache inference mode
Current CUDA latency: 157.973145 ms | Average CUDA latency: 168.150254 ms, Average TFLOPs: 2.928247
>> VLA-Cache inference mode
Current CUDA latency: 227.240097 ms | Average CUDA latency: 168.221447 ms, Average TFLOPs: 2.928276
>> VLA-Cache inference mode
Current CUDA latency: 157.409637 ms | Average CUDA latency: 168.208436 ms, Average TFLOPs: 2.928184
>> VLA-Cache inference mode
Current CUDA latency: 143.911011 ms | Average CUDA latency: 168.179232 ms, Average TFLOPs: 2.928023
>> VLA-Cache inference mode
Current CUDA latency: 114.278465 ms | Average CUDA latency: 168.114526 ms, Average TFLOPs: 2.927995
>> VLA-Cache inference mode
Current CUDA latency: 123.559166 ms | Average CUDA latency: 168.061102 ms, Average TFLOPs: 2.927971
>> VLA-Cache inference mode
Current CUDA latency: 130.057724 ms | Average CUDA latency: 168.015589 ms, Average TFLOPs: 2.927767
>> VLA-Cache inference mode
Current CUDA latency: 114.894371 ms | Average CUDA latency: 167.952047 ms, Average TFLOPs: 2.927599
>> VLA-Cache inference mode
Current CUDA latency: 101.929886 ms | Average CUDA latency: 167.873167 ms, Average TFLOPs: 2.927366
>> VLA-Cache inference mode
Current CUDA latency: 118.482979 ms | Average CUDA latency: 167.814229 ms, Average TFLOPs: 2.927195
>> VLA-Cache inference mode
Current CUDA latency: 202.892349 ms | Average CUDA latency: 167.856038 ms, Average TFLOPs: 2.927113
>> VLA-Cache inference mode
Current CUDA latency: 210.278564 ms | Average CUDA latency: 167.906541 ms, Average TFLOPs: 2.927110
Average time per step: 579.6383 ms, Control Frequency: 13.80 Hz, Token Reusing Ratio (Primary): 35.03 %, , Token Reusing Ratio (Wrist): 39.89 %
Saved rollout MP4 at path ./rollouts/2026_04_07/primary--2026_04_07-23_07_35--episode=23--success=True--task=put_both_the_cream_cheese_box_and_the_butter_in_th.mp4
Saved rollout MP4 at path ./rollouts/2026_04_07/wrist--2026_04_07-23_07_35--episode=23--success=True--task=put_both_the_cream_cheese_box_and_the_butter_in_th.mp4
04/08 [00:10:37] INFO     | >> Success: True              run_libero_eval.py:230
                 INFO     | >> # episodes completed so    run_libero_eval.py:230
                          far: 23                                               
                 INFO     | >> # successes: 22 (95.7%)    run_libero_eval.py:230

 15%|█▌        | 3/20 [07:14<41:38, 146.99s/it][A                 INFO     | >>                            run_libero_eval.py:230
                          Task: put both the cream cheese                       
                          box and the butter in the                             
                          basket                                                
                 INFO     | >> Starting episode 4...      run_libero_eval.py:230
huggingface/tokenizers: The current process just got forked, after parallelism has already been used. Disabling parallelism to avoid deadlocks...
To disable this warning, you can either:
	- Avoid using `tokenizers` before the fork if possible
	- Explicitly set the environment variable TOKENIZERS_PARALLELISM=(true | false)
huggingface/tokenizers: The current process just got forked, after parallelism has already been used. Disabling parallelism to avoid deadlocks...
To disable this warning, you can either:
	- Avoid using `tokenizers` before the fork if possible
	- Explicitly set the environment variable TOKENIZERS_PARALLELISM=(true | false)
>> VLA-Cache inference mode
Current CUDA latency: 354.108398 ms | Average CUDA latency: 168.127947 ms, Average TFLOPs: 2.928066
>> VLA-Cache inference mode
Current CUDA latency: 270.396149 ms | Average CUDA latency: 168.249405 ms, Average TFLOPs: 2.928138
>> VLA-Cache inference mode
Current CUDA latency: 117.145187 ms | Average CUDA latency: 168.188784 ms, Average TFLOPs: 2.928173
>> VLA-Cache inference mode
Current CUDA latency: 146.349121 ms | Average CUDA latency: 168.162907 ms, Average TFLOPs: 2.928277
>> VLA-Cache inference mode
Current CUDA latency: 148.938141 ms | Average CUDA latency: 168.140156 ms, Average TFLOPs: 2.928241
>> VLA-Cache inference mode
Current CUDA latency: 164.899033 ms | Average CUDA latency: 168.136325 ms, Average TFLOPs: 2.928148
>> VLA-Cache inference mode
Current CUDA latency: 110.290527 ms | Average CUDA latency: 168.068030 ms, Average TFLOPs: 2.928155
>> VLA-Cache inference mode
Current CUDA latency: 125.448189 ms | Average CUDA latency: 168.017771 ms, Average TFLOPs: 2.928114
>> VLA-Cache inference mode
Current CUDA latency: 143.904739 ms | Average CUDA latency: 167.989369 ms, Average TFLOPs: 2.927899
>> VLA-Cache inference mode
Current CUDA latency: 138.574051 ms | Average CUDA latency: 167.954763 ms, Average TFLOPs: 2.927642
>> VLA-Cache inference mode
Current CUDA latency: 146.728577 ms | Average CUDA latency: 167.929820 ms, Average TFLOPs: 2.927391
>> VLA-Cache inference mode
Current CUDA latency: 162.694183 ms | Average CUDA latency: 167.923675 ms, Average TFLOPs: 2.927275
>> VLA-Cache inference mode
Current CUDA latency: 243.658875 ms | Average CUDA latency: 168.012462 ms, Average TFLOPs: 2.927193
>> VLA-Cache inference mode
Current CUDA latency: 148.249924 ms | Average CUDA latency: 167.989321 ms, Average TFLOPs: 2.927150
>> VLA-Cache inference mode
Current CUDA latency: 120.165726 ms | Average CUDA latency: 167.933387 ms, Average TFLOPs: 2.927070
>> VLA-Cache inference mode
Current CUDA latency: 103.504128 ms | Average CUDA latency: 167.858119 ms, Average TFLOPs: 2.927000
>> VLA-Cache inference mode
Current CUDA latency: 103.980003 ms | Average CUDA latency: 167.783582 ms, Average TFLOPs: 2.926930
>> VLA-Cache inference mode
Current CUDA latency: 102.653603 ms | Average CUDA latency: 167.707673 ms, Average TFLOPs: 2.926845
>> VLA-Cache inference mode
Current CUDA latency: 114.937508 ms | Average CUDA latency: 167.646241 ms, Average TFLOPs: 2.926783
>> VLA-Cache inference mode
Current CUDA latency: 163.170654 ms | Average CUDA latency: 167.641037 ms, Average TFLOPs: 2.926775
>> VLA-Cache inference mode
Current CUDA latency: 236.931076 ms | Average CUDA latency: 167.721513 ms, Average TFLOPs: 2.926760
>> VLA-Cache inference mode
Current CUDA latency: 275.989410 ms | Average CUDA latency: 167.847114 ms, Average TFLOPs: 2.926691
>> VLA-Cache inference mode
Current CUDA latency: 196.519577 ms | Average CUDA latency: 167.880338 ms, Average TFLOPs: 2.926578
>> VLA-Cache inference mode
Current CUDA latency: 118.068863 ms | Average CUDA latency: 167.822686 ms, Average TFLOPs: 2.926479
>> VLA-Cache inference mode
Current CUDA latency: 108.311203 ms | Average CUDA latency: 167.753886 ms, Average TFLOPs: 2.926381
>> VLA-Cache inference mode
Current CUDA latency: 116.166908 ms | Average CUDA latency: 167.694317 ms, Average TFLOPs: 2.926169
>> VLA-Cache inference mode
Current CUDA latency: 107.399261 ms | Average CUDA latency: 167.624773 ms, Average TFLOPs: 2.925936
>> VLA-Cache inference mode
Current CUDA latency: 208.034393 ms | Average CUDA latency: 167.671327 ms, Average TFLOPs: 2.925796
>> VLA-Cache inference mode
Current CUDA latency: 193.250885 ms | Average CUDA latency: 167.700763 ms, Average TFLOPs: 2.925659
>> VLA-Cache inference mode
Current CUDA latency: 182.867966 ms | Average CUDA latency: 167.718197 ms, Average TFLOPs: 2.925532
>> VLA-Cache inference mode
Current CUDA latency: 151.765503 ms | Average CUDA latency: 167.699881 ms, Average TFLOPs: 2.925397
>> VLA-Cache inference mode
Current CUDA latency: 160.892838 ms | Average CUDA latency: 167.692075 ms, Average TFLOPs: 2.925433
Average time per step: 575.9351 ms, Control Frequency: 13.89 Hz, Token Reusing Ratio (Primary): 35.22 %, , Token Reusing Ratio (Wrist): 39.96 %
Saved rollout MP4 at path ./rollouts/2026_04_07/primary--2026_04_07-23_07_35--episode=24--success=True--task=put_both_the_cream_cheese_box_and_the_butter_in_th.mp4
Saved rollout MP4 at path ./rollouts/2026_04_07/wrist--2026_04_07-23_07_35--episode=24--success=True--task=put_both_the_cream_cheese_box_and_the_butter_in_th.mp4
04/08 [00:12:55] INFO     | >> Success: True              run_libero_eval.py:230
                 INFO     | >> # episodes completed so    run_libero_eval.py:230
                          far: 24                                               
                 INFO     | >> # successes: 23 (95.8%)    run_libero_eval.py:230

 20%|██        | 4/20 [09:32<38:15, 143.47s/it][A                 INFO     | >>                            run_libero_eval.py:230
                          Task: put both the cream cheese                       
                          box and the butter in the                             
                          basket                                                
                 INFO     | >> Starting episode 5...      run_libero_eval.py:230
huggingface/tokenizers: The current process just got forked, after parallelism has already been used. Disabling parallelism to avoid deadlocks...
To disable this warning, you can either:
	- Avoid using `tokenizers` before the fork if possible
	- Explicitly set the environment variable TOKENIZERS_PARALLELISM=(true | false)
huggingface/tokenizers: The current process just got forked, after parallelism has already been used. Disabling parallelism to avoid deadlocks...
To disable this warning, you can either:
	- Avoid using `tokenizers` before the fork if possible
	- Explicitly set the environment variable TOKENIZERS_PARALLELISM=(true | false)
>> VLA-Cache inference mode
Current CUDA latency: 344.047852 ms | Average CUDA latency: 167.894086 ms, Average TFLOPs: 2.926356
>> VLA-Cache inference mode
Current CUDA latency: 279.039154 ms | Average CUDA latency: 168.021255 ms, Average TFLOPs: 2.926400
>> VLA-Cache inference mode
Current CUDA latency: 121.312355 ms | Average CUDA latency: 167.967873 ms, Average TFLOPs: 2.926419
>> VLA-Cache inference mode
Current CUDA latency: 128.859879 ms | Average CUDA latency: 167.923229 ms, Average TFLOPs: 2.926409
>> VLA-Cache inference mode
Current CUDA latency: 140.551102 ms | Average CUDA latency: 167.892018 ms, Average TFLOPs: 2.926415
>> VLA-Cache inference mode
Current CUDA latency: 160.117691 ms | Average CUDA latency: 167.883163 ms, Average TFLOPs: 2.926368
>> VLA-Cache inference mode
Current CUDA latency: 146.991714 ms | Average CUDA latency: 167.859396 ms, Average TFLOPs: 2.926353
>> VLA-Cache inference mode
Current CUDA latency: 170.479584 ms | Average CUDA latency: 167.862374 ms, Average TFLOPs: 2.926307
>> VLA-Cache inference mode
Current CUDA latency: 172.540314 ms | Average CUDA latency: 167.867683 ms, Average TFLOPs: 2.926174
>> VLA-Cache inference mode
Current CUDA latency: 122.082497 ms | Average CUDA latency: 167.815773 ms, Average TFLOPs: 2.925993
>> VLA-Cache inference mode
Current CUDA latency: 104.535843 ms | Average CUDA latency: 167.744108 ms, Average TFLOPs: 2.925802
>> VLA-Cache inference mode
Current CUDA latency: 102.184128 ms | Average CUDA latency: 167.669945 ms, Average TFLOPs: 2.925582
>> VLA-Cache inference mode
Current CUDA latency: 102.950531 ms | Average CUDA latency: 167.596816 ms, Average TFLOPs: 2.925446
>> VLA-Cache inference mode
Current CUDA latency: 110.331520 ms | Average CUDA latency: 167.532182 ms, Average TFLOPs: 2.925418
>> VLA-Cache inference mode
Current CUDA latency: 143.919449 ms | Average CUDA latency: 167.505562 ms, Average TFLOPs: 2.925477
>> VLA-Cache inference mode
Current CUDA latency: 117.437218 ms | Average CUDA latency: 167.449178 ms, Average TFLOPs: 2.925477
>> VLA-Cache inference mode
Current CUDA latency: 109.036484 ms | Average CUDA latency: 167.383472 ms, Average TFLOPs: 2.925482
>> VLA-Cache inference mode
Current CUDA latency: 107.125183 ms | Average CUDA latency: 167.315766 ms, Average TFLOPs: 2.925413
>> VLA-Cache inference mode
Current CUDA latency: 109.061630 ms | Average CUDA latency: 167.250386 ms, Average TFLOPs: 2.925435
>> VLA-Cache inference mode
Current CUDA latency: 172.472351 ms | Average CUDA latency: 167.256240 ms, Average TFLOPs: 2.925488
>> VLA-Cache inference mode
Current CUDA latency: 177.374756 ms | Average CUDA latency: 167.267571 ms, Average TFLOPs: 2.925582
>> VLA-Cache inference mode
Current CUDA latency: 313.709839 ms | Average CUDA latency: 167.431376 ms, Average TFLOPs: 2.925625
>> VLA-Cache inference mode
Current CUDA latency: 209.317245 ms | Average CUDA latency: 167.478176 ms, Average TFLOPs: 2.925649
>> VLA-Cache inference mode
Current CUDA latency: 128.555328 ms | Average CUDA latency: 167.434736 ms, Average TFLOPs: 2.925624
>> VLA-Cache inference mode
Current CUDA latency: 153.253693 ms | Average CUDA latency: 167.418926 ms, Average TFLOPs: 2.925538
>> VLA-Cache inference mode
Current CUDA latency: 178.638626 ms | Average CUDA latency: 167.431420 ms, Average TFLOPs: 2.925327
>> VLA-Cache inference mode
Current CUDA latency: 122.485764 ms | Average CUDA latency: 167.381425 ms, Average TFLOPs: 2.925151
>> VLA-Cache inference mode
Current CUDA latency: 114.278305 ms | Average CUDA latency: 167.322422 ms, Average TFLOPs: 2.924953
>> VLA-Cache inference mode
Current CUDA latency: 143.096573 ms | Average CUDA latency: 167.295534 ms, Average TFLOPs: 2.924784
>> VLA-Cache inference mode
Current CUDA latency: 241.980225 ms | Average CUDA latency: 167.378333 ms, Average TFLOPs: 2.924669
>> VLA-Cache inference mode
Current CUDA latency: 131.821411 ms | Average CUDA latency: 167.338956 ms, Average TFLOPs: 2.924674
>> VLA-Cache inference mode
Current CUDA latency: 128.860229 ms | Average CUDA latency: 167.296391 ms, Average TFLOPs: 2.924701
Average time per step: 568.5488 ms, Control Frequency: 14.07 Hz, Token Reusing Ratio (Primary): 35.14 %, , Token Reusing Ratio (Wrist): 39.89 %
Saved rollout MP4 at path ./rollouts/2026_04_07/primary--2026_04_07-23_07_35--episode=25--success=True--task=put_both_the_cream_cheese_box_and_the_butter_in_th.mp4
Saved rollout MP4 at path ./rollouts/2026_04_07/wrist--2026_04_07-23_07_35--episode=25--success=True--task=put_both_the_cream_cheese_box_and_the_butter_in_th.mp4
04/08 [00:15:16] INFO     | >> Success: True              run_libero_eval.py:230
                 INFO     | >> # episodes completed so    run_libero_eval.py:230
                          far: 25                                               
                 INFO     | >> # successes: 24 (96.0%)    run_libero_eval.py:230

 25%|██▌       | 5/20 [11:54<35:39, 142.63s/it][A                 INFO     | >>                            run_libero_eval.py:230
                          Task: put both the cream cheese                       
                          box and the butter in the                             
                          basket                                                
                 INFO     | >> Starting episode 6...      run_libero_eval.py:230
huggingface/tokenizers: The current process just got forked, after parallelism has already been used. Disabling parallelism to avoid deadlocks...
To disable this warning, you can either:
	- Avoid using `tokenizers` before the fork if possible
	- Explicitly set the environment variable TOKENIZERS_PARALLELISM=(true | false)
huggingface/tokenizers: The current process just got forked, after parallelism has already been used. Disabling parallelism to avoid deadlocks...
To disable this warning, you can either:
	- Avoid using `tokenizers` before the fork if possible
	- Explicitly set the environment variable TOKENIZERS_PARALLELISM=(true | false)
>> VLA-Cache inference mode
Current CUDA latency: 386.598145 ms | Average CUDA latency: 167.538714 ms, Average TFLOPs: 2.925592
>> VLA-Cache inference mode
Current CUDA latency: 336.550415 ms | Average CUDA latency: 167.725261 ms, Average TFLOPs: 2.925623
>> VLA-Cache inference mode
Current CUDA latency: 116.111107 ms | Average CUDA latency: 167.668355 ms, Average TFLOPs: 2.925673
>> VLA-Cache inference mode
Current CUDA latency: 126.227325 ms | Average CUDA latency: 167.622715 ms, Average TFLOPs: 2.925688
>> VLA-Cache inference mode
Current CUDA latency: 143.441788 ms | Average CUDA latency: 167.596113 ms, Average TFLOPs: 2.925651
>> VLA-Cache inference mode
Current CUDA latency: 112.587585 ms | Average CUDA latency: 167.535664 ms, Average TFLOPs: 2.925598
>> VLA-Cache inference mode
Current CUDA latency: 103.019325 ms | Average CUDA latency: 167.464845 ms, Average TFLOPs: 2.925538
>> VLA-Cache inference mode
Current CUDA latency: 119.794495 ms | Average CUDA latency: 167.412575 ms, Average TFLOPs: 2.925437
>> VLA-Cache inference mode
Current CUDA latency: 121.283394 ms | Average CUDA latency: 167.362050 ms, Average TFLOPs: 2.925274
>> VLA-Cache inference mode
Current CUDA latency: 130.386810 ms | Average CUDA latency: 167.321596 ms, Average TFLOPs: 2.925022
>> VLA-Cache inference mode
Current CUDA latency: 107.762276 ms | Average CUDA latency: 167.256503 ms, Average TFLOPs: 2.924829
>> VLA-Cache inference mode
Current CUDA latency: 107.613693 ms | Average CUDA latency: 167.191391 ms, Average TFLOPs: 2.924703
>> VLA-Cache inference mode
Current CUDA latency: 113.006180 ms | Average CUDA latency: 167.132301 ms, Average TFLOPs: 2.924647
>> VLA-Cache inference mode
Current CUDA latency: 150.059738 ms | Average CUDA latency: 167.113704 ms, Average TFLOPs: 2.924575
>> VLA-Cache inference mode
Current CUDA latency: 177.669022 ms | Average CUDA latency: 167.125190 ms, Average TFLOPs: 2.924570
>> VLA-Cache inference mode
Current CUDA latency: 144.898880 ms | Average CUDA latency: 167.101031 ms, Average TFLOPs: 2.924491
>> VLA-Cache inference mode
Current CUDA latency: 147.462402 ms | Average CUDA latency: 167.079707 ms, Average TFLOPs: 2.924458
>> VLA-Cache inference mode
Current CUDA latency: 156.931259 ms | Average CUDA latency: 167.068700 ms, Average TFLOPs: 2.924443
>> VLA-Cache inference mode
Current CUDA latency: 104.923485 ms | Average CUDA latency: 167.001371 ms, Average TFLOPs: 2.924381
>> VLA-Cache inference mode
Current CUDA latency: 120.187134 ms | Average CUDA latency: 166.950706 ms, Average TFLOPs: 2.924362
>> VLA-Cache inference mode
Current CUDA latency: 125.581566 ms | Average CUDA latency: 166.905983 ms, Average TFLOPs: 2.924436
>> VLA-Cache inference mode
Current CUDA latency: 131.983810 ms | Average CUDA latency: 166.868270 ms, Average TFLOPs: 2.924476
>> VLA-Cache inference mode
Current CUDA latency: 211.449890 ms | Average CUDA latency: 166.916362 ms, Average TFLOPs: 2.924430
>> VLA-Cache inference mode
Current CUDA latency: 240.355453 ms | Average CUDA latency: 166.995499 ms, Average TFLOPs: 2.924365
>> VLA-Cache inference mode
Current CUDA latency: 108.903267 ms | Average CUDA latency: 166.932967 ms, Average TFLOPs: 2.924298
>> VLA-Cache inference mode
Current CUDA latency: 166.506592 ms | Average CUDA latency: 166.932509 ms, Average TFLOPs: 2.924176
>> VLA-Cache inference mode
Current CUDA latency: 117.413635 ms | Average CUDA latency: 166.879320 ms, Average TFLOPs: 2.923980
>> VLA-Cache inference mode
Current CUDA latency: 121.175713 ms | Average CUDA latency: 166.830281 ms, Average TFLOPs: 2.923793
>> VLA-Cache inference mode
Current CUDA latency: 108.839935 ms | Average CUDA latency: 166.768127 ms, Average TFLOPs: 2.923646
>> VLA-Cache inference mode
Current CUDA latency: 186.106598 ms | Average CUDA latency: 166.788832 ms, Average TFLOPs: 2.923510
>> VLA-Cache inference mode
Current CUDA latency: 264.905121 ms | Average CUDA latency: 166.893769 ms, Average TFLOPs: 2.923454
>> VLA-Cache inference mode
Current CUDA latency: 207.155365 ms | Average CUDA latency: 166.936783 ms, Average TFLOPs: 2.923419
Average time per step: 572.1862 ms, Control Frequency: 13.98 Hz, Token Reusing Ratio (Primary): 35.17 %, , Token Reusing Ratio (Wrist): 39.93 %
Saved rollout MP4 at path ./rollouts/2026_04_07/primary--2026_04_07-23_07_35--episode=26--success=True--task=put_both_the_cream_cheese_box_and_the_butter_in_th.mp4
Saved rollout MP4 at path ./rollouts/2026_04_07/wrist--2026_04_07-23_07_35--episode=26--success=True--task=put_both_the_cream_cheese_box_and_the_butter_in_th.mp4
04/08 [00:17:52] INFO     | >> Success: True              run_libero_eval.py:230
                 INFO     | >> # episodes completed so    run_libero_eval.py:230
                          far: 26                                               
                 INFO     | >> # successes: 25 (96.2%)    run_libero_eval.py:230

 30%|███       | 6/20 [14:29<34:17, 146.96s/it][A                 INFO     | >>                            run_libero_eval.py:230
                          Task: put both the cream cheese                       
                          box and the butter in the                             
                          basket                                                
                 INFO     | >> Starting episode 7...      run_libero_eval.py:230
huggingface/tokenizers: The current process just got forked, after parallelism has already been used. Disabling parallelism to avoid deadlocks...
To disable this warning, you can either:
	- Avoid using `tokenizers` before the fork if possible
	- Explicitly set the environment variable TOKENIZERS_PARALLELISM=(true | false)
huggingface/tokenizers: The current process just got forked, after parallelism has already been used. Disabling parallelism to avoid deadlocks...
To disable this warning, you can either:
	- Avoid using `tokenizers` before the fork if possible
	- Explicitly set the environment variable TOKENIZERS_PARALLELISM=(true | false)
>> VLA-Cache inference mode
Current CUDA latency: 350.940613 ms | Average CUDA latency: 167.133159 ms, Average TFLOPs: 2.924281
>> VLA-Cache inference mode
Current CUDA latency: 271.700531 ms | Average CUDA latency: 167.244638 ms, Average TFLOPs: 2.924345
>> VLA-Cache inference mode
Current CUDA latency: 166.314301 ms | Average CUDA latency: 167.243647 ms, Average TFLOPs: 2.924403
>> VLA-Cache inference mode
Current CUDA latency: 149.678848 ms | Average CUDA latency: 167.224961 ms, Average TFLOPs: 2.924475
>> VLA-Cache inference mode
Current CUDA latency: 153.615204 ms | Average CUDA latency: 167.210498 ms, Average TFLOPs: 2.924508
>> VLA-Cache inference mode
Current CUDA latency: 257.392761 ms | Average CUDA latency: 167.306233 ms, Average TFLOPs: 2.924469
>> VLA-Cache inference mode
Current CUDA latency: 152.647675 ms | Average CUDA latency: 167.290688 ms, Average TFLOPs: 2.924409
>> VLA-Cache inference mode
Current CUDA latency: 160.071518 ms | Average CUDA latency: 167.283041 ms, Average TFLOPs: 2.924308
>> VLA-Cache inference mode
Current CUDA latency: 140.644135 ms | Average CUDA latency: 167.254852 ms, Average TFLOPs: 2.924255
>> VLA-Cache inference mode
Current CUDA latency: 188.700958 ms | Average CUDA latency: 167.277522 ms, Average TFLOPs: 2.924090
>> VLA-Cache inference mode
Current CUDA latency: 125.597183 ms | Average CUDA latency: 167.233509 ms, Average TFLOPs: 2.923894
>> VLA-Cache inference mode
Current CUDA latency: 107.722527 ms | Average CUDA latency: 167.170734 ms, Average TFLOPs: 2.923723
>> VLA-Cache inference mode
Current CUDA latency: 109.064926 ms | Average CUDA latency: 167.109505 ms, Average TFLOPs: 2.923618
>> VLA-Cache inference mode
Current CUDA latency: 123.185120 ms | Average CUDA latency: 167.063269 ms, Average TFLOPs: 2.923570
>> VLA-Cache inference mode
Current CUDA latency: 111.206787 ms | Average CUDA latency: 167.004535 ms, Average TFLOPs: 2.923482
>> VLA-Cache inference mode
Current CUDA latency: 116.693024 ms | Average CUDA latency: 166.951686 ms, Average TFLOPs: 2.923476
>> VLA-Cache inference mode
Current CUDA latency: 116.213020 ms | Average CUDA latency: 166.898445 ms, Average TFLOPs: 2.923438
>> VLA-Cache inference mode
Current CUDA latency: 204.285049 ms | Average CUDA latency: 166.937635 ms, Average TFLOPs: 2.923431
>> VLA-Cache inference mode
Current CUDA latency: 207.195267 ms | Average CUDA latency: 166.979789 ms, Average TFLOPs: 2.923453
>> VLA-Cache inference mode
Current CUDA latency: 139.103714 ms | Average CUDA latency: 166.950630 ms, Average TFLOPs: 2.923428
>> VLA-Cache inference mode
Current CUDA latency: 113.993629 ms | Average CUDA latency: 166.895294 ms, Average TFLOPs: 2.923489
>> VLA-Cache inference mode
Current CUDA latency: 120.283714 ms | Average CUDA latency: 166.846639 ms, Average TFLOPs: 2.923545
>> VLA-Cache inference mode
Current CUDA latency: 119.885376 ms | Average CUDA latency: 166.797670 ms, Average TFLOPs: 2.923491
>> VLA-Cache inference mode
Current CUDA latency: 138.547546 ms | Average CUDA latency: 166.768242 ms, Average TFLOPs: 2.923408
>> VLA-Cache inference mode
Current CUDA latency: 159.672028 ms | Average CUDA latency: 166.760858 ms, Average TFLOPs: 2.923383
>> VLA-Cache inference mode
Current CUDA latency: 180.877380 ms | Average CUDA latency: 166.775532 ms, Average TFLOPs: 2.923301
>> VLA-Cache inference mode
Current CUDA latency: 180.927292 ms | Average CUDA latency: 166.790228 ms, Average TFLOPs: 2.923148
>> VLA-Cache inference mode
Current CUDA latency: 102.500099 ms | Average CUDA latency: 166.723537 ms, Average TFLOPs: 2.923007
>> VLA-Cache inference mode
Current CUDA latency: 120.681763 ms | Average CUDA latency: 166.675825 ms, Average TFLOPs: 2.922878
>> VLA-Cache inference mode
Current CUDA latency: 104.332832 ms | Average CUDA latency: 166.611288 ms, Average TFLOPs: 2.922750
>> VLA-Cache inference mode
Current CUDA latency: 111.964195 ms | Average CUDA latency: 166.554776 ms, Average TFLOPs: 2.922666
>> VLA-Cache inference mode
Current CUDA latency: 124.608322 ms | Average CUDA latency: 166.511443 ms, Average TFLOPs: 2.922666
>> VLA-Cache inference mode
Current CUDA latency: 112.718307 ms | Average CUDA latency: 166.455929 ms, Average TFLOPs: 2.922656
Average time per step: 571.6987 ms, Control Frequency: 13.99 Hz, Token Reusing Ratio (Primary): 35.16 %, , Token Reusing Ratio (Wrist): 39.80 %
Saved rollout MP4 at path ./rollouts/2026_04_07/primary--2026_04_07-23_07_35--episode=27--success=True--task=put_both_the_cream_cheese_box_and_the_butter_in_th.mp4
Saved rollout MP4 at path ./rollouts/2026_04_07/wrist--2026_04_07-23_07_35--episode=27--success=True--task=put_both_the_cream_cheese_box_and_the_butter_in_th.mp4
04/08 [00:20:20] INFO     | >> Success: True              run_libero_eval.py:230
                 INFO     | >> # episodes completed so    run_libero_eval.py:230
                          far: 27                                               
                 INFO     | >> # successes: 26 (96.3%)    run_libero_eval.py:230

 35%|███▌      | 7/20 [16:58<31:57, 147.52s/it][A                 INFO     | >>                            run_libero_eval.py:230
                          Task: put both the cream cheese                       
                          box and the butter in the                             
                          basket                                                
                 INFO     | >> Starting episode 8...      run_libero_eval.py:230
huggingface/tokenizers: The current process just got forked, after parallelism has already been used. Disabling parallelism to avoid deadlocks...
To disable this warning, you can either:
	- Avoid using `tokenizers` before the fork if possible
	- Explicitly set the environment variable TOKENIZERS_PARALLELISM=(true | false)
huggingface/tokenizers: The current process just got forked, after parallelism has already been used. Disabling parallelism to avoid deadlocks...
To disable this warning, you can either:
	- Avoid using `tokenizers` before the fork if possible
	- Explicitly set the environment variable TOKENIZERS_PARALLELISM=(true | false)
>> VLA-Cache inference mode
Current CUDA latency: 373.690277 ms | Average CUDA latency: 166.669572 ms, Average TFLOPs: 2.923489
>> VLA-Cache inference mode
Current CUDA latency: 319.859406 ms | Average CUDA latency: 166.827337 ms, Average TFLOPs: 2.923538
>> VLA-Cache inference mode
Current CUDA latency: 134.264603 ms | Average CUDA latency: 166.793837 ms, Average TFLOPs: 2.923554
>> VLA-Cache inference mode
Current CUDA latency: 111.420189 ms | Average CUDA latency: 166.736926 ms, Average TFLOPs: 2.923578
>> VLA-Cache inference mode
Current CUDA latency: 121.863907 ms | Average CUDA latency: 166.690856 ms, Average TFLOPs: 2.923575
>> VLA-Cache inference mode
Current CUDA latency: 122.165756 ms | Average CUDA latency: 166.645189 ms, Average TFLOPs: 2.923531
>> VLA-Cache inference mode
Current CUDA latency: 110.010048 ms | Average CUDA latency: 166.587161 ms, Average TFLOPs: 2.923492
>> VLA-Cache inference mode
Current CUDA latency: 156.849731 ms | Average CUDA latency: 166.577194 ms, Average TFLOPs: 2.923408
>> VLA-Cache inference mode
Current CUDA latency: 155.445282 ms | Average CUDA latency: 166.565812 ms, Average TFLOPs: 2.923244
>> VLA-Cache inference mode
Current CUDA latency: 112.911293 ms | Average CUDA latency: 166.511007 ms, Average TFLOPs: 2.923021
>> VLA-Cache inference mode
Current CUDA latency: 105.435776 ms | Average CUDA latency: 166.448685 ms, Average TFLOPs: 2.922870
>> VLA-Cache inference mode
Current CUDA latency: 110.763359 ms | Average CUDA latency: 166.391921 ms, Average TFLOPs: 2.922710
>> VLA-Cache inference mode
Current CUDA latency: 110.531715 ms | Average CUDA latency: 166.335037 ms, Average TFLOPs: 2.922631
>> VLA-Cache inference mode
Current CUDA latency: 106.245277 ms | Average CUDA latency: 166.273908 ms, Average TFLOPs: 2.922591
>> VLA-Cache inference mode
Current CUDA latency: 109.013824 ms | Average CUDA latency: 166.215717 ms, Average TFLOPs: 2.922575
>> VLA-Cache inference mode
Current CUDA latency: 134.802719 ms | Average CUDA latency: 166.183826 ms, Average TFLOPs: 2.922528
>> VLA-Cache inference mode
Current CUDA latency: 192.233536 ms | Average CUDA latency: 166.210245 ms, Average TFLOPs: 2.922512
>> VLA-Cache inference mode
Current CUDA latency: 191.464188 ms | Average CUDA latency: 166.235832 ms, Average TFLOPs: 2.922507
>> VLA-Cache inference mode
Current CUDA latency: 170.701797 ms | Average CUDA latency: 166.240352 ms, Average TFLOPs: 2.922545
>> VLA-Cache inference mode
Current CUDA latency: 134.343430 ms | Average CUDA latency: 166.208100 ms, Average TFLOPs: 2.922588
>> VLA-Cache inference mode
Current CUDA latency: 109.448669 ms | Average CUDA latency: 166.150767 ms, Average TFLOPs: 2.922566
>> VLA-Cache inference mode
Current CUDA latency: 139.829956 ms | Average CUDA latency: 166.124208 ms, Average TFLOPs: 2.922481
>> VLA-Cache inference mode
Current CUDA latency: 117.989731 ms | Average CUDA latency: 166.075685 ms, Average TFLOPs: 2.922449
>> VLA-Cache inference mode
Current CUDA latency: 126.816994 ms | Average CUDA latency: 166.036149 ms, Average TFLOPs: 2.922396
>> VLA-Cache inference mode
Current CUDA latency: 132.841309 ms | Average CUDA latency: 166.002754 ms, Average TFLOPs: 2.922260
>> VLA-Cache inference mode
Current CUDA latency: 193.105789 ms | Average CUDA latency: 166.029993 ms, Average TFLOPs: 2.922084
>> VLA-Cache inference mode
Current CUDA latency: 304.942474 ms | Average CUDA latency: 166.169464 ms, Average TFLOPs: 2.921905
>> VLA-Cache inference mode
Current CUDA latency: 281.956390 ms | Average CUDA latency: 166.285599 ms, Average TFLOPs: 2.921770
>> VLA-Cache inference mode
Current CUDA latency: 345.314392 ms | Average CUDA latency: 166.464987 ms, Average TFLOPs: 2.921721
>> VLA-Cache inference mode
Current CUDA latency: 117.007362 ms | Average CUDA latency: 166.415480 ms, Average TFLOPs: 2.921674
Average time per step: 571.5901 ms, Control Frequency: 14.00 Hz, Token Reusing Ratio (Primary): 35.28 %, , Token Reusing Ratio (Wrist): 39.84 %
Saved rollout MP4 at path ./rollouts/2026_04_07/primary--2026_04_07-23_07_35--episode=28--success=True--task=put_both_the_cream_cheese_box_and_the_butter_in_th.mp4
Saved rollout MP4 at path ./rollouts/2026_04_07/wrist--2026_04_07-23_07_35--episode=28--success=True--task=put_both_the_cream_cheese_box_and_the_butter_in_th.mp4
04/08 [00:22:31] INFO     | >> Success: True              run_libero_eval.py:230
                 INFO     | >> # episodes completed so    run_libero_eval.py:230
                          far: 28                                               
                 INFO     | >> # successes: 27 (96.4%)    run_libero_eval.py:230

 40%|████      | 8/20 [19:09<28:26, 142.24s/it][A                 INFO     | >>                            run_libero_eval.py:230
                          Task: put both the cream cheese                       
                          box and the butter in the                             
                          basket                                                
                 INFO     | >> Starting episode 9...      run_libero_eval.py:230
huggingface/tokenizers: The current process just got forked, after parallelism has already been used. Disabling parallelism to avoid deadlocks...
To disable this warning, you can either:
	- Avoid using `tokenizers` before the fork if possible
	- Explicitly set the environment variable TOKENIZERS_PARALLELISM=(true | false)
huggingface/tokenizers: The current process just got forked, after parallelism has already been used. Disabling parallelism to avoid deadlocks...
To disable this warning, you can either:
	- Avoid using `tokenizers` before the fork if possible
	- Explicitly set the environment variable TOKENIZERS_PARALLELISM=(true | false)
>> VLA-Cache inference mode
Current CUDA latency: 350.644714 ms | Average CUDA latency: 166.599709 ms, Average TFLOPs: 2.922484
>> VLA-Cache inference mode
Current CUDA latency: 260.774536 ms | Average CUDA latency: 166.693790 ms, Average TFLOPs: 2.922516
>> VLA-Cache inference mode
Current CUDA latency: 174.542236 ms | Average CUDA latency: 166.701622 ms, Average TFLOPs: 2.922572
>> VLA-Cache inference mode
Current CUDA latency: 182.428741 ms | Average CUDA latency: 166.717302 ms, Average TFLOPs: 2.922635
>> VLA-Cache inference mode
Current CUDA latency: 265.997437 ms | Average CUDA latency: 166.816187 ms, Average TFLOPs: 2.922653
>> VLA-Cache inference mode
Current CUDA latency: 208.070877 ms | Average CUDA latency: 166.857236 ms, Average TFLOPs: 2.922627
>> VLA-Cache inference mode
Current CUDA latency: 125.152000 ms | Average CUDA latency: 166.815780 ms, Average TFLOPs: 2.922596
>> VLA-Cache inference mode
Current CUDA latency: 118.910973 ms | Average CUDA latency: 166.768208 ms, Average TFLOPs: 2.922545
>> VLA-Cache inference mode
Current CUDA latency: 184.986969 ms | Average CUDA latency: 166.786282 ms, Average TFLOPs: 2.922395
>> VLA-Cache inference mode
Current CUDA latency: 102.689728 ms | Average CUDA latency: 166.722758 ms, Average TFLOPs: 2.922257
>> VLA-Cache inference mode
Current CUDA latency: 107.815491 ms | Average CUDA latency: 166.664434 ms, Average TFLOPs: 2.922172
>> VLA-Cache inference mode
Current CUDA latency: 110.537727 ms | Average CUDA latency: 166.608917 ms, Average TFLOPs: 2.922097
>> VLA-Cache inference mode
Current CUDA latency: 105.756065 ms | Average CUDA latency: 166.548786 ms, Average TFLOPs: 2.922053
>> VLA-Cache inference mode
Current CUDA latency: 105.851135 ms | Average CUDA latency: 166.488867 ms, Average TFLOPs: 2.921986
>> VLA-Cache inference mode
Current CUDA latency: 113.739136 ms | Average CUDA latency: 166.436846 ms, Average TFLOPs: 2.921961
>> VLA-Cache inference mode
Current CUDA latency: 114.438301 ms | Average CUDA latency: 166.385616 ms, Average TFLOPs: 2.921870
>> VLA-Cache inference mode
Current CUDA latency: 109.157249 ms | Average CUDA latency: 166.329289 ms, Average TFLOPs: 2.921837
>> VLA-Cache inference mode
Current CUDA latency: 207.226715 ms | Average CUDA latency: 166.369503 ms, Average TFLOPs: 2.921809
>> VLA-Cache inference mode
Current CUDA latency: 302.850586 ms | Average CUDA latency: 166.503570 ms, Average TFLOPs: 2.921842
>> VLA-Cache inference mode
Current CUDA latency: 148.047577 ms | Average CUDA latency: 166.485459 ms, Average TFLOPs: 2.921878
>> VLA-Cache inference mode
Current CUDA latency: 110.706528 ms | Average CUDA latency: 166.430773 ms, Average TFLOPs: 2.921876
>> VLA-Cache inference mode
Current CUDA latency: 122.861534 ms | Average CUDA latency: 166.388100 ms, Average TFLOPs: 2.921834
>> VLA-Cache inference mode
Current CUDA latency: 129.276154 ms | Average CUDA latency: 166.351787 ms, Average TFLOPs: 2.921799
>> VLA-Cache inference mode
Current CUDA latency: 109.134148 ms | Average CUDA latency: 166.295856 ms, Average TFLOPs: 2.921745
>> VLA-Cache inference mode
Current CUDA latency: 139.392059 ms | Average CUDA latency: 166.269583 ms, Average TFLOPs: 2.921642
>> VLA-Cache inference mode
Current CUDA latency: 191.094330 ms | Average CUDA latency: 166.293802 ms, Average TFLOPs: 2.921438
>> VLA-Cache inference mode
Current CUDA latency: 252.731812 ms | Average CUDA latency: 166.378050 ms, Average TFLOPs: 2.921247
>> VLA-Cache inference mode
Current CUDA latency: 172.921219 ms | Average CUDA latency: 166.384421 ms, Average TFLOPs: 2.921083
>> VLA-Cache inference mode
Current CUDA latency: 156.660126 ms | Average CUDA latency: 166.374961 ms, Average TFLOPs: 2.921023
>> VLA-Cache inference mode
Current CUDA latency: 115.979263 ms | Average CUDA latency: 166.325986 ms, Average TFLOPs: 2.920969
>> VLA-Cache inference mode
Current CUDA latency: 125.516068 ms | Average CUDA latency: 166.286365 ms, Average TFLOPs: 2.920966
Average time per step: 569.6943 ms, Control Frequency: 14.04 Hz, Token Reusing Ratio (Primary): 35.22 %, , Token Reusing Ratio (Wrist): 39.78 %
Saved rollout MP4 at path ./rollouts/2026_04_07/primary--2026_04_07-23_07_35--episode=29--success=True--task=put_both_the_cream_cheese_box_and_the_butter_in_th.mp4
Saved rollout MP4 at path ./rollouts/2026_04_07/wrist--2026_04_07-23_07_35--episode=29--success=True--task=put_both_the_cream_cheese_box_and_the_butter_in_th.mp4
04/08 [00:24:47] INFO     | >> Success: True              run_libero_eval.py:230
                 INFO     | >> # episodes completed so    run_libero_eval.py:230
                          far: 29                                               
                 INFO     | >> # successes: 28 (96.6%)    run_libero_eval.py:230

 45%|████▌     | 9/20 [21:24<25:41, 140.11s/it][A                 INFO     | >>                            run_libero_eval.py:230
                          Task: put both the cream cheese                       
                          box and the butter in the                             
                          basket                                                
                 INFO     | >> Starting episode 10...     run_libero_eval.py:230
huggingface/tokenizers: The current process just got forked, after parallelism has already been used. Disabling parallelism to avoid deadlocks...
To disable this warning, you can either:
	- Avoid using `tokenizers` before the fork if possible
	- Explicitly set the environment variable TOKENIZERS_PARALLELISM=(true | false)
huggingface/tokenizers: The current process just got forked, after parallelism has already been used. Disabling parallelism to avoid deadlocks...
To disable this warning, you can either:
	- Avoid using `tokenizers` before the fork if possible
	- Explicitly set the environment variable TOKENIZERS_PARALLELISM=(true | false)
>> VLA-Cache inference mode
Current CUDA latency: 324.064484 ms | Average CUDA latency: 166.439399 ms, Average TFLOPs: 2.921752
>> VLA-Cache inference mode
Current CUDA latency: 297.890717 ms | Average CUDA latency: 166.566774 ms, Average TFLOPs: 2.921827
>> VLA-Cache inference mode
Current CUDA latency: 177.937500 ms | Average CUDA latency: 166.577781 ms, Average TFLOPs: 2.921876
>> VLA-Cache inference mode
Current CUDA latency: 174.559036 ms | Average CUDA latency: 166.585500 ms, Average TFLOPs: 2.921893
>> VLA-Cache inference mode
Current CUDA latency: 117.314621 ms | Average CUDA latency: 166.537896 ms, Average TFLOPs: 2.921887
>> VLA-Cache inference mode
Current CUDA latency: 142.849091 ms | Average CUDA latency: 166.515030 ms, Average TFLOPs: 2.921849
>> VLA-Cache inference mode
Current CUDA latency: 124.688797 ms | Average CUDA latency: 166.474696 ms, Average TFLOPs: 2.921843
>> VLA-Cache inference mode
Current CUDA latency: 116.606270 ms | Average CUDA latency: 166.426653 ms, Average TFLOPs: 2.921824
>> VLA-Cache inference mode
Current CUDA latency: 147.211899 ms | Average CUDA latency: 166.408160 ms, Average TFLOPs: 2.921667
>> VLA-Cache inference mode
Current CUDA latency: 108.971008 ms | Average CUDA latency: 166.352932 ms, Average TFLOPs: 2.921494
>> VLA-Cache inference mode
Current CUDA latency: 105.757629 ms | Average CUDA latency: 166.294723 ms, Average TFLOPs: 2.921404
>> VLA-Cache inference mode
Current CUDA latency: 112.356834 ms | Average CUDA latency: 166.242959 ms, Average TFLOPs: 2.921318
>> VLA-Cache inference mode
Current CUDA latency: 114.882210 ms | Average CUDA latency: 166.193716 ms, Average TFLOPs: 2.921311
>> VLA-Cache inference mode
Current CUDA latency: 110.772385 ms | Average CUDA latency: 166.140630 ms, Average TFLOPs: 2.921293
>> VLA-Cache inference mode
Current CUDA latency: 105.368835 ms | Average CUDA latency: 166.082475 ms, Average TFLOPs: 2.921247
>> VLA-Cache inference mode
Current CUDA latency: 111.822723 ms | Average CUDA latency: 166.030602 ms, Average TFLOPs: 2.921205
>> VLA-Cache inference mode
Current CUDA latency: 163.432892 ms | Average CUDA latency: 166.028121 ms, Average TFLOPs: 2.921202
>> VLA-Cache inference mode
Current CUDA latency: 232.199005 ms | Average CUDA latency: 166.091261 ms, Average TFLOPs: 2.921196
>> VLA-Cache inference mode
Current CUDA latency: 218.773315 ms | Average CUDA latency: 166.141482 ms, Average TFLOPs: 2.921235
>> VLA-Cache inference mode
Current CUDA latency: 137.113571 ms | Average CUDA latency: 166.113837 ms, Average TFLOPs: 2.921300
>> VLA-Cache inference mode
Current CUDA latency: 110.244324 ms | Average CUDA latency: 166.060678 ms, Average TFLOPs: 2.921333
>> VLA-Cache inference mode
Current CUDA latency: 116.504738 ms | Average CUDA latency: 166.013572 ms, Average TFLOPs: 2.921289
>> VLA-Cache inference mode
Current CUDA latency: 113.892929 ms | Average CUDA latency: 165.964074 ms, Average TFLOPs: 2.921229
>> VLA-Cache inference mode
Current CUDA latency: 145.304993 ms | Average CUDA latency: 165.944474 ms, Average TFLOPs: 2.921184
>> VLA-Cache inference mode
Current CUDA latency: 279.852417 ms | Average CUDA latency: 166.052443 ms, Average TFLOPs: 2.921089
>> VLA-Cache inference mode
Current CUDA latency: 267.351990 ms | Average CUDA latency: 166.148371 ms, Average TFLOPs: 2.920946
>> VLA-Cache inference mode
Current CUDA latency: 196.567200 ms | Average CUDA latency: 166.177149 ms, Average TFLOPs: 2.920778
>> VLA-Cache inference mode
Current CUDA latency: 117.649887 ms | Average CUDA latency: 166.131282 ms, Average TFLOPs: 2.920713
>> VLA-Cache inference mode
Current CUDA latency: 163.259354 ms | Average CUDA latency: 166.128571 ms, Average TFLOPs: 2.920626
>> VLA-Cache inference mode
Current CUDA latency: 148.645599 ms | Average CUDA latency: 166.112077 ms, Average TFLOPs: 2.920626
>> VLA-Cache inference mode
Current CUDA latency: 114.564514 ms | Average CUDA latency: 166.063493 ms, Average TFLOPs: 2.920611
Average time per step: 567.4283 ms, Control Frequency: 14.10 Hz, Token Reusing Ratio (Primary): 35.09 %, , Token Reusing Ratio (Wrist): 39.74 %
Saved rollout MP4 at path ./rollouts/2026_04_07/primary--2026_04_07-23_07_35--episode=30--success=True--task=put_both_the_cream_cheese_box_and_the_butter_in_th.mp4
Saved rollout MP4 at path ./rollouts/2026_04_07/wrist--2026_04_07-23_07_35--episode=30--success=True--task=put_both_the_cream_cheese_box_and_the_butter_in_th.mp4
04/08 [00:27:00] INFO     | >> Success: True              run_libero_eval.py:230
                 INFO     | >> # episodes completed so    run_libero_eval.py:230
                          far: 30                                               
                 INFO     | >> # successes: 29 (96.7%)    run_libero_eval.py:230

 50%|█████     | 10/20 [23:38<23:01, 138.11s/it][A                 INFO     | >>                            run_libero_eval.py:230
                          Task: put both the cream cheese                       
                          box and the butter in the                             
                          basket                                                
                 INFO     | >> Starting episode 11...     run_libero_eval.py:230
huggingface/tokenizers: The current process just got forked, after parallelism has already been used. Disabling parallelism to avoid deadlocks...
To disable this warning, you can either:
	- Avoid using `tokenizers` before the fork if possible
	- Explicitly set the environment variable TOKENIZERS_PARALLELISM=(true | false)
huggingface/tokenizers: The current process just got forked, after parallelism has already been used. Disabling parallelism to avoid deadlocks...
To disable this warning, you can either:
	- Avoid using `tokenizers` before the fork if possible
	- Explicitly set the environment variable TOKENIZERS_PARALLELISM=(true | false)
>> VLA-Cache inference mode
Current CUDA latency: 314.225555 ms | Average CUDA latency: 166.203006 ms, Average TFLOPs: 2.921375
>> VLA-Cache inference mode
Current CUDA latency: 259.297852 ms | Average CUDA latency: 166.290583 ms, Average TFLOPs: 2.921432
>> VLA-Cache inference mode
Current CUDA latency: 200.169434 ms | Average CUDA latency: 166.322424 ms, Average TFLOPs: 2.921492
>> VLA-Cache inference mode
Current CUDA latency: 322.765472 ms | Average CUDA latency: 166.469319 ms, Average TFLOPs: 2.921532
>> VLA-Cache inference mode
Current CUDA latency: 209.694778 ms | Average CUDA latency: 166.509868 ms, Average TFLOPs: 2.921504
>> VLA-Cache inference mode
Current CUDA latency: 130.193924 ms | Average CUDA latency: 166.475833 ms, Average TFLOPs: 2.921455
>> VLA-Cache inference mode
Current CUDA latency: 131.675964 ms | Average CUDA latency: 166.443248 ms, Average TFLOPs: 2.921379
>> VLA-Cache inference mode
Current CUDA latency: 106.627037 ms | Average CUDA latency: 166.387293 ms, Average TFLOPs: 2.921313
>> VLA-Cache inference mode
Current CUDA latency: 151.626465 ms | Average CUDA latency: 166.373498 ms, Average TFLOPs: 2.921169
>> VLA-Cache inference mode
Current CUDA latency: 103.418655 ms | Average CUDA latency: 166.314717 ms, Average TFLOPs: 2.921020
>> VLA-Cache inference mode
Current CUDA latency: 101.326370 ms | Average CUDA latency: 166.254093 ms, Average TFLOPs: 2.920866
>> VLA-Cache inference mode
Current CUDA latency: 108.536354 ms | Average CUDA latency: 166.200302 ms, Average TFLOPs: 2.920773
>> VLA-Cache inference mode
Current CUDA latency: 111.732864 ms | Average CUDA latency: 166.149588 ms, Average TFLOPs: 2.920694
>> VLA-Cache inference mode
Current CUDA latency: 113.964417 ms | Average CUDA latency: 166.101043 ms, Average TFLOPs: 2.920625
>> VLA-Cache inference mode
Current CUDA latency: 112.524483 ms | Average CUDA latency: 166.051251 ms, Average TFLOPs: 2.920566
>> VLA-Cache inference mode
Current CUDA latency: 190.000992 ms | Average CUDA latency: 166.073488 ms, Average TFLOPs: 2.920504
>> VLA-Cache inference mode
Current CUDA latency: 207.161880 ms | Average CUDA latency: 166.111604 ms, Average TFLOPs: 2.920433
>> VLA-Cache inference mode
Current CUDA latency: 120.004288 ms | Average CUDA latency: 166.068872 ms, Average TFLOPs: 2.920397
>> VLA-Cache inference mode
Current CUDA latency: 150.485596 ms | Average CUDA latency: 166.054443 ms, Average TFLOPs: 2.920416
>> VLA-Cache inference mode
Current CUDA latency: 115.860001 ms | Average CUDA latency: 166.008010 ms, Average TFLOPs: 2.920451
>> VLA-Cache inference mode
Current CUDA latency: 104.725632 ms | Average CUDA latency: 165.951372 ms, Average TFLOPs: 2.920380
>> VLA-Cache inference mode
Current CUDA latency: 106.320000 ms | Average CUDA latency: 165.896311 ms, Average TFLOPs: 2.920340
>> VLA-Cache inference mode
Current CUDA latency: 114.189438 ms | Average CUDA latency: 165.848611 ms, Average TFLOPs: 2.920295
>> VLA-Cache inference mode
Current CUDA latency: 106.218430 ms | Average CUDA latency: 165.793652 ms, Average TFLOPs: 2.920256
>> VLA-Cache inference mode
Current CUDA latency: 113.529793 ms | Average CUDA latency: 165.745527 ms, Average TFLOPs: 2.920190
>> VLA-Cache inference mode
Current CUDA latency: 173.298599 ms | Average CUDA latency: 165.752475 ms, Average TFLOPs: 2.920083
>> VLA-Cache inference mode
Current CUDA latency: 203.615997 ms | Average CUDA latency: 165.787276 ms, Average TFLOPs: 2.919940
>> VLA-Cache inference mode
Current CUDA latency: 227.825317 ms | Average CUDA latency: 165.844244 ms, Average TFLOPs: 2.919817
>> VLA-Cache inference mode
Current CUDA latency: 159.402527 ms | Average CUDA latency: 165.838334 ms, Average TFLOPs: 2.919728
>> VLA-Cache inference mode
Current CUDA latency: 125.476448 ms | Average CUDA latency: 165.801339 ms, Average TFLOPs: 2.919671
>> VLA-Cache inference mode
Current CUDA latency: 144.037766 ms | Average CUDA latency: 165.781409 ms, Average TFLOPs: 2.919683
Average time per step: 567.6938 ms, Control Frequency: 14.09 Hz, Token Reusing Ratio (Primary): 35.09 %, , Token Reusing Ratio (Wrist): 39.79 %
Saved rollout MP4 at path ./rollouts/2026_04_07/primary--2026_04_07-23_07_35--episode=31--success=True--task=put_both_the_cream_cheese_box_and_the_butter_in_th.mp4
Saved rollout MP4 at path ./rollouts/2026_04_07/wrist--2026_04_07-23_07_35--episode=31--success=True--task=put_both_the_cream_cheese_box_and_the_butter_in_th.mp4
04/08 [00:29:20] INFO     | >> Success: True              run_libero_eval.py:230
                 INFO     | >> # episodes completed so    run_libero_eval.py:230
                          far: 31                                               
                 INFO     | >> # successes: 30 (96.8%)    run_libero_eval.py:230

 55%|█████▌    | 11/20 [25:57<20:47, 138.60s/it][A                 INFO     | >>                            run_libero_eval.py:230
                          Task: put both the cream cheese                       
                          box and the butter in the                             
                          basket                                                
                 INFO     | >> Starting episode 12...     run_libero_eval.py:230
huggingface/tokenizers: The current process just got forked, after parallelism has already been used. Disabling parallelism to avoid deadlocks...
To disable this warning, you can either:
	- Avoid using `tokenizers` before the fork if possible
	- Explicitly set the environment variable TOKENIZERS_PARALLELISM=(true | false)
huggingface/tokenizers: The current process just got forked, after parallelism has already been used. Disabling parallelism to avoid deadlocks...
To disable this warning, you can either:
	- Avoid using `tokenizers` before the fork if possible
	- Explicitly set the environment variable TOKENIZERS_PARALLELISM=(true | false)
>> VLA-Cache inference mode
Current CUDA latency: 344.323364 ms | Average CUDA latency: 165.944759 ms, Average TFLOPs: 2.920425
>> VLA-Cache inference mode
Current CUDA latency: 262.159515 ms | Average CUDA latency: 166.032707 ms, Average TFLOPs: 2.920486
>> VLA-Cache inference mode
Current CUDA latency: 164.318207 ms | Average CUDA latency: 166.031141 ms, Average TFLOPs: 2.920563
>> VLA-Cache inference mode
Current CUDA latency: 174.800217 ms | Average CUDA latency: 166.039142 ms, Average TFLOPs: 2.920621
>> VLA-Cache inference mode
Current CUDA latency: 193.937988 ms | Average CUDA latency: 166.064574 ms, Average TFLOPs: 2.920636
>> VLA-Cache inference mode
Current CUDA latency: 139.392441 ms | Average CUDA latency: 166.040283 ms, Average TFLOPs: 2.920636
>> VLA-Cache inference mode
Current CUDA latency: 116.616508 ms | Average CUDA latency: 165.995311 ms, Average TFLOPs: 2.920639
>> VLA-Cache inference mode
Current CUDA latency: 131.976929 ms | Average CUDA latency: 165.964385 ms, Average TFLOPs: 2.920606
>> VLA-Cache inference mode
Current CUDA latency: 182.015488 ms | Average CUDA latency: 165.978964 ms, Average TFLOPs: 2.920485
>> VLA-Cache inference mode
Current CUDA latency: 135.579559 ms | Average CUDA latency: 165.951378 ms, Average TFLOPs: 2.920334
>> VLA-Cache inference mode
Current CUDA latency: 115.106979 ms | Average CUDA latency: 165.905282 ms, Average TFLOPs: 2.920227
>> VLA-Cache inference mode
Current CUDA latency: 111.746239 ms | Average CUDA latency: 165.856225 ms, Average TFLOPs: 2.920124
>> VLA-Cache inference mode
Current CUDA latency: 111.303040 ms | Average CUDA latency: 165.806855 ms, Average TFLOPs: 2.920036
>> VLA-Cache inference mode
Current CUDA latency: 102.774910 ms | Average CUDA latency: 165.749864 ms, Average TFLOPs: 2.919946
>> VLA-Cache inference mode
Current CUDA latency: 103.809181 ms | Average CUDA latency: 165.693911 ms, Average TFLOPs: 2.919902
>> VLA-Cache inference mode
Current CUDA latency: 115.587646 ms | Average CUDA latency: 165.648689 ms, Average TFLOPs: 2.919867
>> VLA-Cache inference mode
Current CUDA latency: 110.560799 ms | Average CUDA latency: 165.599015 ms, Average TFLOPs: 2.919852
>> VLA-Cache inference mode
Current CUDA latency: 114.586014 ms | Average CUDA latency: 165.553057 ms, Average TFLOPs: 2.919847
>> VLA-Cache inference mode
Current CUDA latency: 191.332703 ms | Average CUDA latency: 165.576261 ms, Average TFLOPs: 2.919873
>> VLA-Cache inference mode
Current CUDA latency: 139.059814 ms | Average CUDA latency: 165.552416 ms, Average TFLOPs: 2.919863
>> VLA-Cache inference mode
Current CUDA latency: 201.312454 ms | Average CUDA latency: 165.584545 ms, Average TFLOPs: 2.919808
>> VLA-Cache inference mode
Current CUDA latency: 128.270340 ms | Average CUDA latency: 165.551049 ms, Average TFLOPs: 2.919736
>> VLA-Cache inference mode
Current CUDA latency: 105.396317 ms | Average CUDA latency: 165.497099 ms, Average TFLOPs: 2.919671
>> VLA-Cache inference mode
Current CUDA latency: 120.681412 ms | Average CUDA latency: 165.456942 ms, Average TFLOPs: 2.919569
>> VLA-Cache inference mode
Current CUDA latency: 194.270203 ms | Average CUDA latency: 165.482737 ms, Average TFLOPs: 2.919375
>> VLA-Cache inference mode
Current CUDA latency: 112.566559 ms | Average CUDA latency: 165.435406 ms, Average TFLOPs: 2.919217
>> VLA-Cache inference mode
Current CUDA latency: 107.131775 ms | Average CUDA latency: 165.383302 ms, Average TFLOPs: 2.919054
>> VLA-Cache inference mode
Current CUDA latency: 110.092766 ms | Average CUDA latency: 165.333936 ms, Average TFLOPs: 2.918942
>> VLA-Cache inference mode
Current CUDA latency: 113.072418 ms | Average CUDA latency: 165.287315 ms, Average TFLOPs: 2.918848
>> VLA-Cache inference mode
Current CUDA latency: 143.157990 ms | Average CUDA latency: 165.267592 ms, Average TFLOPs: 2.918794
Average time per step: 566.1444 ms, Control Frequency: 14.13 Hz, Token Reusing Ratio (Primary): 35.13 %, , Token Reusing Ratio (Wrist): 39.79 %
Saved rollout MP4 at path ./rollouts/2026_04_07/primary--2026_04_07-23_07_35--episode=32--success=True--task=put_both_the_cream_cheese_box_and_the_butter_in_th.mp4
Saved rollout MP4 at path ./rollouts/2026_04_07/wrist--2026_04_07-23_07_35--episode=32--success=True--task=put_both_the_cream_cheese_box_and_the_butter_in_th.mp4
04/08 [00:31:33] INFO     | >> Success: True              run_libero_eval.py:230
                 INFO     | >> # episodes completed so    run_libero_eval.py:230
                          far: 32                                               
                 INFO     | >> # successes: 31 (96.9%)    run_libero_eval.py:230

 60%|██████    | 12/20 [28:11<18:16, 137.00s/it][A                 INFO     | >>                            run_libero_eval.py:230
                          Task: put both the cream cheese                       
                          box and the butter in the                             
                          basket                                                
                 INFO     | >> Starting episode 13...     run_libero_eval.py:230
huggingface/tokenizers: The current process just got forked, after parallelism has already been used. Disabling parallelism to avoid deadlocks...
To disable this warning, you can either:
	- Avoid using `tokenizers` before the fork if possible
	- Explicitly set the environment variable TOKENIZERS_PARALLELISM=(true | false)
huggingface/tokenizers: The current process just got forked, after parallelism has already been used. Disabling parallelism to avoid deadlocks...
To disable this warning, you can either:
	- Avoid using `tokenizers` before the fork if possible
	- Explicitly set the environment variable TOKENIZERS_PARALLELISM=(true | false)
>> VLA-Cache inference mode
Current CUDA latency: 394.171112 ms | Average CUDA latency: 165.471424 ms, Average TFLOPs: 2.919518
>> VLA-Cache inference mode
Current CUDA latency: 307.613281 ms | Average CUDA latency: 165.597885 ms, Average TFLOPs: 2.919565
>> VLA-Cache inference mode
Current CUDA latency: 136.766846 ms | Average CUDA latency: 165.572257 ms, Average TFLOPs: 2.919615
>> VLA-Cache inference mode
Current CUDA latency: 132.767334 ms | Average CUDA latency: 165.543123 ms, Average TFLOPs: 2.919655
>> VLA-Cache inference mode
Current CUDA latency: 140.794785 ms | Average CUDA latency: 165.521164 ms, Average TFLOPs: 2.919655
>> VLA-Cache inference mode
Current CUDA latency: 116.244255 ms | Average CUDA latency: 165.477479 ms, Average TFLOPs: 2.919641
>> VLA-Cache inference mode
Current CUDA latency: 132.334213 ms | Average CUDA latency: 165.448122 ms, Average TFLOPs: 2.919589
>> VLA-Cache inference mode
Current CUDA latency: 104.455841 ms | Average CUDA latency: 165.394147 ms, Average TFLOPs: 2.919516
>> VLA-Cache inference mode
Current CUDA latency: 175.672958 ms | Average CUDA latency: 165.403235 ms, Average TFLOPs: 2.919341
>> VLA-Cache inference mode
Current CUDA latency: 102.085793 ms | Average CUDA latency: 165.347301 ms, Average TFLOPs: 2.919171
>> VLA-Cache inference mode
Current CUDA latency: 112.110977 ms | Average CUDA latency: 165.300314 ms, Average TFLOPs: 2.919099
>> VLA-Cache inference mode
Current CUDA latency: 103.881248 ms | Average CUDA latency: 165.246153 ms, Average TFLOPs: 2.919043
>> VLA-Cache inference mode
Current CUDA latency: 118.690750 ms | Average CUDA latency: 165.205135 ms, Average TFLOPs: 2.919023
>> VLA-Cache inference mode
Current CUDA latency: 108.776932 ms | Average CUDA latency: 165.155462 ms, Average TFLOPs: 2.918993
>> VLA-Cache inference mode
Current CUDA latency: 120.318977 ms | Average CUDA latency: 165.116028 ms, Average TFLOPs: 2.918918
>> VLA-Cache inference mode
Current CUDA latency: 151.451233 ms | Average CUDA latency: 165.104020 ms, Average TFLOPs: 2.918828
>> VLA-Cache inference mode
Current CUDA latency: 173.209274 ms | Average CUDA latency: 165.111136 ms, Average TFLOPs: 2.918803
>> VLA-Cache inference mode
Current CUDA latency: 188.031967 ms | Average CUDA latency: 165.131242 ms, Average TFLOPs: 2.918740
>> VLA-Cache inference mode
Current CUDA latency: 129.446014 ms | Average CUDA latency: 165.099967 ms, Average TFLOPs: 2.918753
>> VLA-Cache inference mode
Current CUDA latency: 134.590530 ms | Average CUDA latency: 165.073251 ms, Average TFLOPs: 2.918781
>> VLA-Cache inference mode
Current CUDA latency: 123.624832 ms | Average CUDA latency: 165.036988 ms, Average TFLOPs: 2.918711
>> VLA-Cache inference mode
Current CUDA latency: 104.004738 ms | Average CUDA latency: 164.983638 ms, Average TFLOPs: 2.918660
>> VLA-Cache inference mode
Current CUDA latency: 111.478241 ms | Average CUDA latency: 164.936909 ms, Average TFLOPs: 2.918595
>> VLA-Cache inference mode
Current CUDA latency: 125.122559 ms | Average CUDA latency: 164.902167 ms, Average TFLOPs: 2.918513
>> VLA-Cache inference mode
Current CUDA latency: 268.216278 ms | Average CUDA latency: 164.992240 ms, Average TFLOPs: 2.918335
>> VLA-Cache inference mode
Current CUDA latency: 309.213562 ms | Average CUDA latency: 165.117868 ms, Average TFLOPs: 2.918220
>> VLA-Cache inference mode
Current CUDA latency: 219.029190 ms | Average CUDA latency: 165.164789 ms, Average TFLOPs: 2.918118
>> VLA-Cache inference mode
Current CUDA latency: 139.272415 ms | Average CUDA latency: 165.142274 ms, Average TFLOPs: 2.918009
>> VLA-Cache inference mode
Current CUDA latency: 121.224419 ms | Average CUDA latency: 165.104117 ms, Average TFLOPs: 2.917949
>> VLA-Cache inference mode
Current CUDA latency: 144.752350 ms | Average CUDA latency: 165.086451 ms, Average TFLOPs: 2.917917
Average time per step: 565.5095 ms, Control Frequency: 14.15 Hz, Token Reusing Ratio (Primary): 35.16 %, , Token Reusing Ratio (Wrist): 39.81 %
Saved rollout MP4 at path ./rollouts/2026_04_07/primary--2026_04_07-23_07_35--episode=33--success=True--task=put_both_the_cream_cheese_box_and_the_butter_in_th.mp4
Saved rollout MP4 at path ./rollouts/2026_04_07/wrist--2026_04_07-23_07_35--episode=33--success=True--task=put_both_the_cream_cheese_box_and_the_butter_in_th.mp4
04/08 [00:33:52] INFO     | >> Success: True              run_libero_eval.py:230
                 INFO     | >> # episodes completed so    run_libero_eval.py:230
                          far: 33                                               
                 INFO     | >> # successes: 32 (97.0%)    run_libero_eval.py:230

 65%|██████▌   | 13/20 [30:29<16:01, 137.40s/it][A                 INFO     | >>                            run_libero_eval.py:230
                          Task: put both the cream cheese                       
                          box and the butter in the                             
                          basket                                                
                 INFO     | >> Starting episode 14...     run_libero_eval.py:230
huggingface/tokenizers: The current process just got forked, after parallelism has already been used. Disabling parallelism to avoid deadlocks...
To disable this warning, you can either:
	- Avoid using `tokenizers` before the fork if possible
	- Explicitly set the environment variable TOKENIZERS_PARALLELISM=(true | false)
huggingface/tokenizers: The current process just got forked, after parallelism has already been used. Disabling parallelism to avoid deadlocks...
To disable this warning, you can either:
	- Avoid using `tokenizers` before the fork if possible
	- Explicitly set the environment variable TOKENIZERS_PARALLELISM=(true | false)
>> VLA-Cache inference mode
Current CUDA latency: 299.421448 ms | Average CUDA latency: 165.202960 ms, Average TFLOPs: 2.918623
>> VLA-Cache inference mode
Current CUDA latency: 232.617630 ms | Average CUDA latency: 165.261378 ms, Average TFLOPs: 2.918659
>> VLA-Cache inference mode
Current CUDA latency: 121.944992 ms | Average CUDA latency: 165.223875 ms, Average TFLOPs: 2.918701
>> VLA-Cache inference mode
Current CUDA latency: 119.904289 ms | Average CUDA latency: 165.184671 ms, Average TFLOPs: 2.918721
>> VLA-Cache inference mode
Current CUDA latency: 154.862564 ms | Average CUDA latency: 165.175750 ms, Average TFLOPs: 2.918745
>> VLA-Cache inference mode
Current CUDA latency: 166.927109 ms | Average CUDA latency: 165.177262 ms, Average TFLOPs: 2.918699
>> VLA-Cache inference mode
Current CUDA latency: 123.708420 ms | Average CUDA latency: 165.141482 ms, Average TFLOPs: 2.918640
>> VLA-Cache inference mode
Current CUDA latency: 106.477310 ms | Average CUDA latency: 165.090910 ms, Average TFLOPs: 2.918582
>> VLA-Cache inference mode
Current CUDA latency: 149.365341 ms | Average CUDA latency: 165.077365 ms, Average TFLOPs: 2.918424
>> VLA-Cache inference mode
Current CUDA latency: 108.790436 ms | Average CUDA latency: 165.028925 ms, Average TFLOPs: 2.918292
>> VLA-Cache inference mode
Current CUDA latency: 115.694466 ms | Average CUDA latency: 164.986505 ms, Average TFLOPs: 2.918208
>> VLA-Cache inference mode
Current CUDA latency: 153.838593 ms | Average CUDA latency: 164.976928 ms, Average TFLOPs: 2.918175
>> VLA-Cache inference mode
Current CUDA latency: 129.601730 ms | Average CUDA latency: 164.946563 ms, Average TFLOPs: 2.918165
>> VLA-Cache inference mode
Current CUDA latency: 114.336739 ms | Average CUDA latency: 164.903158 ms, Average TFLOPs: 2.918135
>> VLA-Cache inference mode
Current CUDA latency: 112.148895 ms | Average CUDA latency: 164.857953 ms, Average TFLOPs: 2.918107
>> VLA-Cache inference mode
Current CUDA latency: 108.921600 ms | Average CUDA latency: 164.810062 ms, Average TFLOPs: 2.918100
>> VLA-Cache inference mode
Current CUDA latency: 104.242653 ms | Average CUDA latency: 164.758251 ms, Average TFLOPs: 2.918056
>> VLA-Cache inference mode
Current CUDA latency: 109.715523 ms | Average CUDA latency: 164.711206 ms, Average TFLOPs: 2.918056
>> VLA-Cache inference mode
Current CUDA latency: 157.950272 ms | Average CUDA latency: 164.705432 ms, Average TFLOPs: 2.918089
>> VLA-Cache inference mode
Current CUDA latency: 131.190140 ms | Average CUDA latency: 164.676836 ms, Average TFLOPs: 2.918095
>> VLA-Cache inference mode
Current CUDA latency: 114.708481 ms | Average CUDA latency: 164.634237 ms, Average TFLOPs: 2.918049
>> VLA-Cache inference mode
Current CUDA latency: 291.785553 ms | Average CUDA latency: 164.742543 ms, Average TFLOPs: 2.918022
>> VLA-Cache inference mode
Current CUDA latency: 219.488251 ms | Average CUDA latency: 164.789135 ms, Average TFLOPs: 2.917986
>> VLA-Cache inference mode
Current CUDA latency: 212.147812 ms | Average CUDA latency: 164.829406 ms, Average TFLOPs: 2.917927
>> VLA-Cache inference mode
Current CUDA latency: 133.938019 ms | Average CUDA latency: 164.803160 ms, Average TFLOPs: 2.917768
>> VLA-Cache inference mode
Current CUDA latency: 100.957603 ms | Average CUDA latency: 164.748962 ms, Average TFLOPs: 2.917610
>> VLA-Cache inference mode
Current CUDA latency: 131.488190 ms | Average CUDA latency: 164.720751 ms, Average TFLOPs: 2.917547
>> VLA-Cache inference mode
Current CUDA latency: 105.969666 ms | Average CUDA latency: 164.670962 ms, Average TFLOPs: 2.917489
>> VLA-Cache inference mode
Current CUDA latency: 140.506531 ms | Average CUDA latency: 164.650501 ms, Average TFLOPs: 2.917499
>> VLA-Cache inference mode
Current CUDA latency: 252.626785 ms | Average CUDA latency: 164.724931 ms, Average TFLOPs: 2.917526
Average time per step: 565.7700 ms, Control Frequency: 14.14 Hz, Token Reusing Ratio (Primary): 35.12 %, , Token Reusing Ratio (Wrist): 39.76 %
Saved rollout MP4 at path ./rollouts/2026_04_07/primary--2026_04_07-23_07_35--episode=34--success=True--task=put_both_the_cream_cheese_box_and_the_butter_in_th.mp4
Saved rollout MP4 at path ./rollouts/2026_04_07/wrist--2026_04_07-23_07_35--episode=34--success=True--task=put_both_the_cream_cheese_box_and_the_butter_in_th.mp4
04/08 [00:36:03] INFO     | >> Success: True              run_libero_eval.py:230
                 INFO     | >> # episodes completed so    run_libero_eval.py:230
                          far: 34                                               
                 INFO     | >> # successes: 33 (97.1%)    run_libero_eval.py:230

 70%|███████   | 14/20 [32:40<13:33, 135.57s/it][A                 INFO     | >>                            run_libero_eval.py:230
                          Task: put both the cream cheese                       
                          box and the butter in the                             
                          basket                                                
                 INFO     | >> Starting episode 15...     run_libero_eval.py:230
huggingface/tokenizers: The current process just got forked, after parallelism has already been used. Disabling parallelism to avoid deadlocks...
To disable this warning, you can either:
	- Avoid using `tokenizers` before the fork if possible
	- Explicitly set the environment variable TOKENIZERS_PARALLELISM=(true | false)
huggingface/tokenizers: The current process just got forked, after parallelism has already been used. Disabling parallelism to avoid deadlocks...
To disable this warning, you can either:
	- Avoid using `tokenizers` before the fork if possible
	- Explicitly set the environment variable TOKENIZERS_PARALLELISM=(true | false)
>> VLA-Cache inference mode
Current CUDA latency: 420.903046 ms | Average CUDA latency: 164.941480 ms, Average TFLOPs: 2.918214
>> VLA-Cache inference mode
Current CUDA latency: 289.791199 ms | Average CUDA latency: 165.046928 ms, Average TFLOPs: 2.918264
>> VLA-Cache inference mode
Current CUDA latency: 126.824448 ms | Average CUDA latency: 165.014673 ms, Average TFLOPs: 2.918306
>> VLA-Cache inference mode
Current CUDA latency: 122.376030 ms | Average CUDA latency: 164.978721 ms, Average TFLOPs: 2.918354
>> VLA-Cache inference mode
Current CUDA latency: 181.495743 ms | Average CUDA latency: 164.992636 ms, Average TFLOPs: 2.918324
>> VLA-Cache inference mode
Current CUDA latency: 110.395103 ms | Average CUDA latency: 164.946678 ms, Average TFLOPs: 2.918302
>> VLA-Cache inference mode
Current CUDA latency: 114.060158 ms | Average CUDA latency: 164.903881 ms, Average TFLOPs: 2.918278
>> VLA-Cache inference mode
Current CUDA latency: 108.475197 ms | Average CUDA latency: 164.856462 ms, Average TFLOPs: 2.918223
>> VLA-Cache inference mode
Current CUDA latency: 137.578568 ms | Average CUDA latency: 164.833558 ms, Average TFLOPs: 2.918152
>> VLA-Cache inference mode
Current CUDA latency: 158.982880 ms | Average CUDA latency: 164.828650 ms, Average TFLOPs: 2.918010
>> VLA-Cache inference mode
Current CUDA latency: 147.914368 ms | Average CUDA latency: 164.814472 ms, Average TFLOPs: 2.917893
>> VLA-Cache inference mode
Current CUDA latency: 158.651260 ms | Average CUDA latency: 164.809310 ms, Average TFLOPs: 2.917760
>> VLA-Cache inference mode
Current CUDA latency: 251.533951 ms | Average CUDA latency: 164.881883 ms, Average TFLOPs: 2.917712
>> VLA-Cache inference mode
Current CUDA latency: 140.374969 ms | Average CUDA latency: 164.861392 ms, Average TFLOPs: 2.917683
>> VLA-Cache inference mode
Current CUDA latency: 127.254112 ms | Average CUDA latency: 164.829974 ms, Average TFLOPs: 2.917677
>> VLA-Cache inference mode
Current CUDA latency: 112.258339 ms | Average CUDA latency: 164.786092 ms, Average TFLOPs: 2.917645
>> VLA-Cache inference mode
Current CUDA latency: 115.524002 ms | Average CUDA latency: 164.745006 ms, Average TFLOPs: 2.917623
>> VLA-Cache inference mode
Current CUDA latency: 113.240707 ms | Average CUDA latency: 164.702085 ms, Average TFLOPs: 2.917584
>> VLA-Cache inference mode
Current CUDA latency: 108.983582 ms | Average CUDA latency: 164.655692 ms, Average TFLOPs: 2.917578
>> VLA-Cache inference mode
Current CUDA latency: 119.663872 ms | Average CUDA latency: 164.618261 ms, Average TFLOPs: 2.917626
>> VLA-Cache inference mode
Current CUDA latency: 127.071136 ms | Average CUDA latency: 164.587050 ms, Average TFLOPs: 2.917676
>> VLA-Cache inference mode
Current CUDA latency: 113.776802 ms | Average CUDA latency: 164.544849 ms, Average TFLOPs: 2.917673
>> VLA-Cache inference mode
Current CUDA latency: 203.147110 ms | Average CUDA latency: 164.576884 ms, Average TFLOPs: 2.917686
>> VLA-Cache inference mode
Current CUDA latency: 183.579865 ms | Average CUDA latency: 164.592641 ms, Average TFLOPs: 2.917681
>> VLA-Cache inference mode
Current CUDA latency: 174.529755 ms | Average CUDA latency: 164.600874 ms, Average TFLOPs: 2.917646
>> VLA-Cache inference mode
Current CUDA latency: 163.445053 ms | Average CUDA latency: 164.599917 ms, Average TFLOPs: 2.917535
>> VLA-Cache inference mode
Current CUDA latency: 136.000153 ms | Average CUDA latency: 164.576261 ms, Average TFLOPs: 2.917423
>> VLA-Cache inference mode
Current CUDA latency: 103.643234 ms | Average CUDA latency: 164.525903 ms, Average TFLOPs: 2.917314
>> VLA-Cache inference mode
Current CUDA latency: 122.211617 ms | Average CUDA latency: 164.490962 ms, Average TFLOPs: 2.917239
>> VLA-Cache inference mode
Current CUDA latency: 129.637222 ms | Average CUDA latency: 164.462205 ms, Average TFLOPs: 2.917160
>> VLA-Cache inference mode
Current CUDA latency: 102.532158 ms | Average CUDA latency: 164.411149 ms, Average TFLOPs: 2.917104
>> VLA-Cache inference mode
Current CUDA latency: 228.643326 ms | Average CUDA latency: 164.464059 ms, Average TFLOPs: 2.917106
Average time per step: 563.5830 ms, Control Frequency: 14.19 Hz, Token Reusing Ratio (Primary): 35.13 %, , Token Reusing Ratio (Wrist): 39.78 %
Saved rollout MP4 at path ./rollouts/2026_04_07/primary--2026_04_07-23_07_35--episode=35--success=True--task=put_both_the_cream_cheese_box_and_the_butter_in_th.mp4
Saved rollout MP4 at path ./rollouts/2026_04_07/wrist--2026_04_07-23_07_35--episode=35--success=True--task=put_both_the_cream_cheese_box_and_the_butter_in_th.mp4
04/08 [00:38:12] INFO     | >> Success: True              run_libero_eval.py:230
                 INFO     | >> # episodes completed so    run_libero_eval.py:230
                          far: 35                                               
                 INFO     | >> # successes: 34 (97.1%)    run_libero_eval.py:230

 75%|███████▌  | 15/20 [34:50<11:08, 133.71s/it][A                 INFO     | >>                            run_libero_eval.py:230
                          Task: put both the cream cheese                       
                          box and the butter in the                             
                          basket                                                
                 INFO     | >> Starting episode 16...     run_libero_eval.py:230
huggingface/tokenizers: The current process just got forked, after parallelism has already been used. Disabling parallelism to avoid deadlocks...
To disable this warning, you can either:
	- Avoid using `tokenizers` before the fork if possible
	- Explicitly set the environment variable TOKENIZERS_PARALLELISM=(true | false)
huggingface/tokenizers: The current process just got forked, after parallelism has already been used. Disabling parallelism to avoid deadlocks...
To disable this warning, you can either:
	- Avoid using `tokenizers` before the fork if possible
	- Explicitly set the environment variable TOKENIZERS_PARALLELISM=(true | false)
>> VLA-Cache inference mode
Current CUDA latency: 535.547974 ms | Average CUDA latency: 164.769478 ms, Average TFLOPs: 2.917776
>> VLA-Cache inference mode
Current CUDA latency: 331.828430 ms | Average CUDA latency: 164.906862 ms, Average TFLOPs: 2.917866
>> VLA-Cache inference mode
Current CUDA latency: 123.048447 ms | Average CUDA latency: 164.872467 ms, Average TFLOPs: 2.917911
>> VLA-Cache inference mode
Current CUDA latency: 130.743896 ms | Average CUDA latency: 164.844447 ms, Average TFLOPs: 2.917970
>> VLA-Cache inference mode
Current CUDA latency: 237.864349 ms | Average CUDA latency: 164.904348 ms, Average TFLOPs: 2.917902
>> VLA-Cache inference mode
Current CUDA latency: 126.657219 ms | Average CUDA latency: 164.872998 ms, Average TFLOPs: 2.917871
>> VLA-Cache inference mode
Current CUDA latency: 108.495171 ms | Average CUDA latency: 164.826825 ms, Average TFLOPs: 2.917859
>> VLA-Cache inference mode
Current CUDA latency: 109.611679 ms | Average CUDA latency: 164.781640 ms, Average TFLOPs: 2.917792
>> VLA-Cache inference mode
Current CUDA latency: 130.332794 ms | Average CUDA latency: 164.753473 ms, Average TFLOPs: 2.917674
>> VLA-Cache inference mode
Current CUDA latency: 143.387131 ms | Average CUDA latency: 164.736017 ms, Average TFLOPs: 2.917494
>> VLA-Cache inference mode
Current CUDA latency: 135.674881 ms | Average CUDA latency: 164.712293 ms, Average TFLOPs: 2.917390
>> VLA-Cache inference mode
Current CUDA latency: 169.941666 ms | Average CUDA latency: 164.716559 ms, Average TFLOPs: 2.917338
>> VLA-Cache inference mode
Current CUDA latency: 145.601059 ms | Average CUDA latency: 164.700980 ms, Average TFLOPs: 2.917263
>> VLA-Cache inference mode
Current CUDA latency: 137.223236 ms | Average CUDA latency: 164.678604 ms, Average TFLOPs: 2.917204
>> VLA-Cache inference mode
Current CUDA latency: 109.035553 ms | Average CUDA latency: 164.633329 ms, Average TFLOPs: 2.917138
>> VLA-Cache inference mode
Current CUDA latency: 102.495071 ms | Average CUDA latency: 164.582810 ms, Average TFLOPs: 2.917071
>> VLA-Cache inference mode
Current CUDA latency: 123.209503 ms | Average CUDA latency: 164.549200 ms, Average TFLOPs: 2.917012
>> VLA-Cache inference mode
Current CUDA latency: 131.031418 ms | Average CUDA latency: 164.521994 ms, Average TFLOPs: 2.916978
>> VLA-Cache inference mode
Current CUDA latency: 110.833443 ms | Average CUDA latency: 164.478451 ms, Average TFLOPs: 2.917002
>> VLA-Cache inference mode
Current CUDA latency: 190.006714 ms | Average CUDA latency: 164.499139 ms, Average TFLOPs: 2.917022
>> VLA-Cache inference mode
Current CUDA latency: 296.730408 ms | Average CUDA latency: 164.606208 ms, Average TFLOPs: 2.916976
>> VLA-Cache inference mode
Current CUDA latency: 225.052933 ms | Average CUDA latency: 164.655114 ms, Average TFLOPs: 2.916895
>> VLA-Cache inference mode
Current CUDA latency: 145.145340 ms | Average CUDA latency: 164.639342 ms, Average TFLOPs: 2.916877
>> VLA-Cache inference mode
Current CUDA latency: 113.696381 ms | Average CUDA latency: 164.598192 ms, Average TFLOPs: 2.916835
>> VLA-Cache inference mode
Current CUDA latency: 131.795654 ms | Average CUDA latency: 164.571717 ms, Average TFLOPs: 2.916707
>> VLA-Cache inference mode
Current CUDA latency: 112.330978 ms | Average CUDA latency: 164.529588 ms, Average TFLOPs: 2.916588
>> VLA-Cache inference mode
Current CUDA latency: 101.942818 ms | Average CUDA latency: 164.479155 ms, Average TFLOPs: 2.916462
>> VLA-Cache inference mode
Current CUDA latency: 108.626114 ms | Average CUDA latency: 164.434185 ms, Average TFLOPs: 2.916362
>> VLA-Cache inference mode
Current CUDA latency: 108.062210 ms | Average CUDA latency: 164.388833 ms, Average TFLOPs: 2.916303
>> VLA-Cache inference mode
Current CUDA latency: 131.101852 ms | Average CUDA latency: 164.362075 ms, Average TFLOPs: 2.916293
Average time per step: 562.3527 ms, Control Frequency: 14.23 Hz, Token Reusing Ratio (Primary): 35.19 %, , Token Reusing Ratio (Wrist): 39.77 %
Saved rollout MP4 at path ./rollouts/2026_04_07/primary--2026_04_07-23_07_35--episode=36--success=True--task=put_both_the_cream_cheese_box_and_the_butter_in_th.mp4
Saved rollout MP4 at path ./rollouts/2026_04_07/wrist--2026_04_07-23_07_35--episode=36--success=True--task=put_both_the_cream_cheese_box_and_the_butter_in_th.mp4
04/08 [00:40:29] INFO     | >> Success: True              run_libero_eval.py:230
                 INFO     | >> # episodes completed so    run_libero_eval.py:230
                          far: 36                                               
                 INFO     | >> # successes: 35 (97.2%)    run_libero_eval.py:230

 80%|████████  | 16/20 [37:06<08:58, 134.59s/it][A                 INFO     | >>                            run_libero_eval.py:230
                          Task: put both the cream cheese                       
                          box and the butter in the                             
                          basket                                                
                 INFO     | >> Starting episode 17...     run_libero_eval.py:230
huggingface/tokenizers: The current process just got forked, after parallelism has already been used. Disabling parallelism to avoid deadlocks...
To disable this warning, you can either:
	- Avoid using `tokenizers` before the fork if possible
	- Explicitly set the environment variable TOKENIZERS_PARALLELISM=(true | false)
huggingface/tokenizers: The current process just got forked, after parallelism has already been used. Disabling parallelism to avoid deadlocks...
To disable this warning, you can either:
	- Avoid using `tokenizers` before the fork if possible
	- Explicitly set the environment variable TOKENIZERS_PARALLELISM=(true | false)
>> VLA-Cache inference mode
Current CUDA latency: 440.393188 ms | Average CUDA latency: 164.583787 ms, Average TFLOPs: 2.916947
>> VLA-Cache inference mode
Current CUDA latency: 392.472961 ms | Average CUDA latency: 164.766684 ms, Average TFLOPs: 2.917004
>> VLA-Cache inference mode
Current CUDA latency: 114.911102 ms | Average CUDA latency: 164.726703 ms, Average TFLOPs: 2.917056
>> VLA-Cache inference mode
Current CUDA latency: 113.060829 ms | Average CUDA latency: 164.685304 ms, Average TFLOPs: 2.917095
>> VLA-Cache inference mode
Current CUDA latency: 169.997955 ms | Average CUDA latency: 164.689558 ms, Average TFLOPs: 2.917064
>> VLA-Cache inference mode
Current CUDA latency: 112.141502 ms | Average CUDA latency: 164.647519 ms, Average TFLOPs: 2.917056
>> VLA-Cache inference mode
Current CUDA latency: 103.304382 ms | Average CUDA latency: 164.598484 ms, Average TFLOPs: 2.917019
>> VLA-Cache inference mode
Current CUDA latency: 109.167519 ms | Average CUDA latency: 164.554210 ms, Average TFLOPs: 2.916980
>> VLA-Cache inference mode
Current CUDA latency: 198.248383 ms | Average CUDA latency: 164.581101 ms, Average TFLOPs: 2.916863
>> VLA-Cache inference mode
Current CUDA latency: 153.350464 ms | Average CUDA latency: 164.572145 ms, Average TFLOPs: 2.916712
>> VLA-Cache inference mode
Current CUDA latency: 109.271843 ms | Average CUDA latency: 164.528081 ms, Average TFLOPs: 2.916670
>> VLA-Cache inference mode
Current CUDA latency: 181.511963 ms | Average CUDA latency: 164.541603 ms, Average TFLOPs: 2.916616
>> VLA-Cache inference mode
Current CUDA latency: 237.500031 ms | Average CUDA latency: 164.599645 ms, Average TFLOPs: 2.916567
>> VLA-Cache inference mode
Current CUDA latency: 146.045532 ms | Average CUDA latency: 164.584896 ms, Average TFLOPs: 2.916526
>> VLA-Cache inference mode
Current CUDA latency: 111.570557 ms | Average CUDA latency: 164.542788 ms, Average TFLOPs: 2.916492
>> VLA-Cache inference mode
Current CUDA latency: 118.696320 ms | Average CUDA latency: 164.506402 ms, Average TFLOPs: 2.916497
>> VLA-Cache inference mode
Current CUDA latency: 111.553055 ms | Average CUDA latency: 164.464409 ms, Average TFLOPs: 2.916511
>> VLA-Cache inference mode
Current CUDA latency: 115.538017 ms | Average CUDA latency: 164.425640 ms, Average TFLOPs: 2.916527
>> VLA-Cache inference mode
Current CUDA latency: 125.162048 ms | Average CUDA latency: 164.394552 ms, Average TFLOPs: 2.916592
>> VLA-Cache inference mode
Current CUDA latency: 153.312698 ms | Average CUDA latency: 164.385785 ms, Average TFLOPs: 2.916581
>> VLA-Cache inference mode
Current CUDA latency: 211.377762 ms | Average CUDA latency: 164.422933 ms, Average TFLOPs: 2.916577
>> VLA-Cache inference mode
Current CUDA latency: 311.766815 ms | Average CUDA latency: 164.539318 ms, Average TFLOPs: 2.916547
>> VLA-Cache inference mode
Current CUDA latency: 189.579010 ms | Average CUDA latency: 164.559081 ms, Average TFLOPs: 2.916483
>> VLA-Cache inference mode
Current CUDA latency: 107.280510 ms | Average CUDA latency: 164.513909 ms, Average TFLOPs: 2.916435
>> VLA-Cache inference mode
Current CUDA latency: 147.723389 ms | Average CUDA latency: 164.500677 ms, Average TFLOPs: 2.916286
>> VLA-Cache inference mode
Current CUDA latency: 114.344063 ms | Average CUDA latency: 164.461184 ms, Average TFLOPs: 2.916142
>> VLA-Cache inference mode
Current CUDA latency: 131.839264 ms | Average CUDA latency: 164.435518 ms, Average TFLOPs: 2.916016
>> VLA-Cache inference mode
Current CUDA latency: 224.468643 ms | Average CUDA latency: 164.482713 ms, Average TFLOPs: 2.915937
>> VLA-Cache inference mode
Current CUDA latency: 192.432449 ms | Average CUDA latency: 164.504669 ms, Average TFLOPs: 2.915867
>> VLA-Cache inference mode
Current CUDA latency: 203.854782 ms | Average CUDA latency: 164.535556 ms, Average TFLOPs: 2.915875
>> VLA-Cache inference mode
Current CUDA latency: 132.726334 ms | Average CUDA latency: 164.510608 ms, Average TFLOPs: 2.915857
Average time per step: 563.3204 ms, Control Frequency: 14.20 Hz, Token Reusing Ratio (Primary): 35.14 %, , Token Reusing Ratio (Wrist): 39.79 %
Saved rollout MP4 at path ./rollouts/2026_04_07/primary--2026_04_07-23_07_35--episode=37--success=True--task=put_both_the_cream_cheese_box_and_the_butter_in_th.mp4
Saved rollout MP4 at path ./rollouts/2026_04_07/wrist--2026_04_07-23_07_35--episode=37--success=True--task=put_both_the_cream_cheese_box_and_the_butter_in_th.mp4
04/08 [00:42:53] INFO     | >> Success: True              run_libero_eval.py:230
                 INFO     | >> # episodes completed so    run_libero_eval.py:230
                          far: 37                                               
04/08 [00:42:54] INFO     | >> # successes: 36 (97.3%)    run_libero_eval.py:230

 85%|████████▌ | 17/20 [39:31<06:52, 137.58s/it][A                 INFO     | >>                            run_libero_eval.py:230
                          Task: put both the cream cheese                       
                          box and the butter in the                             
                          basket                                                
                 INFO     | >> Starting episode 18...     run_libero_eval.py:230
huggingface/tokenizers: The current process just got forked, after parallelism has already been used. Disabling parallelism to avoid deadlocks...
To disable this warning, you can either:
	- Avoid using `tokenizers` before the fork if possible
	- Explicitly set the environment variable TOKENIZERS_PARALLELISM=(true | false)
huggingface/tokenizers: The current process just got forked, after parallelism has already been used. Disabling parallelism to avoid deadlocks...
To disable this warning, you can either:
	- Avoid using `tokenizers` before the fork if possible
	- Explicitly set the environment variable TOKENIZERS_PARALLELISM=(true | false)
>> VLA-Cache inference mode
Current CUDA latency: 335.336029 ms | Average CUDA latency: 164.644484 ms, Average TFLOPs: 2.916496
>> VLA-Cache inference mode
Current CUDA latency: 259.613525 ms | Average CUDA latency: 164.718852 ms, Average TFLOPs: 2.916548
>> VLA-Cache inference mode
Current CUDA latency: 131.178818 ms | Average CUDA latency: 164.692608 ms, Average TFLOPs: 2.916604
>> VLA-Cache inference mode
Current CUDA latency: 246.094788 ms | Average CUDA latency: 164.756253 ms, Average TFLOPs: 2.916640
>> VLA-Cache inference mode
Current CUDA latency: 184.616165 ms | Average CUDA latency: 164.771769 ms, Average TFLOPs: 2.916654
>> VLA-Cache inference mode
Current CUDA latency: 244.849701 ms | Average CUDA latency: 164.834281 ms, Average TFLOPs: 2.916615
>> VLA-Cache inference mode
Current CUDA latency: 122.829918 ms | Average CUDA latency: 164.801516 ms, Average TFLOPs: 2.916608
>> VLA-Cache inference mode
Current CUDA latency: 122.744476 ms | Average CUDA latency: 164.768736 ms, Average TFLOPs: 2.916551
>> VLA-Cache inference mode
Current CUDA latency: 108.629852 ms | Average CUDA latency: 164.725014 ms, Average TFLOPs: 2.916486
>> VLA-Cache inference mode
Current CUDA latency: 120.408669 ms | Average CUDA latency: 164.690527 ms, Average TFLOPs: 2.916341
>> VLA-Cache inference mode
Current CUDA latency: 102.671165 ms | Average CUDA latency: 164.642300 ms, Average TFLOPs: 2.916204
>> VLA-Cache inference mode
Current CUDA latency: 102.742531 ms | Average CUDA latency: 164.594204 ms, Average TFLOPs: 2.916084
>> VLA-Cache inference mode
Current CUDA latency: 126.139198 ms | Average CUDA latency: 164.564348 ms, Average TFLOPs: 2.916023
>> VLA-Cache inference mode
Current CUDA latency: 104.401184 ms | Average CUDA latency: 164.517673 ms, Average TFLOPs: 2.915952
>> VLA-Cache inference mode
Current CUDA latency: 101.881760 ms | Average CUDA latency: 164.469118 ms, Average TFLOPs: 2.915871
>> VLA-Cache inference mode
Current CUDA latency: 102.909660 ms | Average CUDA latency: 164.421435 ms, Average TFLOPs: 2.915819
>> VLA-Cache inference mode
Current CUDA latency: 116.395203 ms | Average CUDA latency: 164.384263 ms, Average TFLOPs: 2.915791
>> VLA-Cache inference mode
Current CUDA latency: 148.834335 ms | Average CUDA latency: 164.372237 ms, Average TFLOPs: 2.915777
>> VLA-Cache inference mode
Current CUDA latency: 212.246567 ms | Average CUDA latency: 164.409234 ms, Average TFLOPs: 2.915751
>> VLA-Cache inference mode
Current CUDA latency: 154.576477 ms | Average CUDA latency: 164.401641 ms, Average TFLOPs: 2.915794
>> VLA-Cache inference mode
Current CUDA latency: 352.710815 ms | Average CUDA latency: 164.546941 ms, Average TFLOPs: 2.915784
>> VLA-Cache inference mode
Current CUDA latency: 195.258408 ms | Average CUDA latency: 164.570620 ms, Average TFLOPs: 2.915717
>> VLA-Cache inference mode
Current CUDA latency: 105.245667 ms | Average CUDA latency: 164.524915 ms, Average TFLOPs: 2.915692
>> VLA-Cache inference mode
Current CUDA latency: 118.052925 ms | Average CUDA latency: 164.489140 ms, Average TFLOPs: 2.915629
>> VLA-Cache inference mode
Current CUDA latency: 159.296768 ms | Average CUDA latency: 164.485146 ms, Average TFLOPs: 2.915506
>> VLA-Cache inference mode
Current CUDA latency: 102.703873 ms | Average CUDA latency: 164.437658 ms, Average TFLOPs: 2.915391
>> VLA-Cache inference mode
Current CUDA latency: 286.413147 ms | Average CUDA latency: 164.531342 ms, Average TFLOPs: 2.915253
>> VLA-Cache inference mode
Current CUDA latency: 200.571747 ms | Average CUDA latency: 164.559001 ms, Average TFLOPs: 2.915199
>> VLA-Cache inference mode
Current CUDA latency: 236.841446 ms | Average CUDA latency: 164.614432 ms, Average TFLOPs: 2.915123
>> VLA-Cache inference mode
Current CUDA latency: 193.674759 ms | Average CUDA latency: 164.636701 ms, Average TFLOPs: 2.915077
Average time per step: 563.5285 ms, Control Frequency: 14.20 Hz, Token Reusing Ratio (Primary): 35.17 %, , Token Reusing Ratio (Wrist): 39.84 %
Saved rollout MP4 at path ./rollouts/2026_04_07/primary--2026_04_07-23_07_35--episode=38--success=True--task=put_both_the_cream_cheese_box_and_the_butter_in_th.mp4
Saved rollout MP4 at path ./rollouts/2026_04_07/wrist--2026_04_07-23_07_35--episode=38--success=True--task=put_both_the_cream_cheese_box_and_the_butter_in_th.mp4
04/08 [00:45:08] INFO     | >> Success: True              run_libero_eval.py:230
                 INFO     | >> # episodes completed so    run_libero_eval.py:230
                          far: 38                                               
                 INFO     | >> # successes: 37 (97.4%)    run_libero_eval.py:230

 90%|█████████ | 18/20 [41:46<04:33, 136.73s/it][A                 INFO     | >>                            run_libero_eval.py:230
                          Task: put both the cream cheese                       
                          box and the butter in the                             
                          basket                                                
                 INFO     | >> Starting episode 19...     run_libero_eval.py:230
huggingface/tokenizers: The current process just got forked, after parallelism has already been used. Disabling parallelism to avoid deadlocks...
To disable this warning, you can either:
	- Avoid using `tokenizers` before the fork if possible
	- Explicitly set the environment variable TOKENIZERS_PARALLELISM=(true | false)
huggingface/tokenizers: The current process just got forked, after parallelism has already been used. Disabling parallelism to avoid deadlocks...
To disable this warning, you can either:
	- Avoid using `tokenizers` before the fork if possible
	- Explicitly set the environment variable TOKENIZERS_PARALLELISM=(true | false)
>> VLA-Cache inference mode
Current CUDA latency: 325.671631 ms | Average CUDA latency: 164.760005 ms, Average TFLOPs: 2.915702
>> VLA-Cache inference mode
Current CUDA latency: 240.840057 ms | Average CUDA latency: 164.818214 ms, Average TFLOPs: 2.915757
>> VLA-Cache inference mode
Current CUDA latency: 130.727737 ms | Average CUDA latency: 164.792151 ms, Average TFLOPs: 2.915788
>> VLA-Cache inference mode
Current CUDA latency: 139.422211 ms | Average CUDA latency: 164.772770 ms, Average TFLOPs: 2.915845
>> VLA-Cache inference mode
Current CUDA latency: 193.669632 ms | Average CUDA latency: 164.794829 ms, Average TFLOPs: 2.915845
>> VLA-Cache inference mode
Current CUDA latency: 163.917892 ms | Average CUDA latency: 164.794160 ms, Average TFLOPs: 2.915832
>> VLA-Cache inference mode
Current CUDA latency: 154.021667 ms | Average CUDA latency: 164.785949 ms, Average TFLOPs: 2.915778
>> VLA-Cache inference mode
Current CUDA latency: 103.725601 ms | Average CUDA latency: 164.739445 ms, Average TFLOPs: 2.915747
>> VLA-Cache inference mode
Current CUDA latency: 159.396805 ms | Average CUDA latency: 164.735379 ms, Average TFLOPs: 2.915649
>> VLA-Cache inference mode
Current CUDA latency: 119.254974 ms | Average CUDA latency: 164.700793 ms, Average TFLOPs: 2.915537
>> VLA-Cache inference mode
Current CUDA latency: 108.864769 ms | Average CUDA latency: 164.658364 ms, Average TFLOPs: 2.915469
>> VLA-Cache inference mode
Current CUDA latency: 110.058464 ms | Average CUDA latency: 164.616907 ms, Average TFLOPs: 2.915388
>> VLA-Cache inference mode
Current CUDA latency: 115.289124 ms | Average CUDA latency: 164.579480 ms, Average TFLOPs: 2.915343
>> VLA-Cache inference mode
Current CUDA latency: 108.845474 ms | Average CUDA latency: 164.537226 ms, Average TFLOPs: 2.915319
>> VLA-Cache inference mode
Current CUDA latency: 104.352577 ms | Average CUDA latency: 164.491631 ms, Average TFLOPs: 2.915275
>> VLA-Cache inference mode
Current CUDA latency: 107.853188 ms | Average CUDA latency: 164.448756 ms, Average TFLOPs: 2.915244
>> VLA-Cache inference mode
Current CUDA latency: 111.002014 ms | Average CUDA latency: 164.408327 ms, Average TFLOPs: 2.915190
>> VLA-Cache inference mode
Current CUDA latency: 117.165314 ms | Average CUDA latency: 164.372618 ms, Average TFLOPs: 2.915200
>> VLA-Cache inference mode
Current CUDA latency: 162.828583 ms | Average CUDA latency: 164.371452 ms, Average TFLOPs: 2.915250
>> VLA-Cache inference mode
Current CUDA latency: 265.681061 ms | Average CUDA latency: 164.447912 ms, Average TFLOPs: 2.915203
>> VLA-Cache inference mode
Current CUDA latency: 238.538239 ms | Average CUDA latency: 164.503787 ms, Average TFLOPs: 2.915196
>> VLA-Cache inference mode
Current CUDA latency: 127.884644 ms | Average CUDA latency: 164.476192 ms, Average TFLOPs: 2.915180
>> VLA-Cache inference mode
Current CUDA latency: 103.902306 ms | Average CUDA latency: 164.430579 ms, Average TFLOPs: 2.915127
>> VLA-Cache inference mode
Current CUDA latency: 296.318970 ms | Average CUDA latency: 164.529818 ms, Average TFLOPs: 2.914996
>> VLA-Cache inference mode
Current CUDA latency: 114.665443 ms | Average CUDA latency: 164.492326 ms, Average TFLOPs: 2.914873
>> VLA-Cache inference mode
Current CUDA latency: 126.678307 ms | Average CUDA latency: 164.463915 ms, Average TFLOPs: 2.914742
>> VLA-Cache inference mode
Current CUDA latency: 105.038940 ms | Average CUDA latency: 164.419302 ms, Average TFLOPs: 2.914680
>> VLA-Cache inference mode
Current CUDA latency: 176.963577 ms | Average CUDA latency: 164.428713 ms, Average TFLOPs: 2.914622
>> VLA-Cache inference mode
Current CUDA latency: 256.684082 ms | Average CUDA latency: 164.497869 ms, Average TFLOPs: 2.914580
>> VLA-Cache inference mode
Current CUDA latency: 191.065536 ms | Average CUDA latency: 164.517770 ms, Average TFLOPs: 2.914580
Average time per step: 562.0336 ms, Control Frequency: 14.23 Hz, Token Reusing Ratio (Primary): 35.16 %, , Token Reusing Ratio (Wrist): 39.85 %
Saved rollout MP4 at path ./rollouts/2026_04_07/primary--2026_04_07-23_07_35--episode=39--success=True--task=put_both_the_cream_cheese_box_and_the_butter_in_th.mp4
Saved rollout MP4 at path ./rollouts/2026_04_07/wrist--2026_04_07-23_07_35--episode=39--success=True--task=put_both_the_cream_cheese_box_and_the_butter_in_th.mp4
04/08 [00:47:16] INFO     | >> Success: True              run_libero_eval.py:230
                 INFO     | >> # episodes completed so    run_libero_eval.py:230
                          far: 39                                               
                 INFO     | >> # successes: 38 (97.4%)    run_libero_eval.py:230

 95%|█████████▌| 19/20 [43:53<02:13, 133.89s/it][A                 INFO     | >>                            run_libero_eval.py:230
                          Task: put both the cream cheese                       
                          box and the butter in the                             
                          basket                                                
                 INFO     | >> Starting episode 20...     run_libero_eval.py:230
huggingface/tokenizers: The current process just got forked, after parallelism has already been used. Disabling parallelism to avoid deadlocks...
To disable this warning, you can either:
	- Avoid using `tokenizers` before the fork if possible
	- Explicitly set the environment variable TOKENIZERS_PARALLELISM=(true | false)
huggingface/tokenizers: The current process just got forked, after parallelism has already been used. Disabling parallelism to avoid deadlocks...
To disable this warning, you can either:
	- Avoid using `tokenizers` before the fork if possible
	- Explicitly set the environment variable TOKENIZERS_PARALLELISM=(true | false)
>> VLA-Cache inference mode
Current CUDA latency: 323.847534 ms | Average CUDA latency: 164.637029 ms, Average TFLOPs: 2.915191
>> VLA-Cache inference mode
Current CUDA latency: 256.614990 ms | Average CUDA latency: 164.705823 ms, Average TFLOPs: 2.915233
>> VLA-Cache inference mode
Current CUDA latency: 124.640221 ms | Average CUDA latency: 164.675879 ms, Average TFLOPs: 2.915260
>> VLA-Cache inference mode
Current CUDA latency: 141.387161 ms | Average CUDA latency: 164.658486 ms, Average TFLOPs: 2.915316
>> VLA-Cache inference mode
Current CUDA latency: 119.666336 ms | Average CUDA latency: 164.624910 ms, Average TFLOPs: 2.915303
>> VLA-Cache inference mode
Current CUDA latency: 109.210625 ms | Average CUDA latency: 164.583587 ms, Average TFLOPs: 2.915325
>> VLA-Cache inference mode
Current CUDA latency: 111.060989 ms | Average CUDA latency: 164.543704 ms, Average TFLOPs: 2.915326
>> VLA-Cache inference mode
Current CUDA latency: 108.789284 ms | Average CUDA latency: 164.502190 ms, Average TFLOPs: 2.915316
>> VLA-Cache inference mode
Current CUDA latency: 196.537628 ms | Average CUDA latency: 164.526025 ms, Average TFLOPs: 2.915215
>> VLA-Cache inference mode
Current CUDA latency: 126.300003 ms | Average CUDA latency: 164.497605 ms, Average TFLOPs: 2.915092
>> VLA-Cache inference mode
Current CUDA latency: 200.166489 ms | Average CUDA latency: 164.524105 ms, Average TFLOPs: 2.914959
>> VLA-Cache inference mode
Current CUDA latency: 181.945465 ms | Average CUDA latency: 164.537038 ms, Average TFLOPs: 2.914900
>> VLA-Cache inference mode
Current CUDA latency: 161.391968 ms | Average CUDA latency: 164.534705 ms, Average TFLOPs: 2.914863
>> VLA-Cache inference mode
Current CUDA latency: 108.585663 ms | Average CUDA latency: 164.493230 ms, Average TFLOPs: 2.914826
>> VLA-Cache inference mode
Current CUDA latency: 110.779037 ms | Average CUDA latency: 164.453442 ms, Average TFLOPs: 2.914769
>> VLA-Cache inference mode
Current CUDA latency: 106.515587 ms | Average CUDA latency: 164.410557 ms, Average TFLOPs: 2.914693
>> VLA-Cache inference mode
Current CUDA latency: 119.174110 ms | Average CUDA latency: 164.377098 ms, Average TFLOPs: 2.914669
>> VLA-Cache inference mode
Current CUDA latency: 148.544479 ms | Average CUDA latency: 164.365396 ms, Average TFLOPs: 2.914628
>> VLA-Cache inference mode
Current CUDA latency: 235.207291 ms | Average CUDA latency: 164.417717 ms, Average TFLOPs: 2.914613
>> VLA-Cache inference mode
Current CUDA latency: 170.924774 ms | Average CUDA latency: 164.422519 ms, Average TFLOPs: 2.914632
>> VLA-Cache inference mode
Current CUDA latency: 124.213600 ms | Average CUDA latency: 164.392866 ms, Average TFLOPs: 2.914610
>> VLA-Cache inference mode
Current CUDA latency: 112.171555 ms | Average CUDA latency: 164.354383 ms, Average TFLOPs: 2.914620
>> VLA-Cache inference mode
Current CUDA latency: 112.807388 ms | Average CUDA latency: 164.316425 ms, Average TFLOPs: 2.914646
>> VLA-Cache inference mode
Current CUDA latency: 132.163330 ms | Average CUDA latency: 164.292766 ms, Average TFLOPs: 2.914625
>> VLA-Cache inference mode
Current CUDA latency: 268.157806 ms | Average CUDA latency: 164.369137 ms, Average TFLOPs: 2.914551
>> VLA-Cache inference mode
Current CUDA latency: 258.926788 ms | Average CUDA latency: 164.438614 ms, Average TFLOPs: 2.914399
>> VLA-Cache inference mode
Current CUDA latency: 137.913956 ms | Average CUDA latency: 164.419139 ms, Average TFLOPs: 2.914271
>> VLA-Cache inference mode
Current CUDA latency: 110.008995 ms | Average CUDA latency: 164.379220 ms, Average TFLOPs: 2.914134
>> VLA-Cache inference mode
Current CUDA latency: 144.098236 ms | Average CUDA latency: 164.364351 ms, Average TFLOPs: 2.914019
>> VLA-Cache inference mode
Current CUDA latency: 109.116638 ms | Average CUDA latency: 164.323876 ms, Average TFLOPs: 2.913964
>> VLA-Cache inference mode
Current CUDA latency: 130.523483 ms | Average CUDA latency: 164.299132 ms, Average TFLOPs: 2.913993
Average time per step: 563.8173 ms, Control Frequency: 14.19 Hz, Token Reusing Ratio (Primary): 35.18 %, , Token Reusing Ratio (Wrist): 39.88 %
Saved rollout MP4 at path ./rollouts/2026_04_07/primary--2026_04_07-23_07_35--episode=40--success=True--task=put_both_the_cream_cheese_box_and_the_butter_in_th.mp4
Saved rollout MP4 at path ./rollouts/2026_04_07/wrist--2026_04_07-23_07_35--episode=40--success=True--task=put_both_the_cream_cheese_box_and_the_butter_in_th.mp4
04/08 [00:49:40] INFO     | >> Success: True              run_libero_eval.py:230
                 INFO     | >> # episodes completed so    run_libero_eval.py:230
                          far: 40                                               
                 INFO     | >> # successes: 39 (97.5%)    run_libero_eval.py:230

100%|██████████| 20/20 [46:17<00:00, 137.06s/it][A100%|██████████| 20/20 [46:17<00:00, 138.89s/it]
                 INFO     | >> Current task success rate: run_libero_eval.py:230
                          1.0                                                   
                 INFO     | >> Current total success      run_libero_eval.py:230
                          rate: 0.975                                           
 20%|██        | 2/10 [1:41:53<6:41:04, 3008.01s/it][Warning]: datasets path /root/sj-tmp/workspace/LIBERO/libero/libero/../datasets does not exist!
                 INFO     | >> Using default initial      run_libero_eval.py:230
                          states                                                
[Warning]: datasets path /root/sj-tmp/workspace/LIBERO/libero/libero/../datasets does not exist!

  0%|          | 0/20 [00:00<?, ?it/s][A04/08 [00:49:42] INFO     | >>                            run_libero_eval.py:230
                          Task: turn on the stove and put                       
                          the moka pot on it                                    
                 INFO     | >> Starting episode 1...      run_libero_eval.py:230
huggingface/tokenizers: The current process just got forked, after parallelism has already been used. Disabling parallelism to avoid deadlocks...
To disable this warning, you can either:
	- Avoid using `tokenizers` before the fork if possible
	- Explicitly set the environment variable TOKENIZERS_PARALLELISM=(true | false)
huggingface/tokenizers: The current process just got forked, after parallelism has already been used. Disabling parallelism to avoid deadlocks...
To disable this warning, you can either:
	- Avoid using `tokenizers` before the fork if possible
	- Explicitly set the environment variable TOKENIZERS_PARALLELISM=(true | false)
>> VLA-Cache inference mode
Current CUDA latency: 466.278900 ms | Average CUDA latency: 164.520039 ms, Average TFLOPs: 2.914581
>> VLA-Cache inference mode
Current CUDA latency: 326.156799 ms | Average CUDA latency: 164.638195 ms, Average TFLOPs: 2.914600
>> VLA-Cache inference mode
Current CUDA latency: 120.921791 ms | Average CUDA latency: 164.606262 ms, Average TFLOPs: 2.914626
>> VLA-Cache inference mode
Current CUDA latency: 118.940445 ms | Average CUDA latency: 164.572929 ms, Average TFLOPs: 2.914644
>> VLA-Cache inference mode
Current CUDA latency: 119.341827 ms | Average CUDA latency: 164.539938 ms, Average TFLOPs: 2.914649
>> VLA-Cache inference mode
Current CUDA latency: 149.129089 ms | Average CUDA latency: 164.528705 ms, Average TFLOPs: 2.914634
>> VLA-Cache inference mode
Current CUDA latency: 114.936928 ms | Average CUDA latency: 164.492586 ms, Average TFLOPs: 2.914612
>> VLA-Cache inference mode
Current CUDA latency: 110.157791 ms | Average CUDA latency: 164.453041 ms, Average TFLOPs: 2.914569
>> VLA-Cache inference mode
Current CUDA latency: 110.237282 ms | Average CUDA latency: 164.413611 ms, Average TFLOPs: 2.914498
>> VLA-Cache inference mode
Current CUDA latency: 140.104324 ms | Average CUDA latency: 164.395945 ms, Average TFLOPs: 2.914441
>> VLA-Cache inference mode
Current CUDA latency: 333.476501 ms | Average CUDA latency: 164.518734 ms, Average TFLOPs: 2.914372
>> VLA-Cache inference mode
Current CUDA latency: 262.536652 ms | Average CUDA latency: 164.589864 ms, Average TFLOPs: 2.914343
>> VLA-Cache inference mode
Current CUDA latency: 136.042496 ms | Average CUDA latency: 164.569163 ms, Average TFLOPs: 2.914283
>> VLA-Cache inference mode
Current CUDA latency: 108.238243 ms | Average CUDA latency: 164.528343 ms, Average TFLOPs: 2.914242
>> VLA-Cache inference mode
Current CUDA latency: 114.024544 ms | Average CUDA latency: 164.491773 ms, Average TFLOPs: 2.914200
>> VLA-Cache inference mode
Current CUDA latency: 122.962082 ms | Average CUDA latency: 164.461723 ms, Average TFLOPs: 2.914148
>> VLA-Cache inference mode
Current CUDA latency: 192.199936 ms | Average CUDA latency: 164.481779 ms, Average TFLOPs: 2.914081
>> VLA-Cache inference mode
Current CUDA latency: 129.427399 ms | Average CUDA latency: 164.456451 ms, Average TFLOPs: 2.914065
>> VLA-Cache inference mode
Current CUDA latency: 154.036285 ms | Average CUDA latency: 164.448927 ms, Average TFLOPs: 2.914032
>> VLA-Cache inference mode
Current CUDA latency: 127.710686 ms | Average CUDA latency: 164.422421 ms, Average TFLOPs: 2.913981
>> VLA-Cache inference mode
Current CUDA latency: 102.818207 ms | Average CUDA latency: 164.378005 ms, Average TFLOPs: 2.913936
>> VLA-Cache inference mode
Current CUDA latency: 130.140640 ms | Average CUDA latency: 164.353338 ms, Average TFLOPs: 2.913879
>> VLA-Cache inference mode
Current CUDA latency: 114.202461 ms | Average CUDA latency: 164.317233 ms, Average TFLOPs: 2.913809
>> VLA-Cache inference mode
Current CUDA latency: 104.392830 ms | Average CUDA latency: 164.274122 ms, Average TFLOPs: 2.913767
>> VLA-Cache inference mode
Current CUDA latency: 112.736961 ms | Average CUDA latency: 164.237071 ms, Average TFLOPs: 2.913710
>> VLA-Cache inference mode
Current CUDA latency: 109.074532 ms | Average CUDA latency: 164.197443 ms, Average TFLOPs: 2.913666
>> VLA-Cache inference mode
Current CUDA latency: 133.704254 ms | Average CUDA latency: 164.175553 ms, Average TFLOPs: 2.913643
Average time per step: 559.2231 ms, Control Frequency: 14.31 Hz, Token Reusing Ratio (Primary): 36.72 %, , Token Reusing Ratio (Wrist): 35.89 %
Saved rollout MP4 at path ./rollouts/2026_04_07/primary--2026_04_07-23_07_35--episode=41--success=True--task=turn_on_the_stove_and_put_the_moka_pot_on_it.mp4
Saved rollout MP4 at path ./rollouts/2026_04_07/wrist--2026_04_07-23_07_35--episode=41--success=True--task=turn_on_the_stove_and_put_the_moka_pot_on_it.mp4
04/08 [00:51:59] INFO     | >> Success: True              run_libero_eval.py:230
                 INFO     | >> # episodes completed so    run_libero_eval.py:230
                          far: 41                                               
                 INFO     | >> # successes: 40 (97.6%)    run_libero_eval.py:230

  5%|▌         | 1/20 [02:17<43:28, 137.28s/it][A                 INFO     | >>                            run_libero_eval.py:230
                          Task: turn on the stove and put                       
                          the moka pot on it                                    
                 INFO     | >> Starting episode 2...      run_libero_eval.py:230
huggingface/tokenizers: The current process just got forked, after parallelism has already been used. Disabling parallelism to avoid deadlocks...
To disable this warning, you can either:
	- Avoid using `tokenizers` before the fork if possible
	- Explicitly set the environment variable TOKENIZERS_PARALLELISM=(true | false)
huggingface/tokenizers: The current process just got forked, after parallelism has already been used. Disabling parallelism to avoid deadlocks...
To disable this warning, you can either:
	- Avoid using `tokenizers` before the fork if possible
	- Explicitly set the environment variable TOKENIZERS_PARALLELISM=(true | false)
>> VLA-Cache inference mode
Current CUDA latency: 442.583496 ms | Average CUDA latency: 164.375271 ms, Average TFLOPs: 2.914221
>> VLA-Cache inference mode
Current CUDA latency: 434.183319 ms | Average CUDA latency: 164.568682 ms, Average TFLOPs: 2.914239
>> VLA-Cache inference mode
Current CUDA latency: 194.837631 ms | Average CUDA latency: 164.590365 ms, Average TFLOPs: 2.914204
>> VLA-Cache inference mode
Current CUDA latency: 116.970558 ms | Average CUDA latency: 164.556278 ms, Average TFLOPs: 2.914206
>> VLA-Cache inference mode
Current CUDA latency: 109.589821 ms | Average CUDA latency: 164.516960 ms, Average TFLOPs: 2.914223
>> VLA-Cache inference mode
Current CUDA latency: 122.192413 ms | Average CUDA latency: 164.486706 ms, Average TFLOPs: 2.914195
>> VLA-Cache inference mode
Current CUDA latency: 118.911293 ms | Average CUDA latency: 164.454152 ms, Average TFLOPs: 2.914174
>> VLA-Cache inference mode
Current CUDA latency: 107.048767 ms | Average CUDA latency: 164.413178 ms, Average TFLOPs: 2.914118
>> VLA-Cache inference mode
Current CUDA latency: 168.539352 ms | Average CUDA latency: 164.416121 ms, Average TFLOPs: 2.914021
>> VLA-Cache inference mode
Current CUDA latency: 107.432671 ms | Average CUDA latency: 164.375505 ms, Average TFLOPs: 2.913934
>> VLA-Cache inference mode
Current CUDA latency: 107.583458 ms | Average CUDA latency: 164.335055 ms, Average TFLOPs: 2.913837
>> VLA-Cache inference mode
Current CUDA latency: 116.593437 ms | Average CUDA latency: 164.301075 ms, Average TFLOPs: 2.913794
>> VLA-Cache inference mode
Current CUDA latency: 200.952255 ms | Average CUDA latency: 164.327143 ms, Average TFLOPs: 2.913717
>> VLA-Cache inference mode
Current CUDA latency: 167.490463 ms | Average CUDA latency: 164.329391 ms, Average TFLOPs: 2.913646
>> VLA-Cache inference mode
Current CUDA latency: 126.089500 ms | Average CUDA latency: 164.302232 ms, Average TFLOPs: 2.913569
>> VLA-Cache inference mode
Current CUDA latency: 137.501190 ms | Average CUDA latency: 164.283211 ms, Average TFLOPs: 2.913470
>> VLA-Cache inference mode
Current CUDA latency: 104.755875 ms | Average CUDA latency: 164.240993 ms, Average TFLOPs: 2.913429
>> VLA-Cache inference mode
Current CUDA latency: 145.564484 ms | Average CUDA latency: 164.227757 ms, Average TFLOPs: 2.913418
>> VLA-Cache inference mode
Current CUDA latency: 106.430717 ms | Average CUDA latency: 164.186824 ms, Average TFLOPs: 2.913341
>> VLA-Cache inference mode
Current CUDA latency: 104.102051 ms | Average CUDA latency: 164.144301 ms, Average TFLOPs: 2.913315
>> VLA-Cache inference mode
Current CUDA latency: 111.109665 ms | Average CUDA latency: 164.106794 ms, Average TFLOPs: 2.913284
>> VLA-Cache inference mode
Current CUDA latency: 186.860321 ms | Average CUDA latency: 164.122875 ms, Average TFLOPs: 2.913246
>> VLA-Cache inference mode
Current CUDA latency: 331.101013 ms | Average CUDA latency: 164.240797 ms, Average TFLOPs: 2.913183
>> VLA-Cache inference mode
Current CUDA latency: 108.737663 ms | Average CUDA latency: 164.201627 ms, Average TFLOPs: 2.913130
>> VLA-Cache inference mode
Current CUDA latency: 116.230911 ms | Average CUDA latency: 164.167798 ms, Average TFLOPs: 2.913060
>> VLA-Cache inference mode
Current CUDA latency: 111.216225 ms | Average CUDA latency: 164.130482 ms, Average TFLOPs: 2.912990
>> VLA-Cache inference mode
Current CUDA latency: 136.592697 ms | Average CUDA latency: 164.111089 ms, Average TFLOPs: 2.912901
>> VLA-Cache inference mode
Current CUDA latency: 177.288284 ms | Average CUDA latency: 164.120362 ms, Average TFLOPs: 2.912847
>> VLA-Cache inference mode
Current CUDA latency: 211.481537 ms | Average CUDA latency: 164.153668 ms, Average TFLOPs: 2.912786
>> VLA-Cache inference mode
Current CUDA latency: 180.733383 ms | Average CUDA latency: 164.165319 ms, Average TFLOPs: 2.912771
Average time per step: 563.3795 ms, Control Frequency: 14.20 Hz, Token Reusing Ratio (Primary): 38.01 %, , Token Reusing Ratio (Wrist): 35.90 %
Saved rollout MP4 at path ./rollouts/2026_04_07/primary--2026_04_07-23_07_35--episode=42--success=True--task=turn_on_the_stove_and_put_the_moka_pot_on_it.mp4
Saved rollout MP4 at path ./rollouts/2026_04_07/wrist--2026_04_07-23_07_35--episode=42--success=True--task=turn_on_the_stove_and_put_the_moka_pot_on_it.mp4
04/08 [00:54:29] INFO     | >> Success: True              run_libero_eval.py:230
                 INFO     | >> # episodes completed so    run_libero_eval.py:230
                          far: 42                                               
                 INFO     | >> # successes: 41 (97.6%)    run_libero_eval.py:230

 10%|█         | 2/20 [04:47<43:28, 144.94s/it][A                 INFO     | >>                            run_libero_eval.py:230
                          Task: turn on the stove and put                       
                          the moka pot on it                                    
                 INFO     | >> Starting episode 3...      run_libero_eval.py:230
huggingface/tokenizers: The current process just got forked, after parallelism has already been used. Disabling parallelism to avoid deadlocks...
To disable this warning, you can either:
	- Avoid using `tokenizers` before the fork if possible
	- Explicitly set the environment variable TOKENIZERS_PARALLELISM=(true | false)
huggingface/tokenizers: The current process just got forked, after parallelism has already been used. Disabling parallelism to avoid deadlocks...
To disable this warning, you can either:
	- Avoid using `tokenizers` before the fork if possible
	- Explicitly set the environment variable TOKENIZERS_PARALLELISM=(true | false)
>> VLA-Cache inference mode
Current CUDA latency: 341.245819 ms | Average CUDA latency: 164.289673 ms, Average TFLOPs: 2.913337
>> VLA-Cache inference mode
Current CUDA latency: 273.792236 ms | Average CUDA latency: 164.366517 ms, Average TFLOPs: 2.913347
>> VLA-Cache inference mode
Current CUDA latency: 114.619202 ms | Average CUDA latency: 164.331631 ms, Average TFLOPs: 2.913354
>> VLA-Cache inference mode
Current CUDA latency: 110.058403 ms | Average CUDA latency: 164.293598 ms, Average TFLOPs: 2.913364
>> VLA-Cache inference mode
Current CUDA latency: 110.900803 ms | Average CUDA latency: 164.256208 ms, Average TFLOPs: 2.913401
>> VLA-Cache inference mode
Current CUDA latency: 135.845856 ms | Average CUDA latency: 164.236327 ms, Average TFLOPs: 2.913416
>> VLA-Cache inference mode
Current CUDA latency: 136.298279 ms | Average CUDA latency: 164.216790 ms, Average TFLOPs: 2.913397
>> VLA-Cache inference mode
Current CUDA latency: 108.993347 ms | Average CUDA latency: 164.178199 ms, Average TFLOPs: 2.913373
>> VLA-Cache inference mode
Current CUDA latency: 166.411621 ms | Average CUDA latency: 164.179759 ms, Average TFLOPs: 2.913293
>> VLA-Cache inference mode
Current CUDA latency: 114.825790 ms | Average CUDA latency: 164.145318 ms, Average TFLOPs: 2.913210
>> VLA-Cache inference mode
Current CUDA latency: 106.905121 ms | Average CUDA latency: 164.105401 ms, Average TFLOPs: 2.913121
>> VLA-Cache inference mode
Current CUDA latency: 120.987709 ms | Average CUDA latency: 164.075354 ms, Average TFLOPs: 2.913044
>> VLA-Cache inference mode
Current CUDA latency: 102.977730 ms | Average CUDA latency: 164.032807 ms, Average TFLOPs: 2.912973
>> VLA-Cache inference mode
Current CUDA latency: 122.904480 ms | Average CUDA latency: 164.004186 ms, Average TFLOPs: 2.912891
>> VLA-Cache inference mode
Current CUDA latency: 188.928101 ms | Average CUDA latency: 164.021519 ms, Average TFLOPs: 2.912836
>> VLA-Cache inference mode
Current CUDA latency: 190.803009 ms | Average CUDA latency: 164.040130 ms, Average TFLOPs: 2.912805
>> VLA-Cache inference mode
Current CUDA latency: 223.919586 ms | Average CUDA latency: 164.081713 ms, Average TFLOPs: 2.912718
>> VLA-Cache inference mode
Current CUDA latency: 101.863136 ms | Average CUDA latency: 164.038535 ms, Average TFLOPs: 2.912653
>> VLA-Cache inference mode
Current CUDA latency: 106.066589 ms | Average CUDA latency: 163.998333 ms, Average TFLOPs: 2.912627
>> VLA-Cache inference mode
Current CUDA latency: 127.609856 ms | Average CUDA latency: 163.973116 ms, Average TFLOPs: 2.912613
>> VLA-Cache inference mode
Current CUDA latency: 105.197212 ms | Average CUDA latency: 163.932412 ms, Average TFLOPs: 2.912568
>> VLA-Cache inference mode
Current CUDA latency: 102.622910 ms | Average CUDA latency: 163.889983 ms, Average TFLOPs: 2.912531
>> VLA-Cache inference mode
Current CUDA latency: 108.136963 ms | Average CUDA latency: 163.851427 ms, Average TFLOPs: 2.912504
>> VLA-Cache inference mode
Current CUDA latency: 325.233307 ms | Average CUDA latency: 163.962955 ms, Average TFLOPs: 2.912452
>> VLA-Cache inference mode
Current CUDA latency: 244.674820 ms | Average CUDA latency: 164.018695 ms, Average TFLOPs: 2.912403
>> VLA-Cache inference mode
Current CUDA latency: 137.234146 ms | Average CUDA latency: 164.000211 ms, Average TFLOPs: 2.912380
>> VLA-Cache inference mode
Current CUDA latency: 110.734909 ms | Average CUDA latency: 163.963476 ms, Average TFLOPs: 2.912315
>> VLA-Cache inference mode
Current CUDA latency: 145.560257 ms | Average CUDA latency: 163.950793 ms, Average TFLOPs: 2.912249
>> VLA-Cache inference mode
Current CUDA latency: 196.713379 ms | Average CUDA latency: 163.973357 ms, Average TFLOPs: 2.912184
>> VLA-Cache inference mode
Current CUDA latency: 216.188095 ms | Average CUDA latency: 164.009292 ms, Average TFLOPs: 2.912151
>> VLA-Cache inference mode
Current CUDA latency: 149.428665 ms | Average CUDA latency: 163.999264 ms, Average TFLOPs: 2.912135
>> VLA-Cache inference mode
Current CUDA latency: 105.681053 ms | Average CUDA latency: 163.959183 ms, Average TFLOPs: 2.912104
Average time per step: 556.0221 ms, Control Frequency: 14.39 Hz, Token Reusing Ratio (Primary): 37.75 %, , Token Reusing Ratio (Wrist): 36.07 %
Saved rollout MP4 at path ./rollouts/2026_04_07/primary--2026_04_07-23_07_35--episode=43--success=True--task=turn_on_the_stove_and_put_the_moka_pot_on_it.mp4
Saved rollout MP4 at path ./rollouts/2026_04_07/wrist--2026_04_07-23_07_35--episode=43--success=True--task=turn_on_the_stove_and_put_the_moka_pot_on_it.mp4
04/08 [00:57:11] INFO     | >> Success: True              run_libero_eval.py:230
                 INFO     | >> # episodes completed so    run_libero_eval.py:230
                          far: 43                                               
                 INFO     | >> # successes: 42 (97.7%)    run_libero_eval.py:230

 15%|█▌        | 3/20 [07:29<43:15, 152.66s/it][A                 INFO     | >>                            run_libero_eval.py:230
                          Task: turn on the stove and put                       
                          the moka pot on it                                    
                 INFO     | >> Starting episode 4...      run_libero_eval.py:230
huggingface/tokenizers: The current process just got forked, after parallelism has already been used. Disabling parallelism to avoid deadlocks...
To disable this warning, you can either:
	- Avoid using `tokenizers` before the fork if possible
	- Explicitly set the environment variable TOKENIZERS_PARALLELISM=(true | false)
huggingface/tokenizers: The current process just got forked, after parallelism has already been used. Disabling parallelism to avoid deadlocks...
To disable this warning, you can either:
	- Avoid using `tokenizers` before the fork if possible
	- Explicitly set the environment variable TOKENIZERS_PARALLELISM=(true | false)
>> VLA-Cache inference mode
Current CUDA latency: 348.802826 ms | Average CUDA latency: 164.086136 ms, Average TFLOPs: 2.912658
>> VLA-Cache inference mode
Current CUDA latency: 274.009674 ms | Average CUDA latency: 164.161581 ms, Average TFLOPs: 2.912684
>> VLA-Cache inference mode
Current CUDA latency: 125.433632 ms | Average CUDA latency: 164.135019 ms, Average TFLOPs: 2.912725
>> VLA-Cache inference mode
Current CUDA latency: 151.524796 ms | Average CUDA latency: 164.126376 ms, Average TFLOPs: 2.912740
>> VLA-Cache inference mode
Current CUDA latency: 108.149506 ms | Average CUDA latency: 164.088036 ms, Average TFLOPs: 2.912746
>> VLA-Cache inference mode
Current CUDA latency: 115.197762 ms | Average CUDA latency: 164.054572 ms, Average TFLOPs: 2.912762
>> VLA-Cache inference mode
Current CUDA latency: 176.235138 ms | Average CUDA latency: 164.062903 ms, Average TFLOPs: 2.912747
>> VLA-Cache inference mode
Current CUDA latency: 175.110718 ms | Average CUDA latency: 164.070455 ms, Average TFLOPs: 2.912744
>> VLA-Cache inference mode
Current CUDA latency: 191.598755 ms | Average CUDA latency: 164.089258 ms, Average TFLOPs: 2.912687
>> VLA-Cache inference mode
Current CUDA latency: 162.213760 ms | Average CUDA latency: 164.087978 ms, Average TFLOPs: 2.912640
>> VLA-Cache inference mode
Current CUDA latency: 115.977379 ms | Average CUDA latency: 164.055161 ms, Average TFLOPs: 2.912561
>> VLA-Cache inference mode
Current CUDA latency: 109.572800 ms | Average CUDA latency: 164.018022 ms, Average TFLOPs: 2.912529
>> VLA-Cache inference mode
Current CUDA latency: 167.361313 ms | Average CUDA latency: 164.020299 ms, Average TFLOPs: 2.912532
>> VLA-Cache inference mode
Current CUDA latency: 124.920769 ms | Average CUDA latency: 163.993683 ms, Average TFLOPs: 2.912496
>> VLA-Cache inference mode
Current CUDA latency: 113.850655 ms | Average CUDA latency: 163.959572 ms, Average TFLOPs: 2.912456
>> VLA-Cache inference mode
Current CUDA latency: 109.769630 ms | Average CUDA latency: 163.922733 ms, Average TFLOPs: 2.912404
>> VLA-Cache inference mode
Current CUDA latency: 121.747810 ms | Average CUDA latency: 163.894082 ms, Average TFLOPs: 2.912385
>> VLA-Cache inference mode
Current CUDA latency: 114.013924 ms | Average CUDA latency: 163.860219 ms, Average TFLOPs: 2.912368
>> VLA-Cache inference mode
Current CUDA latency: 105.035873 ms | Average CUDA latency: 163.820311 ms, Average TFLOPs: 2.912314
>> VLA-Cache inference mode
Current CUDA latency: 184.678268 ms | Average CUDA latency: 163.834452 ms, Average TFLOPs: 2.912274
>> VLA-Cache inference mode
Current CUDA latency: 197.639359 ms | Average CUDA latency: 163.857355 ms, Average TFLOPs: 2.912236
>> VLA-Cache inference mode
Current CUDA latency: 153.412735 ms | Average CUDA latency: 163.850283 ms, Average TFLOPs: 2.912178
>> VLA-Cache inference mode
Current CUDA latency: 109.216835 ms | Average CUDA latency: 163.813319 ms, Average TFLOPs: 2.912133
>> VLA-Cache inference mode
Current CUDA latency: 107.242973 ms | Average CUDA latency: 163.775070 ms, Average TFLOPs: 2.912084
>> VLA-Cache inference mode
Current CUDA latency: 109.672668 ms | Average CUDA latency: 163.738514 ms, Average TFLOPs: 2.912037
>> VLA-Cache inference mode
Current CUDA latency: 112.747681 ms | Average CUDA latency: 163.704084 ms, Average TFLOPs: 2.912009
>> VLA-Cache inference mode
Current CUDA latency: 150.572540 ms | Average CUDA latency: 163.695224 ms, Average TFLOPs: 2.911959
>> VLA-Cache inference mode
Current CUDA latency: 199.627716 ms | Average CUDA latency: 163.719453 ms, Average TFLOPs: 2.911892
>> VLA-Cache inference mode
Current CUDA latency: 227.975327 ms | Average CUDA latency: 163.762752 ms, Average TFLOPs: 2.911852
>> VLA-Cache inference mode
Current CUDA latency: 194.581543 ms | Average CUDA latency: 163.783506 ms, Average TFLOPs: 2.911818
>> VLA-Cache inference mode
Current CUDA latency: 109.378593 ms | Average CUDA latency: 163.746894 ms, Average TFLOPs: 2.911785
>> VLA-Cache inference mode
Current CUDA latency: 149.861282 ms | Average CUDA latency: 163.737556 ms, Average TFLOPs: 2.911771
>> VLA-Cache inference mode
Current CUDA latency: 116.187714 ms | Average CUDA latency: 163.705600 ms, Average TFLOPs: 2.911764
Average time per step: 551.2705 ms, Control Frequency: 14.51 Hz, Token Reusing Ratio (Primary): 37.68 %, , Token Reusing Ratio (Wrist): 35.86 %
Saved rollout MP4 at path ./rollouts/2026_04_07/primary--2026_04_07-23_07_35--episode=44--success=True--task=turn_on_the_stove_and_put_the_moka_pot_on_it.mp4
Saved rollout MP4 at path ./rollouts/2026_04_07/wrist--2026_04_07-23_07_35--episode=44--success=True--task=turn_on_the_stove_and_put_the_moka_pot_on_it.mp4
04/08 [00:59:57] INFO     | >> Success: True              run_libero_eval.py:230
                 INFO     | >> # episodes completed so    run_libero_eval.py:230
                          far: 44                                               
                 INFO     | >> # successes: 43 (97.7%)    run_libero_eval.py:230

 20%|██        | 4/20 [10:15<42:07, 157.98s/it][A                 INFO     | >>                            run_libero_eval.py:230
                          Task: turn on the stove and put                       
                          the moka pot on it                                    
                 INFO     | >> Starting episode 5...      run_libero_eval.py:230
huggingface/tokenizers: The current process just got forked, after parallelism has already been used. Disabling parallelism to avoid deadlocks...
To disable this warning, you can either:
	- Avoid using `tokenizers` before the fork if possible
	- Explicitly set the environment variable TOKENIZERS_PARALLELISM=(true | false)
huggingface/tokenizers: The current process just got forked, after parallelism has already been used. Disabling parallelism to avoid deadlocks...
To disable this warning, you can either:
	- Avoid using `tokenizers` before the fork if possible
	- Explicitly set the environment variable TOKENIZERS_PARALLELISM=(true | false)
>> VLA-Cache inference mode
Current CUDA latency: 332.848206 ms | Average CUDA latency: 163.819195 ms, Average TFLOPs: 2.912306
>> VLA-Cache inference mode
Current CUDA latency: 266.524780 ms | Average CUDA latency: 163.888125 ms, Average TFLOPs: 2.912321
>> VLA-Cache inference mode
Current CUDA latency: 126.358368 ms | Average CUDA latency: 163.862954 ms, Average TFLOPs: 2.912324
>> VLA-Cache inference mode
Current CUDA latency: 135.289383 ms | Average CUDA latency: 163.843803 ms, Average TFLOPs: 2.912375
>> VLA-Cache inference mode
Current CUDA latency: 177.421478 ms | Average CUDA latency: 163.852897 ms, Average TFLOPs: 2.912399
>> VLA-Cache inference mode
Current CUDA latency: 190.503098 ms | Average CUDA latency: 163.870736 ms, Average TFLOPs: 2.912389
>> VLA-Cache inference mode
Current CUDA latency: 170.654205 ms | Average CUDA latency: 163.875273 ms, Average TFLOPs: 2.912342
>> VLA-Cache inference mode
Current CUDA latency: 105.877693 ms | Average CUDA latency: 163.836505 ms, Average TFLOPs: 2.912297
>> VLA-Cache inference mode
Current CUDA latency: 111.117630 ms | Average CUDA latency: 163.801288 ms, Average TFLOPs: 2.912250
>> VLA-Cache inference mode
Current CUDA latency: 106.902237 ms | Average CUDA latency: 163.763305 ms, Average TFLOPs: 2.912204
>> VLA-Cache inference mode
Current CUDA latency: 104.821342 ms | Average CUDA latency: 163.723984 ms, Average TFLOPs: 2.912165
>> VLA-Cache inference mode
Current CUDA latency: 112.463005 ms | Average CUDA latency: 163.689810 ms, Average TFLOPs: 2.912154
>> VLA-Cache inference mode
Current CUDA latency: 111.892860 ms | Average CUDA latency: 163.655302 ms, Average TFLOPs: 2.912163
>> VLA-Cache inference mode
Current CUDA latency: 126.406433 ms | Average CUDA latency: 163.630502 ms, Average TFLOPs: 2.912117
>> VLA-Cache inference mode
Current CUDA latency: 409.215912 ms | Average CUDA latency: 163.793899 ms, Average TFLOPs: 2.912056
>> VLA-Cache inference mode
Current CUDA latency: 343.703766 ms | Average CUDA latency: 163.913520 ms, Average TFLOPs: 2.912007
>> VLA-Cache inference mode
Current CUDA latency: 168.191940 ms | Average CUDA latency: 163.916363 ms, Average TFLOPs: 2.911990
>> VLA-Cache inference mode
Current CUDA latency: 184.466492 ms | Average CUDA latency: 163.930008 ms, Average TFLOPs: 2.911995
>> VLA-Cache inference mode
Current CUDA latency: 121.457054 ms | Average CUDA latency: 163.901824 ms, Average TFLOPs: 2.911997
>> VLA-Cache inference mode
Current CUDA latency: 117.625633 ms | Average CUDA latency: 163.871137 ms, Average TFLOPs: 2.911985
>> VLA-Cache inference mode
Current CUDA latency: 257.354004 ms | Average CUDA latency: 163.933088 ms, Average TFLOPs: 2.911960
>> VLA-Cache inference mode
Current CUDA latency: 266.401367 ms | Average CUDA latency: 164.000947 ms, Average TFLOPs: 2.911919
>> VLA-Cache inference mode
Current CUDA latency: 241.853928 ms | Average CUDA latency: 164.052471 ms, Average TFLOPs: 2.911820
>> VLA-Cache inference mode
Current CUDA latency: 145.311295 ms | Average CUDA latency: 164.040076 ms, Average TFLOPs: 2.911740
>> VLA-Cache inference mode
Current CUDA latency: 112.774689 ms | Average CUDA latency: 164.006193 ms, Average TFLOPs: 2.911645
>> VLA-Cache inference mode
Current CUDA latency: 114.081184 ms | Average CUDA latency: 163.973218 ms, Average TFLOPs: 2.911571
>> VLA-Cache inference mode
Current CUDA latency: 116.774559 ms | Average CUDA latency: 163.942063 ms, Average TFLOPs: 2.911514
>> VLA-Cache inference mode
Current CUDA latency: 184.604218 ms | Average CUDA latency: 163.955693 ms, Average TFLOPs: 2.911456
>> VLA-Cache inference mode
Current CUDA latency: 102.583809 ms | Average CUDA latency: 163.915237 ms, Average TFLOPs: 2.911386
>> VLA-Cache inference mode
Current CUDA latency: 103.490494 ms | Average CUDA latency: 163.875431 ms, Average TFLOPs: 2.911326
Average time per step: 561.9553 ms, Control Frequency: 14.24 Hz, Token Reusing Ratio (Primary): 37.58 %, , Token Reusing Ratio (Wrist): 35.86 %
Saved rollout MP4 at path ./rollouts/2026_04_07/primary--2026_04_07-23_07_35--episode=45--success=True--task=turn_on_the_stove_and_put_the_moka_pot_on_it.mp4
Saved rollout MP4 at path ./rollouts/2026_04_07/wrist--2026_04_07-23_07_35--episode=45--success=True--task=turn_on_the_stove_and_put_the_moka_pot_on_it.mp4
04/08 [01:02:36] INFO     | >> Success: True              run_libero_eval.py:230
                 INFO     | >> # episodes completed so    run_libero_eval.py:230
                          far: 45                                               
                 INFO     | >> # successes: 44 (97.8%)    run_libero_eval.py:230

 25%|██▌       | 5/20 [12:54<39:33, 158.24s/it][A                 INFO     | >>                            run_libero_eval.py:230
                          Task: turn on the stove and put                       
                          the moka pot on it                                    
                 INFO     | >> Starting episode 6...      run_libero_eval.py:230
huggingface/tokenizers: The current process just got forked, after parallelism has already been used. Disabling parallelism to avoid deadlocks...
To disable this warning, you can either:
	- Avoid using `tokenizers` before the fork if possible
	- Explicitly set the environment variable TOKENIZERS_PARALLELISM=(true | false)
huggingface/tokenizers: The current process just got forked, after parallelism has already been used. Disabling parallelism to avoid deadlocks...
To disable this warning, you can either:
	- Avoid using `tokenizers` before the fork if possible
	- Explicitly set the environment variable TOKENIZERS_PARALLELISM=(true | false)
>> VLA-Cache inference mode
Current CUDA latency: 295.135559 ms | Average CUDA latency: 163.961843 ms, Average TFLOPs: 2.911857
>> VLA-Cache inference mode
Current CUDA latency: 304.130951 ms | Average CUDA latency: 164.054060 ms, Average TFLOPs: 2.911861
>> VLA-Cache inference mode
Current CUDA latency: 231.288391 ms | Average CUDA latency: 164.098264 ms, Average TFLOPs: 2.911864
>> VLA-Cache inference mode
Current CUDA latency: 146.881927 ms | Average CUDA latency: 164.086952 ms, Average TFLOPs: 2.911885
>> VLA-Cache inference mode
Current CUDA latency: 110.913757 ms | Average CUDA latency: 164.052039 ms, Average TFLOPs: 2.911894
>> VLA-Cache inference mode
Current CUDA latency: 142.343323 ms | Average CUDA latency: 164.037794 ms, Average TFLOPs: 2.911871
>> VLA-Cache inference mode
Current CUDA latency: 166.735519 ms | Average CUDA latency: 164.039563 ms, Average TFLOPs: 2.911835
>> VLA-Cache inference mode
Current CUDA latency: 127.597054 ms | Average CUDA latency: 164.015682 ms, Average TFLOPs: 2.911807
>> VLA-Cache inference mode
Current CUDA latency: 178.648453 ms | Average CUDA latency: 164.025265 ms, Average TFLOPs: 2.911741
>> VLA-Cache inference mode
Current CUDA latency: 102.519806 ms | Average CUDA latency: 163.985013 ms, Average TFLOPs: 2.911671
>> VLA-Cache inference mode
Current CUDA latency: 109.711166 ms | Average CUDA latency: 163.949516 ms, Average TFLOPs: 2.911662
>> VLA-Cache inference mode
Current CUDA latency: 114.824448 ms | Average CUDA latency: 163.917408 ms, Average TFLOPs: 2.911658
>> VLA-Cache inference mode
Current CUDA latency: 224.863037 ms | Average CUDA latency: 163.957216 ms, Average TFLOPs: 2.911629
>> VLA-Cache inference mode
Current CUDA latency: 276.716156 ms | Average CUDA latency: 164.030819 ms, Average TFLOPs: 2.911556
>> VLA-Cache inference mode
Current CUDA latency: 117.844894 ms | Average CUDA latency: 164.000691 ms, Average TFLOPs: 2.911490
>> VLA-Cache inference mode
Current CUDA latency: 154.734726 ms | Average CUDA latency: 163.994650 ms, Average TFLOPs: 2.911456
>> VLA-Cache inference mode
Current CUDA latency: 134.309341 ms | Average CUDA latency: 163.975311 ms, Average TFLOPs: 2.911415
>> VLA-Cache inference mode
Current CUDA latency: 122.839264 ms | Average CUDA latency: 163.948530 ms, Average TFLOPs: 2.911407
>> VLA-Cache inference mode
Current CUDA latency: 174.581924 ms | Average CUDA latency: 163.955448 ms, Average TFLOPs: 2.911405
>> VLA-Cache inference mode
Current CUDA latency: 214.600769 ms | Average CUDA latency: 163.988378 ms, Average TFLOPs: 2.911381
>> VLA-Cache inference mode
Current CUDA latency: 243.784698 ms | Average CUDA latency: 164.040227 ms, Average TFLOPs: 2.911348
>> VLA-Cache inference mode
Current CUDA latency: 119.914207 ms | Average CUDA latency: 164.011574 ms, Average TFLOPs: 2.911350
>> VLA-Cache inference mode
Current CUDA latency: 155.369797 ms | Average CUDA latency: 164.005966 ms, Average TFLOPs: 2.911335
>> VLA-Cache inference mode
Current CUDA latency: 130.468506 ms | Average CUDA latency: 163.984217 ms, Average TFLOPs: 2.911305
>> VLA-Cache inference mode
Current CUDA latency: 115.554237 ms | Average CUDA latency: 163.952830 ms, Average TFLOPs: 2.911292
>> VLA-Cache inference mode
Current CUDA latency: 146.739929 ms | Average CUDA latency: 163.941682 ms, Average TFLOPs: 2.911300
>> VLA-Cache inference mode
Current CUDA latency: 199.112732 ms | Average CUDA latency: 163.964446 ms, Average TFLOPs: 2.911236
>> VLA-Cache inference mode
Current CUDA latency: 171.324158 ms | Average CUDA latency: 163.969207 ms, Average TFLOPs: 2.911224
>> VLA-Cache inference mode
Current CUDA latency: 140.625504 ms | Average CUDA latency: 163.954117 ms, Average TFLOPs: 2.911195
>> VLA-Cache inference mode
Current CUDA latency: 105.194466 ms | Average CUDA latency: 163.916158 ms, Average TFLOPs: 2.911167
>> VLA-Cache inference mode
Current CUDA latency: 115.524414 ms | Average CUDA latency: 163.884918 ms, Average TFLOPs: 2.911126
>> VLA-Cache inference mode
Current CUDA latency: 115.705536 ms | Average CUDA latency: 163.853834 ms, Average TFLOPs: 2.911142
>> VLA-Cache inference mode
Current CUDA latency: 119.936226 ms | Average CUDA latency: 163.825519 ms, Average TFLOPs: 2.911139
Average time per step: 569.2706 ms, Control Frequency: 14.05 Hz, Token Reusing Ratio (Primary): 37.51 %, , Token Reusing Ratio (Wrist): 35.76 %
Saved rollout MP4 at path ./rollouts/2026_04_07/primary--2026_04_07-23_07_35--episode=46--success=True--task=turn_on_the_stove_and_put_the_moka_pot_on_it.mp4
Saved rollout MP4 at path ./rollouts/2026_04_07/wrist--2026_04_07-23_07_35--episode=46--success=True--task=turn_on_the_stove_and_put_the_moka_pot_on_it.mp4
04/08 [01:05:27] INFO     | >> Success: True              run_libero_eval.py:230
                 INFO     | >> # episodes completed so    run_libero_eval.py:230
                          far: 46                                               
                 INFO     | >> # successes: 45 (97.8%)    run_libero_eval.py:230

 30%|███       | 6/20 [15:45<37:56, 162.60s/it][A                 INFO     | >>                            run_libero_eval.py:230
                          Task: turn on the stove and put                       
                          the moka pot on it                                    
                 INFO     | >> Starting episode 7...      run_libero_eval.py:230
huggingface/tokenizers: The current process just got forked, after parallelism has already been used. Disabling parallelism to avoid deadlocks...
To disable this warning, you can either:
	- Avoid using `tokenizers` before the fork if possible
	- Explicitly set the environment variable TOKENIZERS_PARALLELISM=(true | false)
huggingface/tokenizers: The current process just got forked, after parallelism has already been used. Disabling parallelism to avoid deadlocks...
To disable this warning, you can either:
	- Avoid using `tokenizers` before the fork if possible
	- Explicitly set the environment variable TOKENIZERS_PARALLELISM=(true | false)
>> VLA-Cache inference mode
Current CUDA latency: 350.162323 ms | Average CUDA latency: 163.945581 ms, Average TFLOPs: 2.911660
>> VLA-Cache inference mode
Current CUDA latency: 304.148438 ms | Average CUDA latency: 164.035860 ms, Average TFLOPs: 2.911681
>> VLA-Cache inference mode
Current CUDA latency: 173.133667 ms | Average CUDA latency: 164.041714 ms, Average TFLOPs: 2.911685
>> VLA-Cache inference mode
Current CUDA latency: 152.523132 ms | Average CUDA latency: 164.034307 ms, Average TFLOPs: 2.911709
>> VLA-Cache inference mode
Current CUDA latency: 160.223618 ms | Average CUDA latency: 164.031858 ms, Average TFLOPs: 2.911723
>> VLA-Cache inference mode
Current CUDA latency: 168.282394 ms | Average CUDA latency: 164.034588 ms, Average TFLOPs: 2.911688
>> VLA-Cache inference mode
Current CUDA latency: 119.799644 ms | Average CUDA latency: 164.006196 ms, Average TFLOPs: 2.911683
>> VLA-Cache inference mode
Current CUDA latency: 104.731453 ms | Average CUDA latency: 163.968175 ms, Average TFLOPs: 2.911630
>> VLA-Cache inference mode
Current CUDA latency: 129.246780 ms | Average CUDA latency: 163.945917 ms, Average TFLOPs: 2.911564
>> VLA-Cache inference mode
Current CUDA latency: 111.963165 ms | Average CUDA latency: 163.912616 ms, Average TFLOPs: 2.911522
>> VLA-Cache inference mode
Current CUDA latency: 114.909790 ms | Average CUDA latency: 163.881244 ms, Average TFLOPs: 2.911506
>> VLA-Cache inference mode
Current CUDA latency: 122.677536 ms | Average CUDA latency: 163.854883 ms, Average TFLOPs: 2.911523
>> VLA-Cache inference mode
Current CUDA latency: 103.005569 ms | Average CUDA latency: 163.815976 ms, Average TFLOPs: 2.911481
>> VLA-Cache inference mode
Current CUDA latency: 173.465469 ms | Average CUDA latency: 163.822142 ms, Average TFLOPs: 2.911432
>> VLA-Cache inference mode
Current CUDA latency: 200.739838 ms | Average CUDA latency: 163.845717 ms, Average TFLOPs: 2.911418
>> VLA-Cache inference mode
Current CUDA latency: 213.609497 ms | Average CUDA latency: 163.877474 ms, Average TFLOPs: 2.911414
>> VLA-Cache inference mode
Current CUDA latency: 122.926208 ms | Average CUDA latency: 163.851357 ms, Average TFLOPs: 2.911408
>> VLA-Cache inference mode
Current CUDA latency: 109.664925 ms | Average CUDA latency: 163.816821 ms, Average TFLOPs: 2.911389
>> VLA-Cache inference mode
Current CUDA latency: 113.727676 ms | Average CUDA latency: 163.784918 ms, Average TFLOPs: 2.911390
>> VLA-Cache inference mode
Current CUDA latency: 109.974274 ms | Average CUDA latency: 163.750665 ms, Average TFLOPs: 2.911385
>> VLA-Cache inference mode
Current CUDA latency: 108.583549 ms | Average CUDA latency: 163.715572 ms, Average TFLOPs: 2.911382
>> VLA-Cache inference mode
Current CUDA latency: 115.687775 ms | Average CUDA latency: 163.685039 ms, Average TFLOPs: 2.911349
>> VLA-Cache inference mode
Current CUDA latency: 246.179230 ms | Average CUDA latency: 163.737449 ms, Average TFLOPs: 2.911286
>> VLA-Cache inference mode
Current CUDA latency: 170.146271 ms | Average CUDA latency: 163.741519 ms, Average TFLOPs: 2.911269
>> VLA-Cache inference mode
Current CUDA latency: 171.778534 ms | Average CUDA latency: 163.746618 ms, Average TFLOPs: 2.911240
>> VLA-Cache inference mode
Current CUDA latency: 209.525665 ms | Average CUDA latency: 163.775647 ms, Average TFLOPs: 2.911175
>> VLA-Cache inference mode
Current CUDA latency: 185.282181 ms | Average CUDA latency: 163.789276 ms, Average TFLOPs: 2.911177
>> VLA-Cache inference mode
Current CUDA latency: 196.413574 ms | Average CUDA latency: 163.809938 ms, Average TFLOPs: 2.911151
>> VLA-Cache inference mode
Current CUDA latency: 152.945892 ms | Average CUDA latency: 163.803062 ms, Average TFLOPs: 2.911102
>> VLA-Cache inference mode
Current CUDA latency: 130.322662 ms | Average CUDA latency: 163.781885 ms, Average TFLOPs: 2.911057
>> VLA-Cache inference mode
Current CUDA latency: 102.668449 ms | Average CUDA latency: 163.743255 ms, Average TFLOPs: 2.911023
>> VLA-Cache inference mode
Current CUDA latency: 103.200256 ms | Average CUDA latency: 163.705009 ms, Average TFLOPs: 2.910978
Average time per step: 564.1107 ms, Control Frequency: 14.18 Hz, Token Reusing Ratio (Primary): 37.37 %, , Token Reusing Ratio (Wrist): 35.76 %
Saved rollout MP4 at path ./rollouts/2026_04_07/primary--2026_04_07-23_07_35--episode=47--success=True--task=turn_on_the_stove_and_put_the_moka_pot_on_it.mp4
Saved rollout MP4 at path ./rollouts/2026_04_07/wrist--2026_04_07-23_07_35--episode=47--success=True--task=turn_on_the_stove_and_put_the_moka_pot_on_it.mp4
04/08 [01:08:05] INFO     | >> Success: True              run_libero_eval.py:230
                 INFO     | >> # episodes completed so    run_libero_eval.py:230
                          far: 47                                               
                 INFO     | >> # successes: 46 (97.9%)    run_libero_eval.py:230

 35%|███▌      | 7/20 [18:23<34:55, 161.22s/it][A                 INFO     | >>                            run_libero_eval.py:230
                          Task: turn on the stove and put                       
                          the moka pot on it                                    
                 INFO     | >> Starting episode 8...      run_libero_eval.py:230
huggingface/tokenizers: The current process just got forked, after parallelism has already been used. Disabling parallelism to avoid deadlocks...
To disable this warning, you can either:
	- Avoid using `tokenizers` before the fork if possible
	- Explicitly set the environment variable TOKENIZERS_PARALLELISM=(true | false)
huggingface/tokenizers: The current process just got forked, after parallelism has already been used. Disabling parallelism to avoid deadlocks...
To disable this warning, you can either:
	- Avoid using `tokenizers` before the fork if possible
	- Explicitly set the environment variable TOKENIZERS_PARALLELISM=(true | false)
>> VLA-Cache inference mode
Current CUDA latency: 295.485443 ms | Average CUDA latency: 163.788203 ms, Average TFLOPs: 2.911488
>> VLA-Cache inference mode
Current CUDA latency: 232.253510 ms | Average CUDA latency: 163.831399 ms, Average TFLOPs: 2.911516
>> VLA-Cache inference mode
Current CUDA latency: 145.314178 ms | Average CUDA latency: 163.819724 ms, Average TFLOPs: 2.911502
>> VLA-Cache inference mode
Current CUDA latency: 160.433411 ms | Average CUDA latency: 163.817590 ms, Average TFLOPs: 2.911501
>> VLA-Cache inference mode
Current CUDA latency: 360.312714 ms | Average CUDA latency: 163.941328 ms, Average TFLOPs: 2.911487
>> VLA-Cache inference mode
Current CUDA latency: 265.892731 ms | Average CUDA latency: 164.005488 ms, Average TFLOPs: 2.911472
>> VLA-Cache inference mode
Current CUDA latency: 223.354370 ms | Average CUDA latency: 164.042815 ms, Average TFLOPs: 2.911439
>> VLA-Cache inference mode
Current CUDA latency: 127.061699 ms | Average CUDA latency: 164.019571 ms, Average TFLOPs: 2.911393
>> VLA-Cache inference mode
Current CUDA latency: 146.564697 ms | Average CUDA latency: 164.008607 ms, Average TFLOPs: 2.911328
>> VLA-Cache inference mode
Current CUDA latency: 120.589890 ms | Average CUDA latency: 163.981351 ms, Average TFLOPs: 2.911238
>> VLA-Cache inference mode
Current CUDA latency: 108.106461 ms | Average CUDA latency: 163.946297 ms, Average TFLOPs: 2.911185
>> VLA-Cache inference mode
Current CUDA latency: 113.084702 ms | Average CUDA latency: 163.914409 ms, Average TFLOPs: 2.911163
>> VLA-Cache inference mode
Current CUDA latency: 102.039932 ms | Average CUDA latency: 163.875641 ms, Average TFLOPs: 2.911116
>> VLA-Cache inference mode
Current CUDA latency: 109.448608 ms | Average CUDA latency: 163.841560 ms, Average TFLOPs: 2.911085
>> VLA-Cache inference mode
Current CUDA latency: 101.159775 ms | Average CUDA latency: 163.802335 ms, Average TFLOPs: 2.911013
>> VLA-Cache inference mode
Current CUDA latency: 117.189728 ms | Average CUDA latency: 163.773184 ms, Average TFLOPs: 2.911000
>> VLA-Cache inference mode
Current CUDA latency: 168.364761 ms | Average CUDA latency: 163.776053 ms, Average TFLOPs: 2.910985
>> VLA-Cache inference mode
Current CUDA latency: 238.692703 ms | Average CUDA latency: 163.822847 ms, Average TFLOPs: 2.910965
>> VLA-Cache inference mode
Current CUDA latency: 233.577469 ms | Average CUDA latency: 163.866389 ms, Average TFLOPs: 2.910940
>> VLA-Cache inference mode
Current CUDA latency: 184.131653 ms | Average CUDA latency: 163.879031 ms, Average TFLOPs: 2.910882
>> VLA-Cache inference mode
Current CUDA latency: 114.268990 ms | Average CUDA latency: 163.848102 ms, Average TFLOPs: 2.910819
>> VLA-Cache inference mode
Current CUDA latency: 103.586082 ms | Average CUDA latency: 163.810556 ms, Average TFLOPs: 2.910768
>> VLA-Cache inference mode
Current CUDA latency: 114.485504 ms | Average CUDA latency: 163.779843 ms, Average TFLOPs: 2.910696
>> VLA-Cache inference mode
Current CUDA latency: 111.701569 ms | Average CUDA latency: 163.747436 ms, Average TFLOPs: 2.910647
>> VLA-Cache inference mode
Current CUDA latency: 223.113159 ms | Average CUDA latency: 163.784355 ms, Average TFLOPs: 2.910594
>> VLA-Cache inference mode
Current CUDA latency: 324.990479 ms | Average CUDA latency: 163.884545 ms, Average TFLOPs: 2.910514
>> VLA-Cache inference mode
Current CUDA latency: 270.588287 ms | Average CUDA latency: 163.950821 ms, Average TFLOPs: 2.910453
>> VLA-Cache inference mode
Current CUDA latency: 259.463196 ms | Average CUDA latency: 164.010108 ms, Average TFLOPs: 2.910418
>> VLA-Cache inference mode
Current CUDA latency: 138.180420 ms | Average CUDA latency: 163.994085 ms, Average TFLOPs: 2.910395
>> VLA-Cache inference mode
Current CUDA latency: 130.014236 ms | Average CUDA latency: 163.973019 ms, Average TFLOPs: 2.910366
>> VLA-Cache inference mode
Current CUDA latency: 107.836769 ms | Average CUDA latency: 163.938238 ms, Average TFLOPs: 2.910336
Average time per step: 564.0813 ms, Control Frequency: 14.18 Hz, Token Reusing Ratio (Primary): 37.49 %, , Token Reusing Ratio (Wrist): 35.78 %
Saved rollout MP4 at path ./rollouts/2026_04_07/primary--2026_04_07-23_07_35--episode=48--success=True--task=turn_on_the_stove_and_put_the_moka_pot_on_it.mp4
Saved rollout MP4 at path ./rollouts/2026_04_07/wrist--2026_04_07-23_07_35--episode=48--success=True--task=turn_on_the_stove_and_put_the_moka_pot_on_it.mp4
04/08 [01:10:39] INFO     | >> Success: True              run_libero_eval.py:230
                 INFO     | >> # episodes completed so    run_libero_eval.py:230
                          far: 48                                               
                 INFO     | >> # successes: 47 (97.9%)    run_libero_eval.py:230

 40%|████      | 8/20 [20:57<31:45, 158.80s/it][A                 INFO     | >>                            run_libero_eval.py:230
                          Task: turn on the stove and put                       
                          the moka pot on it                                    
                 INFO     | >> Starting episode 9...      run_libero_eval.py:230
huggingface/tokenizers: The current process just got forked, after parallelism has already been used. Disabling parallelism to avoid deadlocks...
To disable this warning, you can either:
	- Avoid using `tokenizers` before the fork if possible
	- Explicitly set the environment variable TOKENIZERS_PARALLELISM=(true | false)
huggingface/tokenizers: The current process just got forked, after parallelism has already been used. Disabling parallelism to avoid deadlocks...
To disable this warning, you can either:
	- Avoid using `tokenizers` before the fork if possible
	- Explicitly set the environment variable TOKENIZERS_PARALLELISM=(true | false)
>> VLA-Cache inference mode
Current CUDA latency: 327.673767 ms | Average CUDA latency: 164.039622 ms, Average TFLOPs: 2.910837
>> VLA-Cache inference mode
Current CUDA latency: 348.543945 ms | Average CUDA latency: 164.153796 ms, Average TFLOPs: 2.910858
>> VLA-Cache inference mode
Current CUDA latency: 217.965179 ms | Average CUDA latency: 164.187074 ms, Average TFLOPs: 2.910844
>> VLA-Cache inference mode
Current CUDA latency: 174.143387 ms | Average CUDA latency: 164.193228 ms, Average TFLOPs: 2.910834
>> VLA-Cache inference mode
Current CUDA latency: 117.253952 ms | Average CUDA latency: 164.164235 ms, Average TFLOPs: 2.910843
>> VLA-Cache inference mode
Current CUDA latency: 115.209763 ms | Average CUDA latency: 164.134016 ms, Average TFLOPs: 2.910824
>> VLA-Cache inference mode
Current CUDA latency: 114.828384 ms | Average CUDA latency: 164.103599 ms, Average TFLOPs: 2.910819
>> VLA-Cache inference mode
Current CUDA latency: 199.215225 ms | Average CUDA latency: 164.125246 ms, Average TFLOPs: 2.910750
>> VLA-Cache inference mode
Current CUDA latency: 127.333633 ms | Average CUDA latency: 164.102577 ms, Average TFLOPs: 2.910671
>> VLA-Cache inference mode
Current CUDA latency: 113.083740 ms | Average CUDA latency: 164.071162 ms, Average TFLOPs: 2.910611
>> VLA-Cache inference mode
Current CUDA latency: 109.597923 ms | Average CUDA latency: 164.037640 ms, Average TFLOPs: 2.910580
>> VLA-Cache inference mode
Current CUDA latency: 125.446655 ms | Average CUDA latency: 164.013906 ms, Average TFLOPs: 2.910537
>> VLA-Cache inference mode
Current CUDA latency: 151.402527 ms | Average CUDA latency: 164.006155 ms, Average TFLOPs: 2.910489
>> VLA-Cache inference mode
Current CUDA latency: 181.569275 ms | Average CUDA latency: 164.016943 ms, Average TFLOPs: 2.910429
>> VLA-Cache inference mode
Current CUDA latency: 155.005661 ms | Average CUDA latency: 164.011411 ms, Average TFLOPs: 2.910383
>> VLA-Cache inference mode
Current CUDA latency: 144.207260 ms | Average CUDA latency: 163.999262 ms, Average TFLOPs: 2.910364
>> VLA-Cache inference mode
Current CUDA latency: 106.151108 ms | Average CUDA latency: 163.963794 ms, Average TFLOPs: 2.910333
>> VLA-Cache inference mode
Current CUDA latency: 124.233665 ms | Average CUDA latency: 163.939449 ms, Average TFLOPs: 2.910285
>> VLA-Cache inference mode
Current CUDA latency: 111.424835 ms | Average CUDA latency: 163.907291 ms, Average TFLOPs: 2.910265
>> VLA-Cache inference mode
Current CUDA latency: 108.040672 ms | Average CUDA latency: 163.873101 ms, Average TFLOPs: 2.910211
>> VLA-Cache inference mode
Current CUDA latency: 104.385056 ms | Average CUDA latency: 163.836717 ms, Average TFLOPs: 2.910162
>> VLA-Cache inference mode
Current CUDA latency: 224.541092 ms | Average CUDA latency: 163.873822 ms, Average TFLOPs: 2.910118
>> VLA-Cache inference mode
Current CUDA latency: 271.005951 ms | Average CUDA latency: 163.939266 ms, Average TFLOPs: 2.910078
>> VLA-Cache inference mode
Current CUDA latency: 229.276611 ms | Average CUDA latency: 163.979155 ms, Average TFLOPs: 2.909975
>> VLA-Cache inference mode
Current CUDA latency: 108.257858 ms | Average CUDA latency: 163.945158 ms, Average TFLOPs: 2.909928
>> VLA-Cache inference mode
Current CUDA latency: 157.722534 ms | Average CUDA latency: 163.941363 ms, Average TFLOPs: 2.909906
>> VLA-Cache inference mode
Current CUDA latency: 104.231331 ms | Average CUDA latency: 163.904977 ms, Average TFLOPs: 2.909866
>> VLA-Cache inference mode
Current CUDA latency: 116.338493 ms | Average CUDA latency: 163.876008 ms, Average TFLOPs: 2.909829
>> VLA-Cache inference mode
Current CUDA latency: 109.272324 ms | Average CUDA latency: 163.842774 ms, Average TFLOPs: 2.909800
Average time per step: 565.5432 ms, Control Frequency: 14.15 Hz, Token Reusing Ratio (Primary): 37.51 %, , Token Reusing Ratio (Wrist): 35.86 %
Saved rollout MP4 at path ./rollouts/2026_04_07/primary--2026_04_07-23_07_35--episode=49--success=True--task=turn_on_the_stove_and_put_the_moka_pot_on_it.mp4
Saved rollout MP4 at path ./rollouts/2026_04_07/wrist--2026_04_07-23_07_35--episode=49--success=True--task=turn_on_the_stove_and_put_the_moka_pot_on_it.mp4
04/08 [01:13:09] INFO     | >> Success: True              run_libero_eval.py:230
                 INFO     | >> # episodes completed so    run_libero_eval.py:230
                          far: 49                                               
                 INFO     | >> # successes: 48 (98.0%)    run_libero_eval.py:230

 45%|████▌     | 9/20 [23:27<28:37, 156.13s/it][A                 INFO     | >>                            run_libero_eval.py:230
                          Task: turn on the stove and put                       
                          the moka pot on it                                    
                 INFO     | >> Starting episode 10...     run_libero_eval.py:230
huggingface/tokenizers: The current process just got forked, after parallelism has already been used. Disabling parallelism to avoid deadlocks...
To disable this warning, you can either:
	- Avoid using `tokenizers` before the fork if possible
	- Explicitly set the environment variable TOKENIZERS_PARALLELISM=(true | false)
huggingface/tokenizers: The current process just got forked, after parallelism has already been used. Disabling parallelism to avoid deadlocks...
To disable this warning, you can either:
	- Avoid using `tokenizers` before the fork if possible
	- Explicitly set the environment variable TOKENIZERS_PARALLELISM=(true | false)
>> VLA-Cache inference mode
Current CUDA latency: 343.595093 ms | Average CUDA latency: 163.952112 ms, Average TFLOPs: 2.910292
>> VLA-Cache inference mode
Current CUDA latency: 234.212708 ms | Average CUDA latency: 163.994824 ms, Average TFLOPs: 2.910286
>> VLA-Cache inference mode
Current CUDA latency: 163.560577 ms | Average CUDA latency: 163.994560 ms, Average TFLOPs: 2.910274
>> VLA-Cache inference mode
Current CUDA latency: 194.891815 ms | Average CUDA latency: 164.013320 ms, Average TFLOPs: 2.910263
>> VLA-Cache inference mode
Current CUDA latency: 174.179718 ms | Average CUDA latency: 164.019489 ms, Average TFLOPs: 2.910253
>> VLA-Cache inference mode
Current CUDA latency: 136.481247 ms | Average CUDA latency: 164.002789 ms, Average TFLOPs: 2.910260
>> VLA-Cache inference mode
Current CUDA latency: 112.736160 ms | Average CUDA latency: 163.971718 ms, Average TFLOPs: 2.910241
>> VLA-Cache inference mode
Current CUDA latency: 109.843613 ms | Average CUDA latency: 163.938933 ms, Average TFLOPs: 2.910229
>> VLA-Cache inference mode
Current CUDA latency: 128.748383 ms | Average CUDA latency: 163.917631 ms, Average TFLOPs: 2.910188
>> VLA-Cache inference mode
Current CUDA latency: 154.198792 ms | Average CUDA latency: 163.911752 ms, Average TFLOPs: 2.910113
>> VLA-Cache inference mode
Current CUDA latency: 103.429695 ms | Average CUDA latency: 163.875185 ms, Average TFLOPs: 2.910059
>> VLA-Cache inference mode
Current CUDA latency: 104.198402 ms | Average CUDA latency: 163.839126 ms, Average TFLOPs: 2.910035
>> VLA-Cache inference mode
Current CUDA latency: 109.788994 ms | Average CUDA latency: 163.806487 ms, Average TFLOPs: 2.910023
>> VLA-Cache inference mode
Current CUDA latency: 110.966019 ms | Average CUDA latency: 163.774598 ms, Average TFLOPs: 2.910005
>> VLA-Cache inference mode
Current CUDA latency: 105.168449 ms | Average CUDA latency: 163.739251 ms, Average TFLOPs: 2.909954
>> VLA-Cache inference mode
Current CUDA latency: 106.544861 ms | Average CUDA latency: 163.704775 ms, Average TFLOPs: 2.909919
>> VLA-Cache inference mode
Current CUDA latency: 104.097855 ms | Average CUDA latency: 163.668868 ms, Average TFLOPs: 2.909890
>> VLA-Cache inference mode
Current CUDA latency: 130.785980 ms | Average CUDA latency: 163.649071 ms, Average TFLOPs: 2.909866
>> VLA-Cache inference mode
Current CUDA latency: 193.618851 ms | Average CUDA latency: 163.667103 ms, Average TFLOPs: 2.909857
>> VLA-Cache inference mode
Current CUDA latency: 273.826355 ms | Average CUDA latency: 163.733344 ms, Average TFLOPs: 2.909854
>> VLA-Cache inference mode
Current CUDA latency: 187.372711 ms | Average CUDA latency: 163.747551 ms, Average TFLOPs: 2.909831
>> VLA-Cache inference mode
Current CUDA latency: 117.983521 ms | Average CUDA latency: 163.720065 ms, Average TFLOPs: 2.909802
>> VLA-Cache inference mode
Current CUDA latency: 103.951614 ms | Average CUDA latency: 163.684189 ms, Average TFLOPs: 2.909769
>> VLA-Cache inference mode
Current CUDA latency: 120.615074 ms | Average CUDA latency: 163.658353 ms, Average TFLOPs: 2.909748
>> VLA-Cache inference mode
Current CUDA latency: 103.083549 ms | Average CUDA latency: 163.622037 ms, Average TFLOPs: 2.909696
>> VLA-Cache inference mode
Current CUDA latency: 112.513123 ms | Average CUDA latency: 163.591415 ms, Average TFLOPs: 2.909647
>> VLA-Cache inference mode
Current CUDA latency: 175.122940 ms | Average CUDA latency: 163.598320 ms, Average TFLOPs: 2.909614
>> VLA-Cache inference mode
Current CUDA latency: 297.797455 ms | Average CUDA latency: 163.678630 ms, Average TFLOPs: 2.909556
>> VLA-Cache inference mode
Current CUDA latency: 234.090149 ms | Average CUDA latency: 163.720743 ms, Average TFLOPs: 2.909512
>> VLA-Cache inference mode
Current CUDA latency: 265.905579 ms | Average CUDA latency: 163.781821 ms, Average TFLOPs: 2.909476
>> VLA-Cache inference mode
Current CUDA latency: 111.619171 ms | Average CUDA latency: 163.750661 ms, Average TFLOPs: 2.909421
>> VLA-Cache inference mode
Current CUDA latency: 109.321571 ms | Average CUDA latency: 163.718166 ms, Average TFLOPs: 2.909401
>> VLA-Cache inference mode
Current CUDA latency: 241.758118 ms | Average CUDA latency: 163.764729 ms, Average TFLOPs: 2.909390
>> VLA-Cache inference mode
Current CUDA latency: 115.710915 ms | Average CUDA latency: 163.736074 ms, Average TFLOPs: 2.909399
Average time per step: 571.0426 ms, Control Frequency: 14.01 Hz, Token Reusing Ratio (Primary): 37.58 %, , Token Reusing Ratio (Wrist): 35.82 %
Saved rollout MP4 at path ./rollouts/2026_04_07/primary--2026_04_07-23_07_35--episode=50--success=True--task=turn_on_the_stove_and_put_the_moka_pot_on_it.mp4
Saved rollout MP4 at path ./rollouts/2026_04_07/wrist--2026_04_07-23_07_35--episode=50--success=True--task=turn_on_the_stove_and_put_the_moka_pot_on_it.mp4
04/08 [01:15:57] INFO     | >> Success: True              run_libero_eval.py:230
                 INFO     | >> # episodes completed so    run_libero_eval.py:230
                          far: 50                                               
                 INFO     | >> # successes: 49 (98.0%)    run_libero_eval.py:230

 50%|█████     | 10/20 [26:15<26:36, 159.69s/it][A                 INFO     | >>                            run_libero_eval.py:230
                          Task: turn on the stove and put                       
                          the moka pot on it                                    
                 INFO     | >> Starting episode 11...     run_libero_eval.py:230
huggingface/tokenizers: The current process just got forked, after parallelism has already been used. Disabling parallelism to avoid deadlocks...
To disable this warning, you can either:
	- Avoid using `tokenizers` before the fork if possible
	- Explicitly set the environment variable TOKENIZERS_PARALLELISM=(true | false)
huggingface/tokenizers: The current process just got forked, after parallelism has already been used. Disabling parallelism to avoid deadlocks...
To disable this warning, you can either:
	- Avoid using `tokenizers` before the fork if possible
	- Explicitly set the environment variable TOKENIZERS_PARALLELISM=(true | false)
>> VLA-Cache inference mode
Current CUDA latency: 314.450989 ms | Average CUDA latency: 163.825893 ms, Average TFLOPs: 2.909881
>> VLA-Cache inference mode
Current CUDA latency: 280.239655 ms | Average CUDA latency: 163.895228 ms, Average TFLOPs: 2.909889
>> VLA-Cache inference mode
Current CUDA latency: 304.819672 ms | Average CUDA latency: 163.979111 ms, Average TFLOPs: 2.909893
>> VLA-Cache inference mode
Current CUDA latency: 290.370209 ms | Average CUDA latency: 164.054299 ms, Average TFLOPs: 2.909894
>> VLA-Cache inference mode
Current CUDA latency: 162.147141 ms | Average CUDA latency: 164.053166 ms, Average TFLOPs: 2.909885
>> VLA-Cache inference mode
Current CUDA latency: 218.071396 ms | Average CUDA latency: 164.085262 ms, Average TFLOPs: 2.909886
>> VLA-Cache inference mode
Current CUDA latency: 172.127899 ms | Average CUDA latency: 164.090038 ms, Average TFLOPs: 2.909885
>> VLA-Cache inference mode
Current CUDA latency: 166.775742 ms | Average CUDA latency: 164.091632 ms, Average TFLOPs: 2.909852
>> VLA-Cache inference mode
Current CUDA latency: 173.548996 ms | Average CUDA latency: 164.097241 ms, Average TFLOPs: 2.909790
>> VLA-Cache inference mode
Current CUDA latency: 109.232674 ms | Average CUDA latency: 164.064719 ms, Average TFLOPs: 2.909770
>> VLA-Cache inference mode
Current CUDA latency: 107.208221 ms | Average CUDA latency: 164.031036 ms, Average TFLOPs: 2.909740
>> VLA-Cache inference mode
Current CUDA latency: 117.871872 ms | Average CUDA latency: 164.003707 ms, Average TFLOPs: 2.909721
>> VLA-Cache inference mode
Current CUDA latency: 102.890335 ms | Average CUDA latency: 163.967545 ms, Average TFLOPs: 2.909695
>> VLA-Cache inference mode
Current CUDA latency: 113.347069 ms | Average CUDA latency: 163.937610 ms, Average TFLOPs: 2.909659
>> VLA-Cache inference mode
Current CUDA latency: 102.798210 ms | Average CUDA latency: 163.901476 ms, Average TFLOPs: 2.909617
>> VLA-Cache inference mode
Current CUDA latency: 111.846497 ms | Average CUDA latency: 163.870729 ms, Average TFLOPs: 2.909550
>> VLA-Cache inference mode
Current CUDA latency: 110.310211 ms | Average CUDA latency: 163.839111 ms, Average TFLOPs: 2.909538
>> VLA-Cache inference mode
Current CUDA latency: 171.248505 ms | Average CUDA latency: 163.843482 ms, Average TFLOPs: 2.909525
>> VLA-Cache inference mode
Current CUDA latency: 104.055519 ms | Average CUDA latency: 163.808230 ms, Average TFLOPs: 2.909507
>> VLA-Cache inference mode
Current CUDA latency: 108.085503 ms | Average CUDA latency: 163.775394 ms, Average TFLOPs: 2.909480
>> VLA-Cache inference mode
Current CUDA latency: 149.207932 ms | Average CUDA latency: 163.766815 ms, Average TFLOPs: 2.909446
>> VLA-Cache inference mode
Current CUDA latency: 171.870789 ms | Average CUDA latency: 163.771584 ms, Average TFLOPs: 2.909400
>> VLA-Cache inference mode
Current CUDA latency: 163.650055 ms | Average CUDA latency: 163.771513 ms, Average TFLOPs: 2.909336
>> VLA-Cache inference mode
Current CUDA latency: 115.774368 ms | Average CUDA latency: 163.743296 ms, Average TFLOPs: 2.909276
>> VLA-Cache inference mode
Current CUDA latency: 137.459457 ms | Average CUDA latency: 163.727853 ms, Average TFLOPs: 2.909236
>> VLA-Cache inference mode
Current CUDA latency: 120.380928 ms | Average CUDA latency: 163.702400 ms, Average TFLOPs: 2.909177
>> VLA-Cache inference mode
Current CUDA latency: 135.725281 ms | Average CUDA latency: 163.685981 ms, Average TFLOPs: 2.909092
>> VLA-Cache inference mode
Current CUDA latency: 116.784126 ms | Average CUDA latency: 163.658473 ms, Average TFLOPs: 2.909060
>> VLA-Cache inference mode
Current CUDA latency: 250.248642 ms | Average CUDA latency: 163.709229 ms, Average TFLOPs: 2.909013
>> VLA-Cache inference mode
Current CUDA latency: 264.609955 ms | Average CUDA latency: 163.768339 ms, Average TFLOPs: 2.908980
>> VLA-Cache inference mode
Current CUDA latency: 241.609116 ms | Average CUDA latency: 163.813913 ms, Average TFLOPs: 2.908960
>> VLA-Cache inference mode
Current CUDA latency: 144.448486 ms | Average CUDA latency: 163.802582 ms, Average TFLOPs: 2.908956
Average time per step: 571.8777 ms, Control Frequency: 13.99 Hz, Token Reusing Ratio (Primary): 37.58 %, , Token Reusing Ratio (Wrist): 35.86 %
Saved rollout MP4 at path ./rollouts/2026_04_07/primary--2026_04_07-23_07_35--episode=51--success=True--task=turn_on_the_stove_and_put_the_moka_pot_on_it.mp4
Saved rollout MP4 at path ./rollouts/2026_04_07/wrist--2026_04_07-23_07_35--episode=51--success=True--task=turn_on_the_stove_and_put_the_moka_pot_on_it.mp4
04/08 [01:18:32] INFO     | >> Success: True              run_libero_eval.py:230
                 INFO     | >> # episodes completed so    run_libero_eval.py:230
                          far: 51                                               
                 INFO     | >> # successes: 50 (98.0%)    run_libero_eval.py:230

 55%|█████▌    | 11/20 [28:50<23:44, 158.29s/it][A                 INFO     | >>                            run_libero_eval.py:230
                          Task: turn on the stove and put                       
                          the moka pot on it                                    
                 INFO     | >> Starting episode 12...     run_libero_eval.py:230
huggingface/tokenizers: The current process just got forked, after parallelism has already been used. Disabling parallelism to avoid deadlocks...
To disable this warning, you can either:
	- Avoid using `tokenizers` before the fork if possible
	- Explicitly set the environment variable TOKENIZERS_PARALLELISM=(true | false)
huggingface/tokenizers: The current process just got forked, after parallelism has already been used. Disabling parallelism to avoid deadlocks...
To disable this warning, you can either:
	- Avoid using `tokenizers` before the fork if possible
	- Explicitly set the environment variable TOKENIZERS_PARALLELISM=(true | false)
>> VLA-Cache inference mode
Current CUDA latency: 407.987244 ms | Average CUDA latency: 163.945380 ms, Average TFLOPs: 2.909429
>> VLA-Cache inference mode
Current CUDA latency: 302.617157 ms | Average CUDA latency: 164.026427 ms, Average TFLOPs: 2.909444
>> VLA-Cache inference mode
Current CUDA latency: 166.250885 ms | Average CUDA latency: 164.027726 ms, Average TFLOPs: 2.909451
>> VLA-Cache inference mode
Current CUDA latency: 122.259491 ms | Average CUDA latency: 164.003343 ms, Average TFLOPs: 2.909452
>> VLA-Cache inference mode
Current CUDA latency: 109.207108 ms | Average CUDA latency: 163.971374 ms, Average TFLOPs: 2.909455
>> VLA-Cache inference mode
Current CUDA latency: 118.915939 ms | Average CUDA latency: 163.945102 ms, Average TFLOPs: 2.909471
>> VLA-Cache inference mode
Current CUDA latency: 140.666367 ms | Average CUDA latency: 163.931536 ms, Average TFLOPs: 2.909473
>> VLA-Cache inference mode
Current CUDA latency: 268.876251 ms | Average CUDA latency: 163.992657 ms, Average TFLOPs: 2.909430
>> VLA-Cache inference mode
Current CUDA latency: 225.286407 ms | Average CUDA latency: 164.028335 ms, Average TFLOPs: 2.909376
>> VLA-Cache inference mode
Current CUDA latency: 161.783035 ms | Average CUDA latency: 164.027029 ms, Average TFLOPs: 2.909315
>> VLA-Cache inference mode
Current CUDA latency: 111.751328 ms | Average CUDA latency: 163.996636 ms, Average TFLOPs: 2.909253
>> VLA-Cache inference mode
Current CUDA latency: 179.838074 ms | Average CUDA latency: 164.005841 ms, Average TFLOPs: 2.909227
>> VLA-Cache inference mode
Current CUDA latency: 108.501282 ms | Average CUDA latency: 163.973608 ms, Average TFLOPs: 2.909186
>> VLA-Cache inference mode
Current CUDA latency: 108.827332 ms | Average CUDA latency: 163.941602 ms, Average TFLOPs: 2.909141
>> VLA-Cache inference mode
Current CUDA latency: 101.522530 ms | Average CUDA latency: 163.905396 ms, Average TFLOPs: 2.909081
>> VLA-Cache inference mode
Current CUDA latency: 112.042946 ms | Average CUDA latency: 163.875331 ms, Average TFLOPs: 2.909012
>> VLA-Cache inference mode
Current CUDA latency: 103.494141 ms | Average CUDA latency: 163.840348 ms, Average TFLOPs: 2.908994
>> VLA-Cache inference mode
Current CUDA latency: 121.096771 ms | Average CUDA latency: 163.815597 ms, Average TFLOPs: 2.908960
>> VLA-Cache inference mode
Current CUDA latency: 104.392227 ms | Average CUDA latency: 163.781209 ms, Average TFLOPs: 2.908933
>> VLA-Cache inference mode
Current CUDA latency: 273.753113 ms | Average CUDA latency: 163.844813 ms, Average TFLOPs: 2.908901
>> VLA-Cache inference mode
Current CUDA latency: 356.510315 ms | Average CUDA latency: 163.956181 ms, Average TFLOPs: 2.908854
>> VLA-Cache inference mode
Current CUDA latency: 135.474045 ms | Average CUDA latency: 163.939726 ms, Average TFLOPs: 2.908813
>> VLA-Cache inference mode
Current CUDA latency: 129.596161 ms | Average CUDA latency: 163.919898 ms, Average TFLOPs: 2.908774
>> VLA-Cache inference mode
Current CUDA latency: 108.836349 ms | Average CUDA latency: 163.888112 ms, Average TFLOPs: 2.908732
>> VLA-Cache inference mode
Current CUDA latency: 107.860641 ms | Average CUDA latency: 163.855801 ms, Average TFLOPs: 2.908711
>> VLA-Cache inference mode
Current CUDA latency: 196.482788 ms | Average CUDA latency: 163.874606 ms, Average TFLOPs: 2.908668
>> VLA-Cache inference mode
Current CUDA latency: 350.991028 ms | Average CUDA latency: 163.982392 ms, Average TFLOPs: 2.908599
>> VLA-Cache inference mode
Current CUDA latency: 154.071335 ms | Average CUDA latency: 163.976687 ms, Average TFLOPs: 2.908546
>> VLA-Cache inference mode
Current CUDA latency: 170.914978 ms | Average CUDA latency: 163.980679 ms, Average TFLOPs: 2.908493
>> VLA-Cache inference mode
Current CUDA latency: 150.882111 ms | Average CUDA latency: 163.973146 ms, Average TFLOPs: 2.908451
>> VLA-Cache inference mode
Current CUDA latency: 146.238724 ms | Average CUDA latency: 163.962954 ms, Average TFLOPs: 2.908441
Average time per step: 573.0544 ms, Control Frequency: 13.96 Hz, Token Reusing Ratio (Primary): 37.66 %, , Token Reusing Ratio (Wrist): 35.82 %
Saved rollout MP4 at path ./rollouts/2026_04_07/primary--2026_04_07-23_07_35--episode=52--success=True--task=turn_on_the_stove_and_put_the_moka_pot_on_it.mp4
Saved rollout MP4 at path ./rollouts/2026_04_07/wrist--2026_04_07-23_07_35--episode=52--success=True--task=turn_on_the_stove_and_put_the_moka_pot_on_it.mp4
04/08 [01:21:11] INFO     | >> Success: True              run_libero_eval.py:230
                 INFO     | >> # episodes completed so    run_libero_eval.py:230
                          far: 52                                               
                 INFO     | >> # successes: 51 (98.1%)    run_libero_eval.py:230

 60%|██████    | 12/20 [31:29<21:08, 158.60s/it][A                 INFO     | >>                            run_libero_eval.py:230
                          Task: turn on the stove and put                       
                          the moka pot on it                                    
                 INFO     | >> Starting episode 13...     run_libero_eval.py:230
huggingface/tokenizers: The current process just got forked, after parallelism has already been used. Disabling parallelism to avoid deadlocks...
To disable this warning, you can either:
	- Avoid using `tokenizers` before the fork if possible
	- Explicitly set the environment variable TOKENIZERS_PARALLELISM=(true | false)
huggingface/tokenizers: The current process just got forked, after parallelism has already been used. Disabling parallelism to avoid deadlocks...
To disable this warning, you can either:
	- Avoid using `tokenizers` before the fork if possible
	- Explicitly set the environment variable TOKENIZERS_PARALLELISM=(true | false)
>> VLA-Cache inference mode
Current CUDA latency: 346.307587 ms | Average CUDA latency: 164.067690 ms, Average TFLOPs: 2.908906
>> VLA-Cache inference mode
Current CUDA latency: 371.079010 ms | Average CUDA latency: 164.186525 ms, Average TFLOPs: 2.908901
>> VLA-Cache inference mode
Current CUDA latency: 148.944733 ms | Average CUDA latency: 164.177781 ms, Average TFLOPs: 2.908892
>> VLA-Cache inference mode
Current CUDA latency: 145.194397 ms | Average CUDA latency: 164.166896 ms, Average TFLOPs: 2.908910
>> VLA-Cache inference mode
Current CUDA latency: 144.181152 ms | Average CUDA latency: 164.155443 ms, Average TFLOPs: 2.908892
>> VLA-Cache inference mode
Current CUDA latency: 108.551582 ms | Average CUDA latency: 164.123596 ms, Average TFLOPs: 2.908887
>> VLA-Cache inference mode
Current CUDA latency: 108.776863 ms | Average CUDA latency: 164.091915 ms, Average TFLOPs: 2.908885
>> VLA-Cache inference mode
Current CUDA latency: 143.120697 ms | Average CUDA latency: 164.079918 ms, Average TFLOPs: 2.908822
>> VLA-Cache inference mode
Current CUDA latency: 117.251137 ms | Average CUDA latency: 164.053143 ms, Average TFLOPs: 2.908778
>> VLA-Cache inference mode
Current CUDA latency: 112.015968 ms | Average CUDA latency: 164.023408 ms, Average TFLOPs: 2.908769
>> VLA-Cache inference mode
Current CUDA latency: 109.527107 ms | Average CUDA latency: 163.992285 ms, Average TFLOPs: 2.908761
>> VLA-Cache inference mode
Current CUDA latency: 117.796227 ms | Average CUDA latency: 163.965917 ms, Average TFLOPs: 2.908738
>> VLA-Cache inference mode
Current CUDA latency: 110.526115 ms | Average CUDA latency: 163.935432 ms, Average TFLOPs: 2.908700
>> VLA-Cache inference mode
Current CUDA latency: 104.188515 ms | Average CUDA latency: 163.901369 ms, Average TFLOPs: 2.908665
>> VLA-Cache inference mode
Current CUDA latency: 189.411102 ms | Average CUDA latency: 163.915905 ms, Average TFLOPs: 2.908626
>> VLA-Cache inference mode
Current CUDA latency: 272.824249 ms | Average CUDA latency: 163.977925 ms, Average TFLOPs: 2.908605
>> VLA-Cache inference mode
Current CUDA latency: 184.915131 ms | Average CUDA latency: 163.989842 ms, Average TFLOPs: 2.908594
>> VLA-Cache inference mode
Current CUDA latency: 112.768707 ms | Average CUDA latency: 163.960706 ms, Average TFLOPs: 2.908570
>> VLA-Cache inference mode
Current CUDA latency: 109.947777 ms | Average CUDA latency: 163.929999 ms, Average TFLOPs: 2.908552
>> VLA-Cache inference mode
Current CUDA latency: 117.367615 ms | Average CUDA latency: 163.903543 ms, Average TFLOPs: 2.908527
>> VLA-Cache inference mode
Current CUDA latency: 230.419296 ms | Average CUDA latency: 163.941315 ms, Average TFLOPs: 2.908496
>> VLA-Cache inference mode
Current CUDA latency: 213.793381 ms | Average CUDA latency: 163.969608 ms, Average TFLOPs: 2.908471
>> VLA-Cache inference mode
Current CUDA latency: 187.109894 ms | Average CUDA latency: 163.982733 ms, Average TFLOPs: 2.908452
>> VLA-Cache inference mode
Current CUDA latency: 114.990784 ms | Average CUDA latency: 163.954960 ms, Average TFLOPs: 2.908424
>> VLA-Cache inference mode
Current CUDA latency: 108.635452 ms | Average CUDA latency: 163.923618 ms, Average TFLOPs: 2.908387
>> VLA-Cache inference mode
Current CUDA latency: 109.566429 ms | Average CUDA latency: 163.892838 ms, Average TFLOPs: 2.908357
>> VLA-Cache inference mode
Current CUDA latency: 171.042206 ms | Average CUDA latency: 163.896884 ms, Average TFLOPs: 2.908301
>> VLA-Cache inference mode
Current CUDA latency: 174.096802 ms | Average CUDA latency: 163.902653 ms, Average TFLOPs: 2.908264
>> VLA-Cache inference mode
Current CUDA latency: 231.197250 ms | Average CUDA latency: 163.940694 ms, Average TFLOPs: 2.908214
>> VLA-Cache inference mode
Current CUDA latency: 290.275055 ms | Average CUDA latency: 164.012069 ms, Average TFLOPs: 2.908205
Average time per step: 573.4009 ms, Control Frequency: 13.95 Hz, Token Reusing Ratio (Primary): 37.64 %, , Token Reusing Ratio (Wrist): 35.82 %
Saved rollout MP4 at path ./rollouts/2026_04_07/primary--2026_04_07-23_07_35--episode=53--success=True--task=turn_on_the_stove_and_put_the_moka_pot_on_it.mp4
Saved rollout MP4 at path ./rollouts/2026_04_07/wrist--2026_04_07-23_07_35--episode=53--success=True--task=turn_on_the_stove_and_put_the_moka_pot_on_it.mp4
04/08 [01:23:53] INFO     | >> Success: True              run_libero_eval.py:230
                 INFO     | >> # episodes completed so    run_libero_eval.py:230
                          far: 53                                               
                 INFO     | >> # successes: 52 (98.1%)    run_libero_eval.py:230

 65%|██████▌   | 13/20 [34:11<18:36, 159.47s/it][A                 INFO     | >>                            run_libero_eval.py:230
                          Task: turn on the stove and put                       
                          the moka pot on it                                    
                 INFO     | >> Starting episode 14...     run_libero_eval.py:230
huggingface/tokenizers: The current process just got forked, after parallelism has already been used. Disabling parallelism to avoid deadlocks...
To disable this warning, you can either:
	- Avoid using `tokenizers` before the fork if possible
	- Explicitly set the environment variable TOKENIZERS_PARALLELISM=(true | false)
huggingface/tokenizers: The current process just got forked, after parallelism has already been used. Disabling parallelism to avoid deadlocks...
To disable this warning, you can either:
	- Avoid using `tokenizers` before the fork if possible
	- Explicitly set the environment variable TOKENIZERS_PARALLELISM=(true | false)
>> VLA-Cache inference mode
Current CUDA latency: 315.824646 ms | Average CUDA latency: 164.097791 ms, Average TFLOPs: 2.908663
>> VLA-Cache inference mode
Current CUDA latency: 275.301117 ms | Average CUDA latency: 164.160547 ms, Average TFLOPs: 2.908664
>> VLA-Cache inference mode
Current CUDA latency: 141.438629 ms | Average CUDA latency: 164.147731 ms, Average TFLOPs: 2.908669
>> VLA-Cache inference mode
Current CUDA latency: 217.058945 ms | Average CUDA latency: 164.177557 ms, Average TFLOPs: 2.908662
>> VLA-Cache inference mode
Current CUDA latency: 242.240479 ms | Average CUDA latency: 164.221536 ms, Average TFLOPs: 2.908637
>> VLA-Cache inference mode
Current CUDA latency: 132.718048 ms | Average CUDA latency: 164.203798 ms, Average TFLOPs: 2.908617
>> VLA-Cache inference mode
Current CUDA latency: 136.942978 ms | Average CUDA latency: 164.188457 ms, Average TFLOPs: 2.908622
>> VLA-Cache inference mode
Current CUDA latency: 114.059105 ms | Average CUDA latency: 164.160262 ms, Average TFLOPs: 2.908604
>> VLA-Cache inference mode
Current CUDA latency: 197.104996 ms | Average CUDA latency: 164.178781 ms, Average TFLOPs: 2.908536
>> VLA-Cache inference mode
Current CUDA latency: 108.693054 ms | Average CUDA latency: 164.147609 ms, Average TFLOPs: 2.908506
>> VLA-Cache inference mode
Current CUDA latency: 103.979393 ms | Average CUDA latency: 164.113826 ms, Average TFLOPs: 2.908470
>> VLA-Cache inference mode
Current CUDA latency: 109.183426 ms | Average CUDA latency: 164.083001 ms, Average TFLOPs: 2.908443
>> VLA-Cache inference mode
Current CUDA latency: 109.505119 ms | Average CUDA latency: 164.052391 ms, Average TFLOPs: 2.908408
>> VLA-Cache inference mode
Current CUDA latency: 117.814690 ms | Average CUDA latency: 164.026473 ms, Average TFLOPs: 2.908375
>> VLA-Cache inference mode
Current CUDA latency: 130.579773 ms | Average CUDA latency: 164.007735 ms, Average TFLOPs: 2.908356
>> VLA-Cache inference mode
Current CUDA latency: 261.107483 ms | Average CUDA latency: 164.062102 ms, Average TFLOPs: 2.908323
>> VLA-Cache inference mode
Current CUDA latency: 244.201691 ms | Average CUDA latency: 164.106948 ms, Average TFLOPs: 2.908303
>> VLA-Cache inference mode
Current CUDA latency: 156.112961 ms | Average CUDA latency: 164.102477 ms, Average TFLOPs: 2.908301
>> VLA-Cache inference mode
Current CUDA latency: 111.248482 ms | Average CUDA latency: 164.072933 ms, Average TFLOPs: 2.908272
>> VLA-Cache inference mode
Current CUDA latency: 190.347107 ms | Average CUDA latency: 164.087612 ms, Average TFLOPs: 2.908232
>> VLA-Cache inference mode
Current CUDA latency: 136.265625 ms | Average CUDA latency: 164.072077 ms, Average TFLOPs: 2.908199
>> VLA-Cache inference mode
Current CUDA latency: 233.845062 ms | Average CUDA latency: 164.111013 ms, Average TFLOPs: 2.908156
>> VLA-Cache inference mode
Current CUDA latency: 266.833405 ms | Average CUDA latency: 164.168304 ms, Average TFLOPs: 2.908105
>> VLA-Cache inference mode
Current CUDA latency: 190.195679 ms | Average CUDA latency: 164.182812 ms, Average TFLOPs: 2.908049
>> VLA-Cache inference mode
Current CUDA latency: 137.389603 ms | Average CUDA latency: 164.167885 ms, Average TFLOPs: 2.908015
>> VLA-Cache inference mode
Current CUDA latency: 145.695999 ms | Average CUDA latency: 164.157600 ms, Average TFLOPs: 2.907970
>> VLA-Cache inference mode
Current CUDA latency: 146.596512 ms | Average CUDA latency: 164.147828 ms, Average TFLOPs: 2.907939
>> VLA-Cache inference mode
Current CUDA latency: 117.963234 ms | Average CUDA latency: 164.122141 ms, Average TFLOPs: 2.907932
>> VLA-Cache inference mode
Current CUDA latency: 192.462555 ms | Average CUDA latency: 164.137895 ms, Average TFLOPs: 2.907920
>> VLA-Cache inference mode
Current CUDA latency: 204.894272 ms | Average CUDA latency: 164.160537 ms, Average TFLOPs: 2.907911
>> VLA-Cache inference mode
Current CUDA latency: 161.724487 ms | Average CUDA latency: 164.159184 ms, Average TFLOPs: 2.907892
Average time per step: 576.2264 ms, Control Frequency: 13.88 Hz, Token Reusing Ratio (Primary): 37.60 %, , Token Reusing Ratio (Wrist): 35.86 %
Saved rollout MP4 at path ./rollouts/2026_04_07/primary--2026_04_07-23_07_35--episode=54--success=True--task=turn_on_the_stove_and_put_the_moka_pot_on_it.mp4
Saved rollout MP4 at path ./rollouts/2026_04_07/wrist--2026_04_07-23_07_35--episode=54--success=True--task=turn_on_the_stove_and_put_the_moka_pot_on_it.mp4
04/08 [01:26:40] INFO     | >> Success: True              run_libero_eval.py:230
                 INFO     | >> # episodes completed so    run_libero_eval.py:230
                          far: 54                                               
                 INFO     | >> # successes: 53 (98.1%)    run_libero_eval.py:230

 70%|███████   | 14/20 [36:58<16:11, 161.84s/it][A                 INFO     | >>                            run_libero_eval.py:230
                          Task: turn on the stove and put                       
                          the moka pot on it                                    
                 INFO     | >> Starting episode 15...     run_libero_eval.py:230
huggingface/tokenizers: The current process just got forked, after parallelism has already been used. Disabling parallelism to avoid deadlocks...
To disable this warning, you can either:
	- Avoid using `tokenizers` before the fork if possible
	- Explicitly set the environment variable TOKENIZERS_PARALLELISM=(true | false)
huggingface/tokenizers: The current process just got forked, after parallelism has already been used. Disabling parallelism to avoid deadlocks...
To disable this warning, you can either:
	- Avoid using `tokenizers` before the fork if possible
	- Explicitly set the environment variable TOKENIZERS_PARALLELISM=(true | false)
>> VLA-Cache inference mode
Current CUDA latency: 353.351837 ms | Average CUDA latency: 164.264175 ms, Average TFLOPs: 2.908342
>> VLA-Cache inference mode
Current CUDA latency: 286.509918 ms | Average CUDA latency: 164.331976 ms, Average TFLOPs: 2.908365
>> VLA-Cache inference mode
Current CUDA latency: 127.558914 ms | Average CUDA latency: 164.311592 ms, Average TFLOPs: 2.908385
>> VLA-Cache inference mode
Current CUDA latency: 116.772003 ms | Average CUDA latency: 164.285254 ms, Average TFLOPs: 2.908401
>> VLA-Cache inference mode
Current CUDA latency: 120.557823 ms | Average CUDA latency: 164.261042 ms, Average TFLOPs: 2.908400
>> VLA-Cache inference mode
Current CUDA latency: 108.556862 ms | Average CUDA latency: 164.230215 ms, Average TFLOPs: 2.908403
>> VLA-Cache inference mode
Current CUDA latency: 125.520958 ms | Average CUDA latency: 164.208805 ms, Average TFLOPs: 2.908394
>> VLA-Cache inference mode
Current CUDA latency: 115.363358 ms | Average CUDA latency: 164.181804 ms, Average TFLOPs: 2.908378
>> VLA-Cache inference mode
Current CUDA latency: 128.416519 ms | Average CUDA latency: 164.162044 ms, Average TFLOPs: 2.908348
>> VLA-Cache inference mode
Current CUDA latency: 115.900894 ms | Average CUDA latency: 164.135395 ms, Average TFLOPs: 2.908335
>> VLA-Cache inference mode
Current CUDA latency: 113.800766 ms | Average CUDA latency: 164.107616 ms, Average TFLOPs: 2.908328
>> VLA-Cache inference mode
Current CUDA latency: 104.758621 ms | Average CUDA latency: 164.074881 ms, Average TFLOPs: 2.908294
>> VLA-Cache inference mode
Current CUDA latency: 138.628250 ms | Average CUDA latency: 164.060853 ms, Average TFLOPs: 2.908243
>> VLA-Cache inference mode
Current CUDA latency: 114.437187 ms | Average CUDA latency: 164.033512 ms, Average TFLOPs: 2.908235
>> VLA-Cache inference mode
Current CUDA latency: 115.494080 ms | Average CUDA latency: 164.006784 ms, Average TFLOPs: 2.908220
>> VLA-Cache inference mode
Current CUDA latency: 265.876068 ms | Average CUDA latency: 164.062848 ms, Average TFLOPs: 2.908205
>> VLA-Cache inference mode
Current CUDA latency: 276.344757 ms | Average CUDA latency: 164.124609 ms, Average TFLOPs: 2.908191
>> VLA-Cache inference mode
Current CUDA latency: 146.651398 ms | Average CUDA latency: 164.115004 ms, Average TFLOPs: 2.908180
>> VLA-Cache inference mode
Current CUDA latency: 193.867935 ms | Average CUDA latency: 164.131351 ms, Average TFLOPs: 2.908148
>> VLA-Cache inference mode
Current CUDA latency: 123.613472 ms | Average CUDA latency: 164.109101 ms, Average TFLOPs: 2.908093
>> VLA-Cache inference mode
Current CUDA latency: 139.586716 ms | Average CUDA latency: 164.095642 ms, Average TFLOPs: 2.908027
>> VLA-Cache inference mode
Current CUDA latency: 104.890205 ms | Average CUDA latency: 164.063165 ms, Average TFLOPs: 2.907973
>> VLA-Cache inference mode
Current CUDA latency: 106.182175 ms | Average CUDA latency: 164.031432 ms, Average TFLOPs: 2.907930
>> VLA-Cache inference mode
Current CUDA latency: 111.860703 ms | Average CUDA latency: 164.002845 ms, Average TFLOPs: 2.907899
>> VLA-Cache inference mode
Current CUDA latency: 126.792511 ms | Average CUDA latency: 163.982467 ms, Average TFLOPs: 2.907832
>> VLA-Cache inference mode
Current CUDA latency: 226.898041 ms | Average CUDA latency: 164.016904 ms, Average TFLOPs: 2.907795
>> VLA-Cache inference mode
Current CUDA latency: 224.799011 ms | Average CUDA latency: 164.050154 ms, Average TFLOPs: 2.907759
>> VLA-Cache inference mode
Current CUDA latency: 123.819069 ms | Average CUDA latency: 164.028158 ms, Average TFLOPs: 2.907720
>> VLA-Cache inference mode
Current CUDA latency: 116.568352 ms | Average CUDA latency: 164.002224 ms, Average TFLOPs: 2.907714
>> VLA-Cache inference mode
Current CUDA latency: 125.575325 ms | Average CUDA latency: 163.981237 ms, Average TFLOPs: 2.907707
>> VLA-Cache inference mode
Current CUDA latency: 111.925278 ms | Average CUDA latency: 163.952822 ms, Average TFLOPs: 2.907683
Average time per step: 572.2572 ms, Control Frequency: 13.98 Hz, Token Reusing Ratio (Primary): 37.53 %, , Token Reusing Ratio (Wrist): 35.88 %
Saved rollout MP4 at path ./rollouts/2026_04_07/primary--2026_04_07-23_07_35--episode=55--success=True--task=turn_on_the_stove_and_put_the_moka_pot_on_it.mp4
Saved rollout MP4 at path ./rollouts/2026_04_07/wrist--2026_04_07-23_07_35--episode=55--success=True--task=turn_on_the_stove_and_put_the_moka_pot_on_it.mp4
04/08 [01:29:11] INFO     | >> Success: True              run_libero_eval.py:230
                 INFO     | >> # episodes completed so    run_libero_eval.py:230
                          far: 55                                               
                 INFO     | >> # successes: 54 (98.2%)    run_libero_eval.py:230

 75%|███████▌  | 15/20 [39:29<13:12, 158.49s/it][A                 INFO     | >>                            run_libero_eval.py:230
                          Task: turn on the stove and put                       
                          the moka pot on it                                    
                 INFO     | >> Starting episode 16...     run_libero_eval.py:230
huggingface/tokenizers: The current process just got forked, after parallelism has already been used. Disabling parallelism to avoid deadlocks...
To disable this warning, you can either:
	- Avoid using `tokenizers` before the fork if possible
	- Explicitly set the environment variable TOKENIZERS_PARALLELISM=(true | false)
huggingface/tokenizers: The current process just got forked, after parallelism has already been used. Disabling parallelism to avoid deadlocks...
To disable this warning, you can either:
	- Avoid using `tokenizers` before the fork if possible
	- Explicitly set the environment variable TOKENIZERS_PARALLELISM=(true | false)
>> VLA-Cache inference mode
Current CUDA latency: 340.246979 ms | Average CUDA latency: 164.049000 ms, Average TFLOPs: 2.908125
>> VLA-Cache inference mode
Current CUDA latency: 442.386688 ms | Average CUDA latency: 164.200765 ms, Average TFLOPs: 2.908129
>> VLA-Cache inference mode
Current CUDA latency: 198.202682 ms | Average CUDA latency: 164.219295 ms, Average TFLOPs: 2.908124
>> VLA-Cache inference mode
Current CUDA latency: 178.662521 ms | Average CUDA latency: 164.227162 ms, Average TFLOPs: 2.908140
>> VLA-Cache inference mode
Current CUDA latency: 111.519135 ms | Average CUDA latency: 164.198469 ms, Average TFLOPs: 2.908149
>> VLA-Cache inference mode
Current CUDA latency: 117.318047 ms | Average CUDA latency: 164.172963 ms, Average TFLOPs: 2.908149
>> VLA-Cache inference mode
Current CUDA latency: 137.817566 ms | Average CUDA latency: 164.158632 ms, Average TFLOPs: 2.908133
>> VLA-Cache inference mode
Current CUDA latency: 103.874115 ms | Average CUDA latency: 164.125868 ms, Average TFLOPs: 2.908093
>> VLA-Cache inference mode
Current CUDA latency: 116.119133 ms | Average CUDA latency: 164.099792 ms, Average TFLOPs: 2.908048
>> VLA-Cache inference mode
Current CUDA latency: 103.130974 ms | Average CUDA latency: 164.066693 ms, Average TFLOPs: 2.908020
>> VLA-Cache inference mode
Current CUDA latency: 114.545601 ms | Average CUDA latency: 164.039823 ms, Average TFLOPs: 2.908002
>> VLA-Cache inference mode
Current CUDA latency: 112.458046 ms | Average CUDA latency: 164.011850 ms, Average TFLOPs: 2.908007
>> VLA-Cache inference mode
Current CUDA latency: 102.729858 ms | Average CUDA latency: 163.978635 ms, Average TFLOPs: 2.907966
>> VLA-Cache inference mode
Current CUDA latency: 135.645050 ms | Average CUDA latency: 163.963286 ms, Average TFLOPs: 2.907917
>> VLA-Cache inference mode
Current CUDA latency: 212.516571 ms | Average CUDA latency: 163.989574 ms, Average TFLOPs: 2.907901
>> VLA-Cache inference mode
Current CUDA latency: 201.438400 ms | Average CUDA latency: 164.009839 ms, Average TFLOPs: 2.907881
>> VLA-Cache inference mode
Current CUDA latency: 145.375259 ms | Average CUDA latency: 163.999760 ms, Average TFLOPs: 2.907835
>> VLA-Cache inference mode
Current CUDA latency: 114.084030 ms | Average CUDA latency: 163.972779 ms, Average TFLOPs: 2.907806
>> VLA-Cache inference mode
Current CUDA latency: 110.084511 ms | Average CUDA latency: 163.943666 ms, Average TFLOPs: 2.907807
>> VLA-Cache inference mode
Current CUDA latency: 108.422401 ms | Average CUDA latency: 163.913687 ms, Average TFLOPs: 2.907794
>> VLA-Cache inference mode
Current CUDA latency: 116.600189 ms | Average CUDA latency: 163.888153 ms, Average TFLOPs: 2.907759
>> VLA-Cache inference mode
Current CUDA latency: 122.451012 ms | Average CUDA latency: 163.865803 ms, Average TFLOPs: 2.907716
>> VLA-Cache inference mode
Current CUDA latency: 245.765381 ms | Average CUDA latency: 163.909954 ms, Average TFLOPs: 2.907677
>> VLA-Cache inference mode
Current CUDA latency: 216.630585 ms | Average CUDA latency: 163.938359 ms, Average TFLOPs: 2.907639
>> VLA-Cache inference mode
Current CUDA latency: 208.713181 ms | Average CUDA latency: 163.962471 ms, Average TFLOPs: 2.907578
>> VLA-Cache inference mode
Current CUDA latency: 172.833145 ms | Average CUDA latency: 163.967245 ms, Average TFLOPs: 2.907557
>> VLA-Cache inference mode
Current CUDA latency: 150.536057 ms | Average CUDA latency: 163.960020 ms, Average TFLOPs: 2.907536
>> VLA-Cache inference mode
Current CUDA latency: 113.130692 ms | Average CUDA latency: 163.932692 ms, Average TFLOPs: 2.907517
>> VLA-Cache inference mode
Current CUDA latency: 104.987999 ms | Average CUDA latency: 163.901019 ms, Average TFLOPs: 2.907500
>> VLA-Cache inference mode
Current CUDA latency: 132.369186 ms | Average CUDA latency: 163.884084 ms, Average TFLOPs: 2.907467
Average time per step: 569.5013 ms, Control Frequency: 14.05 Hz, Token Reusing Ratio (Primary): 37.51 %, , Token Reusing Ratio (Wrist): 35.86 %
Saved rollout MP4 at path ./rollouts/2026_04_07/primary--2026_04_07-23_07_35--episode=56--success=True--task=turn_on_the_stove_and_put_the_moka_pot_on_it.mp4
Saved rollout MP4 at path ./rollouts/2026_04_07/wrist--2026_04_07-23_07_35--episode=56--success=True--task=turn_on_the_stove_and_put_the_moka_pot_on_it.mp4
04/08 [01:31:40] INFO     | >> Success: True              run_libero_eval.py:230
                 INFO     | >> # episodes completed so    run_libero_eval.py:230
                          far: 56                                               
                 INFO     | >> # successes: 55 (98.2%)    run_libero_eval.py:230

 80%|████████  | 16/20 [41:58<10:22, 155.71s/it][A                 INFO     | >>                            run_libero_eval.py:230
                          Task: turn on the stove and put                       
                          the moka pot on it                                    
                 INFO     | >> Starting episode 17...     run_libero_eval.py:230
huggingface/tokenizers: The current process just got forked, after parallelism has already been used. Disabling parallelism to avoid deadlocks...
To disable this warning, you can either:
	- Avoid using `tokenizers` before the fork if possible
	- Explicitly set the environment variable TOKENIZERS_PARALLELISM=(true | false)
huggingface/tokenizers: The current process just got forked, after parallelism has already been used. Disabling parallelism to avoid deadlocks...
To disable this warning, you can either:
	- Avoid using `tokenizers` before the fork if possible
	- Explicitly set the environment variable TOKENIZERS_PARALLELISM=(true | false)
>> VLA-Cache inference mode
Current CUDA latency: 380.934540 ms | Average CUDA latency: 164.000590 ms, Average TFLOPs: 2.907903
>> VLA-Cache inference mode
Current CUDA latency: 336.976288 ms | Average CUDA latency: 164.093388 ms, Average TFLOPs: 2.907905
>> VLA-Cache inference mode
Current CUDA latency: 118.740387 ms | Average CUDA latency: 164.069070 ms, Average TFLOPs: 2.907898
>> VLA-Cache inference mode
Current CUDA latency: 117.040291 ms | Average CUDA latency: 164.043867 ms, Average TFLOPs: 2.907905
>> VLA-Cache inference mode
Current CUDA latency: 108.733826 ms | Average CUDA latency: 164.014242 ms, Average TFLOPs: 2.907906
>> VLA-Cache inference mode
Current CUDA latency: 115.966141 ms | Average CUDA latency: 163.988521 ms, Average TFLOPs: 2.907901
>> VLA-Cache inference mode
Current CUDA latency: 127.717949 ms | Average CUDA latency: 163.969114 ms, Average TFLOPs: 2.907889
>> VLA-Cache inference mode
Current CUDA latency: 115.883453 ms | Average CUDA latency: 163.943400 ms, Average TFLOPs: 2.907869
>> VLA-Cache inference mode
Current CUDA latency: 151.252899 ms | Average CUDA latency: 163.936617 ms, Average TFLOPs: 2.907825
>> VLA-Cache inference mode
Current CUDA latency: 104.401985 ms | Average CUDA latency: 163.904815 ms, Average TFLOPs: 2.907803
>> VLA-Cache inference mode
Current CUDA latency: 102.637474 ms | Average CUDA latency: 163.872104 ms, Average TFLOPs: 2.907759
>> VLA-Cache inference mode
Current CUDA latency: 104.120354 ms | Average CUDA latency: 163.840219 ms, Average TFLOPs: 2.907716
>> VLA-Cache inference mode
Current CUDA latency: 111.840996 ms | Average CUDA latency: 163.812486 ms, Average TFLOPs: 2.907658
>> VLA-Cache inference mode
Current CUDA latency: 134.341125 ms | Average CUDA latency: 163.796777 ms, Average TFLOPs: 2.907598
>> VLA-Cache inference mode
Current CUDA latency: 102.694496 ms | Average CUDA latency: 163.764223 ms, Average TFLOPs: 2.907558
>> VLA-Cache inference mode
Current CUDA latency: 142.903397 ms | Average CUDA latency: 163.753115 ms, Average TFLOPs: 2.907527
>> VLA-Cache inference mode
Current CUDA latency: 162.054108 ms | Average CUDA latency: 163.752211 ms, Average TFLOPs: 2.907504
>> VLA-Cache inference mode
Current CUDA latency: 139.666306 ms | Average CUDA latency: 163.739400 ms, Average TFLOPs: 2.907467
>> VLA-Cache inference mode
Current CUDA latency: 122.819267 ms | Average CUDA latency: 163.717645 ms, Average TFLOPs: 2.907457
>> VLA-Cache inference mode
Current CUDA latency: 164.584381 ms | Average CUDA latency: 163.718106 ms, Average TFLOPs: 2.907457
>> VLA-Cache inference mode
Current CUDA latency: 122.465279 ms | Average CUDA latency: 163.696198 ms, Average TFLOPs: 2.907424
>> VLA-Cache inference mode
Current CUDA latency: 106.296669 ms | Average CUDA latency: 163.665731 ms, Average TFLOPs: 2.907386
>> VLA-Cache inference mode
Current CUDA latency: 148.762848 ms | Average CUDA latency: 163.657825 ms, Average TFLOPs: 2.907319
>> VLA-Cache inference mode
Current CUDA latency: 111.384926 ms | Average CUDA latency: 163.630108 ms, Average TFLOPs: 2.907281
>> VLA-Cache inference mode
Current CUDA latency: 107.877090 ms | Average CUDA latency: 163.600563 ms, Average TFLOPs: 2.907237
>> VLA-Cache inference mode
Current CUDA latency: 110.235710 ms | Average CUDA latency: 163.572297 ms, Average TFLOPs: 2.907191
>> VLA-Cache inference mode
Current CUDA latency: 252.272034 ms | Average CUDA latency: 163.619253 ms, Average TFLOPs: 2.907153
>> VLA-Cache inference mode
Current CUDA latency: 328.856384 ms | Average CUDA latency: 163.706680 ms, Average TFLOPs: 2.907146
>> VLA-Cache inference mode
Current CUDA latency: 144.930466 ms | Average CUDA latency: 163.696751 ms, Average TFLOPs: 2.907115
>> VLA-Cache inference mode
Current CUDA latency: 112.209854 ms | Average CUDA latency: 163.669538 ms, Average TFLOPs: 2.907100
>> VLA-Cache inference mode
Current CUDA latency: 107.737953 ms | Average CUDA latency: 163.639992 ms, Average TFLOPs: 2.907082
Average time per step: 568.2321 ms, Control Frequency: 14.08 Hz, Token Reusing Ratio (Primary): 37.52 %, , Token Reusing Ratio (Wrist): 35.86 %
Saved rollout MP4 at path ./rollouts/2026_04_07/primary--2026_04_07-23_07_35--episode=57--success=True--task=turn_on_the_stove_and_put_the_moka_pot_on_it.mp4
Saved rollout MP4 at path ./rollouts/2026_04_07/wrist--2026_04_07-23_07_35--episode=57--success=True--task=turn_on_the_stove_and_put_the_moka_pot_on_it.mp4
04/08 [01:34:10] INFO     | >> Success: True              run_libero_eval.py:230
                 INFO     | >> # episodes completed so    run_libero_eval.py:230
                          far: 57                                               
                 INFO     | >> # successes: 56 (98.2%)    run_libero_eval.py:230

 85%|████████▌ | 17/20 [44:28<07:42, 154.09s/it][A                 INFO     | >>                            run_libero_eval.py:230
                          Task: turn on the stove and put                       
                          the moka pot on it                                    
                 INFO     | >> Starting episode 18...     run_libero_eval.py:230
huggingface/tokenizers: The current process just got forked, after parallelism has already been used. Disabling parallelism to avoid deadlocks...
To disable this warning, you can either:
	- Avoid using `tokenizers` before the fork if possible
	- Explicitly set the environment variable TOKENIZERS_PARALLELISM=(true | false)
huggingface/tokenizers: The current process just got forked, after parallelism has already been used. Disabling parallelism to avoid deadlocks...
To disable this warning, you can either:
	- Avoid using `tokenizers` before the fork if possible
	- Explicitly set the environment variable TOKENIZERS_PARALLELISM=(true | false)
>> VLA-Cache inference mode
Current CUDA latency: 355.681885 ms | Average CUDA latency: 163.741386 ms, Average TFLOPs: 2.907511
>> VLA-Cache inference mode
Current CUDA latency: 275.069336 ms | Average CUDA latency: 163.800135 ms, Average TFLOPs: 2.907495
>> VLA-Cache inference mode
Current CUDA latency: 131.401505 ms | Average CUDA latency: 163.783047 ms, Average TFLOPs: 2.907495
>> VLA-Cache inference mode
Current CUDA latency: 200.652542 ms | Average CUDA latency: 163.802483 ms, Average TFLOPs: 2.907488
>> VLA-Cache inference mode
Current CUDA latency: 167.617981 ms | Average CUDA latency: 163.804493 ms, Average TFLOPs: 2.907476
>> VLA-Cache inference mode
Current CUDA latency: 188.848831 ms | Average CUDA latency: 163.817681 ms, Average TFLOPs: 2.907444
>> VLA-Cache inference mode
Current CUDA latency: 128.059235 ms | Average CUDA latency: 163.798861 ms, Average TFLOPs: 2.907430
>> VLA-Cache inference mode
Current CUDA latency: 144.408218 ms | Average CUDA latency: 163.788661 ms, Average TFLOPs: 2.907422
>> VLA-Cache inference mode
Current CUDA latency: 137.465500 ms | Average CUDA latency: 163.774821 ms, Average TFLOPs: 2.907361
>> VLA-Cache inference mode
Current CUDA latency: 133.547684 ms | Average CUDA latency: 163.758937 ms, Average TFLOPs: 2.907300
>> VLA-Cache inference mode
Current CUDA latency: 101.867744 ms | Average CUDA latency: 163.726431 ms, Average TFLOPs: 2.907259
>> VLA-Cache inference mode
Current CUDA latency: 112.424034 ms | Average CUDA latency: 163.699501 ms, Average TFLOPs: 2.907204
>> VLA-Cache inference mode
Current CUDA latency: 176.775711 ms | Average CUDA latency: 163.706361 ms, Average TFLOPs: 2.907152
>> VLA-Cache inference mode
Current CUDA latency: 337.344452 ms | Average CUDA latency: 163.797414 ms, Average TFLOPs: 2.907110
>> VLA-Cache inference mode
Current CUDA latency: 200.126343 ms | Average CUDA latency: 163.816454 ms, Average TFLOPs: 2.907040
>> VLA-Cache inference mode
Current CUDA latency: 108.676926 ms | Average CUDA latency: 163.787570 ms, Average TFLOPs: 2.906999
>> VLA-Cache inference mode
Current CUDA latency: 231.523193 ms | Average CUDA latency: 163.823034 ms, Average TFLOPs: 2.906994
>> VLA-Cache inference mode
Current CUDA latency: 119.186401 ms | Average CUDA latency: 163.799676 ms, Average TFLOPs: 2.906955
>> VLA-Cache inference mode
Current CUDA latency: 103.272636 ms | Average CUDA latency: 163.768020 ms, Average TFLOPs: 2.906934
>> VLA-Cache inference mode
Current CUDA latency: 105.673187 ms | Average CUDA latency: 163.737652 ms, Average TFLOPs: 2.906876
>> VLA-Cache inference mode
Current CUDA latency: 103.344131 ms | Average CUDA latency: 163.706098 ms, Average TFLOPs: 2.906838
>> VLA-Cache inference mode
Current CUDA latency: 124.828735 ms | Average CUDA latency: 163.685796 ms, Average TFLOPs: 2.906780
>> VLA-Cache inference mode
Current CUDA latency: 161.519104 ms | Average CUDA latency: 163.684666 ms, Average TFLOPs: 2.906748
>> VLA-Cache inference mode
Current CUDA latency: 176.649475 ms | Average CUDA latency: 163.691429 ms, Average TFLOPs: 2.906717
>> VLA-Cache inference mode
Current CUDA latency: 227.251877 ms | Average CUDA latency: 163.724568 ms, Average TFLOPs: 2.906684
>> VLA-Cache inference mode
Current CUDA latency: 157.774368 ms | Average CUDA latency: 163.721467 ms, Average TFLOPs: 2.906637
>> VLA-Cache inference mode
Current CUDA latency: 105.103004 ms | Average CUDA latency: 163.690937 ms, Average TFLOPs: 2.906580
>> VLA-Cache inference mode
Current CUDA latency: 117.118340 ms | Average CUDA latency: 163.666693 ms, Average TFLOPs: 2.906564
>> VLA-Cache inference mode
Current CUDA latency: 148.155579 ms | Average CUDA latency: 163.658622 ms, Average TFLOPs: 2.906532
>> VLA-Cache inference mode
Current CUDA latency: 130.195877 ms | Average CUDA latency: 163.641221 ms, Average TFLOPs: 2.906515
>> VLA-Cache inference mode
Current CUDA latency: 187.502014 ms | Average CUDA latency: 163.653623 ms, Average TFLOPs: 2.906507
>> VLA-Cache inference mode
Current CUDA latency: 253.740799 ms | Average CUDA latency: 163.700421 ms, Average TFLOPs: 2.906487
Average time per step: 567.8899 ms, Control Frequency: 14.09 Hz, Token Reusing Ratio (Primary): 37.60 %, , Token Reusing Ratio (Wrist): 35.87 %
Saved rollout MP4 at path ./rollouts/2026_04_07/primary--2026_04_07-23_07_35--episode=58--success=True--task=turn_on_the_stove_and_put_the_moka_pot_on_it.mp4
Saved rollout MP4 at path ./rollouts/2026_04_07/wrist--2026_04_07-23_07_35--episode=58--success=True--task=turn_on_the_stove_and_put_the_moka_pot_on_it.mp4
04/08 [01:36:49] INFO     | >> Success: True              run_libero_eval.py:230
                 INFO     | >> # episodes completed so    run_libero_eval.py:230
                          far: 58                                               
                 INFO     | >> # successes: 57 (98.3%)    run_libero_eval.py:230

 90%|█████████ | 18/20 [47:07<05:11, 155.53s/it][A                 INFO     | >>                            run_libero_eval.py:230
                          Task: turn on the stove and put                       
                          the moka pot on it                                    
                 INFO     | >> Starting episode 19...     run_libero_eval.py:230
huggingface/tokenizers: The current process just got forked, after parallelism has already been used. Disabling parallelism to avoid deadlocks...
To disable this warning, you can either:
	- Avoid using `tokenizers` before the fork if possible
	- Explicitly set the environment variable TOKENIZERS_PARALLELISM=(true | false)
huggingface/tokenizers: The current process just got forked, after parallelism has already been used. Disabling parallelism to avoid deadlocks...
To disable this warning, you can either:
	- Avoid using `tokenizers` before the fork if possible
	- Explicitly set the environment variable TOKENIZERS_PARALLELISM=(true | false)
>> VLA-Cache inference mode
Current CUDA latency: 371.149902 ms | Average CUDA latency: 163.808131 ms, Average TFLOPs: 2.906908
>> VLA-Cache inference mode
Current CUDA latency: 286.404724 ms | Average CUDA latency: 163.871752 ms, Average TFLOPs: 2.906940
>> VLA-Cache inference mode
Current CUDA latency: 131.978333 ms | Average CUDA latency: 163.855209 ms, Average TFLOPs: 2.906960
>> VLA-Cache inference mode
Current CUDA latency: 154.232635 ms | Average CUDA latency: 163.850221 ms, Average TFLOPs: 2.906991
>> VLA-Cache inference mode
Current CUDA latency: 109.742973 ms | Average CUDA latency: 163.822186 ms, Average TFLOPs: 2.907026
>> VLA-Cache inference mode
Current CUDA latency: 112.817154 ms | Average CUDA latency: 163.795772 ms, Average TFLOPs: 2.907042
>> VLA-Cache inference mode
Current CUDA latency: 140.524002 ms | Average CUDA latency: 163.783727 ms, Average TFLOPs: 2.907046
>> VLA-Cache inference mode
Current CUDA latency: 109.308479 ms | Average CUDA latency: 163.755545 ms, Average TFLOPs: 2.907067
>> VLA-Cache inference mode
Current CUDA latency: 151.703384 ms | Average CUDA latency: 163.749314 ms, Average TFLOPs: 2.907058
>> VLA-Cache inference mode
Current CUDA latency: 148.167236 ms | Average CUDA latency: 163.741261 ms, Average TFLOPs: 2.907044
>> VLA-Cache inference mode
Current CUDA latency: 179.708542 ms | Average CUDA latency: 163.749508 ms, Average TFLOPs: 2.907040
>> VLA-Cache inference mode
Current CUDA latency: 178.236359 ms | Average CUDA latency: 163.756987 ms, Average TFLOPs: 2.907029
>> VLA-Cache inference mode
Current CUDA latency: 129.366470 ms | Average CUDA latency: 163.739242 ms, Average TFLOPs: 2.907042
>> VLA-Cache inference mode
Current CUDA latency: 143.731110 ms | Average CUDA latency: 163.728923 ms, Average TFLOPs: 2.907054
>> VLA-Cache inference mode
Current CUDA latency: 145.916641 ms | Average CUDA latency: 163.719742 ms, Average TFLOPs: 2.907017
>> VLA-Cache inference mode
Current CUDA latency: 123.172195 ms | Average CUDA latency: 163.698852 ms, Average TFLOPs: 2.907006
>> VLA-Cache inference mode
Current CUDA latency: 211.761276 ms | Average CUDA latency: 163.723600 ms, Average TFLOPs: 2.907025
>> VLA-Cache inference mode
Current CUDA latency: 219.237885 ms | Average CUDA latency: 163.752172 ms, Average TFLOPs: 2.907025
>> VLA-Cache inference mode
Current CUDA latency: 235.119843 ms | Average CUDA latency: 163.788884 ms, Average TFLOPs: 2.907010
>> VLA-Cache inference mode
Current CUDA latency: 160.097977 ms | Average CUDA latency: 163.786986 ms, Average TFLOPs: 2.906991
>> VLA-Cache inference mode
Current CUDA latency: 129.347397 ms | Average CUDA latency: 163.769288 ms, Average TFLOPs: 2.906986
>> VLA-Cache inference mode
Current CUDA latency: 125.023613 ms | Average CUDA latency: 163.749388 ms, Average TFLOPs: 2.906954
>> VLA-Cache inference mode
Current CUDA latency: 103.581825 ms | Average CUDA latency: 163.718501 ms, Average TFLOPs: 2.906923
>> VLA-Cache inference mode
Current CUDA latency: 188.140167 ms | Average CUDA latency: 163.731032 ms, Average TFLOPs: 2.906906
>> VLA-Cache inference mode
Current CUDA latency: 155.919586 ms | Average CUDA latency: 163.727026 ms, Average TFLOPs: 2.906890
>> VLA-Cache inference mode
Current CUDA latency: 171.223328 ms | Average CUDA latency: 163.730868 ms, Average TFLOPs: 2.906863
>> VLA-Cache inference mode
Current CUDA latency: 176.201019 ms | Average CUDA latency: 163.737257 ms, Average TFLOPs: 2.906829
>> VLA-Cache inference mode
Current CUDA latency: 144.217728 ms | Average CUDA latency: 163.727262 ms, Average TFLOPs: 2.906813
>> VLA-Cache inference mode
Current CUDA latency: 110.816162 ms | Average CUDA latency: 163.700184 ms, Average TFLOPs: 2.906806
>> VLA-Cache inference mode
Current CUDA latency: 137.695969 ms | Average CUDA latency: 163.686882 ms, Average TFLOPs: 2.906813
>> VLA-Cache inference mode
Current CUDA latency: 147.408707 ms | Average CUDA latency: 163.678560 ms, Average TFLOPs: 2.906793
>> VLA-Cache inference mode
Current CUDA latency: 319.879181 ms | Average CUDA latency: 163.758376 ms, Average TFLOPs: 2.906761
Average time per step: 567.8261 ms, Control Frequency: 14.09 Hz, Token Reusing Ratio (Primary): 37.46 %, , Token Reusing Ratio (Wrist): 35.83 %
Saved rollout MP4 at path ./rollouts/2026_04_07/primary--2026_04_07-23_07_35--episode=59--success=True--task=turn_on_the_stove_and_put_the_moka_pot_on_it.mp4
Saved rollout MP4 at path ./rollouts/2026_04_07/wrist--2026_04_07-23_07_35--episode=59--success=True--task=turn_on_the_stove_and_put_the_moka_pot_on_it.mp4
04/08 [01:39:52] INFO     | >> Success: True              run_libero_eval.py:230
                 INFO     | >> # episodes completed so    run_libero_eval.py:230
                          far: 59                                               
                 INFO     | >> # successes: 58 (98.3%)    run_libero_eval.py:230

 95%|█████████▌| 19/20 [50:10<02:43, 163.62s/it][A                 INFO     | >>                            run_libero_eval.py:230
                          Task: turn on the stove and put                       
                          the moka pot on it                                    
                 INFO     | >> Starting episode 20...     run_libero_eval.py:230
huggingface/tokenizers: The current process just got forked, after parallelism has already been used. Disabling parallelism to avoid deadlocks...
To disable this warning, you can either:
	- Avoid using `tokenizers` before the fork if possible
	- Explicitly set the environment variable TOKENIZERS_PARALLELISM=(true | false)
huggingface/tokenizers: The current process just got forked, after parallelism has already been used. Disabling parallelism to avoid deadlocks...
To disable this warning, you can either:
	- Avoid using `tokenizers` before the fork if possible
	- Explicitly set the environment variable TOKENIZERS_PARALLELISM=(true | false)
>> VLA-Cache inference mode
Current CUDA latency: 447.805023 ms | Average CUDA latency: 163.903446 ms, Average TFLOPs: 2.907176
>> VLA-Cache inference mode
Current CUDA latency: 291.263031 ms | Average CUDA latency: 163.968459 ms, Average TFLOPs: 2.907190
>> VLA-Cache inference mode
Current CUDA latency: 117.294044 ms | Average CUDA latency: 163.944645 ms, Average TFLOPs: 2.907198
>> VLA-Cache inference mode
Current CUDA latency: 109.830307 ms | Average CUDA latency: 163.917050 ms, Average TFLOPs: 2.907200
>> VLA-Cache inference mode
Current CUDA latency: 108.213982 ms | Average CUDA latency: 163.888659 ms, Average TFLOPs: 2.907206
>> VLA-Cache inference mode
Current CUDA latency: 117.143806 ms | Average CUDA latency: 163.864846 ms, Average TFLOPs: 2.907220
>> VLA-Cache inference mode
Current CUDA latency: 188.240387 ms | Average CUDA latency: 163.877257 ms, Average TFLOPs: 2.907186
>> VLA-Cache inference mode
Current CUDA latency: 156.264954 ms | Average CUDA latency: 163.873383 ms, Average TFLOPs: 2.907144
>> VLA-Cache inference mode
Current CUDA latency: 348.327362 ms | Average CUDA latency: 163.967205 ms, Average TFLOPs: 2.907086
>> VLA-Cache inference mode
Current CUDA latency: 184.805954 ms | Average CUDA latency: 163.977799 ms, Average TFLOPs: 2.907053
>> VLA-Cache inference mode
Current CUDA latency: 125.557854 ms | Average CUDA latency: 163.958277 ms, Average TFLOPs: 2.907017
>> VLA-Cache inference mode
Current CUDA latency: 110.729218 ms | Average CUDA latency: 163.931244 ms, Average TFLOPs: 2.907008
>> VLA-Cache inference mode
Current CUDA latency: 106.344383 ms | Average CUDA latency: 163.902012 ms, Average TFLOPs: 2.906953
>> VLA-Cache inference mode
Current CUDA latency: 134.647202 ms | Average CUDA latency: 163.887169 ms, Average TFLOPs: 2.906899
>> VLA-Cache inference mode
Current CUDA latency: 229.824890 ms | Average CUDA latency: 163.920606 ms, Average TFLOPs: 2.906851
>> VLA-Cache inference mode
Current CUDA latency: 145.571365 ms | Average CUDA latency: 163.911306 ms, Average TFLOPs: 2.906814
>> VLA-Cache inference mode
Current CUDA latency: 140.587738 ms | Average CUDA latency: 163.899490 ms, Average TFLOPs: 2.906821
>> VLA-Cache inference mode
Current CUDA latency: 143.181122 ms | Average CUDA latency: 163.889000 ms, Average TFLOPs: 2.906823
>> VLA-Cache inference mode
Current CUDA latency: 112.419556 ms | Average CUDA latency: 163.862953 ms, Average TFLOPs: 2.906819
>> VLA-Cache inference mode
Current CUDA latency: 164.237595 ms | Average CUDA latency: 163.863142 ms, Average TFLOPs: 2.906802
>> VLA-Cache inference mode
Current CUDA latency: 280.133942 ms | Average CUDA latency: 163.921924 ms, Average TFLOPs: 2.906782
>> VLA-Cache inference mode
Current CUDA latency: 151.384796 ms | Average CUDA latency: 163.915589 ms, Average TFLOPs: 2.906751
>> VLA-Cache inference mode
Current CUDA latency: 111.898018 ms | Average CUDA latency: 163.889318 ms, Average TFLOPs: 2.906729
>> VLA-Cache inference mode
Current CUDA latency: 107.645920 ms | Average CUDA latency: 163.860926 ms, Average TFLOPs: 2.906696
>> VLA-Cache inference mode
Current CUDA latency: 108.862335 ms | Average CUDA latency: 163.833177 ms, Average TFLOPs: 2.906678
>> VLA-Cache inference mode
Current CUDA latency: 103.118530 ms | Average CUDA latency: 163.802560 ms, Average TFLOPs: 2.906646
>> VLA-Cache inference mode
Current CUDA latency: 107.012291 ms | Average CUDA latency: 163.773936 ms, Average TFLOPs: 2.906624
>> VLA-Cache inference mode
Current CUDA latency: 341.011932 ms | Average CUDA latency: 163.863224 ms, Average TFLOPs: 2.906582
>> VLA-Cache inference mode
Current CUDA latency: 244.231354 ms | Average CUDA latency: 163.903692 ms, Average TFLOPs: 2.906534
>> VLA-Cache inference mode
Current CUDA latency: 149.574585 ms | Average CUDA latency: 163.896480 ms, Average TFLOPs: 2.906496
>> VLA-Cache inference mode
Current CUDA latency: 179.177826 ms | Average CUDA latency: 163.904167 ms, Average TFLOPs: 2.906480
Average time per step: 569.8482 ms, Control Frequency: 14.04 Hz, Token Reusing Ratio (Primary): 37.47 %, , Token Reusing Ratio (Wrist): 35.84 %
Saved rollout MP4 at path ./rollouts/2026_04_07/primary--2026_04_07-23_07_35--episode=60--success=True--task=turn_on_the_stove_and_put_the_moka_pot_on_it.mp4
Saved rollout MP4 at path ./rollouts/2026_04_07/wrist--2026_04_07-23_07_35--episode=60--success=True--task=turn_on_the_stove_and_put_the_moka_pot_on_it.mp4
04/08 [01:42:48] INFO     | >> Success: True              run_libero_eval.py:230
                 INFO     | >> # episodes completed so    run_libero_eval.py:230
                          far: 60                                               
                 INFO     | >> # successes: 59 (98.3%)    run_libero_eval.py:230

100%|██████████| 20/20 [53:06<00:00, 167.42s/it][A100%|██████████| 20/20 [53:06<00:00, 159.32s/it]
                 INFO     | >> Current task success rate: run_libero_eval.py:230
                          1.0                                                   
                 INFO     | >> Current total success      run_libero_eval.py:230
                          rate: 0.9833333333333333                              
 30%|███       | 3/10 [2:35:01<6:00:31, 3090.24s/it][Warning]: datasets path /root/sj-tmp/workspace/LIBERO/libero/libero/../datasets does not exist!
                 INFO     | >> Using default initial      run_libero_eval.py:230
                          states                                                
[Warning]: datasets path /root/sj-tmp/workspace/LIBERO/libero/libero/../datasets does not exist!

  0%|          | 0/20 [00:00<?, ?it/s][A04/08 [01:42:51] INFO     | >>                            run_libero_eval.py:230
                          Task: put the black bowl in the                       
                          bottom drawer of the cabinet                          
                          and close it                                          
                 INFO     | >> Starting episode 1...      run_libero_eval.py:230
huggingface/tokenizers: The current process just got forked, after parallelism has already been used. Disabling parallelism to avoid deadlocks...
To disable this warning, you can either:
	- Avoid using `tokenizers` before the fork if possible
	- Explicitly set the environment variable TOKENIZERS_PARALLELISM=(true | false)
huggingface/tokenizers: The current process just got forked, after parallelism has already been used. Disabling parallelism to avoid deadlocks...
To disable this warning, you can either:
	- Avoid using `tokenizers` before the fork if possible
	- Explicitly set the environment variable TOKENIZERS_PARALLELISM=(true | false)
>> VLA-Cache inference mode
Current CUDA latency: 313.841278 ms | Average CUDA latency: 163.979550 ms, Average TFLOPs: 2.906897
>> VLA-Cache inference mode
Current CUDA latency: 241.368515 ms | Average CUDA latency: 164.018439 ms, Average TFLOPs: 2.906940
>> VLA-Cache inference mode
Current CUDA latency: 122.734787 ms | Average CUDA latency: 163.997704 ms, Average TFLOPs: 2.906976
>> VLA-Cache inference mode
Current CUDA latency: 315.335602 ms | Average CUDA latency: 164.073677 ms, Average TFLOPs: 2.907006
>> VLA-Cache inference mode
Current CUDA latency: 175.423706 ms | Average CUDA latency: 164.079372 ms, Average TFLOPs: 2.907054
>> VLA-Cache inference mode
Current CUDA latency: 156.388412 ms | Average CUDA latency: 164.075515 ms, Average TFLOPs: 2.907066
>> VLA-Cache inference mode
Current CUDA latency: 151.316452 ms | Average CUDA latency: 164.069119 ms, Average TFLOPs: 2.907094
>> VLA-Cache inference mode
Current CUDA latency: 132.002106 ms | Average CUDA latency: 164.053053 ms, Average TFLOPs: 2.907125
>> VLA-Cache inference mode
Current CUDA latency: 116.372414 ms | Average CUDA latency: 164.029177 ms, Average TFLOPs: 2.907146
>> VLA-Cache inference mode
Current CUDA latency: 116.895454 ms | Average CUDA latency: 164.005587 ms, Average TFLOPs: 2.907149
>> VLA-Cache inference mode
Current CUDA latency: 148.983200 ms | Average CUDA latency: 163.998072 ms, Average TFLOPs: 2.907143
>> VLA-Cache inference mode
Current CUDA latency: 137.760925 ms | Average CUDA latency: 163.984953 ms, Average TFLOPs: 2.907105
>> VLA-Cache inference mode
Current CUDA latency: 150.104385 ms | Average CUDA latency: 163.978017 ms, Average TFLOPs: 2.907053
>> VLA-Cache inference mode
Current CUDA latency: 102.932060 ms | Average CUDA latency: 163.947524 ms, Average TFLOPs: 2.907021
>> VLA-Cache inference mode
Current CUDA latency: 128.476807 ms | Average CUDA latency: 163.929815 ms, Average TFLOPs: 2.907024
>> VLA-Cache inference mode
Current CUDA latency: 133.779175 ms | Average CUDA latency: 163.914770 ms, Average TFLOPs: 2.906985
>> VLA-Cache inference mode
Current CUDA latency: 101.910210 ms | Average CUDA latency: 163.883845 ms, Average TFLOPs: 2.906938
>> VLA-Cache inference mode
Current CUDA latency: 112.316223 ms | Average CUDA latency: 163.858138 ms, Average TFLOPs: 2.906928
>> VLA-Cache inference mode
Current CUDA latency: 102.509377 ms | Average CUDA latency: 163.827571 ms, Average TFLOPs: 2.906893
>> VLA-Cache inference mode
Current CUDA latency: 103.273346 ms | Average CUDA latency: 163.797414 ms, Average TFLOPs: 2.906874
>> VLA-Cache inference mode
Current CUDA latency: 113.244865 ms | Average CUDA latency: 163.772251 ms, Average TFLOPs: 2.906863
>> VLA-Cache inference mode
Current CUDA latency: 216.725922 ms | Average CUDA latency: 163.798597 ms, Average TFLOPs: 2.906837
>> VLA-Cache inference mode
Current CUDA latency: 221.528519 ms | Average CUDA latency: 163.827304 ms, Average TFLOPs: 2.906837
>> VLA-Cache inference mode
Current CUDA latency: 185.691040 ms | Average CUDA latency: 163.838170 ms, Average TFLOPs: 2.906829
>> VLA-Cache inference mode
Current CUDA latency: 258.837708 ms | Average CUDA latency: 163.885363 ms, Average TFLOPs: 2.906780
>> VLA-Cache inference mode
Current CUDA latency: 110.569374 ms | Average CUDA latency: 163.858891 ms, Average TFLOPs: 2.906735
>> VLA-Cache inference mode
Current CUDA latency: 127.783325 ms | Average CUDA latency: 163.840987 ms, Average TFLOPs: 2.906694
>> VLA-Cache inference mode
Current CUDA latency: 107.939133 ms | Average CUDA latency: 163.813258 ms, Average TFLOPs: 2.906649
>> VLA-Cache inference mode
Current CUDA latency: 109.844673 ms | Average CUDA latency: 163.786501 ms, Average TFLOPs: 2.906615
Average time per step: 553.0148 ms, Control Frequency: 14.47 Hz, Token Reusing Ratio (Primary): 37.53 %, , Token Reusing Ratio (Wrist): 35.45 %
Saved rollout MP4 at path ./rollouts/2026_04_07/primary--2026_04_07-23_07_35--episode=61--success=True--task=put_the_black_bowl_in_the_bottom_drawer_of_the_cab.mp4
Saved rollout MP4 at path ./rollouts/2026_04_07/wrist--2026_04_07-23_07_35--episode=61--success=True--task=put_the_black_bowl_in_the_bottom_drawer_of_the_cab.mp4
04/08 [01:44:58] INFO     | >> Success: True              run_libero_eval.py:230
                 INFO     | >> # episodes completed so    run_libero_eval.py:230
                          far: 61                                               
                 INFO     | >> # successes: 60 (98.4%)    run_libero_eval.py:230

  5%|▌         | 1/20 [02:07<40:26, 127.71s/it][A                 INFO     | >>                            run_libero_eval.py:230
                          Task: put the black bowl in the                       
                          bottom drawer of the cabinet                          
                          and close it                                          
                 INFO     | >> Starting episode 2...      run_libero_eval.py:230
huggingface/tokenizers: The current process just got forked, after parallelism has already been used. Disabling parallelism to avoid deadlocks...
To disable this warning, you can either:
	- Avoid using `tokenizers` before the fork if possible
	- Explicitly set the environment variable TOKENIZERS_PARALLELISM=(true | false)
huggingface/tokenizers: The current process just got forked, after parallelism has already been used. Disabling parallelism to avoid deadlocks...
To disable this warning, you can either:
	- Avoid using `tokenizers` before the fork if possible
	- Explicitly set the environment variable TOKENIZERS_PARALLELISM=(true | false)
>> VLA-Cache inference mode
Current CUDA latency: 333.368561 ms | Average CUDA latency: 163.870536 ms, Average TFLOPs: 2.907027
>> VLA-Cache inference mode
Current CUDA latency: 409.045471 ms | Average CUDA latency: 163.991970 ms, Average TFLOPs: 2.907058
>> VLA-Cache inference mode
Current CUDA latency: 174.242493 ms | Average CUDA latency: 163.997044 ms, Average TFLOPs: 2.907079
>> VLA-Cache inference mode
Current CUDA latency: 155.311493 ms | Average CUDA latency: 163.992747 ms, Average TFLOPs: 2.907118
>> VLA-Cache inference mode
Current CUDA latency: 110.974045 ms | Average CUDA latency: 163.966526 ms, Average TFLOPs: 2.907147
>> VLA-Cache inference mode
Current CUDA latency: 111.961731 ms | Average CUDA latency: 163.940819 ms, Average TFLOPs: 2.907186
>> VLA-Cache inference mode
Current CUDA latency: 109.780670 ms | Average CUDA latency: 163.914060 ms, Average TFLOPs: 2.907210
>> VLA-Cache inference mode
Current CUDA latency: 117.997856 ms | Average CUDA latency: 163.891385 ms, Average TFLOPs: 2.907226
>> VLA-Cache inference mode
Current CUDA latency: 115.830429 ms | Average CUDA latency: 163.867663 ms, Average TFLOPs: 2.907249
>> VLA-Cache inference mode
Current CUDA latency: 116.512131 ms | Average CUDA latency: 163.844301 ms, Average TFLOPs: 2.907257
>> VLA-Cache inference mode
Current CUDA latency: 187.119263 ms | Average CUDA latency: 163.855778 ms, Average TFLOPs: 2.907224
>> VLA-Cache inference mode
Current CUDA latency: 183.318115 ms | Average CUDA latency: 163.865370 ms, Average TFLOPs: 2.907170
>> VLA-Cache inference mode
Current CUDA latency: 102.562653 ms | Average CUDA latency: 163.835171 ms, Average TFLOPs: 2.907134
>> VLA-Cache inference mode
Current CUDA latency: 108.617188 ms | Average CUDA latency: 163.807984 ms, Average TFLOPs: 2.907083
>> VLA-Cache inference mode
Current CUDA latency: 103.237473 ms | Average CUDA latency: 163.778175 ms, Average TFLOPs: 2.907063
>> VLA-Cache inference mode
Current CUDA latency: 114.616348 ms | Average CUDA latency: 163.753993 ms, Average TFLOPs: 2.907032
>> VLA-Cache inference mode
Current CUDA latency: 200.107803 ms | Average CUDA latency: 163.771867 ms, Average TFLOPs: 2.907029
>> VLA-Cache inference mode
Current CUDA latency: 195.859421 ms | Average CUDA latency: 163.787634 ms, Average TFLOPs: 2.907014
>> VLA-Cache inference mode
Current CUDA latency: 119.167938 ms | Average CUDA latency: 163.765719 ms, Average TFLOPs: 2.906990
>> VLA-Cache inference mode
Current CUDA latency: 110.202911 ms | Average CUDA latency: 163.739424 ms, Average TFLOPs: 2.906991
>> VLA-Cache inference mode
Current CUDA latency: 132.987717 ms | Average CUDA latency: 163.724335 ms, Average TFLOPs: 2.906956
>> VLA-Cache inference mode
Current CUDA latency: 109.036324 ms | Average CUDA latency: 163.697514 ms, Average TFLOPs: 2.906946
>> VLA-Cache inference mode
Current CUDA latency: 136.593948 ms | Average CUDA latency: 163.684228 ms, Average TFLOPs: 2.906937
>> VLA-Cache inference mode
Current CUDA latency: 134.997635 ms | Average CUDA latency: 163.670173 ms, Average TFLOPs: 2.906924
>> VLA-Cache inference mode
Current CUDA latency: 131.804123 ms | Average CUDA latency: 163.654567 ms, Average TFLOPs: 2.906896
>> VLA-Cache inference mode
Current CUDA latency: 257.942535 ms | Average CUDA latency: 163.700719 ms, Average TFLOPs: 2.906870
Average time per step: 536.5345 ms, Control Frequency: 14.91 Hz, Token Reusing Ratio (Primary): 37.27 %, , Token Reusing Ratio (Wrist): 35.47 %
Saved rollout MP4 at path ./rollouts/2026_04_07/primary--2026_04_07-23_07_35--episode=62--success=True--task=put_the_black_bowl_in_the_bottom_drawer_of_the_cab.mp4
Saved rollout MP4 at path ./rollouts/2026_04_07/wrist--2026_04_07-23_07_35--episode=62--success=True--task=put_the_black_bowl_in_the_bottom_drawer_of_the_cab.mp4
04/08 [01:46:47] INFO     | >> Success: True              run_libero_eval.py:230
                 INFO     | >> # episodes completed so    run_libero_eval.py:230
                          far: 62                                               
04/08 [01:46:48] INFO     | >> # successes: 61 (98.4%)    run_libero_eval.py:230

 10%|█         | 2/20 [03:56<35:03, 116.85s/it][A                 INFO     | >>                            run_libero_eval.py:230
                          Task: put the black bowl in the                       
                          bottom drawer of the cabinet                          
                          and close it                                          
                 INFO     | >> Starting episode 3...      run_libero_eval.py:230
huggingface/tokenizers: The current process just got forked, after parallelism has already been used. Disabling parallelism to avoid deadlocks...
To disable this warning, you can either:
	- Avoid using `tokenizers` before the fork if possible
	- Explicitly set the environment variable TOKENIZERS_PARALLELISM=(true | false)
huggingface/tokenizers: The current process just got forked, after parallelism has already been used. Disabling parallelism to avoid deadlocks...
To disable this warning, you can either:
	- Avoid using `tokenizers` before the fork if possible
	- Explicitly set the environment variable TOKENIZERS_PARALLELISM=(true | false)
>> VLA-Cache inference mode
Current CUDA latency: 411.546326 ms | Average CUDA latency: 163.821974 ms, Average TFLOPs: 2.907277
>> VLA-Cache inference mode
Current CUDA latency: 262.985657 ms | Average CUDA latency: 163.870465 ms, Average TFLOPs: 2.907307
>> VLA-Cache inference mode
Current CUDA latency: 166.217987 ms | Average CUDA latency: 163.871612 ms, Average TFLOPs: 2.907356
>> VLA-Cache inference mode
Current CUDA latency: 134.971939 ms | Average CUDA latency: 163.857494 ms, Average TFLOPs: 2.907383
>> VLA-Cache inference mode
Current CUDA latency: 111.903389 ms | Average CUDA latency: 163.832126 ms, Average TFLOPs: 2.907420
>> VLA-Cache inference mode
Current CUDA latency: 119.222816 ms | Average CUDA latency: 163.810355 ms, Average TFLOPs: 2.907454
>> VLA-Cache inference mode
Current CUDA latency: 112.742943 ms | Average CUDA latency: 163.785444 ms, Average TFLOPs: 2.907498
>> VLA-Cache inference mode
Current CUDA latency: 118.587395 ms | Average CUDA latency: 163.763407 ms, Average TFLOPs: 2.907535
>> VLA-Cache inference mode
Current CUDA latency: 115.293663 ms | Average CUDA latency: 163.739786 ms, Average TFLOPs: 2.907545
>> VLA-Cache inference mode
Current CUDA latency: 180.947525 ms | Average CUDA latency: 163.748168 ms, Average TFLOPs: 2.907537
>> VLA-Cache inference mode
Current CUDA latency: 116.932739 ms | Average CUDA latency: 163.725376 ms, Average TFLOPs: 2.907525
>> VLA-Cache inference mode
Current CUDA latency: 193.552704 ms | Average CUDA latency: 163.739890 ms, Average TFLOPs: 2.907469
>> VLA-Cache inference mode
Current CUDA latency: 156.659485 ms | Average CUDA latency: 163.736446 ms, Average TFLOPs: 2.907399
>> VLA-Cache inference mode
Current CUDA latency: 186.346436 ms | Average CUDA latency: 163.747438 ms, Average TFLOPs: 2.907368
>> VLA-Cache inference mode
Current CUDA latency: 188.417053 ms | Average CUDA latency: 163.759425 ms, Average TFLOPs: 2.907357
>> VLA-Cache inference mode
Current CUDA latency: 105.429123 ms | Average CUDA latency: 163.731096 ms, Average TFLOPs: 2.907331
>> VLA-Cache inference mode
Current CUDA latency: 114.361282 ms | Average CUDA latency: 163.707130 ms, Average TFLOPs: 2.907284
>> VLA-Cache inference mode
Current CUDA latency: 103.358559 ms | Average CUDA latency: 163.677849 ms, Average TFLOPs: 2.907228
>> VLA-Cache inference mode
Current CUDA latency: 108.228065 ms | Average CUDA latency: 163.650957 ms, Average TFLOPs: 2.907199
>> VLA-Cache inference mode
Current CUDA latency: 146.885086 ms | Average CUDA latency: 163.642830 ms, Average TFLOPs: 2.907180
>> VLA-Cache inference mode
Current CUDA latency: 271.239868 ms | Average CUDA latency: 163.694961 ms, Average TFLOPs: 2.907159
>> VLA-Cache inference mode
Current CUDA latency: 245.204926 ms | Average CUDA latency: 163.734433 ms, Average TFLOPs: 2.907141
>> VLA-Cache inference mode
Current CUDA latency: 124.568481 ms | Average CUDA latency: 163.715476 ms, Average TFLOPs: 2.907105
>> VLA-Cache inference mode
Current CUDA latency: 113.332703 ms | Average CUDA latency: 163.691101 ms, Average TFLOPs: 2.907106
>> VLA-Cache inference mode
Current CUDA latency: 138.957062 ms | Average CUDA latency: 163.679140 ms, Average TFLOPs: 2.907098
>> VLA-Cache inference mode
Current CUDA latency: 131.822342 ms | Average CUDA latency: 163.663743 ms, Average TFLOPs: 2.907047
>> VLA-Cache inference mode
Current CUDA latency: 108.567520 ms | Average CUDA latency: 163.637127 ms, Average TFLOPs: 2.907041
>> VLA-Cache inference mode
Current CUDA latency: 115.116096 ms | Average CUDA latency: 163.613698 ms, Average TFLOPs: 2.907020
>> VLA-Cache inference mode
Current CUDA latency: 265.897888 ms | Average CUDA latency: 163.663063 ms, Average TFLOPs: 2.907013
>> VLA-Cache inference mode
Current CUDA latency: 264.455475 ms | Average CUDA latency: 163.711684 ms, Average TFLOPs: 2.906982
Average time per step: 542.2611 ms, Control Frequency: 14.75 Hz, Token Reusing Ratio (Primary): 37.39 %, , Token Reusing Ratio (Wrist): 35.46 %
Saved rollout MP4 at path ./rollouts/2026_04_07/primary--2026_04_07-23_07_35--episode=63--success=True--task=put_the_black_bowl_in_the_bottom_drawer_of_the_cab.mp4
Saved rollout MP4 at path ./rollouts/2026_04_07/wrist--2026_04_07-23_07_35--episode=63--success=True--task=put_the_black_bowl_in_the_bottom_drawer_of_the_cab.mp4
04/08 [01:48:57] INFO     | >> Success: True              run_libero_eval.py:230
                 INFO     | >> # episodes completed so    run_libero_eval.py:230
                          far: 63                                               
                 INFO     | >> # successes: 62 (98.4%)    run_libero_eval.py:230

 15%|█▌        | 3/20 [06:06<34:46, 122.74s/it][A                 INFO     | >>                            run_libero_eval.py:230
                          Task: put the black bowl in the                       
                          bottom drawer of the cabinet                          
                          and close it                                          
                 INFO     | >> Starting episode 4...      run_libero_eval.py:230
huggingface/tokenizers: The current process just got forked, after parallelism has already been used. Disabling parallelism to avoid deadlocks...
To disable this warning, you can either:
	- Avoid using `tokenizers` before the fork if possible
	- Explicitly set the environment variable TOKENIZERS_PARALLELISM=(true | false)
huggingface/tokenizers: The current process just got forked, after parallelism has already been used. Disabling parallelism to avoid deadlocks...
To disable this warning, you can either:
	- Avoid using `tokenizers` before the fork if possible
	- Explicitly set the environment variable TOKENIZERS_PARALLELISM=(true | false)
>> VLA-Cache inference mode
Current CUDA latency: 345.356781 ms | Average CUDA latency: 163.799266 ms, Average TFLOPs: 2.907382
>> VLA-Cache inference mode
Current CUDA latency: 290.684021 ms | Average CUDA latency: 163.860416 ms, Average TFLOPs: 2.907412
>> VLA-Cache inference mode
Current CUDA latency: 113.688446 ms | Average CUDA latency: 163.836248 ms, Average TFLOPs: 2.907452
>> VLA-Cache inference mode
Current CUDA latency: 124.649246 ms | Average CUDA latency: 163.817381 ms, Average TFLOPs: 2.907478
>> VLA-Cache inference mode
Current CUDA latency: 111.552353 ms | Average CUDA latency: 163.792229 ms, Average TFLOPs: 2.907515
>> VLA-Cache inference mode
Current CUDA latency: 114.767296 ms | Average CUDA latency: 163.768648 ms, Average TFLOPs: 2.907541
>> VLA-Cache inference mode
Current CUDA latency: 118.984833 ms | Average CUDA latency: 163.747118 ms, Average TFLOPs: 2.907560
>> VLA-Cache inference mode
Current CUDA latency: 139.556610 ms | Average CUDA latency: 163.735493 ms, Average TFLOPs: 2.907568
>> VLA-Cache inference mode
Current CUDA latency: 118.969757 ms | Average CUDA latency: 163.713992 ms, Average TFLOPs: 2.907579
>> VLA-Cache inference mode
Current CUDA latency: 173.933945 ms | Average CUDA latency: 163.718898 ms, Average TFLOPs: 2.907579
>> VLA-Cache inference mode
Current CUDA latency: 219.598373 ms | Average CUDA latency: 163.745712 ms, Average TFLOPs: 2.907538
>> VLA-Cache inference mode
Current CUDA latency: 163.965149 ms | Average CUDA latency: 163.745817 ms, Average TFLOPs: 2.907473
>> VLA-Cache inference mode
Current CUDA latency: 164.960281 ms | Average CUDA latency: 163.746399 ms, Average TFLOPs: 2.907437
>> VLA-Cache inference mode
Current CUDA latency: 114.948929 ms | Average CUDA latency: 163.723018 ms, Average TFLOPs: 2.907402
>> VLA-Cache inference mode
Current CUDA latency: 104.427139 ms | Average CUDA latency: 163.694619 ms, Average TFLOPs: 2.907363
>> VLA-Cache inference mode
Current CUDA latency: 103.843842 ms | Average CUDA latency: 163.665969 ms, Average TFLOPs: 2.907327
>> VLA-Cache inference mode
Current CUDA latency: 108.704674 ms | Average CUDA latency: 163.639671 ms, Average TFLOPs: 2.907297
>> VLA-Cache inference mode
Current CUDA latency: 114.534142 ms | Average CUDA latency: 163.616187 ms, Average TFLOPs: 2.907265
>> VLA-Cache inference mode
Current CUDA latency: 120.425278 ms | Average CUDA latency: 163.595541 ms, Average TFLOPs: 2.907252
>> VLA-Cache inference mode
Current CUDA latency: 106.040993 ms | Average CUDA latency: 163.568043 ms, Average TFLOPs: 2.907224
>> VLA-Cache inference mode
Current CUDA latency: 110.830208 ms | Average CUDA latency: 163.542858 ms, Average TFLOPs: 2.907188
>> VLA-Cache inference mode
Current CUDA latency: 184.457825 ms | Average CUDA latency: 163.552841 ms, Average TFLOPs: 2.907174
>> VLA-Cache inference mode
Current CUDA latency: 290.878937 ms | Average CUDA latency: 163.613588 ms, Average TFLOPs: 2.907157
>> VLA-Cache inference mode
Current CUDA latency: 212.077316 ms | Average CUDA latency: 163.636699 ms, Average TFLOPs: 2.907161
>> VLA-Cache inference mode
Current CUDA latency: 113.712639 ms | Average CUDA latency: 163.612903 ms, Average TFLOPs: 2.907135
>> VLA-Cache inference mode
Current CUDA latency: 146.049789 ms | Average CUDA latency: 163.604536 ms, Average TFLOPs: 2.907104
>> VLA-Cache inference mode
Current CUDA latency: 107.063293 ms | Average CUDA latency: 163.577611 ms, Average TFLOPs: 2.907083
Average time per step: 537.1703 ms, Control Frequency: 14.89 Hz, Token Reusing Ratio (Primary): 37.37 %, , Token Reusing Ratio (Wrist): 35.61 %
Saved rollout MP4 at path ./rollouts/2026_04_07/primary--2026_04_07-23_07_35--episode=64--success=True--task=put_the_black_bowl_in_the_bottom_drawer_of_the_cab.mp4
Saved rollout MP4 at path ./rollouts/2026_04_07/wrist--2026_04_07-23_07_35--episode=64--success=True--task=put_the_black_bowl_in_the_bottom_drawer_of_the_cab.mp4
04/08 [01:50:53] INFO     | >> Success: True              run_libero_eval.py:230
                 INFO     | >> # episodes completed so    run_libero_eval.py:230
                          far: 64                                               
                 INFO     | >> # successes: 63 (98.4%)    run_libero_eval.py:230

 20%|██        | 4/20 [08:02<32:00, 120.03s/it][A                 INFO     | >>                            run_libero_eval.py:230
                          Task: put the black bowl in the                       
                          bottom drawer of the cabinet                          
                          and close it                                          
                 INFO     | >> Starting episode 5...      run_libero_eval.py:230
huggingface/tokenizers: The current process just got forked, after parallelism has already been used. Disabling parallelism to avoid deadlocks...
To disable this warning, you can either:
	- Avoid using `tokenizers` before the fork if possible
	- Explicitly set the environment variable TOKENIZERS_PARALLELISM=(true | false)
huggingface/tokenizers: The current process just got forked, after parallelism has already been used. Disabling parallelism to avoid deadlocks...
To disable this warning, you can either:
	- Avoid using `tokenizers` before the fork if possible
	- Explicitly set the environment variable TOKENIZERS_PARALLELISM=(true | false)
>> VLA-Cache inference mode
Current CUDA latency: 335.348053 ms | Average CUDA latency: 163.659368 ms, Average TFLOPs: 2.907478
>> VLA-Cache inference mode
Current CUDA latency: 275.470642 ms | Average CUDA latency: 163.712561 ms, Average TFLOPs: 2.907478
>> VLA-Cache inference mode
Current CUDA latency: 128.328613 ms | Average CUDA latency: 163.695735 ms, Average TFLOPs: 2.907485
>> VLA-Cache inference mode
Current CUDA latency: 173.487640 ms | Average CUDA latency: 163.700389 ms, Average TFLOPs: 2.907519
>> VLA-Cache inference mode
Current CUDA latency: 272.313354 ms | Average CUDA latency: 163.751987 ms, Average TFLOPs: 2.907549
>> VLA-Cache inference mode
Current CUDA latency: 170.178940 ms | Average CUDA latency: 163.755038 ms, Average TFLOPs: 2.907577
>> VLA-Cache inference mode
Current CUDA latency: 121.487106 ms | Average CUDA latency: 163.734978 ms, Average TFLOPs: 2.907608
>> VLA-Cache inference mode
Current CUDA latency: 123.338272 ms | Average CUDA latency: 163.715814 ms, Average TFLOPs: 2.907632
>> VLA-Cache inference mode
Current CUDA latency: 119.314140 ms | Average CUDA latency: 163.694761 ms, Average TFLOPs: 2.907648
>> VLA-Cache inference mode
Current CUDA latency: 109.680862 ms | Average CUDA latency: 163.669162 ms, Average TFLOPs: 2.907660
>> VLA-Cache inference mode
Current CUDA latency: 206.646179 ms | Average CUDA latency: 163.689520 ms, Average TFLOPs: 2.907647
>> VLA-Cache inference mode
Current CUDA latency: 159.088699 ms | Average CUDA latency: 163.687342 ms, Average TFLOPs: 2.907609
>> VLA-Cache inference mode
Current CUDA latency: 134.827805 ms | Average CUDA latency: 163.673684 ms, Average TFLOPs: 2.907539
>> VLA-Cache inference mode
Current CUDA latency: 102.939331 ms | Average CUDA latency: 163.644954 ms, Average TFLOPs: 2.907492
>> VLA-Cache inference mode
Current CUDA latency: 112.448608 ms | Average CUDA latency: 163.620748 ms, Average TFLOPs: 2.907449
>> VLA-Cache inference mode
Current CUDA latency: 147.782974 ms | Average CUDA latency: 163.613263 ms, Average TFLOPs: 2.907400
>> VLA-Cache inference mode
Current CUDA latency: 198.722855 ms | Average CUDA latency: 163.629848 ms, Average TFLOPs: 2.907332
>> VLA-Cache inference mode
Current CUDA latency: 193.291428 ms | Average CUDA latency: 163.643852 ms, Average TFLOPs: 2.907253
>> VLA-Cache inference mode
Current CUDA latency: 162.503769 ms | Average CUDA latency: 163.643314 ms, Average TFLOPs: 2.907226
>> VLA-Cache inference mode
Current CUDA latency: 108.363075 ms | Average CUDA latency: 163.617239 ms, Average TFLOPs: 2.907186
>> VLA-Cache inference mode
Current CUDA latency: 143.832123 ms | Average CUDA latency: 163.607911 ms, Average TFLOPs: 2.907164
>> VLA-Cache inference mode
Current CUDA latency: 152.114304 ms | Average CUDA latency: 163.602494 ms, Average TFLOPs: 2.907155
>> VLA-Cache inference mode
Current CUDA latency: 107.397667 ms | Average CUDA latency: 163.576020 ms, Average TFLOPs: 2.907135
>> VLA-Cache inference mode
Current CUDA latency: 206.081818 ms | Average CUDA latency: 163.596032 ms, Average TFLOPs: 2.907109
>> VLA-Cache inference mode
Current CUDA latency: 354.417847 ms | Average CUDA latency: 163.685831 ms, Average TFLOPs: 2.907108
>> VLA-Cache inference mode
Current CUDA latency: 337.757812 ms | Average CUDA latency: 163.767708 ms, Average TFLOPs: 2.907112
>> VLA-Cache inference mode
Current CUDA latency: 149.421799 ms | Average CUDA latency: 163.760964 ms, Average TFLOPs: 2.907099
>> VLA-Cache inference mode
Current CUDA latency: 158.512482 ms | Average CUDA latency: 163.758497 ms, Average TFLOPs: 2.907074
>> VLA-Cache inference mode
Current CUDA latency: 113.115646 ms | Average CUDA latency: 163.734710 ms, Average TFLOPs: 2.907063
Average time per step: 541.1693 ms, Control Frequency: 14.78 Hz, Token Reusing Ratio (Primary): 37.78 %, , Token Reusing Ratio (Wrist): 35.56 %
Saved rollout MP4 at path ./rollouts/2026_04_07/primary--2026_04_07-23_07_35--episode=65--success=True--task=put_the_black_bowl_in_the_bottom_drawer_of_the_cab.mp4
Saved rollout MP4 at path ./rollouts/2026_04_07/wrist--2026_04_07-23_07_35--episode=65--success=True--task=put_the_black_bowl_in_the_bottom_drawer_of_the_cab.mp4
04/08 [01:53:03] INFO     | >> Success: True              run_libero_eval.py:230
                 INFO     | >> # episodes completed so    run_libero_eval.py:230
                          far: 65                                               
                 INFO     | >> # successes: 64 (98.5%)    run_libero_eval.py:230

 25%|██▌       | 5/20 [10:12<30:54, 123.65s/it][A                 INFO     | >>                            run_libero_eval.py:230
                          Task: put the black bowl in the                       
                          bottom drawer of the cabinet                          
                          and close it                                          
                 INFO     | >> Starting episode 6...      run_libero_eval.py:230
huggingface/tokenizers: The current process just got forked, after parallelism has already been used. Disabling parallelism to avoid deadlocks...
To disable this warning, you can either:
	- Avoid using `tokenizers` before the fork if possible
	- Explicitly set the environment variable TOKENIZERS_PARALLELISM=(true | false)
huggingface/tokenizers: The current process just got forked, after parallelism has already been used. Disabling parallelism to avoid deadlocks...
To disable this warning, you can either:
	- Avoid using `tokenizers` before the fork if possible
	- Explicitly set the environment variable TOKENIZERS_PARALLELISM=(true | false)
>> VLA-Cache inference mode
Current CUDA latency: 337.879211 ms | Average CUDA latency: 163.816468 ms, Average TFLOPs: 2.907453
>> VLA-Cache inference mode
Current CUDA latency: 263.013306 ms | Average CUDA latency: 163.863017 ms, Average TFLOPs: 2.907474
>> VLA-Cache inference mode
Current CUDA latency: 114.327133 ms | Average CUDA latency: 163.839783 ms, Average TFLOPs: 2.907501
>> VLA-Cache inference mode
Current CUDA latency: 121.747330 ms | Average CUDA latency: 163.820049 ms, Average TFLOPs: 2.907538
>> VLA-Cache inference mode
Current CUDA latency: 122.881500 ms | Average CUDA latency: 163.800865 ms, Average TFLOPs: 2.907574
>> VLA-Cache inference mode
Current CUDA latency: 400.211334 ms | Average CUDA latency: 163.911596 ms, Average TFLOPs: 2.907589
>> VLA-Cache inference mode
Current CUDA latency: 173.754105 ms | Average CUDA latency: 163.916204 ms, Average TFLOPs: 2.907607
>> VLA-Cache inference mode
Current CUDA latency: 153.363647 ms | Average CUDA latency: 163.911266 ms, Average TFLOPs: 2.907623
>> VLA-Cache inference mode
Current CUDA latency: 196.858429 ms | Average CUDA latency: 163.926676 ms, Average TFLOPs: 2.907618
>> VLA-Cache inference mode
Current CUDA latency: 162.753250 ms | Average CUDA latency: 163.926128 ms, Average TFLOPs: 2.907582
>> VLA-Cache inference mode
Current CUDA latency: 109.878914 ms | Average CUDA latency: 163.900872 ms, Average TFLOPs: 2.907546
>> VLA-Cache inference mode
Current CUDA latency: 171.677185 ms | Average CUDA latency: 163.904504 ms, Average TFLOPs: 2.907473
>> VLA-Cache inference mode
Current CUDA latency: 109.437630 ms | Average CUDA latency: 163.879076 ms, Average TFLOPs: 2.907403
>> VLA-Cache inference mode
Current CUDA latency: 116.580605 ms | Average CUDA latency: 163.857005 ms, Average TFLOPs: 2.907385
>> VLA-Cache inference mode
Current CUDA latency: 127.628830 ms | Average CUDA latency: 163.840107 ms, Average TFLOPs: 2.907379
>> VLA-Cache inference mode
Current CUDA latency: 113.380898 ms | Average CUDA latency: 163.816583 ms, Average TFLOPs: 2.907375
>> VLA-Cache inference mode
Current CUDA latency: 111.096382 ms | Average CUDA latency: 163.792016 ms, Average TFLOPs: 2.907363
>> VLA-Cache inference mode
Current CUDA latency: 113.198685 ms | Average CUDA latency: 163.768452 ms, Average TFLOPs: 2.907359
>> VLA-Cache inference mode
Current CUDA latency: 109.782684 ms | Average CUDA latency: 163.743319 ms, Average TFLOPs: 2.907333
>> VLA-Cache inference mode
Current CUDA latency: 139.516159 ms | Average CUDA latency: 163.732045 ms, Average TFLOPs: 2.907306
>> VLA-Cache inference mode
Current CUDA latency: 167.614334 ms | Average CUDA latency: 163.733851 ms, Average TFLOPs: 2.907284
>> VLA-Cache inference mode
Current CUDA latency: 176.899490 ms | Average CUDA latency: 163.739971 ms, Average TFLOPs: 2.907286
>> VLA-Cache inference mode
Current CUDA latency: 133.062363 ms | Average CUDA latency: 163.725716 ms, Average TFLOPs: 2.907270
>> VLA-Cache inference mode
Current CUDA latency: 114.372093 ms | Average CUDA latency: 163.702793 ms, Average TFLOPs: 2.907259
>> VLA-Cache inference mode
Current CUDA latency: 110.726913 ms | Average CUDA latency: 163.678199 ms, Average TFLOPs: 2.907241
>> VLA-Cache inference mode
Current CUDA latency: 107.070786 ms | Average CUDA latency: 163.651931 ms, Average TFLOPs: 2.907212
Average time per step: 543.6911 ms, Control Frequency: 14.71 Hz, Token Reusing Ratio (Primary): 37.75 %, , Token Reusing Ratio (Wrist): 35.56 %
Saved rollout MP4 at path ./rollouts/2026_04_07/primary--2026_04_07-23_07_35--episode=66--success=True--task=put_the_black_bowl_in_the_bottom_drawer_of_the_cab.mp4
Saved rollout MP4 at path ./rollouts/2026_04_07/wrist--2026_04_07-23_07_35--episode=66--success=True--task=put_the_black_bowl_in_the_bottom_drawer_of_the_cab.mp4
04/08 [01:54:51] INFO     | >> Success: True              run_libero_eval.py:230
                 INFO     | >> # episodes completed so    run_libero_eval.py:230
                          far: 66                                               
                 INFO     | >> # successes: 65 (98.5%)    run_libero_eval.py:230

 30%|███       | 6/20 [12:00<27:37, 118.37s/it][A                 INFO     | >>                            run_libero_eval.py:230
                          Task: put the black bowl in the                       
                          bottom drawer of the cabinet                          
                          and close it                                          
                 INFO     | >> Starting episode 7...      run_libero_eval.py:230
huggingface/tokenizers: The current process just got forked, after parallelism has already been used. Disabling parallelism to avoid deadlocks...
To disable this warning, you can either:
	- Avoid using `tokenizers` before the fork if possible
	- Explicitly set the environment variable TOKENIZERS_PARALLELISM=(true | false)
huggingface/tokenizers: The current process just got forked, after parallelism has already been used. Disabling parallelism to avoid deadlocks...
To disable this warning, you can either:
	- Avoid using `tokenizers` before the fork if possible
	- Explicitly set the environment variable TOKENIZERS_PARALLELISM=(true | false)
>> VLA-Cache inference mode
Current CUDA latency: 335.084259 ms | Average CUDA latency: 163.731445 ms, Average TFLOPs: 2.907597
>> VLA-Cache inference mode
Current CUDA latency: 320.480713 ms | Average CUDA latency: 163.804115 ms, Average TFLOPs: 2.907626
>> VLA-Cache inference mode
Current CUDA latency: 240.294312 ms | Average CUDA latency: 163.839560 ms, Average TFLOPs: 2.907667
>> VLA-Cache inference mode
Current CUDA latency: 180.598175 ms | Average CUDA latency: 163.847322 ms, Average TFLOPs: 2.907699
>> VLA-Cache inference mode
Current CUDA latency: 148.973145 ms | Average CUDA latency: 163.840436 ms, Average TFLOPs: 2.907729
>> VLA-Cache inference mode
Current CUDA latency: 129.420349 ms | Average CUDA latency: 163.824508 ms, Average TFLOPs: 2.907742
>> VLA-Cache inference mode
Current CUDA latency: 144.969757 ms | Average CUDA latency: 163.815787 ms, Average TFLOPs: 2.907740
>> VLA-Cache inference mode
Current CUDA latency: 113.104515 ms | Average CUDA latency: 163.792342 ms, Average TFLOPs: 2.907753
>> VLA-Cache inference mode
Current CUDA latency: 116.943138 ms | Average CUDA latency: 163.770693 ms, Average TFLOPs: 2.907750
>> VLA-Cache inference mode
Current CUDA latency: 113.189087 ms | Average CUDA latency: 163.747329 ms, Average TFLOPs: 2.907741
>> VLA-Cache inference mode
Current CUDA latency: 120.369698 ms | Average CUDA latency: 163.727303 ms, Average TFLOPs: 2.907728
>> VLA-Cache inference mode
Current CUDA latency: 164.655487 ms | Average CUDA latency: 163.727731 ms, Average TFLOPs: 2.907670
>> VLA-Cache inference mode
Current CUDA latency: 103.764000 ms | Average CUDA latency: 163.700073 ms, Average TFLOPs: 2.907637
>> VLA-Cache inference mode
Current CUDA latency: 103.087105 ms | Average CUDA latency: 163.672127 ms, Average TFLOPs: 2.907603
>> VLA-Cache inference mode
Current CUDA latency: 106.480896 ms | Average CUDA latency: 163.645772 ms, Average TFLOPs: 2.907557
>> VLA-Cache inference mode
Current CUDA latency: 107.486496 ms | Average CUDA latency: 163.619904 ms, Average TFLOPs: 2.907528
>> VLA-Cache inference mode
Current CUDA latency: 121.326492 ms | Average CUDA latency: 163.600432 ms, Average TFLOPs: 2.907508
>> VLA-Cache inference mode
Current CUDA latency: 111.811646 ms | Average CUDA latency: 163.576599 ms, Average TFLOPs: 2.907475
>> VLA-Cache inference mode
Current CUDA latency: 212.344833 ms | Average CUDA latency: 163.599032 ms, Average TFLOPs: 2.907441
>> VLA-Cache inference mode
Current CUDA latency: 159.008636 ms | Average CUDA latency: 163.596921 ms, Average TFLOPs: 2.907415
>> VLA-Cache inference mode
Current CUDA latency: 198.039352 ms | Average CUDA latency: 163.612749 ms, Average TFLOPs: 2.907374
>> VLA-Cache inference mode
Current CUDA latency: 118.783485 ms | Average CUDA latency: 163.592157 ms, Average TFLOPs: 2.907362
>> VLA-Cache inference mode
Current CUDA latency: 123.493858 ms | Average CUDA latency: 163.573747 ms, Average TFLOPs: 2.907350
>> VLA-Cache inference mode
Current CUDA latency: 112.408157 ms | Average CUDA latency: 163.550265 ms, Average TFLOPs: 2.907336
>> VLA-Cache inference mode
Current CUDA latency: 105.389923 ms | Average CUDA latency: 163.523586 ms, Average TFLOPs: 2.907316
>> VLA-Cache inference mode
Current CUDA latency: 149.552902 ms | Average CUDA latency: 163.517181 ms, Average TFLOPs: 2.907284
>> VLA-Cache inference mode
Current CUDA latency: 370.831848 ms | Average CUDA latency: 163.612192 ms, Average TFLOPs: 2.907260
>> VLA-Cache inference mode
Current CUDA latency: 262.798187 ms | Average CUDA latency: 163.657628 ms, Average TFLOPs: 2.907236
Average time per step: 545.1678 ms, Control Frequency: 14.67 Hz, Token Reusing Ratio (Primary): 37.89 %, , Token Reusing Ratio (Wrist): 35.52 %
Saved rollout MP4 at path ./rollouts/2026_04_07/primary--2026_04_07-23_07_35--episode=67--success=True--task=put_the_black_bowl_in_the_bottom_drawer_of_the_cab.mp4
Saved rollout MP4 at path ./rollouts/2026_04_07/wrist--2026_04_07-23_07_35--episode=67--success=True--task=put_the_black_bowl_in_the_bottom_drawer_of_the_cab.mp4
04/08 [01:56:47] INFO     | >> Success: True              run_libero_eval.py:230
                 INFO     | >> # episodes completed so    run_libero_eval.py:230
                          far: 67                                               
                 INFO     | >> # successes: 66 (98.5%)    run_libero_eval.py:230

 35%|███▌      | 7/20 [13:56<25:27, 117.49s/it][A                 INFO     | >>                            run_libero_eval.py:230
                          Task: put the black bowl in the                       
                          bottom drawer of the cabinet                          
                          and close it                                          
                 INFO     | >> Starting episode 8...      run_libero_eval.py:230
huggingface/tokenizers: The current process just got forked, after parallelism has already been used. Disabling parallelism to avoid deadlocks...
To disable this warning, you can either:
	- Avoid using `tokenizers` before the fork if possible
	- Explicitly set the environment variable TOKENIZERS_PARALLELISM=(true | false)
huggingface/tokenizers: The current process just got forked, after parallelism has already been used. Disabling parallelism to avoid deadlocks...
To disable this warning, you can either:
	- Avoid using `tokenizers` before the fork if possible
	- Explicitly set the environment variable TOKENIZERS_PARALLELISM=(true | false)
>> VLA-Cache inference mode
Current CUDA latency: 357.985443 ms | Average CUDA latency: 163.746606 ms, Average TFLOPs: 2.907616
>> VLA-Cache inference mode
Current CUDA latency: 305.549042 ms | Average CUDA latency: 163.811504 ms, Average TFLOPs: 2.907631
>> VLA-Cache inference mode
Current CUDA latency: 142.636063 ms | Average CUDA latency: 163.801817 ms, Average TFLOPs: 2.907639
>> VLA-Cache inference mode
Current CUDA latency: 114.421501 ms | Average CUDA latency: 163.779238 ms, Average TFLOPs: 2.907660
>> VLA-Cache inference mode
Current CUDA latency: 112.174881 ms | Average CUDA latency: 163.755653 ms, Average TFLOPs: 2.907689
>> VLA-Cache inference mode
Current CUDA latency: 111.483101 ms | Average CUDA latency: 163.731773 ms, Average TFLOPs: 2.907700
>> VLA-Cache inference mode
Current CUDA latency: 124.191521 ms | Average CUDA latency: 163.713718 ms, Average TFLOPs: 2.907705
>> VLA-Cache inference mode
Current CUDA latency: 115.250435 ms | Average CUDA latency: 163.691599 ms, Average TFLOPs: 2.907716
>> VLA-Cache inference mode
Current CUDA latency: 205.366074 ms | Average CUDA latency: 163.710611 ms, Average TFLOPs: 2.907683
>> VLA-Cache inference mode
Current CUDA latency: 118.381409 ms | Average CUDA latency: 163.689941 ms, Average TFLOPs: 2.907642
>> VLA-Cache inference mode
Current CUDA latency: 136.401596 ms | Average CUDA latency: 163.677503 ms, Average TFLOPs: 2.907572
>> VLA-Cache inference mode
Current CUDA latency: 101.619904 ms | Average CUDA latency: 163.649231 ms, Average TFLOPs: 2.907523
>> VLA-Cache inference mode
Current CUDA latency: 139.061569 ms | Average CUDA latency: 163.638034 ms, Average TFLOPs: 2.907470
>> VLA-Cache inference mode
Current CUDA latency: 336.789215 ms | Average CUDA latency: 163.716847 ms, Average TFLOPs: 2.907437
>> VLA-Cache inference mode
Current CUDA latency: 172.702332 ms | Average CUDA latency: 163.720935 ms, Average TFLOPs: 2.907428
>> VLA-Cache inference mode
Current CUDA latency: 126.258720 ms | Average CUDA latency: 163.703899 ms, Average TFLOPs: 2.907398
>> VLA-Cache inference mode
Current CUDA latency: 113.966721 ms | Average CUDA latency: 163.681291 ms, Average TFLOPs: 2.907371
>> VLA-Cache inference mode
Current CUDA latency: 104.188995 ms | Average CUDA latency: 163.654262 ms, Average TFLOPs: 2.907336
>> VLA-Cache inference mode
Current CUDA latency: 117.227715 ms | Average CUDA latency: 163.633178 ms, Average TFLOPs: 2.907308
>> VLA-Cache inference mode
Current CUDA latency: 199.208572 ms | Average CUDA latency: 163.649326 ms, Average TFLOPs: 2.907282
>> VLA-Cache inference mode
Current CUDA latency: 169.631943 ms | Average CUDA latency: 163.652041 ms, Average TFLOPs: 2.907262
>> VLA-Cache inference mode
Current CUDA latency: 161.552704 ms | Average CUDA latency: 163.651089 ms, Average TFLOPs: 2.907252
>> VLA-Cache inference mode
Current CUDA latency: 162.032700 ms | Average CUDA latency: 163.650355 ms, Average TFLOPs: 2.907223
>> VLA-Cache inference mode
Current CUDA latency: 142.239075 ms | Average CUDA latency: 163.640654 ms, Average TFLOPs: 2.907186
>> VLA-Cache inference mode
Current CUDA latency: 109.352348 ms | Average CUDA latency: 163.616066 ms, Average TFLOPs: 2.907142
>> VLA-Cache inference mode
Current CUDA latency: 104.100739 ms | Average CUDA latency: 163.589124 ms, Average TFLOPs: 2.907121
>> VLA-Cache inference mode
Current CUDA latency: 186.472763 ms | Average CUDA latency: 163.599479 ms, Average TFLOPs: 2.907097
Average time per step: 545.2614 ms, Control Frequency: 14.67 Hz, Token Reusing Ratio (Primary): 38.01 %, , Token Reusing Ratio (Wrist): 35.58 %
Saved rollout MP4 at path ./rollouts/2026_04_07/primary--2026_04_07-23_07_35--episode=68--success=True--task=put_the_black_bowl_in_the_bottom_drawer_of_the_cab.mp4
Saved rollout MP4 at path ./rollouts/2026_04_07/wrist--2026_04_07-23_07_35--episode=68--success=True--task=put_the_black_bowl_in_the_bottom_drawer_of_the_cab.mp4
04/08 [01:58:43] INFO     | >> Success: True              run_libero_eval.py:230
                 INFO     | >> # episodes completed so    run_libero_eval.py:230
                          far: 68                                               
                 INFO     | >> # successes: 67 (98.5%)    run_libero_eval.py:230

 40%|████      | 8/20 [15:52<23:25, 117.12s/it][A                 INFO     | >>                            run_libero_eval.py:230
                          Task: put the black bowl in the                       
                          bottom drawer of the cabinet                          
                          and close it                                          
                 INFO     | >> Starting episode 9...      run_libero_eval.py:230
huggingface/tokenizers: The current process just got forked, after parallelism has already been used. Disabling parallelism to avoid deadlocks...
To disable this warning, you can either:
	- Avoid using `tokenizers` before the fork if possible
	- Explicitly set the environment variable TOKENIZERS_PARALLELISM=(true | false)
huggingface/tokenizers: The current process just got forked, after parallelism has already been used. Disabling parallelism to avoid deadlocks...
To disable this warning, you can either:
	- Avoid using `tokenizers` before the fork if possible
	- Explicitly set the environment variable TOKENIZERS_PARALLELISM=(true | false)
>> VLA-Cache inference mode
Current CUDA latency: 462.292023 ms | Average CUDA latency: 163.734573 ms, Average TFLOPs: 2.907473
>> VLA-Cache inference mode
Current CUDA latency: 381.758179 ms | Average CUDA latency: 163.833137 ms, Average TFLOPs: 2.907480
>> VLA-Cache inference mode
Current CUDA latency: 111.893250 ms | Average CUDA latency: 163.809666 ms, Average TFLOPs: 2.907492
>> VLA-Cache inference mode
Current CUDA latency: 127.194687 ms | Average CUDA latency: 163.793128 ms, Average TFLOPs: 2.907502
>> VLA-Cache inference mode
Current CUDA latency: 119.218208 ms | Average CUDA latency: 163.773004 ms, Average TFLOPs: 2.907520
>> VLA-Cache inference mode
Current CUDA latency: 116.370338 ms | Average CUDA latency: 163.751613 ms, Average TFLOPs: 2.907543
>> VLA-Cache inference mode
Current CUDA latency: 120.683006 ms | Average CUDA latency: 163.732187 ms, Average TFLOPs: 2.907569
>> VLA-Cache inference mode
Current CUDA latency: 109.389984 ms | Average CUDA latency: 163.707686 ms, Average TFLOPs: 2.907584
>> VLA-Cache inference mode
Current CUDA latency: 126.355804 ms | Average CUDA latency: 163.690853 ms, Average TFLOPs: 2.907604
>> VLA-Cache inference mode
Current CUDA latency: 156.240295 ms | Average CUDA latency: 163.687497 ms, Average TFLOPs: 2.907593
>> VLA-Cache inference mode
Current CUDA latency: 188.295197 ms | Average CUDA latency: 163.698577 ms, Average TFLOPs: 2.907560
>> VLA-Cache inference mode
Current CUDA latency: 122.694145 ms | Average CUDA latency: 163.680123 ms, Average TFLOPs: 2.907528
>> VLA-Cache inference mode
Current CUDA latency: 185.823044 ms | Average CUDA latency: 163.690084 ms, Average TFLOPs: 2.907469
>> VLA-Cache inference mode
Current CUDA latency: 177.811523 ms | Average CUDA latency: 163.696433 ms, Average TFLOPs: 2.907432
>> VLA-Cache inference mode
Current CUDA latency: 191.373383 ms | Average CUDA latency: 163.708873 ms, Average TFLOPs: 2.907403
>> VLA-Cache inference mode
Current CUDA latency: 129.435745 ms | Average CUDA latency: 163.693476 ms, Average TFLOPs: 2.907371
>> VLA-Cache inference mode
Current CUDA latency: 114.948128 ms | Average CUDA latency: 163.671587 ms, Average TFLOPs: 2.907330
>> VLA-Cache inference mode
Current CUDA latency: 108.430145 ms | Average CUDA latency: 163.646793 ms, Average TFLOPs: 2.907291
>> VLA-Cache inference mode
Current CUDA latency: 105.011230 ms | Average CUDA latency: 163.620487 ms, Average TFLOPs: 2.907269
>> VLA-Cache inference mode
Current CUDA latency: 104.653183 ms | Average CUDA latency: 163.594045 ms, Average TFLOPs: 2.907211
>> VLA-Cache inference mode
Current CUDA latency: 108.320992 ms | Average CUDA latency: 163.569270 ms, Average TFLOPs: 2.907162
>> VLA-Cache inference mode
Current CUDA latency: 110.244606 ms | Average CUDA latency: 163.545379 ms, Average TFLOPs: 2.907132
>> VLA-Cache inference mode
Current CUDA latency: 273.282806 ms | Average CUDA latency: 163.594522 ms, Average TFLOPs: 2.907117
>> VLA-Cache inference mode
Current CUDA latency: 203.432098 ms | Average CUDA latency: 163.612355 ms, Average TFLOPs: 2.907136
>> VLA-Cache inference mode
Current CUDA latency: 208.200958 ms | Average CUDA latency: 163.632305 ms, Average TFLOPs: 2.907096
>> VLA-Cache inference mode
Current CUDA latency: 114.769218 ms | Average CUDA latency: 163.610452 ms, Average TFLOPs: 2.907063
>> VLA-Cache inference mode
Current CUDA latency: 125.468895 ms | Average CUDA latency: 163.593402 ms, Average TFLOPs: 2.907025
>> VLA-Cache inference mode
Current CUDA latency: 336.071808 ms | Average CUDA latency: 163.670470 ms, Average TFLOPs: 2.906955
>> VLA-Cache inference mode
Current CUDA latency: 191.581406 ms | Average CUDA latency: 163.682935 ms, Average TFLOPs: 2.906905
Average time per step: 547.0091 ms, Control Frequency: 14.62 Hz, Token Reusing Ratio (Primary): 38.11 %, , Token Reusing Ratio (Wrist): 35.69 %
Saved rollout MP4 at path ./rollouts/2026_04_07/primary--2026_04_07-23_07_35--episode=69--success=True--task=put_the_black_bowl_in_the_bottom_drawer_of_the_cab.mp4
Saved rollout MP4 at path ./rollouts/2026_04_07/wrist--2026_04_07-23_07_35--episode=69--success=True--task=put_the_black_bowl_in_the_bottom_drawer_of_the_cab.mp4
04/08 [02:00:50] INFO     | >> Success: True              run_libero_eval.py:230
04/08 [02:00:51] INFO     | >> # episodes completed so    run_libero_eval.py:230
                          far: 69                                               
                 INFO     | >> # successes: 68 (98.6%)    run_libero_eval.py:230

 45%|████▌     | 9/20 [17:59<22:02, 120.27s/it][A                 INFO     | >>                            run_libero_eval.py:230
                          Task: put the black bowl in the                       
                          bottom drawer of the cabinet                          
                          and close it                                          
                 INFO     | >> Starting episode 10...     run_libero_eval.py:230
huggingface/tokenizers: The current process just got forked, after parallelism has already been used. Disabling parallelism to avoid deadlocks...
To disable this warning, you can either:
	- Avoid using `tokenizers` before the fork if possible
	- Explicitly set the environment variable TOKENIZERS_PARALLELISM=(true | false)
huggingface/tokenizers: The current process just got forked, after parallelism has already been used. Disabling parallelism to avoid deadlocks...
To disable this warning, you can either:
	- Avoid using `tokenizers` before the fork if possible
	- Explicitly set the environment variable TOKENIZERS_PARALLELISM=(true | false)
>> VLA-Cache inference mode
Current CUDA latency: 449.681458 ms | Average CUDA latency: 163.810613 ms, Average TFLOPs: 2.907276
>> VLA-Cache inference mode
Current CUDA latency: 372.777710 ms | Average CUDA latency: 163.903861 ms, Average TFLOPs: 2.907291
>> VLA-Cache inference mode
Current CUDA latency: 150.821121 ms | Average CUDA latency: 163.898025 ms, Average TFLOPs: 2.907314
>> VLA-Cache inference mode
Current CUDA latency: 120.740097 ms | Average CUDA latency: 163.878784 ms, Average TFLOPs: 2.907341
>> VLA-Cache inference mode
Current CUDA latency: 117.719490 ms | Average CUDA latency: 163.858214 ms, Average TFLOPs: 2.907386
>> VLA-Cache inference mode
Current CUDA latency: 110.634819 ms | Average CUDA latency: 163.834507 ms, Average TFLOPs: 2.907412
>> VLA-Cache inference mode
Current CUDA latency: 110.386238 ms | Average CUDA latency: 163.810709 ms, Average TFLOPs: 2.907427
>> VLA-Cache inference mode
Current CUDA latency: 113.039902 ms | Average CUDA latency: 163.788115 ms, Average TFLOPs: 2.907447
>> VLA-Cache inference mode
Current CUDA latency: 110.042015 ms | Average CUDA latency: 163.764206 ms, Average TFLOPs: 2.907451
>> VLA-Cache inference mode
Current CUDA latency: 142.621765 ms | Average CUDA latency: 163.754805 ms, Average TFLOPs: 2.907428
>> VLA-Cache inference mode
Current CUDA latency: 117.456001 ms | Average CUDA latency: 163.734228 ms, Average TFLOPs: 2.907399
>> VLA-Cache inference mode
Current CUDA latency: 139.588257 ms | Average CUDA latency: 163.723501 ms, Average TFLOPs: 2.907355
>> VLA-Cache inference mode
Current CUDA latency: 105.874817 ms | Average CUDA latency: 163.697814 ms, Average TFLOPs: 2.907327
>> VLA-Cache inference mode
Current CUDA latency: 108.932610 ms | Average CUDA latency: 163.673506 ms, Average TFLOPs: 2.907311
>> VLA-Cache inference mode
Current CUDA latency: 160.706238 ms | Average CUDA latency: 163.672189 ms, Average TFLOPs: 2.907273
>> VLA-Cache inference mode
Current CUDA latency: 160.651779 ms | Average CUDA latency: 163.670850 ms, Average TFLOPs: 2.907229
>> VLA-Cache inference mode
Current CUDA latency: 181.847046 ms | Average CUDA latency: 163.678907 ms, Average TFLOPs: 2.907180
>> VLA-Cache inference mode
Current CUDA latency: 140.613480 ms | Average CUDA latency: 163.668687 ms, Average TFLOPs: 2.907149
>> VLA-Cache inference mode
Current CUDA latency: 167.162720 ms | Average CUDA latency: 163.670235 ms, Average TFLOPs: 2.907088
>> VLA-Cache inference mode
Current CUDA latency: 104.274467 ms | Average CUDA latency: 163.643942 ms, Average TFLOPs: 2.907057
>> VLA-Cache inference mode
Current CUDA latency: 176.332230 ms | Average CUDA latency: 163.649556 ms, Average TFLOPs: 2.907052
>> VLA-Cache inference mode
Current CUDA latency: 123.661118 ms | Average CUDA latency: 163.631870 ms, Average TFLOPs: 2.907041
>> VLA-Cache inference mode
Current CUDA latency: 187.924423 ms | Average CUDA latency: 163.642609 ms, Average TFLOPs: 2.907014
>> VLA-Cache inference mode
Current CUDA latency: 374.944702 ms | Average CUDA latency: 163.735982 ms, Average TFLOPs: 2.906965
>> VLA-Cache inference mode
Current CUDA latency: 211.211456 ms | Average CUDA latency: 163.756952 ms, Average TFLOPs: 2.906925
>> VLA-Cache inference mode
Current CUDA latency: 126.332253 ms | Average CUDA latency: 163.740429 ms, Average TFLOPs: 2.906876
>> VLA-Cache inference mode
Current CUDA latency: 104.345886 ms | Average CUDA latency: 163.714217 ms, Average TFLOPs: 2.906847
Average time per step: 545.4312 ms, Control Frequency: 14.67 Hz, Token Reusing Ratio (Primary): 38.07 %, , Token Reusing Ratio (Wrist): 35.77 %
Saved rollout MP4 at path ./rollouts/2026_04_07/primary--2026_04_07-23_07_35--episode=70--success=True--task=put_the_black_bowl_in_the_bottom_drawer_of_the_cab.mp4
Saved rollout MP4 at path ./rollouts/2026_04_07/wrist--2026_04_07-23_07_35--episode=70--success=True--task=put_the_black_bowl_in_the_bottom_drawer_of_the_cab.mp4
04/08 [02:02:58] INFO     | >> Success: True              run_libero_eval.py:230
                 INFO     | >> # episodes completed so    run_libero_eval.py:230
                          far: 70                                               
                 INFO     | >> # successes: 69 (98.6%)    run_libero_eval.py:230

 50%|█████     | 10/20 [20:07<20:25, 122.56s/it][A                 INFO     | >>                            run_libero_eval.py:230
                          Task: put the black bowl in the                       
                          bottom drawer of the cabinet                          
                          and close it                                          
                 INFO     | >> Starting episode 11...     run_libero_eval.py:230
huggingface/tokenizers: The current process just got forked, after parallelism has already been used. Disabling parallelism to avoid deadlocks...
To disable this warning, you can either:
	- Avoid using `tokenizers` before the fork if possible
	- Explicitly set the environment variable TOKENIZERS_PARALLELISM=(true | false)
huggingface/tokenizers: The current process just got forked, after parallelism has already been used. Disabling parallelism to avoid deadlocks...
To disable this warning, you can either:
	- Avoid using `tokenizers` before the fork if possible
	- Explicitly set the environment variable TOKENIZERS_PARALLELISM=(true | false)
>> VLA-Cache inference mode
Current CUDA latency: 367.716888 ms | Average CUDA latency: 163.804205 ms, Average TFLOPs: 2.907213
>> VLA-Cache inference mode
Current CUDA latency: 267.318817 ms | Average CUDA latency: 163.849847 ms, Average TFLOPs: 2.907213
>> VLA-Cache inference mode
Current CUDA latency: 136.441254 ms | Average CUDA latency: 163.837767 ms, Average TFLOPs: 2.907215
>> VLA-Cache inference mode
Current CUDA latency: 166.290878 ms | Average CUDA latency: 163.838848 ms, Average TFLOPs: 2.907238
>> VLA-Cache inference mode
Current CUDA latency: 138.307449 ms | Average CUDA latency: 163.827605 ms, Average TFLOPs: 2.907273
>> VLA-Cache inference mode
Current CUDA latency: 139.457886 ms | Average CUDA latency: 163.816879 ms, Average TFLOPs: 2.907309
>> VLA-Cache inference mode
Current CUDA latency: 111.567551 ms | Average CUDA latency: 163.793892 ms, Average TFLOPs: 2.907330
>> VLA-Cache inference mode
Current CUDA latency: 116.207489 ms | Average CUDA latency: 163.772966 ms, Average TFLOPs: 2.907341
>> VLA-Cache inference mode
Current CUDA latency: 111.855682 ms | Average CUDA latency: 163.750145 ms, Average TFLOPs: 2.907374
>> VLA-Cache inference mode
Current CUDA latency: 122.506332 ms | Average CUDA latency: 163.732024 ms, Average TFLOPs: 2.907376
>> VLA-Cache inference mode
Current CUDA latency: 116.969597 ms | Average CUDA latency: 163.711487 ms, Average TFLOPs: 2.907374
>> VLA-Cache inference mode
Current CUDA latency: 236.326370 ms | Average CUDA latency: 163.743364 ms, Average TFLOPs: 2.907342
>> VLA-Cache inference mode
Current CUDA latency: 265.942291 ms | Average CUDA latency: 163.788208 ms, Average TFLOPs: 2.907280
>> VLA-Cache inference mode
Current CUDA latency: 174.972122 ms | Average CUDA latency: 163.793113 ms, Average TFLOPs: 2.907238
>> VLA-Cache inference mode
Current CUDA latency: 212.246780 ms | Average CUDA latency: 163.814355 ms, Average TFLOPs: 2.907216
>> VLA-Cache inference mode
Current CUDA latency: 103.434525 ms | Average CUDA latency: 163.787896 ms, Average TFLOPs: 2.907176
>> VLA-Cache inference mode
Current CUDA latency: 109.716095 ms | Average CUDA latency: 163.764211 ms, Average TFLOPs: 2.907146
>> VLA-Cache inference mode
Current CUDA latency: 118.434563 ms | Average CUDA latency: 163.744365 ms, Average TFLOPs: 2.907107
>> VLA-Cache inference mode
Current CUDA latency: 335.554596 ms | Average CUDA latency: 163.819555 ms, Average TFLOPs: 2.907095
>> VLA-Cache inference mode
Current CUDA latency: 268.331757 ms | Average CUDA latency: 163.865274 ms, Average TFLOPs: 2.907085
>> VLA-Cache inference mode
Current CUDA latency: 115.144157 ms | Average CUDA latency: 163.843970 ms, Average TFLOPs: 2.907077
>> VLA-Cache inference mode
Current CUDA latency: 112.020607 ms | Average CUDA latency: 163.821320 ms, Average TFLOPs: 2.907081
>> VLA-Cache inference mode
Current CUDA latency: 105.725891 ms | Average CUDA latency: 163.795940 ms, Average TFLOPs: 2.907063
>> VLA-Cache inference mode
Current CUDA latency: 137.954178 ms | Average CUDA latency: 163.784655 ms, Average TFLOPs: 2.907054
>> VLA-Cache inference mode
Current CUDA latency: 160.687546 ms | Average CUDA latency: 163.783303 ms, Average TFLOPs: 2.907059
>> VLA-Cache inference mode
Current CUDA latency: 223.973602 ms | Average CUDA latency: 163.809564 ms, Average TFLOPs: 2.907053
>> VLA-Cache inference mode
Current CUDA latency: 200.441223 ms | Average CUDA latency: 163.825540 ms, Average TFLOPs: 2.907060
>> VLA-Cache inference mode
Current CUDA latency: 106.166206 ms | Average CUDA latency: 163.800405 ms, Average TFLOPs: 2.907047
>> VLA-Cache inference mode
Current CUDA latency: 111.616928 ms | Average CUDA latency: 163.777667 ms, Average TFLOPs: 2.907041
Average time per step: 548.7804 ms, Control Frequency: 14.58 Hz, Token Reusing Ratio (Primary): 38.09 %, , Token Reusing Ratio (Wrist): 35.72 %
Saved rollout MP4 at path ./rollouts/2026_04_07/primary--2026_04_07-23_07_35--episode=71--success=True--task=put_the_black_bowl_in_the_bottom_drawer_of_the_cab.mp4
Saved rollout MP4 at path ./rollouts/2026_04_07/wrist--2026_04_07-23_07_35--episode=71--success=True--task=put_the_black_bowl_in_the_bottom_drawer_of_the_cab.mp4
04/08 [02:05:34] INFO     | >> Success: True              run_libero_eval.py:230
                 INFO     | >> # episodes completed so    run_libero_eval.py:230
                          far: 71                                               
                 INFO     | >> # successes: 70 (98.6%)    run_libero_eval.py:230

 55%|█████▌    | 11/20 [22:43<19:55, 132.82s/it][A                 INFO     | >>                            run_libero_eval.py:230
                          Task: put the black bowl in the                       
                          bottom drawer of the cabinet                          
                          and close it                                          
                 INFO     | >> Starting episode 12...     run_libero_eval.py:230
huggingface/tokenizers: The current process just got forked, after parallelism has already been used. Disabling parallelism to avoid deadlocks...
To disable this warning, you can either:
	- Avoid using `tokenizers` before the fork if possible
	- Explicitly set the environment variable TOKENIZERS_PARALLELISM=(true | false)
huggingface/tokenizers: The current process just got forked, after parallelism has already been used. Disabling parallelism to avoid deadlocks...
To disable this warning, you can either:
	- Avoid using `tokenizers` before the fork if possible
	- Explicitly set the environment variable TOKENIZERS_PARALLELISM=(true | false)
>> VLA-Cache inference mode
Current CUDA latency: 357.626434 ms | Average CUDA latency: 163.862096 ms, Average TFLOPs: 2.907402
>> VLA-Cache inference mode
Current CUDA latency: 283.232269 ms | Average CUDA latency: 163.914064 ms, Average TFLOPs: 2.907414
>> VLA-Cache inference mode
Current CUDA latency: 163.721146 ms | Average CUDA latency: 163.913980 ms, Average TFLOPs: 2.907432
>> VLA-Cache inference mode
Current CUDA latency: 149.163239 ms | Average CUDA latency: 163.907564 ms, Average TFLOPs: 2.907462
>> VLA-Cache inference mode
Current CUDA latency: 166.755905 ms | Average CUDA latency: 163.908802 ms, Average TFLOPs: 2.907488
>> VLA-Cache inference mode
Current CUDA latency: 121.243172 ms | Average CUDA latency: 163.890260 ms, Average TFLOPs: 2.907521
>> VLA-Cache inference mode
Current CUDA latency: 113.627548 ms | Average CUDA latency: 163.868426 ms, Average TFLOPs: 2.907550
>> VLA-Cache inference mode
Current CUDA latency: 110.702591 ms | Average CUDA latency: 163.845340 ms, Average TFLOPs: 2.907563
>> VLA-Cache inference mode
Current CUDA latency: 126.845245 ms | Average CUDA latency: 163.829281 ms, Average TFLOPs: 2.907565
>> VLA-Cache inference mode
Current CUDA latency: 115.784065 ms | Average CUDA latency: 163.808437 ms, Average TFLOPs: 2.907582
>> VLA-Cache inference mode
Current CUDA latency: 177.957504 ms | Average CUDA latency: 163.814573 ms, Average TFLOPs: 2.907545
>> VLA-Cache inference mode
Current CUDA latency: 158.500443 ms | Average CUDA latency: 163.812269 ms, Average TFLOPs: 2.907495
>> VLA-Cache inference mode
Current CUDA latency: 105.491455 ms | Average CUDA latency: 163.787000 ms, Average TFLOPs: 2.907448
>> VLA-Cache inference mode
Current CUDA latency: 103.680191 ms | Average CUDA latency: 163.760969 ms, Average TFLOPs: 2.907411
>> VLA-Cache inference mode
Current CUDA latency: 111.245667 ms | Average CUDA latency: 163.738235 ms, Average TFLOPs: 2.907382
>> VLA-Cache inference mode
Current CUDA latency: 114.750275 ms | Average CUDA latency: 163.717037 ms, Average TFLOPs: 2.907357
>> VLA-Cache inference mode
Current CUDA latency: 283.516846 ms | Average CUDA latency: 163.768854 ms, Average TFLOPs: 2.907329
>> VLA-Cache inference mode
Current CUDA latency: 201.675751 ms | Average CUDA latency: 163.785242 ms, Average TFLOPs: 2.907311
>> VLA-Cache inference mode
Current CUDA latency: 147.523361 ms | Average CUDA latency: 163.778215 ms, Average TFLOPs: 2.907318
>> VLA-Cache inference mode
Current CUDA latency: 113.058243 ms | Average CUDA latency: 163.756306 ms, Average TFLOPs: 2.907309
>> VLA-Cache inference mode
Current CUDA latency: 121.177696 ms | Average CUDA latency: 163.737921 ms, Average TFLOPs: 2.907299
>> VLA-Cache inference mode
Current CUDA latency: 219.355194 ms | Average CUDA latency: 163.761925 ms, Average TFLOPs: 2.907315
>> VLA-Cache inference mode
Current CUDA latency: 211.895966 ms | Average CUDA latency: 163.782690 ms, Average TFLOPs: 2.907304
>> VLA-Cache inference mode
Current CUDA latency: 186.604889 ms | Average CUDA latency: 163.792532 ms, Average TFLOPs: 2.907286
>> VLA-Cache inference mode
Current CUDA latency: 111.196739 ms | Average CUDA latency: 163.769861 ms, Average TFLOPs: 2.907271
>> VLA-Cache inference mode
Current CUDA latency: 145.870941 ms | Average CUDA latency: 163.762149 ms, Average TFLOPs: 2.907243
>> VLA-Cache inference mode
Current CUDA latency: 107.907295 ms | Average CUDA latency: 163.738095 ms, Average TFLOPs: 2.907212
Average time per step: 549.2870 ms, Control Frequency: 14.56 Hz, Token Reusing Ratio (Primary): 38.01 %, , Token Reusing Ratio (Wrist): 35.73 %
Saved rollout MP4 at path ./rollouts/2026_04_07/primary--2026_04_07-23_07_35--episode=72--success=True--task=put_the_black_bowl_in_the_bottom_drawer_of_the_cab.mp4
Saved rollout MP4 at path ./rollouts/2026_04_07/wrist--2026_04_07-23_07_35--episode=72--success=True--task=put_the_black_bowl_in_the_bottom_drawer_of_the_cab.mp4
04/08 [02:08:02] INFO     | >> Success: True              run_libero_eval.py:230
                 INFO     | >> # episodes completed so    run_libero_eval.py:230
                          far: 72                                               
                 INFO     | >> # successes: 71 (98.6%)    run_libero_eval.py:230

 60%|██████    | 12/20 [25:11<18:19, 137.44s/it][A                 INFO     | >>                            run_libero_eval.py:230
                          Task: put the black bowl in the                       
                          bottom drawer of the cabinet                          
                          and close it                                          
                 INFO     | >> Starting episode 13...     run_libero_eval.py:230
huggingface/tokenizers: The current process just got forked, after parallelism has already been used. Disabling parallelism to avoid deadlocks...
To disable this warning, you can either:
	- Avoid using `tokenizers` before the fork if possible
	- Explicitly set the environment variable TOKENIZERS_PARALLELISM=(true | false)
huggingface/tokenizers: The current process just got forked, after parallelism has already been used. Disabling parallelism to avoid deadlocks...
To disable this warning, you can either:
	- Avoid using `tokenizers` before the fork if possible
	- Explicitly set the environment variable TOKENIZERS_PARALLELISM=(true | false)
>> VLA-Cache inference mode
Current CUDA latency: 345.180573 ms | Average CUDA latency: 163.816202 ms, Average TFLOPs: 2.907570
>> VLA-Cache inference mode
Current CUDA latency: 254.492004 ms | Average CUDA latency: 163.855219 ms, Average TFLOPs: 2.907592
>> VLA-Cache inference mode
Current CUDA latency: 305.064331 ms | Average CUDA latency: 163.915954 ms, Average TFLOPs: 2.907611
>> VLA-Cache inference mode
Current CUDA latency: 484.527435 ms | Average CUDA latency: 164.053792 ms, Average TFLOPs: 2.907638
>> VLA-Cache inference mode
Current CUDA latency: 174.634781 ms | Average CUDA latency: 164.058339 ms, Average TFLOPs: 2.907682
>> VLA-Cache inference mode
Current CUDA latency: 109.689438 ms | Average CUDA latency: 164.034985 ms, Average TFLOPs: 2.907704
>> VLA-Cache inference mode
Current CUDA latency: 118.648926 ms | Average CUDA latency: 164.015497 ms, Average TFLOPs: 2.907759
>> VLA-Cache inference mode
Current CUDA latency: 110.031326 ms | Average CUDA latency: 163.992328 ms, Average TFLOPs: 2.907792
>> VLA-Cache inference mode
Current CUDA latency: 118.332062 ms | Average CUDA latency: 163.972740 ms, Average TFLOPs: 2.907819
>> VLA-Cache inference mode
Current CUDA latency: 120.471420 ms | Average CUDA latency: 163.954086 ms, Average TFLOPs: 2.907835
>> VLA-Cache inference mode
Current CUDA latency: 173.230621 ms | Average CUDA latency: 163.958062 ms, Average TFLOPs: 2.907824
>> VLA-Cache inference mode
Current CUDA latency: 124.153152 ms | Average CUDA latency: 163.941008 ms, Average TFLOPs: 2.907799
>> VLA-Cache inference mode
Current CUDA latency: 165.323776 ms | Average CUDA latency: 163.941600 ms, Average TFLOPs: 2.907753
>> VLA-Cache inference mode
Current CUDA latency: 112.532867 ms | Average CUDA latency: 163.919593 ms, Average TFLOPs: 2.907723
>> VLA-Cache inference mode
Current CUDA latency: 166.736740 ms | Average CUDA latency: 163.920798 ms, Average TFLOPs: 2.907669
>> VLA-Cache inference mode
Current CUDA latency: 167.955139 ms | Average CUDA latency: 163.922524 ms, Average TFLOPs: 2.907638
>> VLA-Cache inference mode
Current CUDA latency: 167.209213 ms | Average CUDA latency: 163.923929 ms, Average TFLOPs: 2.907595
>> VLA-Cache inference mode
Current CUDA latency: 120.283905 ms | Average CUDA latency: 163.905279 ms, Average TFLOPs: 2.907582
>> VLA-Cache inference mode
Current CUDA latency: 141.573822 ms | Average CUDA latency: 163.895740 ms, Average TFLOPs: 2.907572
>> VLA-Cache inference mode
Current CUDA latency: 133.693054 ms | Average CUDA latency: 163.882844 ms, Average TFLOPs: 2.907565
>> VLA-Cache inference mode
Current CUDA latency: 111.885666 ms | Average CUDA latency: 163.860651 ms, Average TFLOPs: 2.907554
>> VLA-Cache inference mode
Current CUDA latency: 104.821693 ms | Average CUDA latency: 163.835464 ms, Average TFLOPs: 2.907530
>> VLA-Cache inference mode
Current CUDA latency: 110.684929 ms | Average CUDA latency: 163.812799 ms, Average TFLOPs: 2.907520
>> VLA-Cache inference mode
Current CUDA latency: 151.074631 ms | Average CUDA latency: 163.807369 ms, Average TFLOPs: 2.907528
>> VLA-Cache inference mode
Current CUDA latency: 173.192642 ms | Average CUDA latency: 163.811368 ms, Average TFLOPs: 2.907522
>> VLA-Cache inference mode
Current CUDA latency: 180.903366 ms | Average CUDA latency: 163.818647 ms, Average TFLOPs: 2.907513
>> VLA-Cache inference mode
Current CUDA latency: 187.108704 ms | Average CUDA latency: 163.828562 ms, Average TFLOPs: 2.907514
>> VLA-Cache inference mode
Current CUDA latency: 131.717438 ms | Average CUDA latency: 163.814898 ms, Average TFLOPs: 2.907510
Average time per step: 551.7100 ms, Control Frequency: 14.50 Hz, Token Reusing Ratio (Primary): 37.93 %, , Token Reusing Ratio (Wrist): 35.71 %
Saved rollout MP4 at path ./rollouts/2026_04_07/primary--2026_04_07-23_07_35--episode=73--success=True--task=put_the_black_bowl_in_the_bottom_drawer_of_the_cab.mp4
Saved rollout MP4 at path ./rollouts/2026_04_07/wrist--2026_04_07-23_07_35--episode=73--success=True--task=put_the_black_bowl_in_the_bottom_drawer_of_the_cab.mp4
04/08 [02:10:15] INFO     | >> Success: True              run_libero_eval.py:230
                 INFO     | >> # episodes completed so    run_libero_eval.py:230
                          far: 73                                               
                 INFO     | >> # successes: 72 (98.6%)    run_libero_eval.py:230

 65%|██████▌   | 13/20 [27:23<15:51, 135.86s/it][A                 INFO     | >>                            run_libero_eval.py:230
                          Task: put the black bowl in the                       
                          bottom drawer of the cabinet                          
                          and close it                                          
                 INFO     | >> Starting episode 14...     run_libero_eval.py:230
huggingface/tokenizers: The current process just got forked, after parallelism has already been used. Disabling parallelism to avoid deadlocks...
To disable this warning, you can either:
	- Avoid using `tokenizers` before the fork if possible
	- Explicitly set the environment variable TOKENIZERS_PARALLELISM=(true | false)
huggingface/tokenizers: The current process just got forked, after parallelism has already been used. Disabling parallelism to avoid deadlocks...
To disable this warning, you can either:
	- Avoid using `tokenizers` before the fork if possible
	- Explicitly set the environment variable TOKENIZERS_PARALLELISM=(true | false)
>> VLA-Cache inference mode
Current CUDA latency: 401.115021 ms | Average CUDA latency: 163.915834 ms, Average TFLOPs: 2.907863
>> VLA-Cache inference mode
Current CUDA latency: 256.848694 ms | Average CUDA latency: 163.955346 ms, Average TFLOPs: 2.907877
>> VLA-Cache inference mode
Current CUDA latency: 141.637283 ms | Average CUDA latency: 163.945861 ms, Average TFLOPs: 2.907898
>> VLA-Cache inference mode
Current CUDA latency: 121.849731 ms | Average CUDA latency: 163.927978 ms, Average TFLOPs: 2.907929
>> VLA-Cache inference mode
Current CUDA latency: 111.458366 ms | Average CUDA latency: 163.905698 ms, Average TFLOPs: 2.907955
>> VLA-Cache inference mode
Current CUDA latency: 118.607521 ms | Average CUDA latency: 163.886471 ms, Average TFLOPs: 2.907968
>> VLA-Cache inference mode
Current CUDA latency: 115.696701 ms | Average CUDA latency: 163.866026 ms, Average TFLOPs: 2.907993
>> VLA-Cache inference mode
Current CUDA latency: 121.231453 ms | Average CUDA latency: 163.847945 ms, Average TFLOPs: 2.907999
>> VLA-Cache inference mode
Current CUDA latency: 121.050529 ms | Average CUDA latency: 163.829803 ms, Average TFLOPs: 2.908022
>> VLA-Cache inference mode
Current CUDA latency: 117.321182 ms | Average CUDA latency: 163.810096 ms, Average TFLOPs: 2.908027
>> VLA-Cache inference mode
Current CUDA latency: 143.754013 ms | Average CUDA latency: 163.801601 ms, Average TFLOPs: 2.908010
>> VLA-Cache inference mode
Current CUDA latency: 108.221603 ms | Average CUDA latency: 163.778070 ms, Average TFLOPs: 2.907995
>> VLA-Cache inference mode
Current CUDA latency: 178.068222 ms | Average CUDA latency: 163.784118 ms, Average TFLOPs: 2.907944
>> VLA-Cache inference mode
Current CUDA latency: 175.368958 ms | Average CUDA latency: 163.789018 ms, Average TFLOPs: 2.907911
>> VLA-Cache inference mode
Current CUDA latency: 152.372864 ms | Average CUDA latency: 163.784191 ms, Average TFLOPs: 2.907879
>> VLA-Cache inference mode
Current CUDA latency: 179.103577 ms | Average CUDA latency: 163.790666 ms, Average TFLOPs: 2.907872
>> VLA-Cache inference mode
Current CUDA latency: 114.383453 ms | Average CUDA latency: 163.769792 ms, Average TFLOPs: 2.907832
>> VLA-Cache inference mode
Current CUDA latency: 106.130013 ms | Average CUDA latency: 163.745451 ms, Average TFLOPs: 2.907802
>> VLA-Cache inference mode
Current CUDA latency: 109.033951 ms | Average CUDA latency: 163.722357 ms, Average TFLOPs: 2.907753
>> VLA-Cache inference mode
Current CUDA latency: 108.832771 ms | Average CUDA latency: 163.699196 ms, Average TFLOPs: 2.907727
>> VLA-Cache inference mode
Current CUDA latency: 112.260574 ms | Average CUDA latency: 163.677502 ms, Average TFLOPs: 2.907718
>> VLA-Cache inference mode
Current CUDA latency: 110.851776 ms | Average CUDA latency: 163.655231 ms, Average TFLOPs: 2.907698
>> VLA-Cache inference mode
Current CUDA latency: 104.471870 ms | Average CUDA latency: 163.630291 ms, Average TFLOPs: 2.907682
>> VLA-Cache inference mode
Current CUDA latency: 106.583458 ms | Average CUDA latency: 163.606261 ms, Average TFLOPs: 2.907648
>> VLA-Cache inference mode
Current CUDA latency: 103.101692 ms | Average CUDA latency: 163.580785 ms, Average TFLOPs: 2.907627
>> VLA-Cache inference mode
Current CUDA latency: 104.366913 ms | Average CUDA latency: 163.555864 ms, Average TFLOPs: 2.907606
>> VLA-Cache inference mode
Current CUDA latency: 104.701279 ms | Average CUDA latency: 163.531104 ms, Average TFLOPs: 2.907577
>> VLA-Cache inference mode
Current CUDA latency: 109.585022 ms | Average CUDA latency: 163.508418 ms, Average TFLOPs: 2.907536
>> VLA-Cache inference mode
Current CUDA latency: 160.622375 ms | Average CUDA latency: 163.507205 ms, Average TFLOPs: 2.907501
>> VLA-Cache inference mode
Current CUDA latency: 264.286957 ms | Average CUDA latency: 163.549549 ms, Average TFLOPs: 2.907478
>> VLA-Cache inference mode
Current CUDA latency: 262.983246 ms | Average CUDA latency: 163.591311 ms, Average TFLOPs: 2.907441
>> VLA-Cache inference mode
Current CUDA latency: 155.022049 ms | Average CUDA latency: 163.587713 ms, Average TFLOPs: 2.907412
>> VLA-Cache inference mode
Current CUDA latency: 121.497055 ms | Average CUDA latency: 163.570050 ms, Average TFLOPs: 2.907381
>> VLA-Cache inference mode
Current CUDA latency: 108.499199 ms | Average CUDA latency: 163.546950 ms, Average TFLOPs: 2.907346
>> VLA-Cache inference mode
Current CUDA latency: 103.722595 ms | Average CUDA latency: 163.521867 ms, Average TFLOPs: 2.907320
>> VLA-Cache inference mode
Current CUDA latency: 138.520569 ms | Average CUDA latency: 163.511388 ms, Average TFLOPs: 2.907311
>> VLA-Cache inference mode
Current CUDA latency: 103.076675 ms | Average CUDA latency: 163.486070 ms, Average TFLOPs: 2.907285
Average time per step: 550.9547 ms, Control Frequency: 14.52 Hz, Token Reusing Ratio (Primary): 37.98 %, , Token Reusing Ratio (Wrist): 35.80 %
Saved rollout MP4 at path ./rollouts/2026_04_07/primary--2026_04_07-23_07_35--episode=74--success=True--task=put_the_black_bowl_in_the_bottom_drawer_of_the_cab.mp4
Saved rollout MP4 at path ./rollouts/2026_04_07/wrist--2026_04_07-23_07_35--episode=74--success=True--task=put_the_black_bowl_in_the_bottom_drawer_of_the_cab.mp4
04/08 [02:12:42] INFO     | >> Success: True              run_libero_eval.py:230
                 INFO     | >> # episodes completed so    run_libero_eval.py:230
                          far: 74                                               
                 INFO     | >> # successes: 73 (98.6%)    run_libero_eval.py:230

 70%|███████   | 14/20 [29:51<13:56, 139.43s/it][A                 INFO     | >>                            run_libero_eval.py:230
                          Task: put the black bowl in the                       
                          bottom drawer of the cabinet                          
                          and close it                                          
                 INFO     | >> Starting episode 15...     run_libero_eval.py:230
huggingface/tokenizers: The current process just got forked, after parallelism has already been used. Disabling parallelism to avoid deadlocks...
To disable this warning, you can either:
	- Avoid using `tokenizers` before the fork if possible
	- Explicitly set the environment variable TOKENIZERS_PARALLELISM=(true | false)
huggingface/tokenizers: The current process just got forked, after parallelism has already been used. Disabling parallelism to avoid deadlocks...
To disable this warning, you can either:
	- Avoid using `tokenizers` before the fork if possible
	- Explicitly set the environment variable TOKENIZERS_PARALLELISM=(true | false)
>> VLA-Cache inference mode
Current CUDA latency: 353.110779 ms | Average CUDA latency: 163.565477 ms, Average TFLOPs: 2.907633
>> VLA-Cache inference mode
Current CUDA latency: 275.290436 ms | Average CUDA latency: 163.612244 ms, Average TFLOPs: 2.907663
>> VLA-Cache inference mode
Current CUDA latency: 159.470947 ms | Average CUDA latency: 163.610511 ms, Average TFLOPs: 2.907692
>> VLA-Cache inference mode
Current CUDA latency: 193.101730 ms | Average CUDA latency: 163.622845 ms, Average TFLOPs: 2.907736
>> VLA-Cache inference mode
Current CUDA latency: 166.982208 ms | Average CUDA latency: 163.624250 ms, Average TFLOPs: 2.907772
>> VLA-Cache inference mode
Current CUDA latency: 162.676514 ms | Average CUDA latency: 163.623854 ms, Average TFLOPs: 2.907791
>> VLA-Cache inference mode
Current CUDA latency: 120.213440 ms | Average CUDA latency: 163.605721 ms, Average TFLOPs: 2.907823
>> VLA-Cache inference mode
Current CUDA latency: 111.865822 ms | Average CUDA latency: 163.584117 ms, Average TFLOPs: 2.907843
>> VLA-Cache inference mode
Current CUDA latency: 110.696289 ms | Average CUDA latency: 163.562044 ms, Average TFLOPs: 2.907860
>> VLA-Cache inference mode
Current CUDA latency: 105.761986 ms | Average CUDA latency: 163.537930 ms, Average TFLOPs: 2.907848
>> VLA-Cache inference mode
Current CUDA latency: 113.578140 ms | Average CUDA latency: 163.517096 ms, Average TFLOPs: 2.907830
>> VLA-Cache inference mode
Current CUDA latency: 249.851456 ms | Average CUDA latency: 163.553084 ms, Average TFLOPs: 2.907777
>> VLA-Cache inference mode
Current CUDA latency: 108.690399 ms | Average CUDA latency: 163.530225 ms, Average TFLOPs: 2.907753
>> VLA-Cache inference mode
Current CUDA latency: 102.737091 ms | Average CUDA latency: 163.504905 ms, Average TFLOPs: 2.907698
>> VLA-Cache inference mode
Current CUDA latency: 103.368958 ms | Average CUDA latency: 163.479869 ms, Average TFLOPs: 2.907659
>> VLA-Cache inference mode
Current CUDA latency: 129.440414 ms | Average CUDA latency: 163.465703 ms, Average TFLOPs: 2.907636
>> VLA-Cache inference mode
Current CUDA latency: 113.848831 ms | Average CUDA latency: 163.445064 ms, Average TFLOPs: 2.907630
>> VLA-Cache inference mode
Current CUDA latency: 103.032387 ms | Average CUDA latency: 163.419945 ms, Average TFLOPs: 2.907605
>> VLA-Cache inference mode
Current CUDA latency: 106.320541 ms | Average CUDA latency: 163.396212 ms, Average TFLOPs: 2.907593
>> VLA-Cache inference mode
Current CUDA latency: 123.659203 ms | Average CUDA latency: 163.379704 ms, Average TFLOPs: 2.907590
>> VLA-Cache inference mode
Current CUDA latency: 273.828613 ms | Average CUDA latency: 163.425571 ms, Average TFLOPs: 2.907585
>> VLA-Cache inference mode
Current CUDA latency: 241.755203 ms | Average CUDA latency: 163.458086 ms, Average TFLOPs: 2.907587
>> VLA-Cache inference mode
Current CUDA latency: 225.079971 ms | Average CUDA latency: 163.483656 ms, Average TFLOPs: 2.907582
>> VLA-Cache inference mode
Current CUDA latency: 137.850204 ms | Average CUDA latency: 163.473024 ms, Average TFLOPs: 2.907572
>> VLA-Cache inference mode
Current CUDA latency: 125.769379 ms | Average CUDA latency: 163.457392 ms, Average TFLOPs: 2.907573
>> VLA-Cache inference mode
Current CUDA latency: 128.056381 ms | Average CUDA latency: 163.442721 ms, Average TFLOPs: 2.907571
>> VLA-Cache inference mode
Current CUDA latency: 204.237381 ms | Average CUDA latency: 163.459620 ms, Average TFLOPs: 2.907595
>> VLA-Cache inference mode
Current CUDA latency: 240.291779 ms | Average CUDA latency: 163.491435 ms, Average TFLOPs: 2.907594
>> VLA-Cache inference mode
Current CUDA latency: 229.609726 ms | Average CUDA latency: 163.518802 ms, Average TFLOPs: 2.907564
>> VLA-Cache inference mode
Current CUDA latency: 119.612831 ms | Average CUDA latency: 163.500636 ms, Average TFLOPs: 2.907550
>> VLA-Cache inference mode
Current CUDA latency: 116.183517 ms | Average CUDA latency: 163.481068 ms, Average TFLOPs: 2.907518
>> VLA-Cache inference mode
Current CUDA latency: 125.130081 ms | Average CUDA latency: 163.465214 ms, Average TFLOPs: 2.907492
>> VLA-Cache inference mode
Current CUDA latency: 180.578842 ms | Average CUDA latency: 163.472285 ms, Average TFLOPs: 2.907448
Average time per step: 548.2597 ms, Control Frequency: 14.59 Hz, Token Reusing Ratio (Primary): 37.98 %, , Token Reusing Ratio (Wrist): 35.76 %
Saved rollout MP4 at path ./rollouts/2026_04_07/primary--2026_04_07-23_07_35--episode=75--success=True--task=put_the_black_bowl_in_the_bottom_drawer_of_the_cab.mp4
Saved rollout MP4 at path ./rollouts/2026_04_07/wrist--2026_04_07-23_07_35--episode=75--success=True--task=put_the_black_bowl_in_the_bottom_drawer_of_the_cab.mp4
04/08 [02:15:03] INFO     | >> Success: True              run_libero_eval.py:230
                 INFO     | >> # episodes completed so    run_libero_eval.py:230
                          far: 75                                               
                 INFO     | >> # successes: 74 (98.7%)    run_libero_eval.py:230

 75%|███████▌  | 15/20 [32:12<11:38, 139.72s/it][A                 INFO     | >>                            run_libero_eval.py:230
                          Task: put the black bowl in the                       
                          bottom drawer of the cabinet                          
                          and close it                                          
                 INFO     | >> Starting episode 16...     run_libero_eval.py:230
huggingface/tokenizers: The current process just got forked, after parallelism has already been used. Disabling parallelism to avoid deadlocks...
To disable this warning, you can either:
	- Avoid using `tokenizers` before the fork if possible
	- Explicitly set the environment variable TOKENIZERS_PARALLELISM=(true | false)
huggingface/tokenizers: The current process just got forked, after parallelism has already been used. Disabling parallelism to avoid deadlocks...
To disable this warning, you can either:
	- Avoid using `tokenizers` before the fork if possible
	- Explicitly set the environment variable TOKENIZERS_PARALLELISM=(true | false)
>> VLA-Cache inference mode
Current CUDA latency: 368.639740 ms | Average CUDA latency: 163.557030 ms, Average TFLOPs: 2.907791
>> VLA-Cache inference mode
Current CUDA latency: 342.390472 ms | Average CUDA latency: 163.630867 ms, Average TFLOPs: 2.907819
>> VLA-Cache inference mode
Current CUDA latency: 113.832382 ms | Average CUDA latency: 163.610315 ms, Average TFLOPs: 2.907835
>> VLA-Cache inference mode
Current CUDA latency: 118.766685 ms | Average CUDA latency: 163.591815 ms, Average TFLOPs: 2.907878
>> VLA-Cache inference mode
Current CUDA latency: 115.194275 ms | Average CUDA latency: 163.571857 ms, Average TFLOPs: 2.907916
>> VLA-Cache inference mode
Current CUDA latency: 120.269089 ms | Average CUDA latency: 163.554008 ms, Average TFLOPs: 2.907939
>> VLA-Cache inference mode
Current CUDA latency: 218.707779 ms | Average CUDA latency: 163.576733 ms, Average TFLOPs: 2.907948
>> VLA-Cache inference mode
Current CUDA latency: 227.190079 ms | Average CUDA latency: 163.602933 ms, Average TFLOPs: 2.907960
>> VLA-Cache inference mode
Current CUDA latency: 326.830475 ms | Average CUDA latency: 163.670132 ms, Average TFLOPs: 2.907940
>> VLA-Cache inference mode
Current CUDA latency: 120.559746 ms | Average CUDA latency: 163.652391 ms, Average TFLOPs: 2.907922
>> VLA-Cache inference mode
Current CUDA latency: 113.473053 ms | Average CUDA latency: 163.631750 ms, Average TFLOPs: 2.907907
>> VLA-Cache inference mode
Current CUDA latency: 192.989410 ms | Average CUDA latency: 163.643821 ms, Average TFLOPs: 2.907865
>> VLA-Cache inference mode
Current CUDA latency: 148.534042 ms | Average CUDA latency: 163.637611 ms, Average TFLOPs: 2.907811
>> VLA-Cache inference mode
Current CUDA latency: 191.676071 ms | Average CUDA latency: 163.649131 ms, Average TFLOPs: 2.907755
>> VLA-Cache inference mode
Current CUDA latency: 168.646240 ms | Average CUDA latency: 163.651183 ms, Average TFLOPs: 2.907704
>> VLA-Cache inference mode
Current CUDA latency: 156.441437 ms | Average CUDA latency: 163.648223 ms, Average TFLOPs: 2.907676
>> VLA-Cache inference mode
Current CUDA latency: 102.703362 ms | Average CUDA latency: 163.623215 ms, Average TFLOPs: 2.907640
>> VLA-Cache inference mode
Current CUDA latency: 112.377281 ms | Average CUDA latency: 163.602195 ms, Average TFLOPs: 2.907625
>> VLA-Cache inference mode
Current CUDA latency: 202.700775 ms | Average CUDA latency: 163.618226 ms, Average TFLOPs: 2.907614
>> VLA-Cache inference mode
Current CUDA latency: 322.946136 ms | Average CUDA latency: 163.683524 ms, Average TFLOPs: 2.907598
>> VLA-Cache inference mode
Current CUDA latency: 216.836380 ms | Average CUDA latency: 163.705299 ms, Average TFLOPs: 2.907586
>> VLA-Cache inference mode
Current CUDA latency: 166.030716 ms | Average CUDA latency: 163.706251 ms, Average TFLOPs: 2.907598
>> VLA-Cache inference mode
Current CUDA latency: 111.577438 ms | Average CUDA latency: 163.684913 ms, Average TFLOPs: 2.907585
>> VLA-Cache inference mode
Current CUDA latency: 127.214531 ms | Average CUDA latency: 163.669991 ms, Average TFLOPs: 2.907551
>> VLA-Cache inference mode
Current CUDA latency: 143.699066 ms | Average CUDA latency: 163.661823 ms, Average TFLOPs: 2.907518
>> VLA-Cache inference mode
Current CUDA latency: 129.395386 ms | Average CUDA latency: 163.647814 ms, Average TFLOPs: 2.907481
>> VLA-Cache inference mode
Current CUDA latency: 345.440491 ms | Average CUDA latency: 163.722106 ms, Average TFLOPs: 2.907439
Average time per step: 550.2333 ms, Control Frequency: 14.54 Hz, Token Reusing Ratio (Primary): 37.94 %, , Token Reusing Ratio (Wrist): 35.80 %
Saved rollout MP4 at path ./rollouts/2026_04_07/primary--2026_04_07-23_07_35--episode=76--success=True--task=put_the_black_bowl_in_the_bottom_drawer_of_the_cab.mp4
Saved rollout MP4 at path ./rollouts/2026_04_07/wrist--2026_04_07-23_07_35--episode=76--success=True--task=put_the_black_bowl_in_the_bottom_drawer_of_the_cab.mp4
04/08 [02:17:18] INFO     | >> Success: True              run_libero_eval.py:230
                 INFO     | >> # episodes completed so    run_libero_eval.py:230
                          far: 76                                               
                 INFO     | >> # successes: 75 (98.7%)    run_libero_eval.py:230

 80%|████████  | 16/20 [34:27<09:13, 138.40s/it][A                 INFO     | >>                            run_libero_eval.py:230
                          Task: put the black bowl in the                       
                          bottom drawer of the cabinet                          
                          and close it                                          
                 INFO     | >> Starting episode 17...     run_libero_eval.py:230
huggingface/tokenizers: The current process just got forked, after parallelism has already been used. Disabling parallelism to avoid deadlocks...
To disable this warning, you can either:
	- Avoid using `tokenizers` before the fork if possible
	- Explicitly set the environment variable TOKENIZERS_PARALLELISM=(true | false)
huggingface/tokenizers: The current process just got forked, after parallelism has already been used. Disabling parallelism to avoid deadlocks...
To disable this warning, you can either:
	- Avoid using `tokenizers` before the fork if possible
	- Explicitly set the environment variable TOKENIZERS_PARALLELISM=(true | false)
>> VLA-Cache inference mode
Current CUDA latency: 479.056641 ms | Average CUDA latency: 163.850919 ms, Average TFLOPs: 2.907778
>> VLA-Cache inference mode
Current CUDA latency: 301.717346 ms | Average CUDA latency: 163.907214 ms, Average TFLOPs: 2.907801
>> VLA-Cache inference mode
Current CUDA latency: 121.271233 ms | Average CUDA latency: 163.889811 ms, Average TFLOPs: 2.907824
>> VLA-Cache inference mode
Current CUDA latency: 122.873985 ms | Average CUDA latency: 163.873077 ms, Average TFLOPs: 2.907860
>> VLA-Cache inference mode
Current CUDA latency: 113.019676 ms | Average CUDA latency: 163.852338 ms, Average TFLOPs: 2.907887
>> VLA-Cache inference mode
Current CUDA latency: 123.351997 ms | Average CUDA latency: 163.835827 ms, Average TFLOPs: 2.907909
>> VLA-Cache inference mode
Current CUDA latency: 111.565056 ms | Average CUDA latency: 163.814527 ms, Average TFLOPs: 2.907924
>> VLA-Cache inference mode
Current CUDA latency: 108.505219 ms | Average CUDA latency: 163.791998 ms, Average TFLOPs: 2.907934
>> VLA-Cache inference mode
Current CUDA latency: 109.213760 ms | Average CUDA latency: 163.769775 ms, Average TFLOPs: 2.907948
>> VLA-Cache inference mode
Current CUDA latency: 210.623871 ms | Average CUDA latency: 163.788845 ms, Average TFLOPs: 2.907939
>> VLA-Cache inference mode
Current CUDA latency: 410.475891 ms | Average CUDA latency: 163.889206 ms, Average TFLOPs: 2.907914
>> VLA-Cache inference mode
Current CUDA latency: 272.084564 ms | Average CUDA latency: 163.933205 ms, Average TFLOPs: 2.907873
>> VLA-Cache inference mode
Current CUDA latency: 113.303520 ms | Average CUDA latency: 163.912624 ms, Average TFLOPs: 2.907830
>> VLA-Cache inference mode
Current CUDA latency: 146.017639 ms | Average CUDA latency: 163.905353 ms, Average TFLOPs: 2.907823
>> VLA-Cache inference mode
Current CUDA latency: 107.772636 ms | Average CUDA latency: 163.882553 ms, Average TFLOPs: 2.907793
>> VLA-Cache inference mode
Current CUDA latency: 109.144386 ms | Average CUDA latency: 163.860329 ms, Average TFLOPs: 2.907781
>> VLA-Cache inference mode
Current CUDA latency: 103.394302 ms | Average CUDA latency: 163.835789 ms, Average TFLOPs: 2.907769
>> VLA-Cache inference mode
Current CUDA latency: 165.175583 ms | Average CUDA latency: 163.836333 ms, Average TFLOPs: 2.907751
>> VLA-Cache inference mode
Current CUDA latency: 164.857285 ms | Average CUDA latency: 163.836747 ms, Average TFLOPs: 2.907731
>> VLA-Cache inference mode
Current CUDA latency: 169.392578 ms | Average CUDA latency: 163.838999 ms, Average TFLOPs: 2.907720
>> VLA-Cache inference mode
Current CUDA latency: 107.662750 ms | Average CUDA latency: 163.816237 ms, Average TFLOPs: 2.907706
>> VLA-Cache inference mode
Current CUDA latency: 111.692093 ms | Average CUDA latency: 163.795126 ms, Average TFLOPs: 2.907686
>> VLA-Cache inference mode
Current CUDA latency: 103.480415 ms | Average CUDA latency: 163.770707 ms, Average TFLOPs: 2.907660
>> VLA-Cache inference mode
Current CUDA latency: 107.882500 ms | Average CUDA latency: 163.748089 ms, Average TFLOPs: 2.907642
>> VLA-Cache inference mode
Current CUDA latency: 102.937569 ms | Average CUDA latency: 163.723489 ms, Average TFLOPs: 2.907624
>> VLA-Cache inference mode
Current CUDA latency: 150.649155 ms | Average CUDA latency: 163.718202 ms, Average TFLOPs: 2.907615
>> VLA-Cache inference mode
Current CUDA latency: 127.465630 ms | Average CUDA latency: 163.703549 ms, Average TFLOPs: 2.907584
>> VLA-Cache inference mode
Current CUDA latency: 154.292419 ms | Average CUDA latency: 163.699747 ms, Average TFLOPs: 2.907560
>> VLA-Cache inference mode
Current CUDA latency: 256.998474 ms | Average CUDA latency: 163.737428 ms, Average TFLOPs: 2.907526
Average time per step: 550.1683 ms, Control Frequency: 14.54 Hz, Token Reusing Ratio (Primary): 37.91 %, , Token Reusing Ratio (Wrist): 35.81 %
Saved rollout MP4 at path ./rollouts/2026_04_07/primary--2026_04_07-23_07_35--episode=77--success=True--task=put_the_black_bowl_in_the_bottom_drawer_of_the_cab.mp4
Saved rollout MP4 at path ./rollouts/2026_04_07/wrist--2026_04_07-23_07_35--episode=77--success=True--task=put_the_black_bowl_in_the_bottom_drawer_of_the_cab.mp4
04/08 [02:19:43] INFO     | >> Success: True              run_libero_eval.py:230
                 INFO     | >> # episodes completed so    run_libero_eval.py:230
                          far: 77                                               
                 INFO     | >> # successes: 76 (98.7%)    run_libero_eval.py:230

 85%|████████▌ | 17/20 [36:52<07:01, 140.35s/it][A                 INFO     | >>                            run_libero_eval.py:230
                          Task: put the black bowl in the                       
                          bottom drawer of the cabinet                          
                          and close it                                          
                 INFO     | >> Starting episode 18...     run_libero_eval.py:230
huggingface/tokenizers: The current process just got forked, after parallelism has already been used. Disabling parallelism to avoid deadlocks...
To disable this warning, you can either:
	- Avoid using `tokenizers` before the fork if possible
	- Explicitly set the environment variable TOKENIZERS_PARALLELISM=(true | false)
huggingface/tokenizers: The current process just got forked, after parallelism has already been used. Disabling parallelism to avoid deadlocks...
To disable this warning, you can either:
	- Avoid using `tokenizers` before the fork if possible
	- Explicitly set the environment variable TOKENIZERS_PARALLELISM=(true | false)
>> VLA-Cache inference mode
Current CUDA latency: 412.337952 ms | Average CUDA latency: 163.837791 ms, Average TFLOPs: 2.907861
>> VLA-Cache inference mode
Current CUDA latency: 359.463745 ms | Average CUDA latency: 163.916736 ms, Average TFLOPs: 2.907893
>> VLA-Cache inference mode
Current CUDA latency: 127.940224 ms | Average CUDA latency: 163.902224 ms, Average TFLOPs: 2.907919
>> VLA-Cache inference mode
Current CUDA latency: 128.277817 ms | Average CUDA latency: 163.887859 ms, Average TFLOPs: 2.907968
>> VLA-Cache inference mode
Current CUDA latency: 116.266724 ms | Average CUDA latency: 163.868665 ms, Average TFLOPs: 2.907976
>> VLA-Cache inference mode
Current CUDA latency: 116.259491 ms | Average CUDA latency: 163.849483 ms, Average TFLOPs: 2.907980
>> VLA-Cache inference mode
Current CUDA latency: 109.529602 ms | Average CUDA latency: 163.827606 ms, Average TFLOPs: 2.907995
>> VLA-Cache inference mode
Current CUDA latency: 114.023842 ms | Average CUDA latency: 163.807557 ms, Average TFLOPs: 2.908028
>> VLA-Cache inference mode
Current CUDA latency: 113.877762 ms | Average CUDA latency: 163.787464 ms, Average TFLOPs: 2.908014
>> VLA-Cache inference mode
Current CUDA latency: 192.580933 ms | Average CUDA latency: 163.799046 ms, Average TFLOPs: 2.907975
>> VLA-Cache inference mode
Current CUDA latency: 176.629150 ms | Average CUDA latency: 163.804205 ms, Average TFLOPs: 2.907910
>> VLA-Cache inference mode
Current CUDA latency: 169.553467 ms | Average CUDA latency: 163.806516 ms, Average TFLOPs: 2.907868
>> VLA-Cache inference mode
Current CUDA latency: 237.812897 ms | Average CUDA latency: 163.836249 ms, Average TFLOPs: 2.907824
>> VLA-Cache inference mode
Current CUDA latency: 141.185287 ms | Average CUDA latency: 163.827153 ms, Average TFLOPs: 2.907779
>> VLA-Cache inference mode
Current CUDA latency: 109.222916 ms | Average CUDA latency: 163.805232 ms, Average TFLOPs: 2.907746
>> VLA-Cache inference mode
Current CUDA latency: 118.779778 ms | Average CUDA latency: 163.787164 ms, Average TFLOPs: 2.907706
>> VLA-Cache inference mode
Current CUDA latency: 113.998207 ms | Average CUDA latency: 163.767192 ms, Average TFLOPs: 2.907679
>> VLA-Cache inference mode
Current CUDA latency: 124.588509 ms | Average CUDA latency: 163.751483 ms, Average TFLOPs: 2.907646
>> VLA-Cache inference mode
Current CUDA latency: 132.680252 ms | Average CUDA latency: 163.739030 ms, Average TFLOPs: 2.907598
>> VLA-Cache inference mode
Current CUDA latency: 373.618805 ms | Average CUDA latency: 163.823116 ms, Average TFLOPs: 2.907563
>> VLA-Cache inference mode
Current CUDA latency: 272.843140 ms | Average CUDA latency: 163.866777 ms, Average TFLOPs: 2.907542
>> VLA-Cache inference mode
Current CUDA latency: 138.625061 ms | Average CUDA latency: 163.856672 ms, Average TFLOPs: 2.907541
>> VLA-Cache inference mode
Current CUDA latency: 114.655647 ms | Average CUDA latency: 163.836984 ms, Average TFLOPs: 2.907533
>> VLA-Cache inference mode
Current CUDA latency: 109.966370 ms | Average CUDA latency: 163.815435 ms, Average TFLOPs: 2.907505
>> VLA-Cache inference mode
Current CUDA latency: 103.637955 ms | Average CUDA latency: 163.791374 ms, Average TFLOPs: 2.907488
Average time per step: 550.5139 ms, Control Frequency: 14.53 Hz, Token Reusing Ratio (Primary): 37.94 %, , Token Reusing Ratio (Wrist): 35.81 %
Saved rollout MP4 at path ./rollouts/2026_04_07/primary--2026_04_07-23_07_35--episode=78--success=True--task=put_the_black_bowl_in_the_bottom_drawer_of_the_cab.mp4
Saved rollout MP4 at path ./rollouts/2026_04_07/wrist--2026_04_07-23_07_35--episode=78--success=True--task=put_the_black_bowl_in_the_bottom_drawer_of_the_cab.mp4
04/08 [02:21:39] INFO     | >> Success: True              run_libero_eval.py:230
                 INFO     | >> # episodes completed so    run_libero_eval.py:230
                          far: 78                                               
                 INFO     | >> # successes: 77 (98.7%)    run_libero_eval.py:230

 90%|█████████ | 18/20 [38:48<04:26, 133.11s/it][A                 INFO     | >>                            run_libero_eval.py:230
                          Task: put the black bowl in the                       
                          bottom drawer of the cabinet                          
                          and close it                                          
                 INFO     | >> Starting episode 19...     run_libero_eval.py:230
huggingface/tokenizers: The current process just got forked, after parallelism has already been used. Disabling parallelism to avoid deadlocks...
To disable this warning, you can either:
	- Avoid using `tokenizers` before the fork if possible
	- Explicitly set the environment variable TOKENIZERS_PARALLELISM=(true | false)
huggingface/tokenizers: The current process just got forked, after parallelism has already been used. Disabling parallelism to avoid deadlocks...
To disable this warning, you can either:
	- Avoid using `tokenizers` before the fork if possible
	- Explicitly set the environment variable TOKENIZERS_PARALLELISM=(true | false)
>> VLA-Cache inference mode
Current CUDA latency: 336.695404 ms | Average CUDA latency: 163.860480 ms, Average TFLOPs: 2.907820
>> VLA-Cache inference mode
Current CUDA latency: 237.093185 ms | Average CUDA latency: 163.889738 ms, Average TFLOPs: 2.907819
>> VLA-Cache inference mode
Current CUDA latency: 122.805725 ms | Average CUDA latency: 163.873331 ms, Average TFLOPs: 2.907842
>> VLA-Cache inference mode
Current CUDA latency: 116.492928 ms | Average CUDA latency: 163.854417 ms, Average TFLOPs: 2.907874
>> VLA-Cache inference mode
Current CUDA latency: 116.417885 ms | Average CUDA latency: 163.835488 ms, Average TFLOPs: 2.907912
>> VLA-Cache inference mode
Current CUDA latency: 116.177116 ms | Average CUDA latency: 163.816477 ms, Average TFLOPs: 2.907944
>> VLA-Cache inference mode
Current CUDA latency: 125.960930 ms | Average CUDA latency: 163.801383 ms, Average TFLOPs: 2.907964
>> VLA-Cache inference mode
Current CUDA latency: 158.177536 ms | Average CUDA latency: 163.799142 ms, Average TFLOPs: 2.907981
>> VLA-Cache inference mode
Current CUDA latency: 201.926117 ms | Average CUDA latency: 163.814332 ms, Average TFLOPs: 2.907985
>> VLA-Cache inference mode
Current CUDA latency: 178.960129 ms | Average CUDA latency: 163.820364 ms, Average TFLOPs: 2.907968
>> VLA-Cache inference mode
Current CUDA latency: 131.731842 ms | Average CUDA latency: 163.807590 ms, Average TFLOPs: 2.907939
>> VLA-Cache inference mode
Current CUDA latency: 163.373337 ms | Average CUDA latency: 163.807417 ms, Average TFLOPs: 2.907879
>> VLA-Cache inference mode
Current CUDA latency: 117.073982 ms | Average CUDA latency: 163.788828 ms, Average TFLOPs: 2.907861
>> VLA-Cache inference mode
Current CUDA latency: 103.216766 ms | Average CUDA latency: 163.764743 ms, Average TFLOPs: 2.907822
>> VLA-Cache inference mode
Current CUDA latency: 104.280258 ms | Average CUDA latency: 163.741101 ms, Average TFLOPs: 2.907778
>> VLA-Cache inference mode
Current CUDA latency: 100.904610 ms | Average CUDA latency: 163.716136 ms, Average TFLOPs: 2.907733
>> VLA-Cache inference mode
Current CUDA latency: 105.686493 ms | Average CUDA latency: 163.693090 ms, Average TFLOPs: 2.907721
>> VLA-Cache inference mode
Current CUDA latency: 106.443680 ms | Average CUDA latency: 163.670363 ms, Average TFLOPs: 2.907693
>> VLA-Cache inference mode
Current CUDA latency: 112.348862 ms | Average CUDA latency: 163.649997 ms, Average TFLOPs: 2.907681
>> VLA-Cache inference mode
Current CUDA latency: 108.189507 ms | Average CUDA latency: 163.627998 ms, Average TFLOPs: 2.907673
>> VLA-Cache inference mode
Current CUDA latency: 108.107903 ms | Average CUDA latency: 163.605984 ms, Average TFLOPs: 2.907656
>> VLA-Cache inference mode
Current CUDA latency: 114.685471 ms | Average CUDA latency: 163.586594 ms, Average TFLOPs: 2.907635
>> VLA-Cache inference mode
Current CUDA latency: 260.753021 ms | Average CUDA latency: 163.625091 ms, Average TFLOPs: 2.907647
>> VLA-Cache inference mode
Current CUDA latency: 295.328949 ms | Average CUDA latency: 163.677251 ms, Average TFLOPs: 2.907639
>> VLA-Cache inference mode
Current CUDA latency: 238.982819 ms | Average CUDA latency: 163.707063 ms, Average TFLOPs: 2.907618
>> VLA-Cache inference mode
Current CUDA latency: 110.360062 ms | Average CUDA latency: 163.685952 ms, Average TFLOPs: 2.907617
Average time per step: 547.6619 ms, Control Frequency: 14.61 Hz, Token Reusing Ratio (Primary): 37.92 %, , Token Reusing Ratio (Wrist): 35.80 %
Saved rollout MP4 at path ./rollouts/2026_04_07/primary--2026_04_07-23_07_35--episode=79--success=True--task=put_the_black_bowl_in_the_bottom_drawer_of_the_cab.mp4
Saved rollout MP4 at path ./rollouts/2026_04_07/wrist--2026_04_07-23_07_35--episode=79--success=True--task=put_the_black_bowl_in_the_bottom_drawer_of_the_cab.mp4
04/08 [02:23:21] INFO     | >> Success: True              run_libero_eval.py:230
                 INFO     | >> # episodes completed so    run_libero_eval.py:230
                          far: 79                                               
                 INFO     | >> # successes: 78 (98.7%)    run_libero_eval.py:230

 95%|█████████▌| 19/20 [40:30<02:03, 123.80s/it][A                 INFO     | >>                            run_libero_eval.py:230
                          Task: put the black bowl in the                       
                          bottom drawer of the cabinet                          
                          and close it                                          
                 INFO     | >> Starting episode 20...     run_libero_eval.py:230
huggingface/tokenizers: The current process just got forked, after parallelism has already been used. Disabling parallelism to avoid deadlocks...
To disable this warning, you can either:
	- Avoid using `tokenizers` before the fork if possible
	- Explicitly set the environment variable TOKENIZERS_PARALLELISM=(true | false)
huggingface/tokenizers: The current process just got forked, after parallelism has already been used. Disabling parallelism to avoid deadlocks...
To disable this warning, you can either:
	- Avoid using `tokenizers` before the fork if possible
	- Explicitly set the environment variable TOKENIZERS_PARALLELISM=(true | false)
>> VLA-Cache inference mode
Current CUDA latency: 366.617493 ms | Average CUDA latency: 163.766226 ms, Average TFLOPs: 2.907945
>> VLA-Cache inference mode
Current CUDA latency: 278.297791 ms | Average CUDA latency: 163.811513 ms, Average TFLOPs: 2.907962
>> VLA-Cache inference mode
Current CUDA latency: 130.999802 ms | Average CUDA latency: 163.798544 ms, Average TFLOPs: 2.907974
>> VLA-Cache inference mode
Current CUDA latency: 162.407303 ms | Average CUDA latency: 163.797994 ms, Average TFLOPs: 2.907982
>> VLA-Cache inference mode
Current CUDA latency: 184.598206 ms | Average CUDA latency: 163.806209 ms, Average TFLOPs: 2.908009
>> VLA-Cache inference mode
Current CUDA latency: 195.508865 ms | Average CUDA latency: 163.818725 ms, Average TFLOPs: 2.908039
>> VLA-Cache inference mode
Current CUDA latency: 164.799362 ms | Average CUDA latency: 163.819112 ms, Average TFLOPs: 2.908034
>> VLA-Cache inference mode
Current CUDA latency: 114.132576 ms | Average CUDA latency: 163.799512 ms, Average TFLOPs: 2.908040
>> VLA-Cache inference mode
Current CUDA latency: 115.087326 ms | Average CUDA latency: 163.780304 ms, Average TFLOPs: 2.908040
>> VLA-Cache inference mode
Current CUDA latency: 125.543007 ms | Average CUDA latency: 163.765232 ms, Average TFLOPs: 2.908018
>> VLA-Cache inference mode
Current CUDA latency: 111.598595 ms | Average CUDA latency: 163.744677 ms, Average TFLOPs: 2.907993
>> VLA-Cache inference mode
Current CUDA latency: 158.560287 ms | Average CUDA latency: 163.742636 ms, Average TFLOPs: 2.907934
>> VLA-Cache inference mode
Current CUDA latency: 109.042397 ms | Average CUDA latency: 163.721100 ms, Average TFLOPs: 2.907878
>> VLA-Cache inference mode
Current CUDA latency: 110.219971 ms | Average CUDA latency: 163.700045 ms, Average TFLOPs: 2.907854
>> VLA-Cache inference mode
Current CUDA latency: 111.107422 ms | Average CUDA latency: 163.679355 ms, Average TFLOPs: 2.907830
>> VLA-Cache inference mode
Current CUDA latency: 104.964989 ms | Average CUDA latency: 163.656267 ms, Average TFLOPs: 2.907806
>> VLA-Cache inference mode
Current CUDA latency: 122.684608 ms | Average CUDA latency: 163.640162 ms, Average TFLOPs: 2.907783
>> VLA-Cache inference mode
Current CUDA latency: 164.342407 ms | Average CUDA latency: 163.640438 ms, Average TFLOPs: 2.907761
>> VLA-Cache inference mode
Current CUDA latency: 346.257324 ms | Average CUDA latency: 163.712165 ms, Average TFLOPs: 2.907723
>> VLA-Cache inference mode
Current CUDA latency: 159.132706 ms | Average CUDA latency: 163.710367 ms, Average TFLOPs: 2.907684
>> VLA-Cache inference mode
Current CUDA latency: 109.354912 ms | Average CUDA latency: 163.689034 ms, Average TFLOPs: 2.907658
>> VLA-Cache inference mode
Current CUDA latency: 137.324478 ms | Average CUDA latency: 163.678691 ms, Average TFLOPs: 2.907641
>> VLA-Cache inference mode
Current CUDA latency: 103.866753 ms | Average CUDA latency: 163.655235 ms, Average TFLOPs: 2.907626
>> VLA-Cache inference mode
Current CUDA latency: 201.762848 ms | Average CUDA latency: 163.670173 ms, Average TFLOPs: 2.907589
>> VLA-Cache inference mode
Current CUDA latency: 281.004181 ms | Average CUDA latency: 163.716151 ms, Average TFLOPs: 2.907588
>> VLA-Cache inference mode
Current CUDA latency: 217.129883 ms | Average CUDA latency: 163.737073 ms, Average TFLOPs: 2.907570
>> VLA-Cache inference mode
Current CUDA latency: 132.987869 ms | Average CUDA latency: 163.725033 ms, Average TFLOPs: 2.907529
Average time per step: 547.0042 ms, Control Frequency: 14.63 Hz, Token Reusing Ratio (Primary): 37.97 %, , Token Reusing Ratio (Wrist): 35.79 %
Saved rollout MP4 at path ./rollouts/2026_04_07/primary--2026_04_07-23_07_35--episode=80--success=True--task=put_the_black_bowl_in_the_bottom_drawer_of_the_cab.mp4
Saved rollout MP4 at path ./rollouts/2026_04_07/wrist--2026_04_07-23_07_35--episode=80--success=True--task=put_the_black_bowl_in_the_bottom_drawer_of_the_cab.mp4
04/08 [02:25:23] INFO     | >> Success: True              run_libero_eval.py:230
                 INFO     | >> # episodes completed so    run_libero_eval.py:230
                          far: 80                                               
                 INFO     | >> # successes: 79 (98.8%)    run_libero_eval.py:230

100%|██████████| 20/20 [42:32<00:00, 123.25s/it][A100%|██████████| 20/20 [42:32<00:00, 127.63s/it]
                 INFO     | >> Current task success rate: run_libero_eval.py:230
                          1.0                                                   
                 INFO     | >> Current total success      run_libero_eval.py:230
                          rate: 0.9875                                          
 40%|████      | 4/10 [3:17:36<4:47:53, 2878.97s/it][Warning]: datasets path /root/sj-tmp/workspace/LIBERO/libero/libero/../datasets does not exist!
                 INFO     | >> Using default initial      run_libero_eval.py:230
                          states                                                
[Warning]: datasets path /root/sj-tmp/workspace/LIBERO/libero/libero/../datasets does not exist!

  0%|          | 0/20 [00:00<?, ?it/s][A04/08 [02:25:26] INFO     | >>                            run_libero_eval.py:230
                          Task: put the white mug on the                        
                          left plate and put the yellow                         
                          and white mug on the right                            
                          plate                                                 
                 INFO     | >> Starting episode 1...      run_libero_eval.py:230
huggingface/tokenizers: The current process just got forked, after parallelism has already been used. Disabling parallelism to avoid deadlocks...
To disable this warning, you can either:
	- Avoid using `tokenizers` before the fork if possible
	- Explicitly set the environment variable TOKENIZERS_PARALLELISM=(true | false)
huggingface/tokenizers: The current process just got forked, after parallelism has already been used. Disabling parallelism to avoid deadlocks...
To disable this warning, you can either:
	- Avoid using `tokenizers` before the fork if possible
	- Explicitly set the environment variable TOKENIZERS_PARALLELISM=(true | false)
>> VLA-Cache inference mode
Current CUDA latency: 497.750946 ms | Average CUDA latency: 163.855767 ms, Average TFLOPs: 2.907867
>> VLA-Cache inference mode
Current CUDA latency: 436.770386 ms | Average CUDA latency: 163.962541 ms, Average TFLOPs: 2.907920
>> VLA-Cache inference mode
Current CUDA latency: 215.004639 ms | Average CUDA latency: 163.982503 ms, Average TFLOPs: 2.907970
>> VLA-Cache inference mode
Current CUDA latency: 170.515045 ms | Average CUDA latency: 163.985057 ms, Average TFLOPs: 2.907994
>> VLA-Cache inference mode
Current CUDA latency: 117.891266 ms | Average CUDA latency: 163.967044 ms, Average TFLOPs: 2.908026
>> VLA-Cache inference mode
Current CUDA latency: 128.696320 ms | Average CUDA latency: 163.953267 ms, Average TFLOPs: 2.908060
>> VLA-Cache inference mode
Current CUDA latency: 111.084061 ms | Average CUDA latency: 163.932623 ms, Average TFLOPs: 2.908087
>> VLA-Cache inference mode
Current CUDA latency: 117.740929 ms | Average CUDA latency: 163.914593 ms, Average TFLOPs: 2.908103
>> VLA-Cache inference mode
Current CUDA latency: 115.265022 ms | Average CUDA latency: 163.895612 ms, Average TFLOPs: 2.908125
>> VLA-Cache inference mode
Current CUDA latency: 110.451324 ms | Average CUDA latency: 163.874768 ms, Average TFLOPs: 2.908133
>> VLA-Cache inference mode
Current CUDA latency: 110.279999 ms | Average CUDA latency: 163.853873 ms, Average TFLOPs: 2.908170
>> VLA-Cache inference mode
Current CUDA latency: 160.163040 ms | Average CUDA latency: 163.852435 ms, Average TFLOPs: 2.908211
>> VLA-Cache inference mode
Current CUDA latency: 172.348633 ms | Average CUDA latency: 163.855744 ms, Average TFLOPs: 2.908221
>> VLA-Cache inference mode
Current CUDA latency: 218.898041 ms | Average CUDA latency: 163.877178 ms, Average TFLOPs: 2.908263
>> VLA-Cache inference mode
Current CUDA latency: 198.125702 ms | Average CUDA latency: 163.890510 ms, Average TFLOPs: 2.908275
>> VLA-Cache inference mode
Current CUDA latency: 112.326752 ms | Average CUDA latency: 163.870446 ms, Average TFLOPs: 2.908312
>> VLA-Cache inference mode
Current CUDA latency: 145.263580 ms | Average CUDA latency: 163.863209 ms, Average TFLOPs: 2.908345
>> VLA-Cache inference mode
Current CUDA latency: 247.755066 ms | Average CUDA latency: 163.895826 ms, Average TFLOPs: 2.908384
>> VLA-Cache inference mode
Current CUDA latency: 309.765839 ms | Average CUDA latency: 163.952519 ms, Average TFLOPs: 2.908410
>> VLA-Cache inference mode
Current CUDA latency: 131.930466 ms | Average CUDA latency: 163.940078 ms, Average TFLOPs: 2.908439
>> VLA-Cache inference mode
Current CUDA latency: 188.266617 ms | Average CUDA latency: 163.949525 ms, Average TFLOPs: 2.908501
>> VLA-Cache inference mode
Current CUDA latency: 174.274628 ms | Average CUDA latency: 163.953534 ms, Average TFLOPs: 2.908545
>> VLA-Cache inference mode
Current CUDA latency: 123.453026 ms | Average CUDA latency: 163.937818 ms, Average TFLOPs: 2.908562
>> VLA-Cache inference mode
Current CUDA latency: 313.380951 ms | Average CUDA latency: 163.995786 ms, Average TFLOPs: 2.908539
>> VLA-Cache inference mode
Current CUDA latency: 261.870026 ms | Average CUDA latency: 164.033737 ms, Average TFLOPs: 2.908537
>> VLA-Cache inference mode
Current CUDA latency: 176.138397 ms | Average CUDA latency: 164.038428 ms, Average TFLOPs: 2.908548
>> VLA-Cache inference mode
Current CUDA latency: 165.251266 ms | Average CUDA latency: 164.038898 ms, Average TFLOPs: 2.908566
Average time per step: 677.0976 ms, Control Frequency: 11.82 Hz, Token Reusing Ratio (Primary): 31.11 %, , Token Reusing Ratio (Wrist): 38.08 %
Saved rollout MP4 at path ./rollouts/2026_04_07/primary--2026_04_07-23_07_35--episode=81--success=True--task=put_the_white_mug_on_the_left_plate_and_put_the_ye.mp4
Saved rollout MP4 at path ./rollouts/2026_04_07/wrist--2026_04_07-23_07_35--episode=81--success=True--task=put_the_white_mug_on_the_left_plate_and_put_the_ye.mp4
04/08 [02:28:00] INFO     | >> Success: True              run_libero_eval.py:230
                 INFO     | >> # episodes completed so    run_libero_eval.py:230
                          far: 81                                               
                 INFO     | >> # successes: 80 (98.8%)    run_libero_eval.py:230

  5%|▌         | 1/20 [02:34<48:47, 154.09s/it][A                 INFO     | >>                            run_libero_eval.py:230
                          Task: put the white mug on the                        
                          left plate and put the yellow                         
                          and white mug on the right                            
                          plate                                                 
                 INFO     | >> Starting episode 2...      run_libero_eval.py:230
huggingface/tokenizers: The current process just got forked, after parallelism has already been used. Disabling parallelism to avoid deadlocks...
To disable this warning, you can either:
	- Avoid using `tokenizers` before the fork if possible
	- Explicitly set the environment variable TOKENIZERS_PARALLELISM=(true | false)
huggingface/tokenizers: The current process just got forked, after parallelism has already been used. Disabling parallelism to avoid deadlocks...
To disable this warning, you can either:
	- Avoid using `tokenizers` before the fork if possible
	- Explicitly set the environment variable TOKENIZERS_PARALLELISM=(true | false)
>> VLA-Cache inference mode
Current CUDA latency: 304.423645 ms | Average CUDA latency: 164.093269 ms, Average TFLOPs: 2.908899
>> VLA-Cache inference mode
Current CUDA latency: 312.292847 ms | Average CUDA latency: 164.150644 ms, Average TFLOPs: 2.908944
>> VLA-Cache inference mode
Current CUDA latency: 217.546875 ms | Average CUDA latency: 164.171308 ms, Average TFLOPs: 2.908971
>> VLA-Cache inference mode
Current CUDA latency: 205.055969 ms | Average CUDA latency: 164.187124 ms, Average TFLOPs: 2.909008
>> VLA-Cache inference mode
Current CUDA latency: 123.054848 ms | Average CUDA latency: 164.171218 ms, Average TFLOPs: 2.909030
>> VLA-Cache inference mode
Current CUDA latency: 122.811134 ms | Average CUDA latency: 164.155231 ms, Average TFLOPs: 2.909039
>> VLA-Cache inference mode
Current CUDA latency: 115.189468 ms | Average CUDA latency: 164.136310 ms, Average TFLOPs: 2.909068
>> VLA-Cache inference mode
Current CUDA latency: 110.866722 ms | Average CUDA latency: 164.115735 ms, Average TFLOPs: 2.909081
>> VLA-Cache inference mode
Current CUDA latency: 117.244514 ms | Average CUDA latency: 164.097638 ms, Average TFLOPs: 2.909095
>> VLA-Cache inference mode
Current CUDA latency: 109.243523 ms | Average CUDA latency: 164.076467 ms, Average TFLOPs: 2.909122
>> VLA-Cache inference mode
Current CUDA latency: 111.076256 ms | Average CUDA latency: 164.056019 ms, Average TFLOPs: 2.909137
>> VLA-Cache inference mode
Current CUDA latency: 120.544830 ms | Average CUDA latency: 164.039239 ms, Average TFLOPs: 2.909165
>> VLA-Cache inference mode
Current CUDA latency: 118.307518 ms | Average CUDA latency: 164.021609 ms, Average TFLOPs: 2.909197
>> VLA-Cache inference mode
Current CUDA latency: 120.397758 ms | Average CUDA latency: 164.004799 ms, Average TFLOPs: 2.909209
>> VLA-Cache inference mode
Current CUDA latency: 193.819016 ms | Average CUDA latency: 164.016283 ms, Average TFLOPs: 2.909232
>> VLA-Cache inference mode
Current CUDA latency: 212.563614 ms | Average CUDA latency: 164.034977 ms, Average TFLOPs: 2.909265
>> VLA-Cache inference mode
Current CUDA latency: 129.423065 ms | Average CUDA latency: 164.021654 ms, Average TFLOPs: 2.909288
>> VLA-Cache inference mode
Current CUDA latency: 110.427582 ms | Average CUDA latency: 164.001033 ms, Average TFLOPs: 2.909303
>> VLA-Cache inference mode
Current CUDA latency: 118.144196 ms | Average CUDA latency: 163.983396 ms, Average TFLOPs: 2.909319
>> VLA-Cache inference mode
Current CUDA latency: 114.530785 ms | Average CUDA latency: 163.964383 ms, Average TFLOPs: 2.909347
>> VLA-Cache inference mode
Current CUDA latency: 155.496582 ms | Average CUDA latency: 163.961129 ms, Average TFLOPs: 2.909371
>> VLA-Cache inference mode
Current CUDA latency: 132.946625 ms | Average CUDA latency: 163.949214 ms, Average TFLOPs: 2.909392
>> VLA-Cache inference mode
Current CUDA latency: 232.778534 ms | Average CUDA latency: 163.975646 ms, Average TFLOPs: 2.909397
>> VLA-Cache inference mode
Current CUDA latency: 215.693344 ms | Average CUDA latency: 163.995499 ms, Average TFLOPs: 2.909388
>> VLA-Cache inference mode
Current CUDA latency: 158.209534 ms | Average CUDA latency: 163.993279 ms, Average TFLOPs: 2.909393
>> VLA-Cache inference mode
Current CUDA latency: 161.888229 ms | Average CUDA latency: 163.992472 ms, Average TFLOPs: 2.909410
>> VLA-Cache inference mode
Current CUDA latency: 167.804092 ms | Average CUDA latency: 163.993933 ms, Average TFLOPs: 2.909435
Average time per step: 620.5717 ms, Control Frequency: 12.89 Hz, Token Reusing Ratio (Primary): 31.13 %, , Token Reusing Ratio (Wrist): 38.65 %
Saved rollout MP4 at path ./rollouts/2026_04_07/primary--2026_04_07-23_07_35--episode=82--success=True--task=put_the_white_mug_on_the_left_plate_and_put_the_ye.mp4
Saved rollout MP4 at path ./rollouts/2026_04_07/wrist--2026_04_07-23_07_35--episode=82--success=True--task=put_the_white_mug_on_the_left_plate_and_put_the_ye.mp4
04/08 [02:30:07] INFO     | >> Success: True              run_libero_eval.py:230
                 INFO     | >> # episodes completed so    run_libero_eval.py:230
                          far: 82                                               
                 INFO     | >> # successes: 81 (98.8%)    run_libero_eval.py:230

 10%|█         | 2/20 [04:40<41:22, 137.89s/it][A                 INFO     | >>                            run_libero_eval.py:230
                          Task: put the white mug on the                        
                          left plate and put the yellow                         
                          and white mug on the right                            
                          plate                                                 
                 INFO     | >> Starting episode 3...      run_libero_eval.py:230
huggingface/tokenizers: The current process just got forked, after parallelism has already been used. Disabling parallelism to avoid deadlocks...
To disable this warning, you can either:
	- Avoid using `tokenizers` before the fork if possible
	- Explicitly set the environment variable TOKENIZERS_PARALLELISM=(true | false)
huggingface/tokenizers: The current process just got forked, after parallelism has already been used. Disabling parallelism to avoid deadlocks...
To disable this warning, you can either:
	- Avoid using `tokenizers` before the fork if possible
	- Explicitly set the environment variable TOKENIZERS_PARALLELISM=(true | false)
>> VLA-Cache inference mode
Current CUDA latency: 301.989441 ms | Average CUDA latency: 164.046825 ms, Average TFLOPs: 2.909765
>> VLA-Cache inference mode
Current CUDA latency: 295.276581 ms | Average CUDA latency: 164.097105 ms, Average TFLOPs: 2.909810
>> VLA-Cache inference mode
Current CUDA latency: 341.205505 ms | Average CUDA latency: 164.164936 ms, Average TFLOPs: 2.909841
>> VLA-Cache inference mode
Current CUDA latency: 262.925751 ms | Average CUDA latency: 164.202747 ms, Average TFLOPs: 2.909863
>> VLA-Cache inference mode
Current CUDA latency: 176.807175 ms | Average CUDA latency: 164.207571 ms, Average TFLOPs: 2.909872
>> VLA-Cache inference mode
Current CUDA latency: 112.877792 ms | Average CUDA latency: 164.187934 ms, Average TFLOPs: 2.909897
>> VLA-Cache inference mode
Current CUDA latency: 139.327805 ms | Average CUDA latency: 164.178427 ms, Average TFLOPs: 2.909894
>> VLA-Cache inference mode
Current CUDA latency: 129.907333 ms | Average CUDA latency: 164.165327 ms, Average TFLOPs: 2.909884
>> VLA-Cache inference mode
Current CUDA latency: 113.040451 ms | Average CUDA latency: 164.145791 ms, Average TFLOPs: 2.909897
>> VLA-Cache inference mode
Current CUDA latency: 110.731743 ms | Average CUDA latency: 164.125389 ms, Average TFLOPs: 2.909910
>> VLA-Cache inference mode
Current CUDA latency: 115.565788 ms | Average CUDA latency: 164.106847 ms, Average TFLOPs: 2.909928
>> VLA-Cache inference mode
Current CUDA latency: 126.392700 ms | Average CUDA latency: 164.092453 ms, Average TFLOPs: 2.909953
>> VLA-Cache inference mode
Current CUDA latency: 110.703262 ms | Average CUDA latency: 164.072083 ms, Average TFLOPs: 2.909969
>> VLA-Cache inference mode
Current CUDA latency: 115.242401 ms | Average CUDA latency: 164.053460 ms, Average TFLOPs: 2.909992
>> VLA-Cache inference mode
Current CUDA latency: 132.238464 ms | Average CUDA latency: 164.041330 ms, Average TFLOPs: 2.909982
>> VLA-Cache inference mode
Current CUDA latency: 348.019196 ms | Average CUDA latency: 164.111444 ms, Average TFLOPs: 2.909999
>> VLA-Cache inference mode
Current CUDA latency: 207.322266 ms | Average CUDA latency: 164.127905 ms, Average TFLOPs: 2.910030
>> VLA-Cache inference mode
Current CUDA latency: 154.146179 ms | Average CUDA latency: 164.124104 ms, Average TFLOPs: 2.910051
>> VLA-Cache inference mode
Current CUDA latency: 109.640060 ms | Average CUDA latency: 164.103364 ms, Average TFLOPs: 2.910078
>> VLA-Cache inference mode
Current CUDA latency: 129.354630 ms | Average CUDA latency: 164.090142 ms, Average TFLOPs: 2.910076
>> VLA-Cache inference mode
Current CUDA latency: 109.326340 ms | Average CUDA latency: 164.069311 ms, Average TFLOPs: 2.910094
>> VLA-Cache inference mode
Current CUDA latency: 110.568703 ms | Average CUDA latency: 164.048968 ms, Average TFLOPs: 2.910104
>> VLA-Cache inference mode
Current CUDA latency: 116.555038 ms | Average CUDA latency: 164.030917 ms, Average TFLOPs: 2.910126
>> VLA-Cache inference mode
Current CUDA latency: 150.271042 ms | Average CUDA latency: 164.025689 ms, Average TFLOPs: 2.910126
>> VLA-Cache inference mode
Current CUDA latency: 267.329681 ms | Average CUDA latency: 164.064923 ms, Average TFLOPs: 2.910127
>> VLA-Cache inference mode
Current CUDA latency: 210.706329 ms | Average CUDA latency: 164.082631 ms, Average TFLOPs: 2.910142
>> VLA-Cache inference mode
Current CUDA latency: 201.791809 ms | Average CUDA latency: 164.096942 ms, Average TFLOPs: 2.910165
Average time per step: 608.7413 ms, Control Frequency: 13.14 Hz, Token Reusing Ratio (Primary): 31.13 %, , Token Reusing Ratio (Wrist): 39.12 %
Saved rollout MP4 at path ./rollouts/2026_04_07/primary--2026_04_07-23_07_35--episode=83--success=True--task=put_the_white_mug_on_the_left_plate_and_put_the_ye.mp4
Saved rollout MP4 at path ./rollouts/2026_04_07/wrist--2026_04_07-23_07_35--episode=83--success=True--task=put_the_white_mug_on_the_left_plate_and_put_the_ye.mp4
04/08 [02:32:03] INFO     | >> Success: True              run_libero_eval.py:230
                 INFO     | >> # episodes completed so    run_libero_eval.py:230
                          far: 83                                               
                 INFO     | >> # successes: 82 (98.8%)    run_libero_eval.py:230

 15%|█▌        | 3/20 [06:37<36:17, 128.08s/it][A                 INFO     | >>                            run_libero_eval.py:230
                          Task: put the white mug on the                        
                          left plate and put the yellow                         
                          and white mug on the right                            
                          plate                                                 
                 INFO     | >> Starting episode 4...      run_libero_eval.py:230
huggingface/tokenizers: The current process just got forked, after parallelism has already been used. Disabling parallelism to avoid deadlocks...
To disable this warning, you can either:
	- Avoid using `tokenizers` before the fork if possible
	- Explicitly set the environment variable TOKENIZERS_PARALLELISM=(true | false)
huggingface/tokenizers: The current process just got forked, after parallelism has already been used. Disabling parallelism to avoid deadlocks...
To disable this warning, you can either:
	- Avoid using `tokenizers` before the fork if possible
	- Explicitly set the environment variable TOKENIZERS_PARALLELISM=(true | false)
>> VLA-Cache inference mode
Current CUDA latency: 371.309479 ms | Average CUDA latency: 164.175550 ms, Average TFLOPs: 2.910491
>> VLA-Cache inference mode
Current CUDA latency: 274.995270 ms | Average CUDA latency: 164.217575 ms, Average TFLOPs: 2.910539
>> VLA-Cache inference mode
Current CUDA latency: 120.235840 ms | Average CUDA latency: 164.200903 ms, Average TFLOPs: 2.910586
>> VLA-Cache inference mode
Current CUDA latency: 111.095390 ms | Average CUDA latency: 164.180779 ms, Average TFLOPs: 2.910637
>> VLA-Cache inference mode
Current CUDA latency: 121.936707 ms | Average CUDA latency: 164.164778 ms, Average TFLOPs: 2.910671
>> VLA-Cache inference mode
Current CUDA latency: 113.802589 ms | Average CUDA latency: 164.145709 ms, Average TFLOPs: 2.910697
>> VLA-Cache inference mode
Current CUDA latency: 134.613022 ms | Average CUDA latency: 164.134530 ms, Average TFLOPs: 2.910732
>> VLA-Cache inference mode
Current CUDA latency: 110.281601 ms | Average CUDA latency: 164.114155 ms, Average TFLOPs: 2.910764
>> VLA-Cache inference mode
Current CUDA latency: 110.457916 ms | Average CUDA latency: 164.093861 ms, Average TFLOPs: 2.910790
>> VLA-Cache inference mode
Current CUDA latency: 110.123138 ms | Average CUDA latency: 164.073456 ms, Average TFLOPs: 2.910821
>> VLA-Cache inference mode
Current CUDA latency: 145.995865 ms | Average CUDA latency: 164.066624 ms, Average TFLOPs: 2.910840
>> VLA-Cache inference mode
Current CUDA latency: 117.679710 ms | Average CUDA latency: 164.049100 ms, Average TFLOPs: 2.910874
>> VLA-Cache inference mode
Current CUDA latency: 110.068451 ms | Average CUDA latency: 164.028714 ms, Average TFLOPs: 2.910896
>> VLA-Cache inference mode
Current CUDA latency: 117.709694 ms | Average CUDA latency: 164.011229 ms, Average TFLOPs: 2.910924
>> VLA-Cache inference mode
Current CUDA latency: 123.696739 ms | Average CUDA latency: 163.996016 ms, Average TFLOPs: 2.910943
>> VLA-Cache inference mode
Current CUDA latency: 328.757812 ms | Average CUDA latency: 164.058167 ms, Average TFLOPs: 2.910959
>> VLA-Cache inference mode
Current CUDA latency: 166.328964 ms | Average CUDA latency: 164.059023 ms, Average TFLOPs: 2.910997
>> VLA-Cache inference mode
Current CUDA latency: 146.674271 ms | Average CUDA latency: 164.052470 ms, Average TFLOPs: 2.911039
>> VLA-Cache inference mode
Current CUDA latency: 110.310722 ms | Average CUDA latency: 164.032221 ms, Average TFLOPs: 2.911074
>> VLA-Cache inference mode
Current CUDA latency: 150.707291 ms | Average CUDA latency: 164.027202 ms, Average TFLOPs: 2.911115
>> VLA-Cache inference mode
Current CUDA latency: 170.396484 ms | Average CUDA latency: 164.029600 ms, Average TFLOPs: 2.911123
>> VLA-Cache inference mode
Current CUDA latency: 127.390877 ms | Average CUDA latency: 164.015811 ms, Average TFLOPs: 2.911132
>> VLA-Cache inference mode
Current CUDA latency: 150.968384 ms | Average CUDA latency: 164.010902 ms, Average TFLOPs: 2.911148
>> VLA-Cache inference mode
Current CUDA latency: 158.315079 ms | Average CUDA latency: 164.008760 ms, Average TFLOPs: 2.911163
>> VLA-Cache inference mode
Current CUDA latency: 140.049957 ms | Average CUDA latency: 163.999753 ms, Average TFLOPs: 2.911180
>> VLA-Cache inference mode
Current CUDA latency: 220.372803 ms | Average CUDA latency: 164.020938 ms, Average TFLOPs: 2.911189
>> VLA-Cache inference mode
Current CUDA latency: 412.022675 ms | Average CUDA latency: 164.114101 ms, Average TFLOPs: 2.911175
>> VLA-Cache inference mode
Current CUDA latency: 148.912003 ms | Average CUDA latency: 164.108393 ms, Average TFLOPs: 2.911186
>> VLA-Cache inference mode
Current CUDA latency: 182.627106 ms | Average CUDA latency: 164.115344 ms, Average TFLOPs: 2.911197
>> VLA-Cache inference mode
Current CUDA latency: 153.006653 ms | Average CUDA latency: 164.111176 ms, Average TFLOPs: 2.911215
Average time per step: 596.0316 ms, Control Frequency: 13.42 Hz, Token Reusing Ratio (Primary): 31.12 %, , Token Reusing Ratio (Wrist): 38.99 %
Saved rollout MP4 at path ./rollouts/2026_04_07/primary--2026_04_07-23_07_35--episode=84--success=True--task=put_the_white_mug_on_the_left_plate_and_put_the_ye.mp4
Saved rollout MP4 at path ./rollouts/2026_04_07/wrist--2026_04_07-23_07_35--episode=84--success=True--task=put_the_white_mug_on_the_left_plate_and_put_the_ye.mp4
04/08 [02:34:02] INFO     | >> Success: True              run_libero_eval.py:230
                 INFO     | >> # episodes completed so    run_libero_eval.py:230
                          far: 84                                               
                 INFO     | >> # successes: 83 (98.8%)    run_libero_eval.py:230

 20%|██        | 4/20 [08:35<33:07, 124.21s/it][A                 INFO     | >>                            run_libero_eval.py:230
                          Task: put the white mug on the                        
                          left plate and put the yellow                         
                          and white mug on the right                            
                          plate                                                 
                 INFO     | >> Starting episode 5...      run_libero_eval.py:230
huggingface/tokenizers: The current process just got forked, after parallelism has already been used. Disabling parallelism to avoid deadlocks...
To disable this warning, you can either:
	- Avoid using `tokenizers` before the fork if possible
	- Explicitly set the environment variable TOKENIZERS_PARALLELISM=(true | false)
huggingface/tokenizers: The current process just got forked, after parallelism has already been used. Disabling parallelism to avoid deadlocks...
To disable this warning, you can either:
	- Avoid using `tokenizers` before the fork if possible
	- Explicitly set the environment variable TOKENIZERS_PARALLELISM=(true | false)
>> VLA-Cache inference mode
Current CUDA latency: 448.170563 ms | Average CUDA latency: 164.217725 ms, Average TFLOPs: 2.911537
>> VLA-Cache inference mode
Current CUDA latency: 380.007233 ms | Average CUDA latency: 164.298636 ms, Average TFLOPs: 2.911588
>> VLA-Cache inference mode
Current CUDA latency: 176.896103 ms | Average CUDA latency: 164.303357 ms, Average TFLOPs: 2.911628
>> VLA-Cache inference mode
Current CUDA latency: 207.113693 ms | Average CUDA latency: 164.319397 ms, Average TFLOPs: 2.911661
>> VLA-Cache inference mode
Current CUDA latency: 128.493149 ms | Average CUDA latency: 164.305979 ms, Average TFLOPs: 2.911681
>> VLA-Cache inference mode
Current CUDA latency: 122.545692 ms | Average CUDA latency: 164.290344 ms, Average TFLOPs: 2.911701
>> VLA-Cache inference mode
Current CUDA latency: 154.427673 ms | Average CUDA latency: 164.286653 ms, Average TFLOPs: 2.911715
>> VLA-Cache inference mode
Current CUDA latency: 262.777832 ms | Average CUDA latency: 164.323500 ms, Average TFLOPs: 2.911700
>> VLA-Cache inference mode
Current CUDA latency: 145.852859 ms | Average CUDA latency: 164.316592 ms, Average TFLOPs: 2.911680
>> VLA-Cache inference mode
Current CUDA latency: 113.802628 ms | Average CUDA latency: 164.297709 ms, Average TFLOPs: 2.911673
>> VLA-Cache inference mode
Current CUDA latency: 115.840836 ms | Average CUDA latency: 164.279601 ms, Average TFLOPs: 2.911683
>> VLA-Cache inference mode
Current CUDA latency: 111.864769 ms | Average CUDA latency: 164.260021 ms, Average TFLOPs: 2.911687
>> VLA-Cache inference mode
Current CUDA latency: 109.575684 ms | Average CUDA latency: 164.239601 ms, Average TFLOPs: 2.911692
>> VLA-Cache inference mode
Current CUDA latency: 113.681854 ms | Average CUDA latency: 164.220729 ms, Average TFLOPs: 2.911691
>> VLA-Cache inference mode
Current CUDA latency: 110.100769 ms | Average CUDA latency: 164.200535 ms, Average TFLOPs: 2.911687
>> VLA-Cache inference mode
Current CUDA latency: 164.613510 ms | Average CUDA latency: 164.200689 ms, Average TFLOPs: 2.911708
>> VLA-Cache inference mode
Current CUDA latency: 263.207855 ms | Average CUDA latency: 164.237605 ms, Average TFLOPs: 2.911710
>> VLA-Cache inference mode
Current CUDA latency: 205.750137 ms | Average CUDA latency: 164.253077 ms, Average TFLOPs: 2.911740
>> VLA-Cache inference mode
Current CUDA latency: 126.740898 ms | Average CUDA latency: 164.239101 ms, Average TFLOPs: 2.911751
>> VLA-Cache inference mode
Current CUDA latency: 126.062019 ms | Average CUDA latency: 164.224882 ms, Average TFLOPs: 2.911757
>> VLA-Cache inference mode
Current CUDA latency: 110.179581 ms | Average CUDA latency: 164.204761 ms, Average TFLOPs: 2.911776
>> VLA-Cache inference mode
Current CUDA latency: 135.676575 ms | Average CUDA latency: 164.194144 ms, Average TFLOPs: 2.911793
>> VLA-Cache inference mode
Current CUDA latency: 108.902016 ms | Average CUDA latency: 164.173574 ms, Average TFLOPs: 2.911811
>> VLA-Cache inference mode
Current CUDA latency: 175.288223 ms | Average CUDA latency: 164.177708 ms, Average TFLOPs: 2.911801
>> VLA-Cache inference mode
Current CUDA latency: 128.227005 ms | Average CUDA latency: 164.164343 ms, Average TFLOPs: 2.911786
>> VLA-Cache inference mode
Current CUDA latency: 156.303650 ms | Average CUDA latency: 164.161422 ms, Average TFLOPs: 2.911800
>> VLA-Cache inference mode
Current CUDA latency: 224.968933 ms | Average CUDA latency: 164.184010 ms, Average TFLOPs: 2.911819
>> VLA-Cache inference mode
Current CUDA latency: 178.003067 ms | Average CUDA latency: 164.189142 ms, Average TFLOPs: 2.911826
Average time per step: 593.0620 ms, Control Frequency: 13.49 Hz, Token Reusing Ratio (Primary): 31.23 %, , Token Reusing Ratio (Wrist): 39.20 %
Saved rollout MP4 at path ./rollouts/2026_04_07/primary--2026_04_07-23_07_35--episode=85--success=True--task=put_the_white_mug_on_the_left_plate_and_put_the_ye.mp4
Saved rollout MP4 at path ./rollouts/2026_04_07/wrist--2026_04_07-23_07_35--episode=85--success=True--task=put_the_white_mug_on_the_left_plate_and_put_the_ye.mp4
04/08 [02:35:59] INFO     | >> Success: True              run_libero_eval.py:230
                 INFO     | >> # episodes completed so    run_libero_eval.py:230
                          far: 85                                               
                 INFO     | >> # successes: 84 (98.8%)    run_libero_eval.py:230

 25%|██▌       | 5/20 [10:32<30:26, 121.74s/it][A                 INFO     | >>                            run_libero_eval.py:230
                          Task: put the white mug on the                        
                          left plate and put the yellow                         
                          and white mug on the right                            
                          plate                                                 
                 INFO     | >> Starting episode 6...      run_libero_eval.py:230
huggingface/tokenizers: The current process just got forked, after parallelism has already been used. Disabling parallelism to avoid deadlocks...
To disable this warning, you can either:
	- Avoid using `tokenizers` before the fork if possible
	- Explicitly set the environment variable TOKENIZERS_PARALLELISM=(true | false)
huggingface/tokenizers: The current process just got forked, after parallelism has already been used. Disabling parallelism to avoid deadlocks...
To disable this warning, you can either:
	- Avoid using `tokenizers` before the fork if possible
	- Explicitly set the environment variable TOKENIZERS_PARALLELISM=(true | false)
>> VLA-Cache inference mode
Current CUDA latency: 372.392426 ms | Average CUDA latency: 164.266426 ms, Average TFLOPs: 2.912145
>> VLA-Cache inference mode
Current CUDA latency: 249.950333 ms | Average CUDA latency: 164.298219 ms, Average TFLOPs: 2.912194
>> VLA-Cache inference mode
Current CUDA latency: 126.016769 ms | Average CUDA latency: 164.284020 ms, Average TFLOPs: 2.912230
>> VLA-Cache inference mode
Current CUDA latency: 122.561378 ms | Average CUDA latency: 164.268550 ms, Average TFLOPs: 2.912263
>> VLA-Cache inference mode
Current CUDA latency: 110.047485 ms | Average CUDA latency: 164.248453 ms, Average TFLOPs: 2.912292
>> VLA-Cache inference mode
Current CUDA latency: 117.640991 ms | Average CUDA latency: 164.231185 ms, Average TFLOPs: 2.912309
>> VLA-Cache inference mode
Current CUDA latency: 143.275909 ms | Average CUDA latency: 164.223424 ms, Average TFLOPs: 2.912355
>> VLA-Cache inference mode
Current CUDA latency: 175.707108 ms | Average CUDA latency: 164.227675 ms, Average TFLOPs: 2.912378
>> VLA-Cache inference mode
Current CUDA latency: 203.754715 ms | Average CUDA latency: 164.242304 ms, Average TFLOPs: 2.912391
>> VLA-Cache inference mode
Current CUDA latency: 143.061691 ms | Average CUDA latency: 164.234468 ms, Average TFLOPs: 2.912401
>> VLA-Cache inference mode
Current CUDA latency: 117.963676 ms | Average CUDA latency: 164.217356 ms, Average TFLOPs: 2.912426
>> VLA-Cache inference mode
Current CUDA latency: 153.084671 ms | Average CUDA latency: 164.213240 ms, Average TFLOPs: 2.912454
>> VLA-Cache inference mode
Current CUDA latency: 110.959778 ms | Average CUDA latency: 164.193561 ms, Average TFLOPs: 2.912475
>> VLA-Cache inference mode
Current CUDA latency: 121.810371 ms | Average CUDA latency: 164.177904 ms, Average TFLOPs: 2.912502
>> VLA-Cache inference mode
Current CUDA latency: 115.874046 ms | Average CUDA latency: 164.160066 ms, Average TFLOPs: 2.912519
>> VLA-Cache inference mode
Current CUDA latency: 116.822174 ms | Average CUDA latency: 164.142592 ms, Average TFLOPs: 2.912537
>> VLA-Cache inference mode
Current CUDA latency: 143.568893 ms | Average CUDA latency: 164.135000 ms, Average TFLOPs: 2.912566
>> VLA-Cache inference mode
Current CUDA latency: 298.421021 ms | Average CUDA latency: 164.184534 ms, Average TFLOPs: 2.912588
>> VLA-Cache inference mode
Current CUDA latency: 230.052002 ms | Average CUDA latency: 164.208821 ms, Average TFLOPs: 2.912617
>> VLA-Cache inference mode
Current CUDA latency: 173.099869 ms | Average CUDA latency: 164.212099 ms, Average TFLOPs: 2.912644
>> VLA-Cache inference mode
Current CUDA latency: 110.656128 ms | Average CUDA latency: 164.192365 ms, Average TFLOPs: 2.912663
>> VLA-Cache inference mode
Current CUDA latency: 119.366943 ms | Average CUDA latency: 164.175855 ms, Average TFLOPs: 2.912691
>> VLA-Cache inference mode
Current CUDA latency: 174.092606 ms | Average CUDA latency: 164.179506 ms, Average TFLOPs: 2.912708
>> VLA-Cache inference mode
Current CUDA latency: 143.468185 ms | Average CUDA latency: 164.171884 ms, Average TFLOPs: 2.912732
>> VLA-Cache inference mode
Current CUDA latency: 186.417221 ms | Average CUDA latency: 164.180068 ms, Average TFLOPs: 2.912748
>> VLA-Cache inference mode
Current CUDA latency: 207.389465 ms | Average CUDA latency: 164.195960 ms, Average TFLOPs: 2.912764
>> VLA-Cache inference mode
Current CUDA latency: 157.269882 ms | Average CUDA latency: 164.193413 ms, Average TFLOPs: 2.912781
>> VLA-Cache inference mode
Current CUDA latency: 142.867142 ms | Average CUDA latency: 164.185576 ms, Average TFLOPs: 2.912792
>> VLA-Cache inference mode
Current CUDA latency: 113.277245 ms | Average CUDA latency: 164.166873 ms, Average TFLOPs: 2.912827
>> VLA-Cache inference mode
Current CUDA latency: 186.412903 ms | Average CUDA latency: 164.175043 ms, Average TFLOPs: 2.912853
Average time per step: 586.8901 ms, Control Frequency: 13.63 Hz, Token Reusing Ratio (Primary): 31.26 %, , Token Reusing Ratio (Wrist): 39.07 %
Saved rollout MP4 at path ./rollouts/2026_04_07/primary--2026_04_07-23_07_35--episode=86--success=True--task=put_the_white_mug_on_the_left_plate_and_put_the_ye.mp4
Saved rollout MP4 at path ./rollouts/2026_04_07/wrist--2026_04_07-23_07_35--episode=86--success=True--task=put_the_white_mug_on_the_left_plate_and_put_the_ye.mp4
04/08 [02:38:00] INFO     | >> Success: True              run_libero_eval.py:230
                 INFO     | >> # episodes completed so    run_libero_eval.py:230
                          far: 86                                               
                 INFO     | >> # successes: 85 (98.8%)    run_libero_eval.py:230

 30%|███       | 6/20 [12:33<28:20, 121.46s/it][A                 INFO     | >>                            run_libero_eval.py:230
                          Task: put the white mug on the                        
                          left plate and put the yellow                         
                          and white mug on the right                            
                          plate                                                 
                 INFO     | >> Starting episode 7...      run_libero_eval.py:230
huggingface/tokenizers: The current process just got forked, after parallelism has already been used. Disabling parallelism to avoid deadlocks...
To disable this warning, you can either:
	- Avoid using `tokenizers` before the fork if possible
	- Explicitly set the environment variable TOKENIZERS_PARALLELISM=(true | false)
huggingface/tokenizers: The current process just got forked, after parallelism has already been used. Disabling parallelism to avoid deadlocks...
To disable this warning, you can either:
	- Avoid using `tokenizers` before the fork if possible
	- Explicitly set the environment variable TOKENIZERS_PARALLELISM=(true | false)
>> VLA-Cache inference mode
Current CUDA latency: 351.095520 ms | Average CUDA latency: 164.243663 ms, Average TFLOPs: 2.913168
>> VLA-Cache inference mode
Current CUDA latency: 293.305908 ms | Average CUDA latency: 164.291025 ms, Average TFLOPs: 2.913204
>> VLA-Cache inference mode
Current CUDA latency: 116.691772 ms | Average CUDA latency: 164.273564 ms, Average TFLOPs: 2.913238
>> VLA-Cache inference mode
Current CUDA latency: 118.511200 ms | Average CUDA latency: 164.256782 ms, Average TFLOPs: 2.913274
>> VLA-Cache inference mode
Current CUDA latency: 132.718979 ms | Average CUDA latency: 164.245222 ms, Average TFLOPs: 2.913292
>> VLA-Cache inference mode
Current CUDA latency: 198.782471 ms | Average CUDA latency: 164.257877 ms, Average TFLOPs: 2.913317
>> VLA-Cache inference mode
Current CUDA latency: 241.781982 ms | Average CUDA latency: 164.286274 ms, Average TFLOPs: 2.913312
>> VLA-Cache inference mode
Current CUDA latency: 125.706467 ms | Average CUDA latency: 164.272148 ms, Average TFLOPs: 2.913324
>> VLA-Cache inference mode
Current CUDA latency: 112.601410 ms | Average CUDA latency: 164.253235 ms, Average TFLOPs: 2.913321
>> VLA-Cache inference mode
Current CUDA latency: 126.857567 ms | Average CUDA latency: 164.239552 ms, Average TFLOPs: 2.913352
>> VLA-Cache inference mode
Current CUDA latency: 111.003456 ms | Average CUDA latency: 164.220080 ms, Average TFLOPs: 2.913371
>> VLA-Cache inference mode
Current CUDA latency: 110.915390 ms | Average CUDA latency: 164.200590 ms, Average TFLOPs: 2.913398
>> VLA-Cache inference mode
Current CUDA latency: 110.265213 ms | Average CUDA latency: 164.180877 ms, Average TFLOPs: 2.913405
>> VLA-Cache inference mode
Current CUDA latency: 113.117500 ms | Average CUDA latency: 164.162220 ms, Average TFLOPs: 2.913415
>> VLA-Cache inference mode
Current CUDA latency: 110.443581 ms | Average CUDA latency: 164.142600 ms, Average TFLOPs: 2.913425
>> VLA-Cache inference mode
Current CUDA latency: 110.731293 ms | Average CUDA latency: 164.123100 ms, Average TFLOPs: 2.913459
>> VLA-Cache inference mode
Current CUDA latency: 121.427330 ms | Average CUDA latency: 164.107518 ms, Average TFLOPs: 2.913485
>> VLA-Cache inference mode
Current CUDA latency: 126.202019 ms | Average CUDA latency: 164.093689 ms, Average TFLOPs: 2.913515
>> VLA-Cache inference mode
Current CUDA latency: 131.463745 ms | Average CUDA latency: 164.081789 ms, Average TFLOPs: 2.913542
>> VLA-Cache inference mode
Current CUDA latency: 259.275818 ms | Average CUDA latency: 164.116493 ms, Average TFLOPs: 2.913543
>> VLA-Cache inference mode
Current CUDA latency: 362.113068 ms | Average CUDA latency: 164.188649 ms, Average TFLOPs: 2.913555
>> VLA-Cache inference mode
Current CUDA latency: 209.008743 ms | Average CUDA latency: 164.204977 ms, Average TFLOPs: 2.913560
>> VLA-Cache inference mode
Current CUDA latency: 160.859451 ms | Average CUDA latency: 164.203759 ms, Average TFLOPs: 2.913551
>> VLA-Cache inference mode
Current CUDA latency: 160.046204 ms | Average CUDA latency: 164.202245 ms, Average TFLOPs: 2.913523
>> VLA-Cache inference mode
Current CUDA latency: 116.271805 ms | Average CUDA latency: 164.184803 ms, Average TFLOPs: 2.913501
>> VLA-Cache inference mode
Current CUDA latency: 115.274689 ms | Average CUDA latency: 164.167011 ms, Average TFLOPs: 2.913507
>> VLA-Cache inference mode
Current CUDA latency: 197.812897 ms | Average CUDA latency: 164.179246 ms, Average TFLOPs: 2.913518
>> VLA-Cache inference mode
Current CUDA latency: 250.651047 ms | Average CUDA latency: 164.210679 ms, Average TFLOPs: 2.913526
>> VLA-Cache inference mode
Current CUDA latency: 199.359268 ms | Average CUDA latency: 164.223451 ms, Average TFLOPs: 2.913510
>> VLA-Cache inference mode
Current CUDA latency: 138.192993 ms | Average CUDA latency: 164.213996 ms, Average TFLOPs: 2.913517
>> VLA-Cache inference mode
Current CUDA latency: 125.234528 ms | Average CUDA latency: 164.199842 ms, Average TFLOPs: 2.913547
>> VLA-Cache inference mode
Current CUDA latency: 113.802689 ms | Average CUDA latency: 164.181549 ms, Average TFLOPs: 2.913580
Average time per step: 579.2134 ms, Control Frequency: 13.81 Hz, Token Reusing Ratio (Primary): 31.31 %, , Token Reusing Ratio (Wrist): 39.24 %
Saved rollout MP4 at path ./rollouts/2026_04_07/primary--2026_04_07-23_07_35--episode=87--success=True--task=put_the_white_mug_on_the_left_plate_and_put_the_ye.mp4
Saved rollout MP4 at path ./rollouts/2026_04_07/wrist--2026_04_07-23_07_35--episode=87--success=True--task=put_the_white_mug_on_the_left_plate_and_put_the_ye.mp4
04/08 [02:40:10] INFO     | >> Success: True              run_libero_eval.py:230
                 INFO     | >> # episodes completed so    run_libero_eval.py:230
                          far: 87                                               
                 INFO     | >> # successes: 86 (98.9%)    run_libero_eval.py:230

 35%|███▌      | 7/20 [14:44<26:57, 124.43s/it][A                 INFO     | >>                            run_libero_eval.py:230
                          Task: put the white mug on the                        
                          left plate and put the yellow                         
                          and white mug on the right                            
                          plate                                                 
                 INFO     | >> Starting episode 8...      run_libero_eval.py:230
huggingface/tokenizers: The current process just got forked, after parallelism has already been used. Disabling parallelism to avoid deadlocks...
To disable this warning, you can either:
	- Avoid using `tokenizers` before the fork if possible
	- Explicitly set the environment variable TOKENIZERS_PARALLELISM=(true | false)
huggingface/tokenizers: The current process just got forked, after parallelism has already been used. Disabling parallelism to avoid deadlocks...
To disable this warning, you can either:
	- Avoid using `tokenizers` before the fork if possible
	- Explicitly set the environment variable TOKENIZERS_PARALLELISM=(true | false)
>> VLA-Cache inference mode
Current CUDA latency: 343.074219 ms | Average CUDA latency: 164.246459 ms, Average TFLOPs: 2.913890
>> VLA-Cache inference mode
Current CUDA latency: 266.505463 ms | Average CUDA latency: 164.283550 ms, Average TFLOPs: 2.913921
>> VLA-Cache inference mode
Current CUDA latency: 179.670364 ms | Average CUDA latency: 164.289129 ms, Average TFLOPs: 2.913946
>> VLA-Cache inference mode
Current CUDA latency: 197.793121 ms | Average CUDA latency: 164.301272 ms, Average TFLOPs: 2.913974
>> VLA-Cache inference mode
Current CUDA latency: 212.223557 ms | Average CUDA latency: 164.318636 ms, Average TFLOPs: 2.914007
>> VLA-Cache inference mode
Current CUDA latency: 135.801727 ms | Average CUDA latency: 164.308307 ms, Average TFLOPs: 2.914029
>> VLA-Cache inference mode
Current CUDA latency: 112.061821 ms | Average CUDA latency: 164.289391 ms, Average TFLOPs: 2.914069
>> VLA-Cache inference mode
Current CUDA latency: 117.542175 ms | Average CUDA latency: 164.272472 ms, Average TFLOPs: 2.914099
>> VLA-Cache inference mode
Current CUDA latency: 110.495331 ms | Average CUDA latency: 164.253016 ms, Average TFLOPs: 2.914111
>> VLA-Cache inference mode
Current CUDA latency: 110.966820 ms | Average CUDA latency: 164.233744 ms, Average TFLOPs: 2.914129
>> VLA-Cache inference mode
Current CUDA latency: 112.332161 ms | Average CUDA latency: 164.214980 ms, Average TFLOPs: 2.914151
>> VLA-Cache inference mode
Current CUDA latency: 153.035385 ms | Average CUDA latency: 164.210939 ms, Average TFLOPs: 2.914173
>> VLA-Cache inference mode
Current CUDA latency: 122.439873 ms | Average CUDA latency: 164.195849 ms, Average TFLOPs: 2.914203
>> VLA-Cache inference mode
Current CUDA latency: 134.944733 ms | Average CUDA latency: 164.185285 ms, Average TFLOPs: 2.914232
>> VLA-Cache inference mode
Current CUDA latency: 110.423073 ms | Average CUDA latency: 164.165876 ms, Average TFLOPs: 2.914246
>> VLA-Cache inference mode
Current CUDA latency: 147.143906 ms | Average CUDA latency: 164.159733 ms, Average TFLOPs: 2.914250
>> VLA-Cache inference mode
Current CUDA latency: 111.998848 ms | Average CUDA latency: 164.140916 ms, Average TFLOPs: 2.914278
>> VLA-Cache inference mode
Current CUDA latency: 130.549988 ms | Average CUDA latency: 164.128803 ms, Average TFLOPs: 2.914317
>> VLA-Cache inference mode
Current CUDA latency: 120.814819 ms | Average CUDA latency: 164.113188 ms, Average TFLOPs: 2.914349
>> VLA-Cache inference mode
Current CUDA latency: 110.746208 ms | Average CUDA latency: 164.093957 ms, Average TFLOPs: 2.914370
>> VLA-Cache inference mode
Current CUDA latency: 112.229889 ms | Average CUDA latency: 164.075274 ms, Average TFLOPs: 2.914394
>> VLA-Cache inference mode
Current CUDA latency: 162.111588 ms | Average CUDA latency: 164.074567 ms, Average TFLOPs: 2.914431
>> VLA-Cache inference mode
Current CUDA latency: 318.162994 ms | Average CUDA latency: 164.130034 ms, Average TFLOPs: 2.914480
>> VLA-Cache inference mode
Current CUDA latency: 230.429382 ms | Average CUDA latency: 164.153892 ms, Average TFLOPs: 2.914491
>> VLA-Cache inference mode
Current CUDA latency: 248.695999 ms | Average CUDA latency: 164.184302 ms, Average TFLOPs: 2.914471
>> VLA-Cache inference mode
Current CUDA latency: 128.820068 ms | Average CUDA latency: 164.171586 ms, Average TFLOPs: 2.914485
>> VLA-Cache inference mode
Current CUDA latency: 203.853668 ms | Average CUDA latency: 164.185850 ms, Average TFLOPs: 2.914520
>> VLA-Cache inference mode
Current CUDA latency: 120.878204 ms | Average CUDA latency: 164.170288 ms, Average TFLOPs: 2.914543
Average time per step: 573.7135 ms, Control Frequency: 13.94 Hz, Token Reusing Ratio (Primary): 31.30 %, , Token Reusing Ratio (Wrist): 39.11 %
Saved rollout MP4 at path ./rollouts/2026_04_07/primary--2026_04_07-23_07_35--episode=88--success=True--task=put_the_white_mug_on_the_left_plate_and_put_the_ye.mp4
Saved rollout MP4 at path ./rollouts/2026_04_07/wrist--2026_04_07-23_07_35--episode=88--success=True--task=put_the_white_mug_on_the_left_plate_and_put_the_ye.mp4
04/08 [02:42:11] INFO     | >> Success: True              run_libero_eval.py:230
                 INFO     | >> # episodes completed so    run_libero_eval.py:230
                          far: 88                                               
                 INFO     | >> # successes: 87 (98.9%)    run_libero_eval.py:230

 40%|████      | 8/20 [16:45<24:39, 123.32s/it][A                 INFO     | >>                            run_libero_eval.py:230
                          Task: put the white mug on the                        
                          left plate and put the yellow                         
                          and white mug on the right                            
                          plate                                                 
                 INFO     | >> Starting episode 9...      run_libero_eval.py:230
huggingface/tokenizers: The current process just got forked, after parallelism has already been used. Disabling parallelism to avoid deadlocks...
To disable this warning, you can either:
	- Avoid using `tokenizers` before the fork if possible
	- Explicitly set the environment variable TOKENIZERS_PARALLELISM=(true | false)
huggingface/tokenizers: The current process just got forked, after parallelism has already been used. Disabling parallelism to avoid deadlocks...
To disable this warning, you can either:
	- Avoid using `tokenizers` before the fork if possible
	- Explicitly set the environment variable TOKENIZERS_PARALLELISM=(true | false)
>> VLA-Cache inference mode
Current CUDA latency: 297.751495 ms | Average CUDA latency: 164.218270 ms, Average TFLOPs: 2.914850
>> VLA-Cache inference mode
Current CUDA latency: 306.609375 ms | Average CUDA latency: 164.269398 ms, Average TFLOPs: 2.914882
>> VLA-Cache inference mode
Current CUDA latency: 335.939789 ms | Average CUDA latency: 164.331017 ms, Average TFLOPs: 2.914913
>> VLA-Cache inference mode
Current CUDA latency: 247.782852 ms | Average CUDA latency: 164.360960 ms, Average TFLOPs: 2.914928
>> VLA-Cache inference mode
Current CUDA latency: 138.755737 ms | Average CUDA latency: 164.351776 ms, Average TFLOPs: 2.914953
>> VLA-Cache inference mode
Current CUDA latency: 115.802940 ms | Average CUDA latency: 164.334369 ms, Average TFLOPs: 2.914978
>> VLA-Cache inference mode
Current CUDA latency: 226.421600 ms | Average CUDA latency: 164.356622 ms, Average TFLOPs: 2.914964
>> VLA-Cache inference mode
Current CUDA latency: 133.414810 ms | Average CUDA latency: 164.345536 ms, Average TFLOPs: 2.914936
>> VLA-Cache inference mode
Current CUDA latency: 111.580002 ms | Average CUDA latency: 164.326637 ms, Average TFLOPs: 2.914937
>> VLA-Cache inference mode
Current CUDA latency: 111.741890 ms | Average CUDA latency: 164.307810 ms, Average TFLOPs: 2.914937
>> VLA-Cache inference mode
Current CUDA latency: 109.358047 ms | Average CUDA latency: 164.288143 ms, Average TFLOPs: 2.914942
>> VLA-Cache inference mode
Current CUDA latency: 115.023453 ms | Average CUDA latency: 164.270517 ms, Average TFLOPs: 2.914958
>> VLA-Cache inference mode
Current CUDA latency: 111.460350 ms | Average CUDA latency: 164.251629 ms, Average TFLOPs: 2.914973
>> VLA-Cache inference mode
Current CUDA latency: 119.135201 ms | Average CUDA latency: 164.235499 ms, Average TFLOPs: 2.914973
>> VLA-Cache inference mode
Current CUDA latency: 129.626175 ms | Average CUDA latency: 164.223130 ms, Average TFLOPs: 2.914980
>> VLA-Cache inference mode
Current CUDA latency: 173.568604 ms | Average CUDA latency: 164.226468 ms, Average TFLOPs: 2.915000
>> VLA-Cache inference mode
Current CUDA latency: 202.054489 ms | Average CUDA latency: 164.239978 ms, Average TFLOPs: 2.915017
>> VLA-Cache inference mode
Current CUDA latency: 181.078979 ms | Average CUDA latency: 164.245990 ms, Average TFLOPs: 2.915052
>> VLA-Cache inference mode
Current CUDA latency: 128.206940 ms | Average CUDA latency: 164.233128 ms, Average TFLOPs: 2.915081
>> VLA-Cache inference mode
Current CUDA latency: 113.677246 ms | Average CUDA latency: 164.215092 ms, Average TFLOPs: 2.915089
>> VLA-Cache inference mode
Current CUDA latency: 117.681213 ms | Average CUDA latency: 164.198496 ms, Average TFLOPs: 2.915102
>> VLA-Cache inference mode
Current CUDA latency: 116.431618 ms | Average CUDA latency: 164.181467 ms, Average TFLOPs: 2.915122
>> VLA-Cache inference mode
Current CUDA latency: 259.120148 ms | Average CUDA latency: 164.215301 ms, Average TFLOPs: 2.915143
>> VLA-Cache inference mode
Current CUDA latency: 215.118469 ms | Average CUDA latency: 164.233436 ms, Average TFLOPs: 2.915134
>> VLA-Cache inference mode
Current CUDA latency: 199.304062 ms | Average CUDA latency: 164.245925 ms, Average TFLOPs: 2.915104
>> VLA-Cache inference mode
Current CUDA latency: 188.816742 ms | Average CUDA latency: 164.254672 ms, Average TFLOPs: 2.915104
>> VLA-Cache inference mode
Current CUDA latency: 227.531357 ms | Average CUDA latency: 164.277191 ms, Average TFLOPs: 2.915114
Average time per step: 569.9638 ms, Control Frequency: 14.04 Hz, Token Reusing Ratio (Primary): 31.30 %, , Token Reusing Ratio (Wrist): 39.24 %
Saved rollout MP4 at path ./rollouts/2026_04_07/primary--2026_04_07-23_07_35--episode=89--success=True--task=put_the_white_mug_on_the_left_plate_and_put_the_ye.mp4
Saved rollout MP4 at path ./rollouts/2026_04_07/wrist--2026_04_07-23_07_35--episode=89--success=True--task=put_the_white_mug_on_the_left_plate_and_put_the_ye.mp4
04/08 [02:44:06] INFO     | >> Success: True              run_libero_eval.py:230
                 INFO     | >> # episodes completed so    run_libero_eval.py:230
                          far: 89                                               
                 INFO     | >> # successes: 88 (98.9%)    run_libero_eval.py:230

 45%|████▌     | 9/20 [18:39<22:04, 120.45s/it][A                 INFO     | >>                            run_libero_eval.py:230
                          Task: put the white mug on the                        
                          left plate and put the yellow                         
                          and white mug on the right                            
                          plate                                                 
                 INFO     | >> Starting episode 10...     run_libero_eval.py:230
huggingface/tokenizers: The current process just got forked, after parallelism has already been used. Disabling parallelism to avoid deadlocks...
To disable this warning, you can either:
	- Avoid using `tokenizers` before the fork if possible
	- Explicitly set the environment variable TOKENIZERS_PARALLELISM=(true | false)
huggingface/tokenizers: The current process just got forked, after parallelism has already been used. Disabling parallelism to avoid deadlocks...
To disable this warning, you can either:
	- Avoid using `tokenizers` before the fork if possible
	- Explicitly set the environment variable TOKENIZERS_PARALLELISM=(true | false)
>> VLA-Cache inference mode
Current CUDA latency: 326.141266 ms | Average CUDA latency: 164.334773 ms, Average TFLOPs: 2.915418
>> VLA-Cache inference mode
Current CUDA latency: 254.948517 ms | Average CUDA latency: 164.366997 ms, Average TFLOPs: 2.915455
>> VLA-Cache inference mode
Current CUDA latency: 133.406586 ms | Average CUDA latency: 164.355991 ms, Average TFLOPs: 2.915479
>> VLA-Cache inference mode
Current CUDA latency: 158.173447 ms | Average CUDA latency: 164.353794 ms, Average TFLOPs: 2.915494
>> VLA-Cache inference mode
Current CUDA latency: 234.015228 ms | Average CUDA latency: 164.378540 ms, Average TFLOPs: 2.915532
>> VLA-Cache inference mode
Current CUDA latency: 434.278931 ms | Average CUDA latency: 164.474386 ms, Average TFLOPs: 2.915551
>> VLA-Cache inference mode
Current CUDA latency: 218.709595 ms | Average CUDA latency: 164.493639 ms, Average TFLOPs: 2.915577
>> VLA-Cache inference mode
Current CUDA latency: 122.047997 ms | Average CUDA latency: 164.478576 ms, Average TFLOPs: 2.915600
>> VLA-Cache inference mode
Current CUDA latency: 191.011520 ms | Average CUDA latency: 164.487988 ms, Average TFLOPs: 2.915596
>> VLA-Cache inference mode
Current CUDA latency: 126.235329 ms | Average CUDA latency: 164.474424 ms, Average TFLOPs: 2.915596
>> VLA-Cache inference mode
Current CUDA latency: 117.269058 ms | Average CUDA latency: 164.457690 ms, Average TFLOPs: 2.915591
>> VLA-Cache inference mode
Current CUDA latency: 116.345123 ms | Average CUDA latency: 164.440641 ms, Average TFLOPs: 2.915587
>> VLA-Cache inference mode
Current CUDA latency: 116.659103 ms | Average CUDA latency: 164.423715 ms, Average TFLOPs: 2.915599
>> VLA-Cache inference mode
Current CUDA latency: 123.672867 ms | Average CUDA latency: 164.409285 ms, Average TFLOPs: 2.915615
>> VLA-Cache inference mode
Current CUDA latency: 174.508255 ms | Average CUDA latency: 164.412860 ms, Average TFLOPs: 2.915628
>> VLA-Cache inference mode
Current CUDA latency: 195.238907 ms | Average CUDA latency: 164.423768 ms, Average TFLOPs: 2.915639
>> VLA-Cache inference mode
Current CUDA latency: 174.281250 ms | Average CUDA latency: 164.427255 ms, Average TFLOPs: 2.915665
>> VLA-Cache inference mode
Current CUDA latency: 134.377350 ms | Average CUDA latency: 164.416629 ms, Average TFLOPs: 2.915687
>> VLA-Cache inference mode
Current CUDA latency: 118.708260 ms | Average CUDA latency: 164.400472 ms, Average TFLOPs: 2.915721
>> VLA-Cache inference mode
Current CUDA latency: 130.362686 ms | Average CUDA latency: 164.388444 ms, Average TFLOPs: 2.915721
>> VLA-Cache inference mode
Current CUDA latency: 115.252670 ms | Average CUDA latency: 164.371088 ms, Average TFLOPs: 2.915733
>> VLA-Cache inference mode
Current CUDA latency: 124.994019 ms | Average CUDA latency: 164.357184 ms, Average TFLOPs: 2.915752
>> VLA-Cache inference mode
Current CUDA latency: 122.770691 ms | Average CUDA latency: 164.342504 ms, Average TFLOPs: 2.915758
>> VLA-Cache inference mode
Current CUDA latency: 152.031906 ms | Average CUDA latency: 164.338161 ms, Average TFLOPs: 2.915767
>> VLA-Cache inference mode
Current CUDA latency: 295.082245 ms | Average CUDA latency: 164.384278 ms, Average TFLOPs: 2.915754
>> VLA-Cache inference mode
Current CUDA latency: 188.863266 ms | Average CUDA latency: 164.392910 ms, Average TFLOPs: 2.915737
>> VLA-Cache inference mode
Current CUDA latency: 123.227646 ms | Average CUDA latency: 164.378400 ms, Average TFLOPs: 2.915727
>> VLA-Cache inference mode
Current CUDA latency: 155.739929 ms | Average CUDA latency: 164.375356 ms, Average TFLOPs: 2.915724
>> VLA-Cache inference mode
Current CUDA latency: 160.806976 ms | Average CUDA latency: 164.374099 ms, Average TFLOPs: 2.915719
>> VLA-Cache inference mode
Current CUDA latency: 114.682175 ms | Average CUDA latency: 164.356602 ms, Average TFLOPs: 2.915715
>> VLA-Cache inference mode
Current CUDA latency: 111.218781 ms | Average CUDA latency: 164.337898 ms, Average TFLOPs: 2.915709
>> VLA-Cache inference mode
Current CUDA latency: 121.030174 ms | Average CUDA latency: 164.322659 ms, Average TFLOPs: 2.915716
>> VLA-Cache inference mode
Current CUDA latency: 139.369888 ms | Average CUDA latency: 164.313882 ms, Average TFLOPs: 2.915745
>> VLA-Cache inference mode
Current CUDA latency: 120.454910 ms | Average CUDA latency: 164.298461 ms, Average TFLOPs: 2.915762
Average time per step: 573.3185 ms, Control Frequency: 13.95 Hz, Token Reusing Ratio (Primary): 31.30 %, , Token Reusing Ratio (Wrist): 39.48 %
Saved rollout MP4 at path ./rollouts/2026_04_07/primary--2026_04_07-23_07_35--episode=90--success=True--task=put_the_white_mug_on_the_left_plate_and_put_the_ye.mp4
Saved rollout MP4 at path ./rollouts/2026_04_07/wrist--2026_04_07-23_07_35--episode=90--success=True--task=put_the_white_mug_on_the_left_plate_and_put_the_ye.mp4
04/08 [02:46:37] INFO     | >> Success: True              run_libero_eval.py:230
                 INFO     | >> # episodes completed so    run_libero_eval.py:230
                          far: 90                                               
                 INFO     | >> # successes: 89 (98.9%)    run_libero_eval.py:230

 50%|█████     | 10/20 [21:11<21:41, 130.17s/it][A                 INFO     | >>                            run_libero_eval.py:230
                          Task: put the white mug on the                        
                          left plate and put the yellow                         
                          and white mug on the right                            
                          plate                                                 
                 INFO     | >> Starting episode 11...     run_libero_eval.py:230
huggingface/tokenizers: The current process just got forked, after parallelism has already been used. Disabling parallelism to avoid deadlocks...
To disable this warning, you can either:
	- Avoid using `tokenizers` before the fork if possible
	- Explicitly set the environment variable TOKENIZERS_PARALLELISM=(true | false)
huggingface/tokenizers: The current process just got forked, after parallelism has already been used. Disabling parallelism to avoid deadlocks...
To disable this warning, you can either:
	- Avoid using `tokenizers` before the fork if possible
	- Explicitly set the environment variable TOKENIZERS_PARALLELISM=(true | false)
>> VLA-Cache inference mode
Current CUDA latency: 396.056671 ms | Average CUDA latency: 164.379923 ms, Average TFLOPs: 2.916062
>> VLA-Cache inference mode
Current CUDA latency: 336.947571 ms | Average CUDA latency: 164.440558 ms, Average TFLOPs: 2.916102
>> VLA-Cache inference mode
Current CUDA latency: 150.856064 ms | Average CUDA latency: 164.435786 ms, Average TFLOPs: 2.916128
>> VLA-Cache inference mode
Current CUDA latency: 138.596130 ms | Average CUDA latency: 164.426713 ms, Average TFLOPs: 2.916141
>> VLA-Cache inference mode
Current CUDA latency: 110.039711 ms | Average CUDA latency: 164.407623 ms, Average TFLOPs: 2.916160
>> VLA-Cache inference mode
Current CUDA latency: 111.649757 ms | Average CUDA latency: 164.389112 ms, Average TFLOPs: 2.916173
>> VLA-Cache inference mode
Current CUDA latency: 109.652061 ms | Average CUDA latency: 164.369913 ms, Average TFLOPs: 2.916190
>> VLA-Cache inference mode
Current CUDA latency: 112.299454 ms | Average CUDA latency: 164.351655 ms, Average TFLOPs: 2.916224
>> VLA-Cache inference mode
Current CUDA latency: 117.320480 ms | Average CUDA latency: 164.335170 ms, Average TFLOPs: 2.916258
>> VLA-Cache inference mode
Current CUDA latency: 110.517731 ms | Average CUDA latency: 164.316313 ms, Average TFLOPs: 2.916295
>> VLA-Cache inference mode
Current CUDA latency: 111.248802 ms | Average CUDA latency: 164.297726 ms, Average TFLOPs: 2.916334
>> VLA-Cache inference mode
Current CUDA latency: 117.796799 ms | Average CUDA latency: 164.281444 ms, Average TFLOPs: 2.916361
>> VLA-Cache inference mode
Current CUDA latency: 110.669121 ms | Average CUDA latency: 164.262679 ms, Average TFLOPs: 2.916383
>> VLA-Cache inference mode
Current CUDA latency: 120.316383 ms | Average CUDA latency: 164.247302 ms, Average TFLOPs: 2.916402
>> VLA-Cache inference mode
Current CUDA latency: 136.158783 ms | Average CUDA latency: 164.237478 ms, Average TFLOPs: 2.916411
>> VLA-Cache inference mode
Current CUDA latency: 165.305374 ms | Average CUDA latency: 164.237851 ms, Average TFLOPs: 2.916450
>> VLA-Cache inference mode
Current CUDA latency: 162.232224 ms | Average CUDA latency: 164.237150 ms, Average TFLOPs: 2.916466
>> VLA-Cache inference mode
Current CUDA latency: 166.559143 ms | Average CUDA latency: 164.237961 ms, Average TFLOPs: 2.916499
>> VLA-Cache inference mode
Current CUDA latency: 132.997116 ms | Average CUDA latency: 164.227049 ms, Average TFLOPs: 2.916504
>> VLA-Cache inference mode
Current CUDA latency: 136.596771 ms | Average CUDA latency: 164.217402 ms, Average TFLOPs: 2.916510
>> VLA-Cache inference mode
Current CUDA latency: 117.086815 ms | Average CUDA latency: 164.200951 ms, Average TFLOPs: 2.916530
>> VLA-Cache inference mode
Current CUDA latency: 119.534752 ms | Average CUDA latency: 164.185367 ms, Average TFLOPs: 2.916528
>> VLA-Cache inference mode
Current CUDA latency: 170.211075 ms | Average CUDA latency: 164.187468 ms, Average TFLOPs: 2.916520
>> VLA-Cache inference mode
Current CUDA latency: 136.777954 ms | Average CUDA latency: 164.177911 ms, Average TFLOPs: 2.916501
>> VLA-Cache inference mode
Current CUDA latency: 116.005028 ms | Average CUDA latency: 164.161120 ms, Average TFLOPs: 2.916511
>> VLA-Cache inference mode
Current CUDA latency: 119.041153 ms | Average CUDA latency: 164.145399 ms, Average TFLOPs: 2.916537
>> VLA-Cache inference mode
Current CUDA latency: 112.118431 ms | Average CUDA latency: 164.127278 ms, Average TFLOPs: 2.916573
Average time per step: 571.8548 ms, Control Frequency: 13.99 Hz, Token Reusing Ratio (Primary): 31.27 %, , Token Reusing Ratio (Wrist): 39.41 %
Saved rollout MP4 at path ./rollouts/2026_04_07/primary--2026_04_07-23_07_35--episode=91--success=True--task=put_the_white_mug_on_the_left_plate_and_put_the_ye.mp4
Saved rollout MP4 at path ./rollouts/2026_04_07/wrist--2026_04_07-23_07_35--episode=91--success=True--task=put_the_white_mug_on_the_left_plate_and_put_the_ye.mp4
04/08 [02:48:26] INFO     | >> Success: True              run_libero_eval.py:230
                 INFO     | >> # episodes completed so    run_libero_eval.py:230
                          far: 91                                               
                 INFO     | >> # successes: 90 (98.9%)    run_libero_eval.py:230

 55%|█████▌    | 11/20 [22:59<18:30, 123.40s/it][A                 INFO     | >>                            run_libero_eval.py:230
                          Task: put the white mug on the                        
                          left plate and put the yellow                         
                          and white mug on the right                            
                          plate                                                 
                 INFO     | >> Starting episode 12...     run_libero_eval.py:230
huggingface/tokenizers: The current process just got forked, after parallelism has already been used. Disabling parallelism to avoid deadlocks...
To disable this warning, you can either:
	- Avoid using `tokenizers` before the fork if possible
	- Explicitly set the environment variable TOKENIZERS_PARALLELISM=(true | false)
huggingface/tokenizers: The current process just got forked, after parallelism has already been used. Disabling parallelism to avoid deadlocks...
To disable this warning, you can either:
	- Avoid using `tokenizers` before the fork if possible
	- Explicitly set the environment variable TOKENIZERS_PARALLELISM=(true | false)
>> VLA-Cache inference mode
Current CUDA latency: 368.714050 ms | Average CUDA latency: 164.198513 ms, Average TFLOPs: 2.916870
>> VLA-Cache inference mode
Current CUDA latency: 320.539062 ms | Average CUDA latency: 164.252930 ms, Average TFLOPs: 2.916911
>> VLA-Cache inference mode
Current CUDA latency: 113.560768 ms | Average CUDA latency: 164.235292 ms, Average TFLOPs: 2.916938
>> VLA-Cache inference mode
Current CUDA latency: 149.868027 ms | Average CUDA latency: 164.230294 ms, Average TFLOPs: 2.916955
>> VLA-Cache inference mode
Current CUDA latency: 123.018944 ms | Average CUDA latency: 164.215965 ms, Average TFLOPs: 2.916967
>> VLA-Cache inference mode
Current CUDA latency: 109.678978 ms | Average CUDA latency: 164.197009 ms, Average TFLOPs: 2.916980
>> VLA-Cache inference mode
Current CUDA latency: 109.049278 ms | Average CUDA latency: 164.177847 ms, Average TFLOPs: 2.916990
>> VLA-Cache inference mode
Current CUDA latency: 109.300385 ms | Average CUDA latency: 164.158786 ms, Average TFLOPs: 2.916995
>> VLA-Cache inference mode
Current CUDA latency: 109.770241 ms | Average CUDA latency: 164.139901 ms, Average TFLOPs: 2.916997
>> VLA-Cache inference mode
Current CUDA latency: 119.284195 ms | Average CUDA latency: 164.124331 ms, Average TFLOPs: 2.917007
>> VLA-Cache inference mode
Current CUDA latency: 115.918655 ms | Average CUDA latency: 164.107605 ms, Average TFLOPs: 2.917014
>> VLA-Cache inference mode
Current CUDA latency: 115.253983 ms | Average CUDA latency: 164.090659 ms, Average TFLOPs: 2.917024
>> VLA-Cache inference mode
Current CUDA latency: 116.554115 ms | Average CUDA latency: 164.074176 ms, Average TFLOPs: 2.917040
>> VLA-Cache inference mode
Current CUDA latency: 122.367264 ms | Average CUDA latency: 164.059720 ms, Average TFLOPs: 2.917040
>> VLA-Cache inference mode
Current CUDA latency: 122.821762 ms | Average CUDA latency: 164.045431 ms, Average TFLOPs: 2.917036
>> VLA-Cache inference mode
Current CUDA latency: 118.929886 ms | Average CUDA latency: 164.029804 ms, Average TFLOPs: 2.917060
>> VLA-Cache inference mode
Current CUDA latency: 166.214981 ms | Average CUDA latency: 164.030561 ms, Average TFLOPs: 2.917098
>> VLA-Cache inference mode
Current CUDA latency: 174.039001 ms | Average CUDA latency: 164.034025 ms, Average TFLOPs: 2.917131
>> VLA-Cache inference mode
Current CUDA latency: 148.231491 ms | Average CUDA latency: 164.028557 ms, Average TFLOPs: 2.917175
>> VLA-Cache inference mode
Current CUDA latency: 131.061371 ms | Average CUDA latency: 164.017153 ms, Average TFLOPs: 2.917197
>> VLA-Cache inference mode
Current CUDA latency: 114.740929 ms | Average CUDA latency: 164.000115 ms, Average TFLOPs: 2.917216
>> VLA-Cache inference mode
Current CUDA latency: 111.646812 ms | Average CUDA latency: 163.982018 ms, Average TFLOPs: 2.917236
>> VLA-Cache inference mode
Current CUDA latency: 116.373405 ms | Average CUDA latency: 163.965567 ms, Average TFLOPs: 2.917243
>> VLA-Cache inference mode
Current CUDA latency: 115.942627 ms | Average CUDA latency: 163.948979 ms, Average TFLOPs: 2.917247
>> VLA-Cache inference mode
Current CUDA latency: 185.620102 ms | Average CUDA latency: 163.956462 ms, Average TFLOPs: 2.917234
>> VLA-Cache inference mode
Current CUDA latency: 144.310501 ms | Average CUDA latency: 163.949681 ms, Average TFLOPs: 2.917223
>> VLA-Cache inference mode
Current CUDA latency: 117.132477 ms | Average CUDA latency: 163.933526 ms, Average TFLOPs: 2.917247
>> VLA-Cache inference mode
Current CUDA latency: 211.018723 ms | Average CUDA latency: 163.949768 ms, Average TFLOPs: 2.917266
>> VLA-Cache inference mode
Current CUDA latency: 350.855927 ms | Average CUDA latency: 164.014218 ms, Average TFLOPs: 2.917297
Average time per step: 568.6462 ms, Control Frequency: 14.07 Hz, Token Reusing Ratio (Primary): 31.23 %, , Token Reusing Ratio (Wrist): 39.46 %
Saved rollout MP4 at path ./rollouts/2026_04_07/primary--2026_04_07-23_07_35--episode=92--success=True--task=put_the_white_mug_on_the_left_plate_and_put_the_ye.mp4
Saved rollout MP4 at path ./rollouts/2026_04_07/wrist--2026_04_07-23_07_35--episode=92--success=True--task=put_the_white_mug_on_the_left_plate_and_put_the_ye.mp4
04/08 [02:50:25] INFO     | >> Success: True              run_libero_eval.py:230
                 INFO     | >> # episodes completed so    run_libero_eval.py:230
                          far: 92                                               
                 INFO     | >> # successes: 91 (98.9%)    run_libero_eval.py:230

 60%|██████    | 12/20 [24:58<16:17, 122.14s/it][A                 INFO     | >>                            run_libero_eval.py:230
                          Task: put the white mug on the                        
                          left plate and put the yellow                         
                          and white mug on the right                            
                          plate                                                 
                 INFO     | >> Starting episode 13...     run_libero_eval.py:230
>> VLA-Cache inference mode
Current CUDA latency: 401.927948 ms | Average CUDA latency: 164.096229 ms, Average TFLOPs: 2.917591
>> VLA-Cache inference mode
Current CUDA latency: 279.036041 ms | Average CUDA latency: 164.135836 ms, Average TFLOPs: 2.917631
>> VLA-Cache inference mode
Current CUDA latency: 110.028419 ms | Average CUDA latency: 164.117198 ms, Average TFLOPs: 2.917658
>> VLA-Cache inference mode
Current CUDA latency: 111.620193 ms | Average CUDA latency: 164.099120 ms, Average TFLOPs: 2.917693
>> VLA-Cache inference mode
Current CUDA latency: 121.562752 ms | Average CUDA latency: 164.084478 ms, Average TFLOPs: 2.917712
>> VLA-Cache inference mode
Current CUDA latency: 114.423744 ms | Average CUDA latency: 164.067389 ms, Average TFLOPs: 2.917725
>> VLA-Cache inference mode
Current CUDA latency: 159.647003 ms | Average CUDA latency: 164.065868 ms, Average TFLOPs: 2.917713
>> VLA-Cache inference mode
Current CUDA latency: 181.862183 ms | Average CUDA latency: 164.071988 ms, Average TFLOPs: 2.917723
>> VLA-Cache inference mode
Current CUDA latency: 173.244034 ms | Average CUDA latency: 164.075141 ms, Average TFLOPs: 2.917740
>> VLA-Cache inference mode
Current CUDA latency: 152.161346 ms | Average CUDA latency: 164.071047 ms, Average TFLOPs: 2.917768
>> VLA-Cache inference mode
Current CUDA latency: 124.905342 ms | Average CUDA latency: 164.057592 ms, Average TFLOPs: 2.917808
>> VLA-Cache inference mode
Current CUDA latency: 118.060509 ms | Average CUDA latency: 164.041797 ms, Average TFLOPs: 2.917825
>> VLA-Cache inference mode
Current CUDA latency: 108.996964 ms | Average CUDA latency: 164.022900 ms, Average TFLOPs: 2.917844
>> VLA-Cache inference mode
Current CUDA latency: 161.052765 ms | Average CUDA latency: 164.021881 ms, Average TFLOPs: 2.917851
>> VLA-Cache inference mode
Current CUDA latency: 108.794563 ms | Average CUDA latency: 164.002935 ms, Average TFLOPs: 2.917853
>> VLA-Cache inference mode
Current CUDA latency: 111.446175 ms | Average CUDA latency: 163.984912 ms, Average TFLOPs: 2.917877
>> VLA-Cache inference mode
Current CUDA latency: 144.365921 ms | Average CUDA latency: 163.978186 ms, Average TFLOPs: 2.917904
>> VLA-Cache inference mode
Current CUDA latency: 116.220703 ms | Average CUDA latency: 163.961819 ms, Average TFLOPs: 2.917926
>> VLA-Cache inference mode
Current CUDA latency: 109.035072 ms | Average CUDA latency: 163.943002 ms, Average TFLOPs: 2.917923
>> VLA-Cache inference mode
Current CUDA latency: 179.062439 ms | Average CUDA latency: 163.948180 ms, Average TFLOPs: 2.917963
>> VLA-Cache inference mode
Current CUDA latency: 312.958649 ms | Average CUDA latency: 163.999194 ms, Average TFLOPs: 2.917975
>> VLA-Cache inference mode
Current CUDA latency: 171.052032 ms | Average CUDA latency: 164.001607 ms, Average TFLOPs: 2.917985
>> VLA-Cache inference mode
Current CUDA latency: 223.937408 ms | Average CUDA latency: 164.022112 ms, Average TFLOPs: 2.917966
>> VLA-Cache inference mode
Current CUDA latency: 149.216507 ms | Average CUDA latency: 164.017049 ms, Average TFLOPs: 2.917966
>> VLA-Cache inference mode
Current CUDA latency: 108.700317 ms | Average CUDA latency: 163.998137 ms, Average TFLOPs: 2.917966
>> VLA-Cache inference mode
Current CUDA latency: 126.200867 ms | Average CUDA latency: 163.985219 ms, Average TFLOPs: 2.917988
>> VLA-Cache inference mode
Current CUDA latency: 190.704666 ms | Average CUDA latency: 163.994348 ms, Average TFLOPs: 2.918012
>> VLA-Cache inference mode
Current CUDA latency: 206.724411 ms | Average CUDA latency: 164.008942 ms, Average TFLOPs: 2.918030
>> VLA-Cache inference mode
Current CUDA latency: 202.159042 ms | Average CUDA latency: 164.021967 ms, Average TFLOPs: 2.918040
>> VLA-Cache inference mode
Current CUDA latency: 245.594406 ms | Average CUDA latency: 164.049807 ms, Average TFLOPs: 2.918042
>> VLA-Cache inference mode
Current CUDA latency: 131.535141 ms | Average CUDA latency: 164.038714 ms, Average TFLOPs: 2.918055
>> VLA-Cache inference mode
Current CUDA latency: 140.777893 ms | Average CUDA latency: 164.030780 ms, Average TFLOPs: 2.918048
>> VLA-Cache inference mode
Current CUDA latency: 109.247581 ms | Average CUDA latency: 164.012102 ms, Average TFLOPs: 2.918054
>> VLA-Cache inference mode
Current CUDA latency: 156.540314 ms | Average CUDA latency: 164.009555 ms, Average TFLOPs: 2.918059
>> VLA-Cache inference mode
Current CUDA latency: 159.876190 ms | Average CUDA latency: 164.008147 ms, Average TFLOPs: 2.918075
>> VLA-Cache inference mode
Current CUDA latency: 162.769562 ms | Average CUDA latency: 164.007725 ms, Average TFLOPs: 2.918100
>> VLA-Cache inference mode
Current CUDA latency: 144.515045 ms | Average CUDA latency: 164.001088 ms, Average TFLOPs: 2.918112
>> VLA-Cache inference mode
Current CUDA latency: 182.904480 ms | Average CUDA latency: 164.007522 ms, Average TFLOPs: 2.918134
>> VLA-Cache inference mode
Current CUDA latency: 129.079803 ms | Average CUDA latency: 163.995638 ms, Average TFLOPs: 2.918169
>> VLA-Cache inference mode
Current CUDA latency: 141.271133 ms | Average CUDA latency: 163.987909 ms, Average TFLOPs: 2.918205
>> VLA-Cache inference mode
Current CUDA latency: 168.978149 ms | Average CUDA latency: 163.989606 ms, Average TFLOPs: 2.918235
>> VLA-Cache inference mode
Current CUDA latency: 153.016678 ms | Average CUDA latency: 163.985876 ms, Average TFLOPs: 2.918268
>> VLA-Cache inference mode
Current CUDA latency: 119.076355 ms | Average CUDA latency: 163.970616 ms, Average TFLOPs: 2.918298
>> VLA-Cache inference mode
Current CUDA latency: 116.211906 ms | Average CUDA latency: 163.954394 ms, Average TFLOPs: 2.918328
>> VLA-Cache inference mode
Current CUDA latency: 133.088379 ms | Average CUDA latency: 163.943913 ms, Average TFLOPs: 2.918368
>> VLA-Cache inference mode
Current CUDA latency: 172.088409 ms | Average CUDA latency: 163.946677 ms, Average TFLOPs: 2.918412
>> VLA-Cache inference mode
Current CUDA latency: 119.135231 ms | Average CUDA latency: 163.931472 ms, Average TFLOPs: 2.918459
>> VLA-Cache inference mode
Current CUDA latency: 119.695137 ms | Average CUDA latency: 163.916466 ms, Average TFLOPs: 2.918505
>> VLA-Cache inference mode
Current CUDA latency: 109.973282 ms | Average CUDA latency: 163.898174 ms, Average TFLOPs: 2.918537
>> VLA-Cache inference mode
Current CUDA latency: 109.373535 ms | Average CUDA latency: 163.879691 ms, Average TFLOPs: 2.918564
>> VLA-Cache inference mode
Current CUDA latency: 109.740578 ms | Average CUDA latency: 163.861345 ms, Average TFLOPs: 2.918593
>> VLA-Cache inference mode
Current CUDA latency: 115.793091 ms | Average CUDA latency: 163.845062 ms, Average TFLOPs: 2.918623
>> VLA-Cache inference mode
Current CUDA latency: 180.913177 ms | Average CUDA latency: 163.850842 ms, Average TFLOPs: 2.918662
>> VLA-Cache inference mode
Current CUDA latency: 226.905151 ms | Average CUDA latency: 163.872187 ms, Average TFLOPs: 2.918695
>> VLA-Cache inference mode
Current CUDA latency: 224.582458 ms | Average CUDA latency: 163.892732 ms, Average TFLOPs: 2.918717
>> VLA-Cache inference mode
Current CUDA latency: 321.202332 ms | Average CUDA latency: 163.945949 ms, Average TFLOPs: 2.918741
>> VLA-Cache inference mode
Current CUDA latency: 144.221115 ms | Average CUDA latency: 163.939279 ms, Average TFLOPs: 2.918769
>> VLA-Cache inference mode
Current CUDA latency: 117.443810 ms | Average CUDA latency: 163.923560 ms, Average TFLOPs: 2.918792
>> VLA-Cache inference mode
Current CUDA latency: 112.970749 ms | Average CUDA latency: 163.906340 ms, Average TFLOPs: 2.918839
>> VLA-Cache inference mode
Current CUDA latency: 190.639389 ms | Average CUDA latency: 163.915372 ms, Average TFLOPs: 2.918865
>> VLA-Cache inference mode
Current CUDA latency: 112.419617 ms | Average CUDA latency: 163.897980 ms, Average TFLOPs: 2.918903
>> VLA-Cache inference mode
Current CUDA latency: 118.431068 ms | Average CUDA latency: 163.882630 ms, Average TFLOPs: 2.918911
>> VLA-Cache inference mode
Current CUDA latency: 110.443420 ms | Average CUDA latency: 163.864595 ms, Average TFLOPs: 2.918951
>> VLA-Cache inference mode
Current CUDA latency: 136.744614 ms | Average CUDA latency: 163.855445 ms, Average TFLOPs: 2.918980
huggingface/tokenizers: The current process just got forked, after parallelism has already been used. Disabling parallelism to avoid deadlocks...
To disable this warning, you can either:
	- Avoid using `tokenizers` before the fork if possible
	- Explicitly set the environment variable TOKENIZERS_PARALLELISM=(true | false)
huggingface/tokenizers: The current process just got forked, after parallelism has already been used. Disabling parallelism to avoid deadlocks...
To disable this warning, you can either:
	- Avoid using `tokenizers` before the fork if possible
	- Explicitly set the environment variable TOKENIZERS_PARALLELISM=(true | false)
>> VLA-Cache inference mode
Current CUDA latency: 115.068512 ms | Average CUDA latency: 163.838991 ms, Average TFLOPs: 2.919014
Average time per step: 562.0487 ms, Control Frequency: 14.23 Hz, Token Reusing Ratio (Primary): 31.60 %, , Token Reusing Ratio (Wrist): 39.20 %
Saved rollout MP4 at path ./rollouts/2026_04_07/primary--2026_04_07-23_07_35--episode=93--success=False--task=put_the_white_mug_on_the_left_plate_and_put_the_ye.mp4
Saved rollout MP4 at path ./rollouts/2026_04_07/wrist--2026_04_07-23_07_35--episode=93--success=False--task=put_the_white_mug_on_the_left_plate_and_put_the_ye.mp4
04/08 [02:54:50] INFO     | >> Success: False             run_libero_eval.py:230
                 INFO     | >> # episodes completed so    run_libero_eval.py:230
                          far: 93                                               
                 INFO     | >> # successes: 91 (97.8%)    run_libero_eval.py:230

 65%|██████▌   | 13/20 [29:24<19:19, 165.62s/it][A                 INFO     | >>                            run_libero_eval.py:230
                          Task: put the white mug on the                        
                          left plate and put the yellow                         
                          and white mug on the right                            
                          plate                                                 
                 INFO     | >> Starting episode 14...     run_libero_eval.py:230
huggingface/tokenizers: The current process just got forked, after parallelism has already been used. Disabling parallelism to avoid deadlocks...
To disable this warning, you can either:
	- Avoid using `tokenizers` before the fork if possible
	- Explicitly set the environment variable TOKENIZERS_PARALLELISM=(true | false)
huggingface/tokenizers: The current process just got forked, after parallelism has already been used. Disabling parallelism to avoid deadlocks...
To disable this warning, you can either:
	- Avoid using `tokenizers` before the fork if possible
	- Explicitly set the environment variable TOKENIZERS_PARALLELISM=(true | false)
>> VLA-Cache inference mode
Current CUDA latency: 437.082916 ms | Average CUDA latency: 163.931116 ms, Average TFLOPs: 2.919301
>> VLA-Cache inference mode
Current CUDA latency: 373.796509 ms | Average CUDA latency: 164.001849 ms, Average TFLOPs: 2.919343
>> VLA-Cache inference mode
Current CUDA latency: 177.441956 ms | Average CUDA latency: 164.006378 ms, Average TFLOPs: 2.919370
>> VLA-Cache inference mode
Current CUDA latency: 167.910812 ms | Average CUDA latency: 164.007693 ms, Average TFLOPs: 2.919410
>> VLA-Cache inference mode
Current CUDA latency: 195.008286 ms | Average CUDA latency: 164.018131 ms, Average TFLOPs: 2.919421
>> VLA-Cache inference mode
Current CUDA latency: 135.436096 ms | Average CUDA latency: 164.008510 ms, Average TFLOPs: 2.919441
>> VLA-Cache inference mode
Current CUDA latency: 205.598206 ms | Average CUDA latency: 164.022504 ms, Average TFLOPs: 2.919424
>> VLA-Cache inference mode
Current CUDA latency: 109.108383 ms | Average CUDA latency: 164.004033 ms, Average TFLOPs: 2.919417
>> VLA-Cache inference mode
Current CUDA latency: 110.563171 ms | Average CUDA latency: 163.986064 ms, Average TFLOPs: 2.919420
>> VLA-Cache inference mode
Current CUDA latency: 116.103645 ms | Average CUDA latency: 163.969969 ms, Average TFLOPs: 2.919429
>> VLA-Cache inference mode
Current CUDA latency: 118.599869 ms | Average CUDA latency: 163.954724 ms, Average TFLOPs: 2.919440
>> VLA-Cache inference mode
Current CUDA latency: 112.276161 ms | Average CUDA latency: 163.937364 ms, Average TFLOPs: 2.919453
>> VLA-Cache inference mode
Current CUDA latency: 110.615105 ms | Average CUDA latency: 163.919459 ms, Average TFLOPs: 2.919464
>> VLA-Cache inference mode
Current CUDA latency: 110.529213 ms | Average CUDA latency: 163.901537 ms, Average TFLOPs: 2.919477
>> VLA-Cache inference mode
Current CUDA latency: 136.541122 ms | Average CUDA latency: 163.892355 ms, Average TFLOPs: 2.919502
>> VLA-Cache inference mode
Current CUDA latency: 116.874496 ms | Average CUDA latency: 163.876583 ms, Average TFLOPs: 2.919529
>> VLA-Cache inference mode
Current CUDA latency: 110.226013 ms | Average CUDA latency: 163.858591 ms, Average TFLOPs: 2.919562
>> VLA-Cache inference mode
Current CUDA latency: 114.244606 ms | Average CUDA latency: 163.841959 ms, Average TFLOPs: 2.919559
>> VLA-Cache inference mode
Current CUDA latency: 120.143517 ms | Average CUDA latency: 163.827315 ms, Average TFLOPs: 2.919561
>> VLA-Cache inference mode
Current CUDA latency: 126.942398 ms | Average CUDA latency: 163.814958 ms, Average TFLOPs: 2.919585
>> VLA-Cache inference mode
Current CUDA latency: 171.608124 ms | Average CUDA latency: 163.817568 ms, Average TFLOPs: 2.919592
>> VLA-Cache inference mode
Current CUDA latency: 251.799515 ms | Average CUDA latency: 163.847023 ms, Average TFLOPs: 2.919592
>> VLA-Cache inference mode
Current CUDA latency: 264.989258 ms | Average CUDA latency: 163.880873 ms, Average TFLOPs: 2.919562
>> VLA-Cache inference mode
Current CUDA latency: 176.642075 ms | Average CUDA latency: 163.885142 ms, Average TFLOPs: 2.919565
>> VLA-Cache inference mode
Current CUDA latency: 214.591705 ms | Average CUDA latency: 163.902101 ms, Average TFLOPs: 2.919584
>> VLA-Cache inference mode
Current CUDA latency: 115.670433 ms | Average CUDA latency: 163.885975 ms, Average TFLOPs: 2.919592
Average time per step: 559.8919 ms, Control Frequency: 14.29 Hz, Token Reusing Ratio (Primary): 31.54 %, , Token Reusing Ratio (Wrist): 39.23 %
Saved rollout MP4 at path ./rollouts/2026_04_07/primary--2026_04_07-23_07_35--episode=94--success=True--task=put_the_white_mug_on_the_left_plate_and_put_the_ye.mp4
Saved rollout MP4 at path ./rollouts/2026_04_07/wrist--2026_04_07-23_07_35--episode=94--success=True--task=put_the_white_mug_on_the_left_plate_and_put_the_ye.mp4
04/08 [02:56:31] INFO     | >> Success: True              run_libero_eval.py:230
                 INFO     | >> # episodes completed so    run_libero_eval.py:230
                          far: 94                                               
                 INFO     | >> # successes: 92 (97.9%)    run_libero_eval.py:230

 70%|███████   | 14/20 [31:04<14:35, 145.99s/it][A                 INFO     | >>                            run_libero_eval.py:230
                          Task: put the white mug on the                        
                          left plate and put the yellow                         
                          and white mug on the right                            
                          plate                                                 
                 INFO     | >> Starting episode 15...     run_libero_eval.py:230
>> VLA-Cache inference mode
Current CUDA latency: 321.935303 ms | Average CUDA latency: 163.938799 ms, Average TFLOPs: 2.919876
>> VLA-Cache inference mode
Current CUDA latency: 248.000351 ms | Average CUDA latency: 163.966885 ms, Average TFLOPs: 2.919905
>> VLA-Cache inference mode
Current CUDA latency: 132.824707 ms | Average CUDA latency: 163.956484 ms, Average TFLOPs: 2.919922
>> VLA-Cache inference mode
Current CUDA latency: 128.500412 ms | Average CUDA latency: 163.944645 ms, Average TFLOPs: 2.919934
>> VLA-Cache inference mode
Current CUDA latency: 119.768768 ms | Average CUDA latency: 163.929900 ms, Average TFLOPs: 2.919948
>> VLA-Cache inference mode
Current CUDA latency: 147.064453 ms | Average CUDA latency: 163.924273 ms, Average TFLOPs: 2.919957
>> VLA-Cache inference mode
Current CUDA latency: 182.187454 ms | Average CUDA latency: 163.930365 ms, Average TFLOPs: 2.919959
>> VLA-Cache inference mode
Current CUDA latency: 216.388519 ms | Average CUDA latency: 163.947856 ms, Average TFLOPs: 2.919956
>> VLA-Cache inference mode
Current CUDA latency: 229.128967 ms | Average CUDA latency: 163.969583 ms, Average TFLOPs: 2.919962
>> VLA-Cache inference mode
Current CUDA latency: 155.386047 ms | Average CUDA latency: 163.966723 ms, Average TFLOPs: 2.919975
>> VLA-Cache inference mode
Current CUDA latency: 109.977310 ms | Average CUDA latency: 163.948739 ms, Average TFLOPs: 2.919987
>> VLA-Cache inference mode
Current CUDA latency: 117.518082 ms | Average CUDA latency: 163.933277 ms, Average TFLOPs: 2.919989
>> VLA-Cache inference mode
Current CUDA latency: 110.430275 ms | Average CUDA latency: 163.915467 ms, Average TFLOPs: 2.919992
>> VLA-Cache inference mode
Current CUDA latency: 110.017570 ms | Average CUDA latency: 163.897531 ms, Average TFLOPs: 2.920008
>> VLA-Cache inference mode
Current CUDA latency: 124.699745 ms | Average CUDA latency: 163.884491 ms, Average TFLOPs: 2.920017
>> VLA-Cache inference mode
Current CUDA latency: 113.471199 ms | Average CUDA latency: 163.867726 ms, Average TFLOPs: 2.920024
>> VLA-Cache inference mode
Current CUDA latency: 112.187202 ms | Average CUDA latency: 163.850544 ms, Average TFLOPs: 2.920038
>> VLA-Cache inference mode
Current CUDA latency: 116.427490 ms | Average CUDA latency: 163.834784 ms, Average TFLOPs: 2.920068
>> VLA-Cache inference mode
Current CUDA latency: 114.900543 ms | Average CUDA latency: 163.818527 ms, Average TFLOPs: 2.920094
>> VLA-Cache inference mode
Current CUDA latency: 109.095650 ms | Average CUDA latency: 163.800353 ms, Average TFLOPs: 2.920102
>> VLA-Cache inference mode
Current CUDA latency: 114.665825 ms | Average CUDA latency: 163.784040 ms, Average TFLOPs: 2.920129
>> VLA-Cache inference mode
Current CUDA latency: 117.201820 ms | Average CUDA latency: 163.768579 ms, Average TFLOPs: 2.920151
>> VLA-Cache inference mode
Current CUDA latency: 110.120865 ms | Average CUDA latency: 163.750780 ms, Average TFLOPs: 2.920153
>> VLA-Cache inference mode
Current CUDA latency: 141.380325 ms | Average CUDA latency: 163.743360 ms, Average TFLOPs: 2.920149
>> VLA-Cache inference mode
Current CUDA latency: 273.472778 ms | Average CUDA latency: 163.779742 ms, Average TFLOPs: 2.920124
>> VLA-Cache inference mode
Current CUDA latency: 255.592957 ms | Average CUDA latency: 163.810174 ms, Average TFLOPs: 2.920122
>> VLA-Cache inference mode
Current CUDA latency: 232.617630 ms | Average CUDA latency: 163.832973 ms, Average TFLOPs: 2.920149
>> VLA-Cache inference mode
Current CUDA latency: 124.890305 ms | Average CUDA latency: 163.820074 ms, Average TFLOPs: 2.920161
>> VLA-Cache inference mode
Current CUDA latency: 111.839645 ms | Average CUDA latency: 163.802862 ms, Average TFLOPs: 2.920174
>> VLA-Cache inference mode
Current CUDA latency: 147.130554 ms | Average CUDA latency: 163.797343 ms, Average TFLOPs: 2.920169
>> VLA-Cache inference mode
Current CUDA latency: 113.280609 ms | Average CUDA latency: 163.780627 ms, Average TFLOPs: 2.920188
>> VLA-Cache inference mode
Current CUDA latency: 113.163612 ms | Average CUDA latency: 163.763883 ms, Average TFLOPs: 2.920198
>> VLA-Cache inference mode
Current CUDA latency: 109.433762 ms | Average CUDA latency: 163.745917 ms, Average TFLOPs: 2.920209
>> VLA-Cache inference mode
Current CUDA latency: 116.935074 ms | Average CUDA latency: 163.730442 ms, Average TFLOPs: 2.920228
>> VLA-Cache inference mode
Current CUDA latency: 127.260284 ms | Average CUDA latency: 163.718390 ms, Average TFLOPs: 2.920255
>> VLA-Cache inference mode
Current CUDA latency: 141.980423 ms | Average CUDA latency: 163.711208 ms, Average TFLOPs: 2.920289
>> VLA-Cache inference mode
Current CUDA latency: 121.278526 ms | Average CUDA latency: 163.697195 ms, Average TFLOPs: 2.920330
>> VLA-Cache inference mode
Current CUDA latency: 132.962372 ms | Average CUDA latency: 163.687048 ms, Average TFLOPs: 2.920366
>> VLA-Cache inference mode
Current CUDA latency: 110.203583 ms | Average CUDA latency: 163.669397 ms, Average TFLOPs: 2.920396
>> VLA-Cache inference mode
Current CUDA latency: 143.123001 ms | Average CUDA latency: 163.662618 ms, Average TFLOPs: 2.920425
>> VLA-Cache inference mode
Current CUDA latency: 363.203094 ms | Average CUDA latency: 163.728430 ms, Average TFLOPs: 2.920447
>> VLA-Cache inference mode
Current CUDA latency: 301.678131 ms | Average CUDA latency: 163.773913 ms, Average TFLOPs: 2.920479
>> VLA-Cache inference mode
Current CUDA latency: 172.132858 ms | Average CUDA latency: 163.776668 ms, Average TFLOPs: 2.920513
>> VLA-Cache inference mode
Current CUDA latency: 139.008377 ms | Average CUDA latency: 163.768507 ms, Average TFLOPs: 2.920548
>> VLA-Cache inference mode
Current CUDA latency: 131.147522 ms | Average CUDA latency: 163.757762 ms, Average TFLOPs: 2.920584
>> VLA-Cache inference mode
Current CUDA latency: 123.343681 ms | Average CUDA latency: 163.744455 ms, Average TFLOPs: 2.920623
>> VLA-Cache inference mode
Current CUDA latency: 109.841087 ms | Average CUDA latency: 163.726712 ms, Average TFLOPs: 2.920656
>> VLA-Cache inference mode
Current CUDA latency: 128.474854 ms | Average CUDA latency: 163.715112 ms, Average TFLOPs: 2.920693
>> VLA-Cache inference mode
Current CUDA latency: 165.992249 ms | Average CUDA latency: 163.715861 ms, Average TFLOPs: 2.920733
>> VLA-Cache inference mode
Current CUDA latency: 116.093666 ms | Average CUDA latency: 163.700201 ms, Average TFLOPs: 2.920764
>> VLA-Cache inference mode
Current CUDA latency: 109.623299 ms | Average CUDA latency: 163.682424 ms, Average TFLOPs: 2.920797
>> VLA-Cache inference mode
Current CUDA latency: 180.084259 ms | Average CUDA latency: 163.687814 ms, Average TFLOPs: 2.920833
>> VLA-Cache inference mode
Current CUDA latency: 279.128510 ms | Average CUDA latency: 163.725738 ms, Average TFLOPs: 2.920877
>> VLA-Cache inference mode
Current CUDA latency: 225.743896 ms | Average CUDA latency: 163.746105 ms, Average TFLOPs: 2.920921
>> VLA-Cache inference mode
Current CUDA latency: 168.733536 ms | Average CUDA latency: 163.747743 ms, Average TFLOPs: 2.920968
>> VLA-Cache inference mode
Current CUDA latency: 172.293442 ms | Average CUDA latency: 163.750547 ms, Average TFLOPs: 2.921017
>> VLA-Cache inference mode
Current CUDA latency: 118.461853 ms | Average CUDA latency: 163.735689 ms, Average TFLOPs: 2.921063
>> VLA-Cache inference mode
Current CUDA latency: 112.929535 ms | Average CUDA latency: 163.719026 ms, Average TFLOPs: 2.921107
>> VLA-Cache inference mode
Current CUDA latency: 237.530685 ms | Average CUDA latency: 163.743226 ms, Average TFLOPs: 2.921127
>> VLA-Cache inference mode
Current CUDA latency: 131.583557 ms | Average CUDA latency: 163.732686 ms, Average TFLOPs: 2.921153
>> VLA-Cache inference mode
Current CUDA latency: 124.284706 ms | Average CUDA latency: 163.719760 ms, Average TFLOPs: 2.921189
>> VLA-Cache inference mode
Current CUDA latency: 168.832825 ms | Average CUDA latency: 163.721435 ms, Average TFLOPs: 2.921234
>> VLA-Cache inference mode
Current CUDA latency: 272.445221 ms | Average CUDA latency: 163.757035 ms, Average TFLOPs: 2.921262
>> VLA-Cache inference mode
Current CUDA latency: 231.662201 ms | Average CUDA latency: 163.779263 ms, Average TFLOPs: 2.921297
huggingface/tokenizers: The current process just got forked, after parallelism has already been used. Disabling parallelism to avoid deadlocks...
To disable this warning, you can either:
	- Avoid using `tokenizers` before the fork if possible
	- Explicitly set the environment variable TOKENIZERS_PARALLELISM=(true | false)
huggingface/tokenizers: The current process just got forked, after parallelism has already been used. Disabling parallelism to avoid deadlocks...
To disable this warning, you can either:
	- Avoid using `tokenizers` before the fork if possible
	- Explicitly set the environment variable TOKENIZERS_PARALLELISM=(true | false)
>> VLA-Cache inference mode
Current CUDA latency: 175.887421 ms | Average CUDA latency: 163.783225 ms, Average TFLOPs: 2.921331
Average time per step: 556.3276 ms, Control Frequency: 14.38 Hz, Token Reusing Ratio (Primary): 31.73 %, , Token Reusing Ratio (Wrist): 39.06 %
Saved rollout MP4 at path ./rollouts/2026_04_07/primary--2026_04_07-23_07_35--episode=95--success=False--task=put_the_white_mug_on_the_left_plate_and_put_the_ye.mp4
Saved rollout MP4 at path ./rollouts/2026_04_07/wrist--2026_04_07-23_07_35--episode=95--success=False--task=put_the_white_mug_on_the_left_plate_and_put_the_ye.mp4
04/08 [03:00:50] INFO     | >> Success: False             run_libero_eval.py:230
                 INFO     | >> # episodes completed so    run_libero_eval.py:230
                          far: 95                                               
                 INFO     | >> # successes: 92 (96.8%)    run_libero_eval.py:230

 75%|███████▌  | 15/20 [35:23<15:00, 180.06s/it][A                 INFO     | >>                            run_libero_eval.py:230
                          Task: put the white mug on the                        
                          left plate and put the yellow                         
                          and white mug on the right                            
                          plate                                                 
                 INFO     | >> Starting episode 16...     run_libero_eval.py:230
huggingface/tokenizers: The current process just got forked, after parallelism has already been used. Disabling parallelism to avoid deadlocks...
To disable this warning, you can either:
	- Avoid using `tokenizers` before the fork if possible
	- Explicitly set the environment variable TOKENIZERS_PARALLELISM=(true | false)
huggingface/tokenizers: The current process just got forked, after parallelism has already been used. Disabling parallelism to avoid deadlocks...
To disable this warning, you can either:
	- Avoid using `tokenizers` before the fork if possible
	- Explicitly set the environment variable TOKENIZERS_PARALLELISM=(true | false)
>> VLA-Cache inference mode
Current CUDA latency: 527.245972 ms | Average CUDA latency: 163.902120 ms, Average TFLOPs: 2.921609
>> VLA-Cache inference mode
Current CUDA latency: 376.630981 ms | Average CUDA latency: 163.971685 ms, Average TFLOPs: 2.921641
>> VLA-Cache inference mode
Current CUDA latency: 407.155701 ms | Average CUDA latency: 164.051183 ms, Average TFLOPs: 2.921656
>> VLA-Cache inference mode
Current CUDA latency: 211.454651 ms | Average CUDA latency: 164.066674 ms, Average TFLOPs: 2.921680
>> VLA-Cache inference mode
Current CUDA latency: 130.603897 ms | Average CUDA latency: 164.055742 ms, Average TFLOPs: 2.921692
>> VLA-Cache inference mode
Current CUDA latency: 111.053886 ms | Average CUDA latency: 164.038433 ms, Average TFLOPs: 2.921706
>> VLA-Cache inference mode
Current CUDA latency: 109.687614 ms | Average CUDA latency: 164.020688 ms, Average TFLOPs: 2.921717
>> VLA-Cache inference mode
Current CUDA latency: 141.357986 ms | Average CUDA latency: 164.013292 ms, Average TFLOPs: 2.921717
>> VLA-Cache inference mode
Current CUDA latency: 122.505028 ms | Average CUDA latency: 163.999749 ms, Average TFLOPs: 2.921706
>> VLA-Cache inference mode
Current CUDA latency: 109.975677 ms | Average CUDA latency: 163.982129 ms, Average TFLOPs: 2.921696
>> VLA-Cache inference mode
Current CUDA latency: 114.469856 ms | Average CUDA latency: 163.965985 ms, Average TFLOPs: 2.921700
>> VLA-Cache inference mode
Current CUDA latency: 111.958755 ms | Average CUDA latency: 163.949034 ms, Average TFLOPs: 2.921703
>> VLA-Cache inference mode
Current CUDA latency: 126.104034 ms | Average CUDA latency: 163.936702 ms, Average TFLOPs: 2.921713
>> VLA-Cache inference mode
Current CUDA latency: 108.331970 ms | Average CUDA latency: 163.918590 ms, Average TFLOPs: 2.921712
>> VLA-Cache inference mode
Current CUDA latency: 112.412064 ms | Average CUDA latency: 163.901818 ms, Average TFLOPs: 2.921713
>> VLA-Cache inference mode
Current CUDA latency: 148.581055 ms | Average CUDA latency: 163.896831 ms, Average TFLOPs: 2.921712
>> VLA-Cache inference mode
Current CUDA latency: 168.209732 ms | Average CUDA latency: 163.898235 ms, Average TFLOPs: 2.921735
>> VLA-Cache inference mode
Current CUDA latency: 151.481567 ms | Average CUDA latency: 163.894195 ms, Average TFLOPs: 2.921739
>> VLA-Cache inference mode
Current CUDA latency: 136.055618 ms | Average CUDA latency: 163.885142 ms, Average TFLOPs: 2.921743
>> VLA-Cache inference mode
Current CUDA latency: 216.057953 ms | Average CUDA latency: 163.902103 ms, Average TFLOPs: 2.921735
>> VLA-Cache inference mode
Current CUDA latency: 113.976898 ms | Average CUDA latency: 163.885878 ms, Average TFLOPs: 2.921740
>> VLA-Cache inference mode
Current CUDA latency: 120.955360 ms | Average CUDA latency: 163.871931 ms, Average TFLOPs: 2.921749
>> VLA-Cache inference mode
Current CUDA latency: 138.166046 ms | Average CUDA latency: 163.863582 ms, Average TFLOPs: 2.921760
>> VLA-Cache inference mode
Current CUDA latency: 130.117630 ms | Average CUDA latency: 163.852625 ms, Average TFLOPs: 2.921770
>> VLA-Cache inference mode
Current CUDA latency: 171.148254 ms | Average CUDA latency: 163.854993 ms, Average TFLOPs: 2.921745
>> VLA-Cache inference mode
Current CUDA latency: 124.526466 ms | Average CUDA latency: 163.842233 ms, Average TFLOPs: 2.921740
>> VLA-Cache inference mode
Current CUDA latency: 110.430946 ms | Average CUDA latency: 163.824908 ms, Average TFLOPs: 2.921742
>> VLA-Cache inference mode
Current CUDA latency: 124.959908 ms | Average CUDA latency: 163.812306 ms, Average TFLOPs: 2.921767
Average time per step: 556.7062 ms, Control Frequency: 14.37 Hz, Token Reusing Ratio (Primary): 31.76 %, , Token Reusing Ratio (Wrist): 39.13 %
Saved rollout MP4 at path ./rollouts/2026_04_07/primary--2026_04_07-23_07_35--episode=96--success=True--task=put_the_white_mug_on_the_left_plate_and_put_the_ye.mp4
Saved rollout MP4 at path ./rollouts/2026_04_07/wrist--2026_04_07-23_07_35--episode=96--success=True--task=put_the_white_mug_on_the_left_plate_and_put_the_ye.mp4
04/08 [03:02:48] INFO     | >> Success: True              run_libero_eval.py:230
                 INFO     | >> # episodes completed so    run_libero_eval.py:230
                          far: 96                                               
                 INFO     | >> # successes: 93 (96.9%)    run_libero_eval.py:230

 80%|████████  | 16/20 [37:22<10:45, 161.47s/it][A                 INFO     | >>                            run_libero_eval.py:230
                          Task: put the white mug on the                        
                          left plate and put the yellow                         
                          and white mug on the right                            
                          plate                                                 
                 INFO     | >> Starting episode 17...     run_libero_eval.py:230
huggingface/tokenizers: The current process just got forked, after parallelism has already been used. Disabling parallelism to avoid deadlocks...
To disable this warning, you can either:
	- Avoid using `tokenizers` before the fork if possible
	- Explicitly set the environment variable TOKENIZERS_PARALLELISM=(true | false)
huggingface/tokenizers: The current process just got forked, after parallelism has already been used. Disabling parallelism to avoid deadlocks...
To disable this warning, you can either:
	- Avoid using `tokenizers` before the fork if possible
	- Explicitly set the environment variable TOKENIZERS_PARALLELISM=(true | false)
>> VLA-Cache inference mode
Current CUDA latency: 545.984009 ms | Average CUDA latency: 163.936187 ms, Average TFLOPs: 2.922042
>> VLA-Cache inference mode
Current CUDA latency: 433.452301 ms | Average CUDA latency: 164.023522 ms, Average TFLOPs: 2.922082
>> VLA-Cache inference mode
Current CUDA latency: 182.232346 ms | Average CUDA latency: 164.029420 ms, Average TFLOPs: 2.922102
>> VLA-Cache inference mode
Current CUDA latency: 125.547966 ms | Average CUDA latency: 164.016959 ms, Average TFLOPs: 2.922133
>> VLA-Cache inference mode
Current CUDA latency: 126.162781 ms | Average CUDA latency: 164.004704 ms, Average TFLOPs: 2.922145
>> VLA-Cache inference mode
Current CUDA latency: 120.020737 ms | Average CUDA latency: 163.990470 ms, Average TFLOPs: 2.922175
>> VLA-Cache inference mode
Current CUDA latency: 120.484253 ms | Average CUDA latency: 163.976395 ms, Average TFLOPs: 2.922193
>> VLA-Cache inference mode
Current CUDA latency: 200.337051 ms | Average CUDA latency: 163.988154 ms, Average TFLOPs: 2.922195
>> VLA-Cache inference mode
Current CUDA latency: 180.683838 ms | Average CUDA latency: 163.993552 ms, Average TFLOPs: 2.922177
>> VLA-Cache inference mode
Current CUDA latency: 120.950241 ms | Average CUDA latency: 163.979640 ms, Average TFLOPs: 2.922170
>> VLA-Cache inference mode
Current CUDA latency: 113.349121 ms | Average CUDA latency: 163.963281 ms, Average TFLOPs: 2.922172
>> VLA-Cache inference mode
Current CUDA latency: 150.682587 ms | Average CUDA latency: 163.958992 ms, Average TFLOPs: 2.922183
>> VLA-Cache inference mode
Current CUDA latency: 138.130112 ms | Average CUDA latency: 163.950652 ms, Average TFLOPs: 2.922191
>> VLA-Cache inference mode
Current CUDA latency: 132.089401 ms | Average CUDA latency: 163.940367 ms, Average TFLOPs: 2.922213
>> VLA-Cache inference mode
Current CUDA latency: 120.060097 ms | Average CUDA latency: 163.926208 ms, Average TFLOPs: 2.922212
>> VLA-Cache inference mode
Current CUDA latency: 223.438232 ms | Average CUDA latency: 163.945405 ms, Average TFLOPs: 2.922227
>> VLA-Cache inference mode
Current CUDA latency: 201.983521 ms | Average CUDA latency: 163.957672 ms, Average TFLOPs: 2.922244
>> VLA-Cache inference mode
Current CUDA latency: 205.328934 ms | Average CUDA latency: 163.971009 ms, Average TFLOPs: 2.922261
>> VLA-Cache inference mode
Current CUDA latency: 430.574860 ms | Average CUDA latency: 164.056927 ms, Average TFLOPs: 2.922279
>> VLA-Cache inference mode
Current CUDA latency: 173.329376 ms | Average CUDA latency: 164.059914 ms, Average TFLOPs: 2.922284
>> VLA-Cache inference mode
Current CUDA latency: 113.992607 ms | Average CUDA latency: 164.043789 ms, Average TFLOPs: 2.922293
>> VLA-Cache inference mode
Current CUDA latency: 117.322975 ms | Average CUDA latency: 164.028747 ms, Average TFLOPs: 2.922309
>> VLA-Cache inference mode
Current CUDA latency: 127.879776 ms | Average CUDA latency: 164.017113 ms, Average TFLOPs: 2.922319
>> VLA-Cache inference mode
Current CUDA latency: 179.544540 ms | Average CUDA latency: 164.022108 ms, Average TFLOPs: 2.922306
>> VLA-Cache inference mode
Current CUDA latency: 197.395966 ms | Average CUDA latency: 164.032843 ms, Average TFLOPs: 2.922294
>> VLA-Cache inference mode
Current CUDA latency: 138.822586 ms | Average CUDA latency: 164.024737 ms, Average TFLOPs: 2.922292
>> VLA-Cache inference mode
Current CUDA latency: 202.326981 ms | Average CUDA latency: 164.037049 ms, Average TFLOPs: 2.922306
>> VLA-Cache inference mode
Current CUDA latency: 165.535233 ms | Average CUDA latency: 164.037530 ms, Average TFLOPs: 2.922307
Average time per step: 557.8588 ms, Control Frequency: 14.34 Hz, Token Reusing Ratio (Primary): 31.70 %, , Token Reusing Ratio (Wrist): 39.17 %
Saved rollout MP4 at path ./rollouts/2026_04_07/primary--2026_04_07-23_07_35--episode=97--success=True--task=put_the_white_mug_on_the_left_plate_and_put_the_ye.mp4
Saved rollout MP4 at path ./rollouts/2026_04_07/wrist--2026_04_07-23_07_35--episode=97--success=True--task=put_the_white_mug_on_the_left_plate_and_put_the_ye.mp4
04/08 [03:04:49] INFO     | >> Success: True              run_libero_eval.py:230
                 INFO     | >> # episodes completed so    run_libero_eval.py:230
                          far: 97                                               
                 INFO     | >> # successes: 94 (96.9%)    run_libero_eval.py:230

 85%|████████▌ | 17/20 [39:22<07:27, 149.24s/it][A                 INFO     | >>                            run_libero_eval.py:230
                          Task: put the white mug on the                        
                          left plate and put the yellow                         
                          and white mug on the right                            
                          plate                                                 
                 INFO     | >> Starting episode 18...     run_libero_eval.py:230
huggingface/tokenizers: The current process just got forked, after parallelism has already been used. Disabling parallelism to avoid deadlocks...
To disable this warning, you can either:
	- Avoid using `tokenizers` before the fork if possible
	- Explicitly set the environment variable TOKENIZERS_PARALLELISM=(true | false)
huggingface/tokenizers: The current process just got forked, after parallelism has already been used. Disabling parallelism to avoid deadlocks...
To disable this warning, you can either:
	- Avoid using `tokenizers` before the fork if possible
	- Explicitly set the environment variable TOKENIZERS_PARALLELISM=(true | false)
>> VLA-Cache inference mode
Current CUDA latency: 340.035065 ms | Average CUDA latency: 164.094066 ms, Average TFLOPs: 2.922579
>> VLA-Cache inference mode
Current CUDA latency: 237.494812 ms | Average CUDA latency: 164.117638 ms, Average TFLOPs: 2.922606
>> VLA-Cache inference mode
Current CUDA latency: 116.459106 ms | Average CUDA latency: 164.102338 ms, Average TFLOPs: 2.922622
>> VLA-Cache inference mode
Current CUDA latency: 135.329819 ms | Average CUDA latency: 164.093104 ms, Average TFLOPs: 2.922648
>> VLA-Cache inference mode
Current CUDA latency: 160.876221 ms | Average CUDA latency: 164.092072 ms, Average TFLOPs: 2.922674
>> VLA-Cache inference mode
Current CUDA latency: 186.594406 ms | Average CUDA latency: 164.099289 ms, Average TFLOPs: 2.922697
>> VLA-Cache inference mode
Current CUDA latency: 149.612000 ms | Average CUDA latency: 164.094644 ms, Average TFLOPs: 2.922720
>> VLA-Cache inference mode
Current CUDA latency: 147.249924 ms | Average CUDA latency: 164.089245 ms, Average TFLOPs: 2.922726
>> VLA-Cache inference mode
Current CUDA latency: 122.439011 ms | Average CUDA latency: 164.075900 ms, Average TFLOPs: 2.922737
>> VLA-Cache inference mode
Current CUDA latency: 126.068382 ms | Average CUDA latency: 164.063726 ms, Average TFLOPs: 2.922763
>> VLA-Cache inference mode
Current CUDA latency: 118.331490 ms | Average CUDA latency: 164.049082 ms, Average TFLOPs: 2.922773
>> VLA-Cache inference mode
Current CUDA latency: 112.159683 ms | Average CUDA latency: 164.032472 ms, Average TFLOPs: 2.922791
>> VLA-Cache inference mode
Current CUDA latency: 131.874786 ms | Average CUDA latency: 164.022182 ms, Average TFLOPs: 2.922811
>> VLA-Cache inference mode
Current CUDA latency: 110.983040 ms | Average CUDA latency: 164.005215 ms, Average TFLOPs: 2.922830
>> VLA-Cache inference mode
Current CUDA latency: 109.770493 ms | Average CUDA latency: 163.987871 ms, Average TFLOPs: 2.922855
>> VLA-Cache inference mode
Current CUDA latency: 111.358078 ms | Average CUDA latency: 163.971045 ms, Average TFLOPs: 2.922867
>> VLA-Cache inference mode
Current CUDA latency: 110.705917 ms | Average CUDA latency: 163.954022 ms, Average TFLOPs: 2.922884
>> VLA-Cache inference mode
Current CUDA latency: 110.696159 ms | Average CUDA latency: 163.937007 ms, Average TFLOPs: 2.922912
>> VLA-Cache inference mode
Current CUDA latency: 120.751907 ms | Average CUDA latency: 163.923214 ms, Average TFLOPs: 2.922944
>> VLA-Cache inference mode
Current CUDA latency: 119.854462 ms | Average CUDA latency: 163.909144 ms, Average TFLOPs: 2.922959
>> VLA-Cache inference mode
Current CUDA latency: 159.034302 ms | Average CUDA latency: 163.907588 ms, Average TFLOPs: 2.922959
>> VLA-Cache inference mode
Current CUDA latency: 176.615845 ms | Average CUDA latency: 163.911643 ms, Average TFLOPs: 2.922979
>> VLA-Cache inference mode
Current CUDA latency: 257.928192 ms | Average CUDA latency: 163.941632 ms, Average TFLOPs: 2.922993
>> VLA-Cache inference mode
Current CUDA latency: 172.889755 ms | Average CUDA latency: 163.944486 ms, Average TFLOPs: 2.923001
>> VLA-Cache inference mode
Current CUDA latency: 209.118591 ms | Average CUDA latency: 163.958886 ms, Average TFLOPs: 2.922993
>> VLA-Cache inference mode
Current CUDA latency: 112.706818 ms | Average CUDA latency: 163.942553 ms, Average TFLOPs: 2.923003
>> VLA-Cache inference mode
Current CUDA latency: 170.085571 ms | Average CUDA latency: 163.944510 ms, Average TFLOPs: 2.923046
>> VLA-Cache inference mode
Current CUDA latency: 112.148895 ms | Average CUDA latency: 163.928015 ms, Average TFLOPs: 2.923077
Average time per step: 555.6514 ms, Control Frequency: 14.40 Hz, Token Reusing Ratio (Primary): 31.66 %, , Token Reusing Ratio (Wrist): 39.14 %
Saved rollout MP4 at path ./rollouts/2026_04_07/primary--2026_04_07-23_07_35--episode=98--success=True--task=put_the_white_mug_on_the_left_plate_and_put_the_ye.mp4
Saved rollout MP4 at path ./rollouts/2026_04_07/wrist--2026_04_07-23_07_35--episode=98--success=True--task=put_the_white_mug_on_the_left_plate_and_put_the_ye.mp4
04/08 [03:06:36] INFO     | >> Success: True              run_libero_eval.py:230
                 INFO     | >> # episodes completed so    run_libero_eval.py:230
                          far: 98                                               
                 INFO     | >> # successes: 95 (96.9%)    run_libero_eval.py:230

 90%|█████████ | 18/20 [41:10<04:33, 136.58s/it][A                 INFO     | >>                            run_libero_eval.py:230
                          Task: put the white mug on the                        
                          left plate and put the yellow                         
                          and white mug on the right                            
                          plate                                                 
                 INFO     | >> Starting episode 19...     run_libero_eval.py:230
huggingface/tokenizers: The current process just got forked, after parallelism has already been used. Disabling parallelism to avoid deadlocks...
To disable this warning, you can either:
	- Avoid using `tokenizers` before the fork if possible
	- Explicitly set the environment variable TOKENIZERS_PARALLELISM=(true | false)
huggingface/tokenizers: The current process just got forked, after parallelism has already been used. Disabling parallelism to avoid deadlocks...
To disable this warning, you can either:
	- Avoid using `tokenizers` before the fork if possible
	- Explicitly set the environment variable TOKENIZERS_PARALLELISM=(true | false)
>> VLA-Cache inference mode
Current CUDA latency: 352.514984 ms | Average CUDA latency: 163.988055 ms, Average TFLOPs: 2.923346
>> VLA-Cache inference mode
Current CUDA latency: 248.519745 ms | Average CUDA latency: 164.014959 ms, Average TFLOPs: 2.923390
>> VLA-Cache inference mode
Current CUDA latency: 139.959335 ms | Average CUDA latency: 164.007305 ms, Average TFLOPs: 2.923412
>> VLA-Cache inference mode
Current CUDA latency: 142.959366 ms | Average CUDA latency: 164.000611 ms, Average TFLOPs: 2.923437
>> VLA-Cache inference mode
Current CUDA latency: 165.174301 ms | Average CUDA latency: 164.000984 ms, Average TFLOPs: 2.923457
>> VLA-Cache inference mode
Current CUDA latency: 149.085434 ms | Average CUDA latency: 163.996243 ms, Average TFLOPs: 2.923477
>> VLA-Cache inference mode
Current CUDA latency: 361.319336 ms | Average CUDA latency: 164.058945 ms, Average TFLOPs: 2.923505
>> VLA-Cache inference mode
Current CUDA latency: 173.120636 ms | Average CUDA latency: 164.061823 ms, Average TFLOPs: 2.923506
>> VLA-Cache inference mode
Current CUDA latency: 149.081253 ms | Average CUDA latency: 164.057066 ms, Average TFLOPs: 2.923509
>> VLA-Cache inference mode
Current CUDA latency: 113.737251 ms | Average CUDA latency: 164.041091 ms, Average TFLOPs: 2.923517
>> VLA-Cache inference mode
Current CUDA latency: 110.977219 ms | Average CUDA latency: 164.024251 ms, Average TFLOPs: 2.923532
>> VLA-Cache inference mode
Current CUDA latency: 114.030304 ms | Average CUDA latency: 164.008390 ms, Average TFLOPs: 2.923554
>> VLA-Cache inference mode
Current CUDA latency: 108.731331 ms | Average CUDA latency: 163.990859 ms, Average TFLOPs: 2.923555
>> VLA-Cache inference mode
Current CUDA latency: 114.433441 ms | Average CUDA latency: 163.975146 ms, Average TFLOPs: 2.923569
>> VLA-Cache inference mode
Current CUDA latency: 110.085342 ms | Average CUDA latency: 163.958065 ms, Average TFLOPs: 2.923576
>> VLA-Cache inference mode
Current CUDA latency: 110.031456 ms | Average CUDA latency: 163.940978 ms, Average TFLOPs: 2.923581
>> VLA-Cache inference mode
Current CUDA latency: 116.659264 ms | Average CUDA latency: 163.926001 ms, Average TFLOPs: 2.923596
>> VLA-Cache inference mode
Current CUDA latency: 112.956291 ms | Average CUDA latency: 163.909862 ms, Average TFLOPs: 2.923610
>> VLA-Cache inference mode
Current CUDA latency: 117.664192 ms | Average CUDA latency: 163.895222 ms, Average TFLOPs: 2.923632
>> VLA-Cache inference mode
Current CUDA latency: 116.178528 ms | Average CUDA latency: 163.880122 ms, Average TFLOPs: 2.923652
>> VLA-Cache inference mode
Current CUDA latency: 153.805405 ms | Average CUDA latency: 163.876935 ms, Average TFLOPs: 2.923642
>> VLA-Cache inference mode
Current CUDA latency: 111.487267 ms | Average CUDA latency: 163.860366 ms, Average TFLOPs: 2.923659
>> VLA-Cache inference mode
Current CUDA latency: 110.981216 ms | Average CUDA latency: 163.843648 ms, Average TFLOPs: 2.923691
>> VLA-Cache inference mode
Current CUDA latency: 116.550018 ms | Average CUDA latency: 163.828701 ms, Average TFLOPs: 2.923712
>> VLA-Cache inference mode
Current CUDA latency: 118.424866 ms | Average CUDA latency: 163.814355 ms, Average TFLOPs: 2.923720
>> VLA-Cache inference mode
Current CUDA latency: 258.686554 ms | Average CUDA latency: 163.844321 ms, Average TFLOPs: 2.923716
>> VLA-Cache inference mode
Current CUDA latency: 292.175201 ms | Average CUDA latency: 163.884842 ms, Average TFLOPs: 2.923733
>> VLA-Cache inference mode
Current CUDA latency: 203.009247 ms | Average CUDA latency: 163.897192 ms, Average TFLOPs: 2.923748
Average time per step: 554.4369 ms, Control Frequency: 14.43 Hz, Token Reusing Ratio (Primary): 31.64 %, , Token Reusing Ratio (Wrist): 39.11 %
Saved rollout MP4 at path ./rollouts/2026_04_07/primary--2026_04_07-23_07_35--episode=99--success=True--task=put_the_white_mug_on_the_left_plate_and_put_the_ye.mp4
Saved rollout MP4 at path ./rollouts/2026_04_07/wrist--2026_04_07-23_07_35--episode=99--success=True--task=put_the_white_mug_on_the_left_plate_and_put_the_ye.mp4
04/08 [03:08:21] INFO     | >> Success: True              run_libero_eval.py:230
                 INFO     | >> # episodes completed so    run_libero_eval.py:230
                          far: 99                                               
                 INFO     | >> # successes: 96 (97.0%)    run_libero_eval.py:230

 95%|█████████▌| 19/20 [42:54<02:06, 126.91s/it][A                 INFO     | >>                            run_libero_eval.py:230
                          Task: put the white mug on the                        
                          left plate and put the yellow                         
                          and white mug on the right                            
                          plate                                                 
                 INFO     | >> Starting episode 20...     run_libero_eval.py:230
huggingface/tokenizers: The current process just got forked, after parallelism has already been used. Disabling parallelism to avoid deadlocks...
To disable this warning, you can either:
	- Avoid using `tokenizers` before the fork if possible
	- Explicitly set the environment variable TOKENIZERS_PARALLELISM=(true | false)
huggingface/tokenizers: The current process just got forked, after parallelism has already been used. Disabling parallelism to avoid deadlocks...
To disable this warning, you can either:
	- Avoid using `tokenizers` before the fork if possible
	- Explicitly set the environment variable TOKENIZERS_PARALLELISM=(true | false)
>> VLA-Cache inference mode
Current CUDA latency: 388.983154 ms | Average CUDA latency: 163.968220 ms, Average TFLOPs: 2.924015
>> VLA-Cache inference mode
Current CUDA latency: 284.575989 ms | Average CUDA latency: 164.006266 ms, Average TFLOPs: 2.924033
>> VLA-Cache inference mode
Current CUDA latency: 131.207260 ms | Average CUDA latency: 163.995923 ms, Average TFLOPs: 2.924060
>> VLA-Cache inference mode
Current CUDA latency: 121.440834 ms | Average CUDA latency: 163.982507 ms, Average TFLOPs: 2.924075
>> VLA-Cache inference mode
Current CUDA latency: 167.610718 ms | Average CUDA latency: 163.983651 ms, Average TFLOPs: 2.924093
>> VLA-Cache inference mode
Current CUDA latency: 194.674179 ms | Average CUDA latency: 163.993320 ms, Average TFLOPs: 2.924093
>> VLA-Cache inference mode
Current CUDA latency: 156.049789 ms | Average CUDA latency: 163.990818 ms, Average TFLOPs: 2.924110
>> VLA-Cache inference mode
Current CUDA latency: 141.307617 ms | Average CUDA latency: 163.983676 ms, Average TFLOPs: 2.924119
>> VLA-Cache inference mode
Current CUDA latency: 116.714493 ms | Average CUDA latency: 163.968797 ms, Average TFLOPs: 2.924124
>> VLA-Cache inference mode
Current CUDA latency: 111.376419 ms | Average CUDA latency: 163.952249 ms, Average TFLOPs: 2.924140
>> VLA-Cache inference mode
Current CUDA latency: 116.558464 ms | Average CUDA latency: 163.937340 ms, Average TFLOPs: 2.924141
>> VLA-Cache inference mode
Current CUDA latency: 110.468513 ms | Average CUDA latency: 163.920526 ms, Average TFLOPs: 2.924160
>> VLA-Cache inference mode
Current CUDA latency: 152.953018 ms | Average CUDA latency: 163.917078 ms, Average TFLOPs: 2.924179
>> VLA-Cache inference mode
Current CUDA latency: 130.154694 ms | Average CUDA latency: 163.906468 ms, Average TFLOPs: 2.924198
>> VLA-Cache inference mode
Current CUDA latency: 116.115807 ms | Average CUDA latency: 163.891453 ms, Average TFLOPs: 2.924205
>> VLA-Cache inference mode
Current CUDA latency: 109.660866 ms | Average CUDA latency: 163.874421 ms, Average TFLOPs: 2.924222
>> VLA-Cache inference mode
Current CUDA latency: 111.350044 ms | Average CUDA latency: 163.857930 ms, Average TFLOPs: 2.924245
>> VLA-Cache inference mode
Current CUDA latency: 116.487167 ms | Average CUDA latency: 163.843062 ms, Average TFLOPs: 2.924264
>> VLA-Cache inference mode
Current CUDA latency: 109.358047 ms | Average CUDA latency: 163.825966 ms, Average TFLOPs: 2.924282
>> VLA-Cache inference mode
Current CUDA latency: 120.151871 ms | Average CUDA latency: 163.812266 ms, Average TFLOPs: 2.924273
>> VLA-Cache inference mode
Current CUDA latency: 110.954079 ms | Average CUDA latency: 163.795691 ms, Average TFLOPs: 2.924281
>> VLA-Cache inference mode
Current CUDA latency: 233.970978 ms | Average CUDA latency: 163.817689 ms, Average TFLOPs: 2.924287
>> VLA-Cache inference mode
Current CUDA latency: 298.012085 ms | Average CUDA latency: 163.859743 ms, Average TFLOPs: 2.924269
>> VLA-Cache inference mode
Current CUDA latency: 178.118469 ms | Average CUDA latency: 163.864210 ms, Average TFLOPs: 2.924235
>> VLA-Cache inference mode
Current CUDA latency: 140.939270 ms | Average CUDA latency: 163.857031 ms, Average TFLOPs: 2.924217
>> VLA-Cache inference mode
Current CUDA latency: 125.701729 ms | Average CUDA latency: 163.845085 ms, Average TFLOPs: 2.924245
>> VLA-Cache inference mode
Current CUDA latency: 167.923462 ms | Average CUDA latency: 163.846361 ms, Average TFLOPs: 2.924257
>> VLA-Cache inference mode
Current CUDA latency: 113.868736 ms | Average CUDA latency: 163.830724 ms, Average TFLOPs: 2.924272
Average time per step: 554.2847 ms, Control Frequency: 14.43 Hz, Token Reusing Ratio (Primary): 31.65 %, , Token Reusing Ratio (Wrist): 39.10 %
Saved rollout MP4 at path ./rollouts/2026_04_07/primary--2026_04_07-23_07_35--episode=100--success=True--task=put_the_white_mug_on_the_left_plate_and_put_the_ye.mp4
Saved rollout MP4 at path ./rollouts/2026_04_07/wrist--2026_04_07-23_07_35--episode=100--success=True--task=put_the_white_mug_on_the_left_plate_and_put_the_ye.mp4
04/08 [03:10:11] INFO     | >> Success: True              run_libero_eval.py:230
                 INFO     | >> # episodes completed so    run_libero_eval.py:230
                          far: 100                                              
                 INFO     | >> # successes: 97 (97.0%)    run_libero_eval.py:230

100%|██████████| 20/20 [44:44<00:00, 121.80s/it][A100%|██████████| 20/20 [44:44<00:00, 134.21s/it]
                 INFO     | >> Current task success rate: run_libero_eval.py:230
                          0.9                                                   
                 INFO     | >> Current total success      run_libero_eval.py:230
                          rate: 0.97                                            
 50%|█████     | 5/10 [4:02:24<3:54:09, 2809.89s/it][Warning]: datasets path /root/sj-tmp/workspace/LIBERO/libero/libero/../datasets does not exist!
                 INFO     | >> Using default initial      run_libero_eval.py:230
                          states                                                
[Warning]: datasets path /root/sj-tmp/workspace/LIBERO/libero/libero/../datasets does not exist!

  0%|          | 0/20 [00:00<?, ?it/s][A04/08 [03:10:13] INFO     | >>                            run_libero_eval.py:230
                          Task: pick up the book and                            
                          place it in the back                                  
                          compartment of the caddy                              
                 INFO     | >> Starting episode 1...      run_libero_eval.py:230
huggingface/tokenizers: The current process just got forked, after parallelism has already been used. Disabling parallelism to avoid deadlocks...
To disable this warning, you can either:
	- Avoid using `tokenizers` before the fork if possible
	- Explicitly set the environment variable TOKENIZERS_PARALLELISM=(true | false)
huggingface/tokenizers: The current process just got forked, after parallelism has already been used. Disabling parallelism to avoid deadlocks...
To disable this warning, you can either:
	- Avoid using `tokenizers` before the fork if possible
	- Explicitly set the environment variable TOKENIZERS_PARALLELISM=(true | false)
>> VLA-Cache inference mode
Current CUDA latency: 332.728638 ms | Average CUDA latency: 163.883554 ms, Average TFLOPs: 2.924526
>> VLA-Cache inference mode
Current CUDA latency: 359.365356 ms | Average CUDA latency: 163.944680 ms, Average TFLOPs: 2.924543
>> VLA-Cache inference mode
Current CUDA latency: 191.482498 ms | Average CUDA latency: 163.953288 ms, Average TFLOPs: 2.924554
>> VLA-Cache inference mode
Current CUDA latency: 121.229568 ms | Average CUDA latency: 163.939937 ms, Average TFLOPs: 2.924569
>> VLA-Cache inference mode
Current CUDA latency: 109.891266 ms | Average CUDA latency: 163.923052 ms, Average TFLOPs: 2.924573
>> VLA-Cache inference mode
Current CUDA latency: 116.372604 ms | Average CUDA latency: 163.908202 ms, Average TFLOPs: 2.924593
>> VLA-Cache inference mode
Current CUDA latency: 118.621185 ms | Average CUDA latency: 163.894063 ms, Average TFLOPs: 2.924600
>> VLA-Cache inference mode
Current CUDA latency: 119.082207 ms | Average CUDA latency: 163.880077 ms, Average TFLOPs: 2.924614
>> VLA-Cache inference mode
Current CUDA latency: 108.765694 ms | Average CUDA latency: 163.862881 ms, Average TFLOPs: 2.924618
>> VLA-Cache inference mode
Current CUDA latency: 136.146271 ms | Average CUDA latency: 163.854235 ms, Average TFLOPs: 2.924604
>> VLA-Cache inference mode
Current CUDA latency: 131.161789 ms | Average CUDA latency: 163.844041 ms, Average TFLOPs: 2.924555
>> VLA-Cache inference mode
Current CUDA latency: 106.494240 ms | Average CUDA latency: 163.826164 ms, Average TFLOPs: 2.924528
>> VLA-Cache inference mode
Current CUDA latency: 108.471169 ms | Average CUDA latency: 163.808914 ms, Average TFLOPs: 2.924517
>> VLA-Cache inference mode
Current CUDA latency: 104.304611 ms | Average CUDA latency: 163.790377 ms, Average TFLOPs: 2.924501
>> VLA-Cache inference mode
Current CUDA latency: 106.500992 ms | Average CUDA latency: 163.772535 ms, Average TFLOPs: 2.924464
>> VLA-Cache inference mode
Current CUDA latency: 147.644409 ms | Average CUDA latency: 163.767514 ms, Average TFLOPs: 2.924435
>> VLA-Cache inference mode
Current CUDA latency: 215.138275 ms | Average CUDA latency: 163.783503 ms, Average TFLOPs: 2.924410
>> VLA-Cache inference mode
Current CUDA latency: 204.292389 ms | Average CUDA latency: 163.796106 ms, Average TFLOPs: 2.924384
>> VLA-Cache inference mode
Current CUDA latency: 153.538651 ms | Average CUDA latency: 163.792916 ms, Average TFLOPs: 2.924349
>> VLA-Cache inference mode
Current CUDA latency: 118.552834 ms | Average CUDA latency: 163.778849 ms, Average TFLOPs: 2.924324
>> VLA-Cache inference mode
Current CUDA latency: 165.895905 ms | Average CUDA latency: 163.779507 ms, Average TFLOPs: 2.924317
>> VLA-Cache inference mode
Current CUDA latency: 123.557793 ms | Average CUDA latency: 163.767008 ms, Average TFLOPs: 2.924306
>> VLA-Cache inference mode
Current CUDA latency: 102.726112 ms | Average CUDA latency: 163.748045 ms, Average TFLOPs: 2.924280
>> VLA-Cache inference mode
Current CUDA latency: 109.984062 ms | Average CUDA latency: 163.731348 ms, Average TFLOPs: 2.924254
>> VLA-Cache inference mode
Current CUDA latency: 134.891586 ms | Average CUDA latency: 163.722395 ms, Average TFLOPs: 2.924231
Average time per step: 527.5197 ms, Control Frequency: 15.17 Hz, Token Reusing Ratio (Primary): 35.88 %, , Token Reusing Ratio (Wrist): 34.80 %
Saved rollout MP4 at path ./rollouts/2026_04_07/primary--2026_04_07-23_07_35--episode=101--success=True--task=pick_up_the_book_and_place_it_in_the_back_compartm.mp4
Saved rollout MP4 at path ./rollouts/2026_04_07/wrist--2026_04_07-23_07_35--episode=101--success=True--task=pick_up_the_book_and_place_it_in_the_back_compartm.mp4
04/08 [03:11:51] INFO     | >> Success: True              run_libero_eval.py:230
                 INFO     | >> # episodes completed so    run_libero_eval.py:230
                          far: 101                                              
                 INFO     | >> # successes: 98 (97.0%)    run_libero_eval.py:230

  5%|▌         | 1/20 [01:38<31:07, 98.31s/it][A                 INFO     | >>                            run_libero_eval.py:230
                          Task: pick up the book and                            
                          place it in the back                                  
                          compartment of the caddy                              
                 INFO     | >> Starting episode 2...      run_libero_eval.py:230
huggingface/tokenizers: The current process just got forked, after parallelism has already been used. Disabling parallelism to avoid deadlocks...
To disable this warning, you can either:
	- Avoid using `tokenizers` before the fork if possible
	- Explicitly set the environment variable TOKENIZERS_PARALLELISM=(true | false)
huggingface/tokenizers: The current process just got forked, after parallelism has already been used. Disabling parallelism to avoid deadlocks...
To disable this warning, you can either:
	- Avoid using `tokenizers` before the fork if possible
	- Explicitly set the environment variable TOKENIZERS_PARALLELISM=(true | false)
>> VLA-Cache inference mode
Current CUDA latency: 454.305786 ms | Average CUDA latency: 163.812582 ms, Average TFLOPs: 2.924484
>> VLA-Cache inference mode
Current CUDA latency: 279.193634 ms | Average CUDA latency: 163.848381 ms, Average TFLOPs: 2.924495
>> VLA-Cache inference mode
Current CUDA latency: 110.548767 ms | Average CUDA latency: 163.831849 ms, Average TFLOPs: 2.924505
>> VLA-Cache inference mode
Current CUDA latency: 117.944832 ms | Average CUDA latency: 163.817621 ms, Average TFLOPs: 2.924522
>> VLA-Cache inference mode
Current CUDA latency: 133.496735 ms | Average CUDA latency: 163.808222 ms, Average TFLOPs: 2.924526
>> VLA-Cache inference mode
Current CUDA latency: 109.350113 ms | Average CUDA latency: 163.791346 ms, Average TFLOPs: 2.924538
>> VLA-Cache inference mode
Current CUDA latency: 109.451904 ms | Average CUDA latency: 163.774512 ms, Average TFLOPs: 2.924542
>> VLA-Cache inference mode
Current CUDA latency: 120.052284 ms | Average CUDA latency: 163.760972 ms, Average TFLOPs: 2.924545
>> VLA-Cache inference mode
Current CUDA latency: 126.719772 ms | Average CUDA latency: 163.749504 ms, Average TFLOPs: 2.924539
>> VLA-Cache inference mode
Current CUDA latency: 132.316635 ms | Average CUDA latency: 163.739775 ms, Average TFLOPs: 2.924525
>> VLA-Cache inference mode
Current CUDA latency: 108.843010 ms | Average CUDA latency: 163.722790 ms, Average TFLOPs: 2.924512
>> VLA-Cache inference mode
Current CUDA latency: 132.663361 ms | Average CUDA latency: 163.713183 ms, Average TFLOPs: 2.924485
>> VLA-Cache inference mode
Current CUDA latency: 104.837410 ms | Average CUDA latency: 163.694978 ms, Average TFLOPs: 2.924470
>> VLA-Cache inference mode
Current CUDA latency: 108.960068 ms | Average CUDA latency: 163.678058 ms, Average TFLOPs: 2.924447
>> VLA-Cache inference mode
Current CUDA latency: 127.622658 ms | Average CUDA latency: 163.666916 ms, Average TFLOPs: 2.924417
>> VLA-Cache inference mode
Current CUDA latency: 103.800224 ms | Average CUDA latency: 163.648422 ms, Average TFLOPs: 2.924398
>> VLA-Cache inference mode
Current CUDA latency: 102.640289 ms | Average CUDA latency: 163.629580 ms, Average TFLOPs: 2.924381
>> VLA-Cache inference mode
Current CUDA latency: 156.244904 ms | Average CUDA latency: 163.627300 ms, Average TFLOPs: 2.924362
>> VLA-Cache inference mode
Current CUDA latency: 179.525345 ms | Average CUDA latency: 163.632207 ms, Average TFLOPs: 2.924340
>> VLA-Cache inference mode
Current CUDA latency: 161.946045 ms | Average CUDA latency: 163.631687 ms, Average TFLOPs: 2.924319
>> VLA-Cache inference mode
Current CUDA latency: 112.793373 ms | Average CUDA latency: 163.616006 ms, Average TFLOPs: 2.924302
>> VLA-Cache inference mode
Current CUDA latency: 118.765312 ms | Average CUDA latency: 163.602176 ms, Average TFLOPs: 2.924291
>> VLA-Cache inference mode
Current CUDA latency: 111.633026 ms | Average CUDA latency: 163.586156 ms, Average TFLOPs: 2.924282
Average time per step: 508.9663 ms, Control Frequency: 15.72 Hz, Token Reusing Ratio (Primary): 35.82 %, , Token Reusing Ratio (Wrist): 34.59 %
Saved rollout MP4 at path ./rollouts/2026_04_07/primary--2026_04_07-23_07_35--episode=102--success=True--task=pick_up_the_book_and_place_it_in_the_back_compartm.mp4
Saved rollout MP4 at path ./rollouts/2026_04_07/wrist--2026_04_07-23_07_35--episode=102--success=True--task=pick_up_the_book_and_place_it_in_the_back_compartm.mp4
04/08 [03:13:23] INFO     | >> Success: True              run_libero_eval.py:230
                 INFO     | >> # episodes completed so    run_libero_eval.py:230
                          far: 102                                              
                 INFO     | >> # successes: 99 (97.1%)    run_libero_eval.py:230

 10%|█         | 2/20 [03:10<28:20, 94.47s/it][A                 INFO     | >>                            run_libero_eval.py:230
                          Task: pick up the book and                            
                          place it in the back                                  
                          compartment of the caddy                              
                 INFO     | >> Starting episode 3...      run_libero_eval.py:230
huggingface/tokenizers: The current process just got forked, after parallelism has already been used. Disabling parallelism to avoid deadlocks...
To disable this warning, you can either:
	- Avoid using `tokenizers` before the fork if possible
	- Explicitly set the environment variable TOKENIZERS_PARALLELISM=(true | false)
huggingface/tokenizers: The current process just got forked, after parallelism has already been used. Disabling parallelism to avoid deadlocks...
To disable this warning, you can either:
	- Avoid using `tokenizers` before the fork if possible
	- Explicitly set the environment variable TOKENIZERS_PARALLELISM=(true | false)
>> VLA-Cache inference mode
Current CUDA latency: 384.188293 ms | Average CUDA latency: 163.654138 ms, Average TFLOPs: 2.924533
>> VLA-Cache inference mode
Current CUDA latency: 360.187256 ms | Average CUDA latency: 163.714684 ms, Average TFLOPs: 2.924542
>> VLA-Cache inference mode
Current CUDA latency: 252.591904 ms | Average CUDA latency: 163.742056 ms, Average TFLOPs: 2.924541
>> VLA-Cache inference mode
Current CUDA latency: 141.054565 ms | Average CUDA latency: 163.735071 ms, Average TFLOPs: 2.924549
>> VLA-Cache inference mode
Current CUDA latency: 110.949791 ms | Average CUDA latency: 163.718824 ms, Average TFLOPs: 2.924560
>> VLA-Cache inference mode
Current CUDA latency: 117.174271 ms | Average CUDA latency: 163.704503 ms, Average TFLOPs: 2.924574
>> VLA-Cache inference mode
Current CUDA latency: 118.058243 ms | Average CUDA latency: 163.690462 ms, Average TFLOPs: 2.924573
>> VLA-Cache inference mode
Current CUDA latency: 110.030945 ms | Average CUDA latency: 163.673962 ms, Average TFLOPs: 2.924585
>> VLA-Cache inference mode
Current CUDA latency: 180.614624 ms | Average CUDA latency: 163.679170 ms, Average TFLOPs: 2.924595
>> VLA-Cache inference mode
Current CUDA latency: 242.479523 ms | Average CUDA latency: 163.703386 ms, Average TFLOPs: 2.924585
>> VLA-Cache inference mode
Current CUDA latency: 157.288712 ms | Average CUDA latency: 163.701415 ms, Average TFLOPs: 2.924564
>> VLA-Cache inference mode
Current CUDA latency: 126.467552 ms | Average CUDA latency: 163.689980 ms, Average TFLOPs: 2.924538
>> VLA-Cache inference mode
Current CUDA latency: 127.146431 ms | Average CUDA latency: 163.678760 ms, Average TFLOPs: 2.924513
>> VLA-Cache inference mode
Current CUDA latency: 290.994537 ms | Average CUDA latency: 163.717838 ms, Average TFLOPs: 2.924475
>> VLA-Cache inference mode
Current CUDA latency: 210.556610 ms | Average CUDA latency: 163.732210 ms, Average TFLOPs: 2.924441
>> VLA-Cache inference mode
Current CUDA latency: 284.635040 ms | Average CUDA latency: 163.769297 ms, Average TFLOPs: 2.924418
>> VLA-Cache inference mode
Current CUDA latency: 139.340103 ms | Average CUDA latency: 163.761805 ms, Average TFLOPs: 2.924399
>> VLA-Cache inference mode
Current CUDA latency: 122.506973 ms | Average CUDA latency: 163.749158 ms, Average TFLOPs: 2.924385
>> VLA-Cache inference mode
Current CUDA latency: 109.820259 ms | Average CUDA latency: 163.732631 ms, Average TFLOPs: 2.924369
>> VLA-Cache inference mode
Current CUDA latency: 110.014717 ms | Average CUDA latency: 163.716173 ms, Average TFLOPs: 2.924359
>> VLA-Cache inference mode
Current CUDA latency: 103.120445 ms | Average CUDA latency: 163.697614 ms, Average TFLOPs: 2.924332
Average time per step: 534.0575 ms, Control Frequency: 14.98 Hz, Token Reusing Ratio (Primary): 35.77 %, , Token Reusing Ratio (Wrist): 34.58 %
Saved rollout MP4 at path ./rollouts/2026_04_07/primary--2026_04_07-23_07_35--episode=103--success=True--task=pick_up_the_book_and_place_it_in_the_back_compartm.mp4
Saved rollout MP4 at path ./rollouts/2026_04_07/wrist--2026_04_07-23_07_35--episode=103--success=True--task=pick_up_the_book_and_place_it_in_the_back_compartm.mp4
04/08 [03:15:03] INFO     | >> Success: True              run_libero_eval.py:230
                 INFO     | >> # episodes completed so    run_libero_eval.py:230
                          far: 103                                              
                 INFO     | >> # successes: 100 (97.1%)   run_libero_eval.py:230

 15%|█▌        | 3/20 [04:50<27:31, 97.17s/it][A                 INFO     | >>                            run_libero_eval.py:230
                          Task: pick up the book and                            
                          place it in the back                                  
                          compartment of the caddy                              
                 INFO     | >> Starting episode 4...      run_libero_eval.py:230
huggingface/tokenizers: The current process just got forked, after parallelism has already been used. Disabling parallelism to avoid deadlocks...
To disable this warning, you can either:
	- Avoid using `tokenizers` before the fork if possible
	- Explicitly set the environment variable TOKENIZERS_PARALLELISM=(true | false)
huggingface/tokenizers: The current process just got forked, after parallelism has already been used. Disabling parallelism to avoid deadlocks...
To disable this warning, you can either:
	- Avoid using `tokenizers` before the fork if possible
	- Explicitly set the environment variable TOKENIZERS_PARALLELISM=(true | false)
>> VLA-Cache inference mode
Current CUDA latency: 334.402008 ms | Average CUDA latency: 163.749881 ms, Average TFLOPs: 2.924581
>> VLA-Cache inference mode
Current CUDA latency: 358.735382 ms | Average CUDA latency: 163.809564 ms, Average TFLOPs: 2.924595
>> VLA-Cache inference mode
Current CUDA latency: 193.666138 ms | Average CUDA latency: 163.818700 ms, Average TFLOPs: 2.924605
>> VLA-Cache inference mode
Current CUDA latency: 188.582214 ms | Average CUDA latency: 163.826276 ms, Average TFLOPs: 2.924616
>> VLA-Cache inference mode
Current CUDA latency: 129.225021 ms | Average CUDA latency: 163.815694 ms, Average TFLOPs: 2.924609
>> VLA-Cache inference mode
Current CUDA latency: 147.745056 ms | Average CUDA latency: 163.810781 ms, Average TFLOPs: 2.924593
>> VLA-Cache inference mode
Current CUDA latency: 115.252419 ms | Average CUDA latency: 163.795941 ms, Average TFLOPs: 2.924589
>> VLA-Cache inference mode
Current CUDA latency: 125.717857 ms | Average CUDA latency: 163.784307 ms, Average TFLOPs: 2.924566
>> VLA-Cache inference mode
Current CUDA latency: 159.963135 ms | Average CUDA latency: 163.783140 ms, Average TFLOPs: 2.924526
>> VLA-Cache inference mode
Current CUDA latency: 112.369247 ms | Average CUDA latency: 163.767441 ms, Average TFLOPs: 2.924493
>> VLA-Cache inference mode
Current CUDA latency: 111.166756 ms | Average CUDA latency: 163.751384 ms, Average TFLOPs: 2.924460
>> VLA-Cache inference mode
Current CUDA latency: 110.618050 ms | Average CUDA latency: 163.735170 ms, Average TFLOPs: 2.924437
>> VLA-Cache inference mode
Current CUDA latency: 107.043358 ms | Average CUDA latency: 163.717876 ms, Average TFLOPs: 2.924402
>> VLA-Cache inference mode
Current CUDA latency: 109.369438 ms | Average CUDA latency: 163.701301 ms, Average TFLOPs: 2.924391
>> VLA-Cache inference mode
Current CUDA latency: 105.176193 ms | Average CUDA latency: 163.683458 ms, Average TFLOPs: 2.924359
>> VLA-Cache inference mode
Current CUDA latency: 112.373795 ms | Average CUDA latency: 163.667819 ms, Average TFLOPs: 2.924348
>> VLA-Cache inference mode
Current CUDA latency: 102.346146 ms | Average CUDA latency: 163.649135 ms, Average TFLOPs: 2.924319
>> VLA-Cache inference mode
Current CUDA latency: 145.298401 ms | Average CUDA latency: 163.643546 ms, Average TFLOPs: 2.924288
>> VLA-Cache inference mode
Current CUDA latency: 122.495522 ms | Average CUDA latency: 163.631016 ms, Average TFLOPs: 2.924249
>> VLA-Cache inference mode
Current CUDA latency: 178.429886 ms | Average CUDA latency: 163.635521 ms, Average TFLOPs: 2.924238
>> VLA-Cache inference mode
Current CUDA latency: 199.505447 ms | Average CUDA latency: 163.646437 ms, Average TFLOPs: 2.924227
Average time per step: 546.7008 ms, Control Frequency: 14.63 Hz, Token Reusing Ratio (Primary): 35.86 %, , Token Reusing Ratio (Wrist): 34.75 %
Saved rollout MP4 at path ./rollouts/2026_04_07/primary--2026_04_07-23_07_35--episode=104--success=True--task=pick_up_the_book_and_place_it_in_the_back_compartm.mp4
Saved rollout MP4 at path ./rollouts/2026_04_07/wrist--2026_04_07-23_07_35--episode=104--success=True--task=pick_up_the_book_and_place_it_in_the_back_compartm.mp4
04/08 [03:16:27] INFO     | >> Success: True              run_libero_eval.py:230
                 INFO     | >> # episodes completed so    run_libero_eval.py:230
                          far: 104                                              
                 INFO     | >> # successes: 101 (97.1%)   run_libero_eval.py:230

 20%|██        | 4/20 [06:13<24:26, 91.68s/it][A                 INFO     | >>                            run_libero_eval.py:230
                          Task: pick up the book and                            
                          place it in the back                                  
                          compartment of the caddy                              
                 INFO     | >> Starting episode 5...      run_libero_eval.py:230
huggingface/tokenizers: The current process just got forked, after parallelism has already been used. Disabling parallelism to avoid deadlocks...
To disable this warning, you can either:
	- Avoid using `tokenizers` before the fork if possible
	- Explicitly set the environment variable TOKENIZERS_PARALLELISM=(true | false)
huggingface/tokenizers: The current process just got forked, after parallelism has already been used. Disabling parallelism to avoid deadlocks...
To disable this warning, you can either:
	- Avoid using `tokenizers` before the fork if possible
	- Explicitly set the environment variable TOKENIZERS_PARALLELISM=(true | false)
>> VLA-Cache inference mode
Current CUDA latency: 338.272766 ms | Average CUDA latency: 163.699563 ms, Average TFLOPs: 2.924474
>> VLA-Cache inference mode
Current CUDA latency: 258.173828 ms | Average CUDA latency: 163.728296 ms, Average TFLOPs: 2.924492
>> VLA-Cache inference mode
Current CUDA latency: 118.847267 ms | Average CUDA latency: 163.714650 ms, Average TFLOPs: 2.924505
>> VLA-Cache inference mode
Current CUDA latency: 112.151581 ms | Average CUDA latency: 163.698978 ms, Average TFLOPs: 2.924513
>> VLA-Cache inference mode
Current CUDA latency: 119.355263 ms | Average CUDA latency: 163.685503 ms, Average TFLOPs: 2.924515
>> VLA-Cache inference mode
Current CUDA latency: 127.560188 ms | Average CUDA latency: 163.674530 ms, Average TFLOPs: 2.924523
>> VLA-Cache inference mode
Current CUDA latency: 148.470978 ms | Average CUDA latency: 163.669913 ms, Average TFLOPs: 2.924524
>> VLA-Cache inference mode
Current CUDA latency: 146.066910 ms | Average CUDA latency: 163.664569 ms, Average TFLOPs: 2.924517
>> VLA-Cache inference mode
Current CUDA latency: 169.814590 ms | Average CUDA latency: 163.666435 ms, Average TFLOPs: 2.924507
>> VLA-Cache inference mode
Current CUDA latency: 153.680420 ms | Average CUDA latency: 163.663406 ms, Average TFLOPs: 2.924502
>> VLA-Cache inference mode
Current CUDA latency: 110.327843 ms | Average CUDA latency: 163.647229 ms, Average TFLOPs: 2.924484
>> VLA-Cache inference mode
Current CUDA latency: 141.592377 ms | Average CUDA latency: 163.640541 ms, Average TFLOPs: 2.924461
>> VLA-Cache inference mode
Current CUDA latency: 170.819290 ms | Average CUDA latency: 163.642717 ms, Average TFLOPs: 2.924423
>> VLA-Cache inference mode
Current CUDA latency: 103.834305 ms | Average CUDA latency: 163.624594 ms, Average TFLOPs: 2.924403
>> VLA-Cache inference mode
Current CUDA latency: 102.304291 ms | Average CUDA latency: 163.606017 ms, Average TFLOPs: 2.924379
>> VLA-Cache inference mode
Current CUDA latency: 109.275200 ms | Average CUDA latency: 163.589563 ms, Average TFLOPs: 2.924373
>> VLA-Cache inference mode
Current CUDA latency: 109.515488 ms | Average CUDA latency: 163.573192 ms, Average TFLOPs: 2.924351
>> VLA-Cache inference mode
Current CUDA latency: 114.276382 ms | Average CUDA latency: 163.558272 ms, Average TFLOPs: 2.924339
>> VLA-Cache inference mode
Current CUDA latency: 110.986206 ms | Average CUDA latency: 163.542365 ms, Average TFLOPs: 2.924315
>> VLA-Cache inference mode
Current CUDA latency: 102.777794 ms | Average CUDA latency: 163.523985 ms, Average TFLOPs: 2.924286
>> VLA-Cache inference mode
Current CUDA latency: 112.829247 ms | Average CUDA latency: 163.508655 ms, Average TFLOPs: 2.924259
>> VLA-Cache inference mode
Current CUDA latency: 124.491043 ms | Average CUDA latency: 163.496860 ms, Average TFLOPs: 2.924247
Average time per step: 549.6404 ms, Control Frequency: 14.55 Hz, Token Reusing Ratio (Primary): 35.79 %, , Token Reusing Ratio (Wrist): 34.72 %
Saved rollout MP4 at path ./rollouts/2026_04_07/primary--2026_04_07-23_07_35--episode=105--success=True--task=pick_up_the_book_and_place_it_in_the_back_compartm.mp4
Saved rollout MP4 at path ./rollouts/2026_04_07/wrist--2026_04_07-23_07_35--episode=105--success=True--task=pick_up_the_book_and_place_it_in_the_back_compartm.mp4
04/08 [03:18:13] INFO     | >> Success: True              run_libero_eval.py:230
                 INFO     | >> # episodes completed so    run_libero_eval.py:230
                          far: 105                                              
                 INFO     | >> # successes: 102 (97.1%)   run_libero_eval.py:230

 25%|██▌       | 5/20 [08:00<24:16, 97.09s/it][A                 INFO     | >>                            run_libero_eval.py:230
                          Task: pick up the book and                            
                          place it in the back                                  
                          compartment of the caddy                              
                 INFO     | >> Starting episode 6...      run_libero_eval.py:230
huggingface/tokenizers: The current process just got forked, after parallelism has already been used. Disabling parallelism to avoid deadlocks...
To disable this warning, you can either:
	- Avoid using `tokenizers` before the fork if possible
	- Explicitly set the environment variable TOKENIZERS_PARALLELISM=(true | false)
huggingface/tokenizers: The current process just got forked, after parallelism has already been used. Disabling parallelism to avoid deadlocks...
To disable this warning, you can either:
	- Avoid using `tokenizers` before the fork if possible
	- Explicitly set the environment variable TOKENIZERS_PARALLELISM=(true | false)
>> VLA-Cache inference mode
Current CUDA latency: 357.251923 ms | Average CUDA latency: 163.555414 ms, Average TFLOPs: 2.924493
>> VLA-Cache inference mode
Current CUDA latency: 292.959686 ms | Average CUDA latency: 163.594509 ms, Average TFLOPs: 2.924513
>> VLA-Cache inference mode
Current CUDA latency: 121.901825 ms | Average CUDA latency: 163.581917 ms, Average TFLOPs: 2.924532
>> VLA-Cache inference mode
Current CUDA latency: 161.359131 ms | Average CUDA latency: 163.581246 ms, Average TFLOPs: 2.924538
>> VLA-Cache inference mode
Current CUDA latency: 118.019424 ms | Average CUDA latency: 163.567494 ms, Average TFLOPs: 2.924540
>> VLA-Cache inference mode
Current CUDA latency: 123.241180 ms | Average CUDA latency: 163.555325 ms, Average TFLOPs: 2.924531
>> VLA-Cache inference mode
Current CUDA latency: 108.492447 ms | Average CUDA latency: 163.538715 ms, Average TFLOPs: 2.924531
>> VLA-Cache inference mode
Current CUDA latency: 158.299774 ms | Average CUDA latency: 163.537135 ms, Average TFLOPs: 2.924491
>> VLA-Cache inference mode
Current CUDA latency: 139.093628 ms | Average CUDA latency: 163.529766 ms, Average TFLOPs: 2.924450
>> VLA-Cache inference mode
Current CUDA latency: 178.029251 ms | Average CUDA latency: 163.534136 ms, Average TFLOPs: 2.924422
>> VLA-Cache inference mode
Current CUDA latency: 154.087265 ms | Average CUDA latency: 163.531289 ms, Average TFLOPs: 2.924382
>> VLA-Cache inference mode
Current CUDA latency: 111.058914 ms | Average CUDA latency: 163.515485 ms, Average TFLOPs: 2.924362
>> VLA-Cache inference mode
Current CUDA latency: 126.617249 ms | Average CUDA latency: 163.504374 ms, Average TFLOPs: 2.924330
>> VLA-Cache inference mode
Current CUDA latency: 143.081177 ms | Average CUDA latency: 163.498226 ms, Average TFLOPs: 2.924331
>> VLA-Cache inference mode
Current CUDA latency: 103.979935 ms | Average CUDA latency: 163.480315 ms, Average TFLOPs: 2.924317
>> VLA-Cache inference mode
Current CUDA latency: 102.825249 ms | Average CUDA latency: 163.462067 ms, Average TFLOPs: 2.924293
>> VLA-Cache inference mode
Current CUDA latency: 113.549538 ms | Average CUDA latency: 163.447056 ms, Average TFLOPs: 2.924273
>> VLA-Cache inference mode
Current CUDA latency: 130.586945 ms | Average CUDA latency: 163.437176 ms, Average TFLOPs: 2.924264
>> VLA-Cache inference mode
Current CUDA latency: 220.845444 ms | Average CUDA latency: 163.454432 ms, Average TFLOPs: 2.924239
>> VLA-Cache inference mode
Current CUDA latency: 152.627975 ms | Average CUDA latency: 163.451179 ms, Average TFLOPs: 2.924212
>> VLA-Cache inference mode
Current CUDA latency: 110.935364 ms | Average CUDA latency: 163.435403 ms, Average TFLOPs: 2.924195
>> VLA-Cache inference mode
Current CUDA latency: 254.545593 ms | Average CUDA latency: 163.462764 ms, Average TFLOPs: 2.924152
>> VLA-Cache inference mode
Current CUDA latency: 103.284546 ms | Average CUDA latency: 163.444698 ms, Average TFLOPs: 2.924124
Average time per step: 545.0260 ms, Control Frequency: 14.68 Hz, Token Reusing Ratio (Primary): 35.83 %, , Token Reusing Ratio (Wrist): 34.95 %
Saved rollout MP4 at path ./rollouts/2026_04_07/primary--2026_04_07-23_07_35--episode=106--success=True--task=pick_up_the_book_and_place_it_in_the_back_compartm.mp4
Saved rollout MP4 at path ./rollouts/2026_04_07/wrist--2026_04_07-23_07_35--episode=106--success=True--task=pick_up_the_book_and_place_it_in_the_back_compartm.mp4
04/08 [03:19:43] INFO     | >> Success: True              run_libero_eval.py:230
                 INFO     | >> # episodes completed so    run_libero_eval.py:230
                          far: 106                                              
                 INFO     | >> # successes: 103 (97.2%)   run_libero_eval.py:230

 30%|███       | 6/20 [09:29<22:02, 94.43s/it][A                 INFO     | >>                            run_libero_eval.py:230
                          Task: pick up the book and                            
                          place it in the back                                  
                          compartment of the caddy                              
                 INFO     | >> Starting episode 7...      run_libero_eval.py:230
huggingface/tokenizers: The current process just got forked, after parallelism has already been used. Disabling parallelism to avoid deadlocks...
To disable this warning, you can either:
	- Avoid using `tokenizers` before the fork if possible
	- Explicitly set the environment variable TOKENIZERS_PARALLELISM=(true | false)
huggingface/tokenizers: The current process just got forked, after parallelism has already been used. Disabling parallelism to avoid deadlocks...
To disable this warning, you can either:
	- Avoid using `tokenizers` before the fork if possible
	- Explicitly set the environment variable TOKENIZERS_PARALLELISM=(true | false)
>> VLA-Cache inference mode
Current CUDA latency: 332.026642 ms | Average CUDA latency: 163.495292 ms, Average TFLOPs: 2.924368
>> VLA-Cache inference mode
Current CUDA latency: 290.482117 ms | Average CUDA latency: 163.533392 ms, Average TFLOPs: 2.924375
>> VLA-Cache inference mode
Current CUDA latency: 183.996155 ms | Average CUDA latency: 163.539530 ms, Average TFLOPs: 2.924384
>> VLA-Cache inference mode
Current CUDA latency: 193.640869 ms | Average CUDA latency: 163.548556 ms, Average TFLOPs: 2.924397
>> VLA-Cache inference mode
Current CUDA latency: 163.263290 ms | Average CUDA latency: 163.548470 ms, Average TFLOPs: 2.924403
>> VLA-Cache inference mode
Current CUDA latency: 139.386597 ms | Average CUDA latency: 163.541230 ms, Average TFLOPs: 2.924393
>> VLA-Cache inference mode
Current CUDA latency: 110.004959 ms | Average CUDA latency: 163.525191 ms, Average TFLOPs: 2.924397
>> VLA-Cache inference mode
Current CUDA latency: 119.118271 ms | Average CUDA latency: 163.511892 ms, Average TFLOPs: 2.924395
>> VLA-Cache inference mode
Current CUDA latency: 167.529724 ms | Average CUDA latency: 163.513095 ms, Average TFLOPs: 2.924366
>> VLA-Cache inference mode
Current CUDA latency: 137.303940 ms | Average CUDA latency: 163.505250 ms, Average TFLOPs: 2.924325
>> VLA-Cache inference mode
Current CUDA latency: 106.814590 ms | Average CUDA latency: 163.488287 ms, Average TFLOPs: 2.924299
>> VLA-Cache inference mode
Current CUDA latency: 102.382782 ms | Average CUDA latency: 163.470008 ms, Average TFLOPs: 2.924276
>> VLA-Cache inference mode
Current CUDA latency: 103.538307 ms | Average CUDA latency: 163.452086 ms, Average TFLOPs: 2.924258
>> VLA-Cache inference mode
Current CUDA latency: 119.255745 ms | Average CUDA latency: 163.438873 ms, Average TFLOPs: 2.924248
>> VLA-Cache inference mode
Current CUDA latency: 104.033791 ms | Average CUDA latency: 163.421119 ms, Average TFLOPs: 2.924231
>> VLA-Cache inference mode
Current CUDA latency: 102.421890 ms | Average CUDA latency: 163.402894 ms, Average TFLOPs: 2.924217
>> VLA-Cache inference mode
Current CUDA latency: 111.452126 ms | Average CUDA latency: 163.387377 ms, Average TFLOPs: 2.924189
>> VLA-Cache inference mode
Current CUDA latency: 119.306366 ms | Average CUDA latency: 163.374215 ms, Average TFLOPs: 2.924177
>> VLA-Cache inference mode
Current CUDA latency: 104.322205 ms | Average CUDA latency: 163.356587 ms, Average TFLOPs: 2.924154
>> VLA-Cache inference mode
Current CUDA latency: 293.102631 ms | Average CUDA latency: 163.395306 ms, Average TFLOPs: 2.924135
>> VLA-Cache inference mode
Current CUDA latency: 471.318298 ms | Average CUDA latency: 163.487169 ms, Average TFLOPs: 2.924112
>> VLA-Cache inference mode
Current CUDA latency: 159.622620 ms | Average CUDA latency: 163.486016 ms, Average TFLOPs: 2.924087
Average time per step: 545.4205 ms, Control Frequency: 14.67 Hz, Token Reusing Ratio (Primary): 35.81 %, , Token Reusing Ratio (Wrist): 34.97 %
Saved rollout MP4 at path ./rollouts/2026_04_07/primary--2026_04_07-23_07_35--episode=107--success=True--task=pick_up_the_book_and_place_it_in_the_back_compartm.mp4
Saved rollout MP4 at path ./rollouts/2026_04_07/wrist--2026_04_07-23_07_35--episode=107--success=True--task=pick_up_the_book_and_place_it_in_the_back_compartm.mp4
04/08 [03:21:22] INFO     | >> Success: True              run_libero_eval.py:230
                 INFO     | >> # episodes completed so    run_libero_eval.py:230
                          far: 107                                              
                 INFO     | >> # successes: 104 (97.2%)   run_libero_eval.py:230

 35%|███▌      | 7/20 [11:09<20:50, 96.20s/it][A                 INFO     | >>                            run_libero_eval.py:230
                          Task: pick up the book and                            
                          place it in the back                                  
                          compartment of the caddy                              
                 INFO     | >> Starting episode 8...      run_libero_eval.py:230
huggingface/tokenizers: The current process just got forked, after parallelism has already been used. Disabling parallelism to avoid deadlocks...
To disable this warning, you can either:
	- Avoid using `tokenizers` before the fork if possible
	- Explicitly set the environment variable TOKENIZERS_PARALLELISM=(true | false)
huggingface/tokenizers: The current process just got forked, after parallelism has already been used. Disabling parallelism to avoid deadlocks...
To disable this warning, you can either:
	- Avoid using `tokenizers` before the fork if possible
	- Explicitly set the environment variable TOKENIZERS_PARALLELISM=(true | false)
>> VLA-Cache inference mode
Current CUDA latency: 331.871979 ms | Average CUDA latency: 163.536221 ms, Average TFLOPs: 2.924330
>> VLA-Cache inference mode
Current CUDA latency: 309.983307 ms | Average CUDA latency: 163.579871 ms, Average TFLOPs: 2.924327
>> VLA-Cache inference mode
Current CUDA latency: 136.467010 ms | Average CUDA latency: 163.571792 ms, Average TFLOPs: 2.924331
>> VLA-Cache inference mode
Current CUDA latency: 125.764610 ms | Average CUDA latency: 163.560530 ms, Average TFLOPs: 2.924341
>> VLA-Cache inference mode
Current CUDA latency: 173.974686 ms | Average CUDA latency: 163.563631 ms, Average TFLOPs: 2.924348
>> VLA-Cache inference mode
Current CUDA latency: 230.941345 ms | Average CUDA latency: 163.583690 ms, Average TFLOPs: 2.924339
>> VLA-Cache inference mode
Current CUDA latency: 223.017502 ms | Average CUDA latency: 163.601379 ms, Average TFLOPs: 2.924305
>> VLA-Cache inference mode
Current CUDA latency: 136.495361 ms | Average CUDA latency: 163.593314 ms, Average TFLOPs: 2.924267
>> VLA-Cache inference mode
Current CUDA latency: 121.192482 ms | Average CUDA latency: 163.580702 ms, Average TFLOPs: 2.924234
>> VLA-Cache inference mode
Current CUDA latency: 105.896835 ms | Average CUDA latency: 163.563549 ms, Average TFLOPs: 2.924212
>> VLA-Cache inference mode
Current CUDA latency: 103.909027 ms | Average CUDA latency: 163.545816 ms, Average TFLOPs: 2.924182
>> VLA-Cache inference mode
Current CUDA latency: 102.015167 ms | Average CUDA latency: 163.527531 ms, Average TFLOPs: 2.924149
>> VLA-Cache inference mode
Current CUDA latency: 103.823715 ms | Average CUDA latency: 163.509793 ms, Average TFLOPs: 2.924125
>> VLA-Cache inference mode
Current CUDA latency: 110.469345 ms | Average CUDA latency: 163.494040 ms, Average TFLOPs: 2.924103
>> VLA-Cache inference mode
Current CUDA latency: 103.347198 ms | Average CUDA latency: 163.476182 ms, Average TFLOPs: 2.924071
>> VLA-Cache inference mode
Current CUDA latency: 103.539810 ms | Average CUDA latency: 163.458392 ms, Average TFLOPs: 2.924044
>> VLA-Cache inference mode
Current CUDA latency: 121.240829 ms | Average CUDA latency: 163.445864 ms, Average TFLOPs: 2.924028
>> VLA-Cache inference mode
Current CUDA latency: 107.841858 ms | Average CUDA latency: 163.429369 ms, Average TFLOPs: 2.923995
>> VLA-Cache inference mode
Current CUDA latency: 194.945084 ms | Average CUDA latency: 163.438716 ms, Average TFLOPs: 2.923971
>> VLA-Cache inference mode
Current CUDA latency: 338.229767 ms | Average CUDA latency: 163.490536 ms, Average TFLOPs: 2.923958
>> VLA-Cache inference mode
Current CUDA latency: 145.719391 ms | Average CUDA latency: 163.485269 ms, Average TFLOPs: 2.923930
>> VLA-Cache inference mode
Current CUDA latency: 116.008163 ms | Average CUDA latency: 163.471202 ms, Average TFLOPs: 2.923914
Average time per step: 543.3230 ms, Control Frequency: 14.72 Hz, Token Reusing Ratio (Primary): 35.94 %, , Token Reusing Ratio (Wrist): 34.97 %
Saved rollout MP4 at path ./rollouts/2026_04_07/primary--2026_04_07-23_07_35--episode=108--success=True--task=pick_up_the_book_and_place_it_in_the_back_compartm.mp4
Saved rollout MP4 at path ./rollouts/2026_04_07/wrist--2026_04_07-23_07_35--episode=108--success=True--task=pick_up_the_book_and_place_it_in_the_back_compartm.mp4
04/08 [03:23:00] INFO     | >> Success: True              run_libero_eval.py:230
                 INFO     | >> # episodes completed so    run_libero_eval.py:230
                          far: 108                                              
                 INFO     | >> # successes: 105 (97.2%)   run_libero_eval.py:230

 40%|████      | 8/20 [12:46<19:18, 96.54s/it][A                 INFO     | >>                            run_libero_eval.py:230
                          Task: pick up the book and                            
                          place it in the back                                  
                          compartment of the caddy                              
                 INFO     | >> Starting episode 9...      run_libero_eval.py:230
huggingface/tokenizers: The current process just got forked, after parallelism has already been used. Disabling parallelism to avoid deadlocks...
To disable this warning, you can either:
	- Avoid using `tokenizers` before the fork if possible
	- Explicitly set the environment variable TOKENIZERS_PARALLELISM=(true | false)
huggingface/tokenizers: The current process just got forked, after parallelism has already been used. Disabling parallelism to avoid deadlocks...
To disable this warning, you can either:
	- Avoid using `tokenizers` before the fork if possible
	- Explicitly set the environment variable TOKENIZERS_PARALLELISM=(true | false)
>> VLA-Cache inference mode
Current CUDA latency: 366.058624 ms | Average CUDA latency: 163.531210 ms, Average TFLOPs: 2.924155
>> VLA-Cache inference mode
Current CUDA latency: 410.370056 ms | Average CUDA latency: 163.604304 ms, Average TFLOPs: 2.924167
>> VLA-Cache inference mode
Current CUDA latency: 560.964722 ms | Average CUDA latency: 163.721936 ms, Average TFLOPs: 2.924182
>> VLA-Cache inference mode
Current CUDA latency: 228.497116 ms | Average CUDA latency: 163.741106 ms, Average TFLOPs: 2.924187
>> VLA-Cache inference mode
Current CUDA latency: 126.010468 ms | Average CUDA latency: 163.729943 ms, Average TFLOPs: 2.924187
>> VLA-Cache inference mode
Current CUDA latency: 116.816292 ms | Average CUDA latency: 163.716067 ms, Average TFLOPs: 2.924187
>> VLA-Cache inference mode
Current CUDA latency: 110.335999 ms | Average CUDA latency: 163.700284 ms, Average TFLOPs: 2.924186
>> VLA-Cache inference mode
Current CUDA latency: 235.313629 ms | Average CUDA latency: 163.721452 ms, Average TFLOPs: 2.924166
>> VLA-Cache inference mode
Current CUDA latency: 255.904358 ms | Average CUDA latency: 163.748693 ms, Average TFLOPs: 2.924132
>> VLA-Cache inference mode
Current CUDA latency: 155.369415 ms | Average CUDA latency: 163.746218 ms, Average TFLOPs: 2.924107
>> VLA-Cache inference mode
Current CUDA latency: 116.278236 ms | Average CUDA latency: 163.732199 ms, Average TFLOPs: 2.924074
>> VLA-Cache inference mode
Current CUDA latency: 129.954041 ms | Average CUDA latency: 163.722226 ms, Average TFLOPs: 2.924035
>> VLA-Cache inference mode
Current CUDA latency: 105.085953 ms | Average CUDA latency: 163.704919 ms, Average TFLOPs: 2.924006
>> VLA-Cache inference mode
Current CUDA latency: 127.753311 ms | Average CUDA latency: 163.694311 ms, Average TFLOPs: 2.923982
>> VLA-Cache inference mode
Current CUDA latency: 179.719482 ms | Average CUDA latency: 163.699038 ms, Average TFLOPs: 2.923958
>> VLA-Cache inference mode
Current CUDA latency: 271.107300 ms | Average CUDA latency: 163.730712 ms, Average TFLOPs: 2.923927
>> VLA-Cache inference mode
Current CUDA latency: 205.218369 ms | Average CUDA latency: 163.742943 ms, Average TFLOPs: 2.923905
>> VLA-Cache inference mode
Current CUDA latency: 153.669510 ms | Average CUDA latency: 163.739974 ms, Average TFLOPs: 2.923889
>> VLA-Cache inference mode
Current CUDA latency: 147.157700 ms | Average CUDA latency: 163.735089 ms, Average TFLOPs: 2.923880
>> VLA-Cache inference mode
Current CUDA latency: 102.041664 ms | Average CUDA latency: 163.716917 ms, Average TFLOPs: 2.923854
Average time per step: 557.0983 ms, Control Frequency: 14.36 Hz, Token Reusing Ratio (Primary): 35.97 %, , Token Reusing Ratio (Wrist): 34.96 %
Saved rollout MP4 at path ./rollouts/2026_04_07/primary--2026_04_07-23_07_35--episode=109--success=True--task=pick_up_the_book_and_place_it_in_the_back_compartm.mp4
Saved rollout MP4 at path ./rollouts/2026_04_07/wrist--2026_04_07-23_07_35--episode=109--success=True--task=pick_up_the_book_and_place_it_in_the_back_compartm.mp4
04/08 [03:24:51] INFO     | >> Success: True              run_libero_eval.py:230
                 INFO     | >> # episodes completed so    run_libero_eval.py:230
                          far: 109                                              
                 INFO     | >> # successes: 106 (97.2%)   run_libero_eval.py:230

 45%|████▌     | 9/20 [14:37<18:31, 101.02s/it][A                 INFO     | >>                            run_libero_eval.py:230
                          Task: pick up the book and                            
                          place it in the back                                  
                          compartment of the caddy                              
                 INFO     | >> Starting episode 10...     run_libero_eval.py:230
huggingface/tokenizers: The current process just got forked, after parallelism has already been used. Disabling parallelism to avoid deadlocks...
To disable this warning, you can either:
	- Avoid using `tokenizers` before the fork if possible
	- Explicitly set the environment variable TOKENIZERS_PARALLELISM=(true | false)
huggingface/tokenizers: The current process just got forked, after parallelism has already been used. Disabling parallelism to avoid deadlocks...
To disable this warning, you can either:
	- Avoid using `tokenizers` before the fork if possible
	- Explicitly set the environment variable TOKENIZERS_PARALLELISM=(true | false)
>> VLA-Cache inference mode
Current CUDA latency: 310.498016 ms | Average CUDA latency: 163.760138 ms, Average TFLOPs: 2.924094
>> VLA-Cache inference mode
Current CUDA latency: 247.832672 ms | Average CUDA latency: 163.784888 ms, Average TFLOPs: 2.924111
>> VLA-Cache inference mode
Current CUDA latency: 146.247101 ms | Average CUDA latency: 163.779726 ms, Average TFLOPs: 2.924114
>> VLA-Cache inference mode
Current CUDA latency: 187.910721 ms | Average CUDA latency: 163.786826 ms, Average TFLOPs: 2.924110
>> VLA-Cache inference mode
Current CUDA latency: 150.006241 ms | Average CUDA latency: 163.782773 ms, Average TFLOPs: 2.924108
>> VLA-Cache inference mode
Current CUDA latency: 149.965668 ms | Average CUDA latency: 163.778710 ms, Average TFLOPs: 2.924086
>> VLA-Cache inference mode
Current CUDA latency: 117.647682 ms | Average CUDA latency: 163.765150 ms, Average TFLOPs: 2.924080
>> VLA-Cache inference mode
Current CUDA latency: 111.599487 ms | Average CUDA latency: 163.749821 ms, Average TFLOPs: 2.924066
>> VLA-Cache inference mode
Current CUDA latency: 117.930016 ms | Average CUDA latency: 163.736360 ms, Average TFLOPs: 2.924051
>> VLA-Cache inference mode
Current CUDA latency: 191.251450 ms | Average CUDA latency: 163.744441 ms, Average TFLOPs: 2.924006
>> VLA-Cache inference mode
Current CUDA latency: 109.808769 ms | Average CUDA latency: 163.728605 ms, Average TFLOPs: 2.923983
>> VLA-Cache inference mode
Current CUDA latency: 104.199265 ms | Average CUDA latency: 163.711133 ms, Average TFLOPs: 2.923967
>> VLA-Cache inference mode
Current CUDA latency: 112.059425 ms | Average CUDA latency: 163.695977 ms, Average TFLOPs: 2.923946
>> VLA-Cache inference mode
Current CUDA latency: 103.875679 ms | Average CUDA latency: 163.678429 ms, Average TFLOPs: 2.923928
>> VLA-Cache inference mode
Current CUDA latency: 102.835426 ms | Average CUDA latency: 163.660586 ms, Average TFLOPs: 2.923904
>> VLA-Cache inference mode
Current CUDA latency: 189.791367 ms | Average CUDA latency: 163.668247 ms, Average TFLOPs: 2.923880
>> VLA-Cache inference mode
Current CUDA latency: 191.728287 ms | Average CUDA latency: 163.676471 ms, Average TFLOPs: 2.923865
>> VLA-Cache inference mode
Current CUDA latency: 204.070724 ms | Average CUDA latency: 163.688307 ms, Average TFLOPs: 2.923846
>> VLA-Cache inference mode
Current CUDA latency: 208.031876 ms | Average CUDA latency: 163.701295 ms, Average TFLOPs: 2.923819
>> VLA-Cache inference mode
Current CUDA latency: 111.671455 ms | Average CUDA latency: 163.686060 ms, Average TFLOPs: 2.923805
>> VLA-Cache inference mode
Current CUDA latency: 120.383774 ms | Average CUDA latency: 163.673383 ms, Average TFLOPs: 2.923792
Average time per step: 559.1653 ms, Control Frequency: 14.31 Hz, Token Reusing Ratio (Primary): 36.00 %, , Token Reusing Ratio (Wrist): 34.94 %
Saved rollout MP4 at path ./rollouts/2026_04_07/primary--2026_04_07-23_07_35--episode=110--success=True--task=pick_up_the_book_and_place_it_in_the_back_compartm.mp4
Saved rollout MP4 at path ./rollouts/2026_04_07/wrist--2026_04_07-23_07_35--episode=110--success=True--task=pick_up_the_book_and_place_it_in_the_back_compartm.mp4
04/08 [03:26:30] INFO     | >> Success: True              run_libero_eval.py:230
                 INFO     | >> # episodes completed so    run_libero_eval.py:230
                          far: 110                                              
                 INFO     | >> # successes: 107 (97.3%)   run_libero_eval.py:230

 50%|█████     | 10/20 [16:17<16:45, 100.52s/it][A                 INFO     | >>                            run_libero_eval.py:230
                          Task: pick up the book and                            
                          place it in the back                                  
                          compartment of the caddy                              
                 INFO     | >> Starting episode 11...     run_libero_eval.py:230
huggingface/tokenizers: The current process just got forked, after parallelism has already been used. Disabling parallelism to avoid deadlocks...
To disable this warning, you can either:
	- Avoid using `tokenizers` before the fork if possible
	- Explicitly set the environment variable TOKENIZERS_PARALLELISM=(true | false)
huggingface/tokenizers: The current process just got forked, after parallelism has already been used. Disabling parallelism to avoid deadlocks...
To disable this warning, you can either:
	- Avoid using `tokenizers` before the fork if possible
	- Explicitly set the environment variable TOKENIZERS_PARALLELISM=(true | false)
>> VLA-Cache inference mode
Current CUDA latency: 321.653656 ms | Average CUDA latency: 163.719617 ms, Average TFLOPs: 2.924031
>> VLA-Cache inference mode
Current CUDA latency: 244.157501 ms | Average CUDA latency: 163.743151 ms, Average TFLOPs: 2.924039
>> VLA-Cache inference mode
Current CUDA latency: 128.494019 ms | Average CUDA latency: 163.732841 ms, Average TFLOPs: 2.924044
>> VLA-Cache inference mode
Current CUDA latency: 116.646019 ms | Average CUDA latency: 163.719073 ms, Average TFLOPs: 2.924053
>> VLA-Cache inference mode
Current CUDA latency: 116.784988 ms | Average CUDA latency: 163.705353 ms, Average TFLOPs: 2.924051
>> VLA-Cache inference mode
Current CUDA latency: 125.497795 ms | Average CUDA latency: 163.694188 ms, Average TFLOPs: 2.924056
>> VLA-Cache inference mode
Current CUDA latency: 168.624985 ms | Average CUDA latency: 163.695629 ms, Average TFLOPs: 2.924040
>> VLA-Cache inference mode
Current CUDA latency: 189.245728 ms | Average CUDA latency: 163.703091 ms, Average TFLOPs: 2.924007
>> VLA-Cache inference mode
Current CUDA latency: 160.698792 ms | Average CUDA latency: 163.702213 ms, Average TFLOPs: 2.923963
>> VLA-Cache inference mode
Current CUDA latency: 132.168869 ms | Average CUDA latency: 163.693009 ms, Average TFLOPs: 2.923939
>> VLA-Cache inference mode
Current CUDA latency: 110.901634 ms | Average CUDA latency: 163.677605 ms, Average TFLOPs: 2.923910
>> VLA-Cache inference mode
Current CUDA latency: 140.842499 ms | Average CUDA latency: 163.670943 ms, Average TFLOPs: 2.923862
>> VLA-Cache inference mode
Current CUDA latency: 112.555870 ms | Average CUDA latency: 163.656037 ms, Average TFLOPs: 2.923828
>> VLA-Cache inference mode
Current CUDA latency: 111.388031 ms | Average CUDA latency: 163.640798 ms, Average TFLOPs: 2.923801
>> VLA-Cache inference mode
Current CUDA latency: 131.744324 ms | Average CUDA latency: 163.631502 ms, Average TFLOPs: 2.923779
>> VLA-Cache inference mode
Current CUDA latency: 107.457283 ms | Average CUDA latency: 163.615134 ms, Average TFLOPs: 2.923746
>> VLA-Cache inference mode
Current CUDA latency: 105.443260 ms | Average CUDA latency: 163.598189 ms, Average TFLOPs: 2.923724
>> VLA-Cache inference mode
Current CUDA latency: 102.603996 ms | Average CUDA latency: 163.580427 ms, Average TFLOPs: 2.923695
>> VLA-Cache inference mode
Current CUDA latency: 109.849632 ms | Average CUDA latency: 163.564785 ms, Average TFLOPs: 2.923683
>> VLA-Cache inference mode
Current CUDA latency: 102.993088 ms | Average CUDA latency: 163.547156 ms, Average TFLOPs: 2.923654
>> VLA-Cache inference mode
Current CUDA latency: 102.708000 ms | Average CUDA latency: 163.529455 ms, Average TFLOPs: 2.923621
>> VLA-Cache inference mode
Current CUDA latency: 102.227806 ms | Average CUDA latency: 163.511625 ms, Average TFLOPs: 2.923595
>> VLA-Cache inference mode
Current CUDA latency: 118.872765 ms | Average CUDA latency: 163.498644 ms, Average TFLOPs: 2.923575
Average time per step: 556.7072 ms, Control Frequency: 14.37 Hz, Token Reusing Ratio (Primary): 36.12 %, , Token Reusing Ratio (Wrist): 34.98 %
Saved rollout MP4 at path ./rollouts/2026_04_07/primary--2026_04_07-23_07_35--episode=111--success=True--task=pick_up_the_book_and_place_it_in_the_back_compartm.mp4
Saved rollout MP4 at path ./rollouts/2026_04_07/wrist--2026_04_07-23_07_35--episode=111--success=True--task=pick_up_the_book_and_place_it_in_the_back_compartm.mp4
04/08 [03:28:01] INFO     | >> Success: True              run_libero_eval.py:230
                 INFO     | >> # episodes completed so    run_libero_eval.py:230
                          far: 111                                              
                 INFO     | >> # successes: 108 (97.3%)   run_libero_eval.py:230

 55%|█████▌    | 11/20 [17:48<14:39, 97.77s/it] [A                 INFO     | >>                            run_libero_eval.py:230
                          Task: pick up the book and                            
                          place it in the back                                  
                          compartment of the caddy                              
                 INFO     | >> Starting episode 12...     run_libero_eval.py:230
huggingface/tokenizers: The current process just got forked, after parallelism has already been used. Disabling parallelism to avoid deadlocks...
To disable this warning, you can either:
	- Avoid using `tokenizers` before the fork if possible
	- Explicitly set the environment variable TOKENIZERS_PARALLELISM=(true | false)
huggingface/tokenizers: The current process just got forked, after parallelism has already been used. Disabling parallelism to avoid deadlocks...
To disable this warning, you can either:
	- Avoid using `tokenizers` before the fork if possible
	- Explicitly set the environment variable TOKENIZERS_PARALLELISM=(true | false)
>> VLA-Cache inference mode
Current CUDA latency: 396.256683 ms | Average CUDA latency: 163.566307 ms, Average TFLOPs: 2.923811
>> VLA-Cache inference mode
Current CUDA latency: 321.645447 ms | Average CUDA latency: 163.612246 ms, Average TFLOPs: 2.923841
>> VLA-Cache inference mode
Current CUDA latency: 130.373856 ms | Average CUDA latency: 163.602590 ms, Average TFLOPs: 2.923849
>> VLA-Cache inference mode
Current CUDA latency: 171.654984 ms | Average CUDA latency: 163.604929 ms, Average TFLOPs: 2.923846
>> VLA-Cache inference mode
Current CUDA latency: 110.940926 ms | Average CUDA latency: 163.589637 ms, Average TFLOPs: 2.923851
>> VLA-Cache inference mode
Current CUDA latency: 115.364479 ms | Average CUDA latency: 163.575638 ms, Average TFLOPs: 2.923859
>> VLA-Cache inference mode
Current CUDA latency: 117.774719 ms | Average CUDA latency: 163.562347 ms, Average TFLOPs: 2.923868
>> VLA-Cache inference mode
Current CUDA latency: 109.227486 ms | Average CUDA latency: 163.546584 ms, Average TFLOPs: 2.923875
>> VLA-Cache inference mode
Current CUDA latency: 108.599777 ms | Average CUDA latency: 163.530649 ms, Average TFLOPs: 2.923879
>> VLA-Cache inference mode
Current CUDA latency: 119.042206 ms | Average CUDA latency: 163.517750 ms, Average TFLOPs: 2.923878
>> VLA-Cache inference mode
Current CUDA latency: 229.764313 ms | Average CUDA latency: 163.536952 ms, Average TFLOPs: 2.923845
>> VLA-Cache inference mode
Current CUDA latency: 211.854111 ms | Average CUDA latency: 163.550952 ms, Average TFLOPs: 2.923816
>> VLA-Cache inference mode
Current CUDA latency: 186.486877 ms | Average CUDA latency: 163.557597 ms, Average TFLOPs: 2.923795
>> VLA-Cache inference mode
Current CUDA latency: 147.269852 ms | Average CUDA latency: 163.552880 ms, Average TFLOPs: 2.923800
>> VLA-Cache inference mode
Current CUDA latency: 113.029984 ms | Average CUDA latency: 163.538252 ms, Average TFLOPs: 2.923784
>> VLA-Cache inference mode
Current CUDA latency: 110.022560 ms | Average CUDA latency: 163.522763 ms, Average TFLOPs: 2.923759
>> VLA-Cache inference mode
Current CUDA latency: 103.493408 ms | Average CUDA latency: 163.505393 ms, Average TFLOPs: 2.923743
>> VLA-Cache inference mode
Current CUDA latency: 110.686333 ms | Average CUDA latency: 163.490115 ms, Average TFLOPs: 2.923724
>> VLA-Cache inference mode
Current CUDA latency: 126.901917 ms | Average CUDA latency: 163.479534 ms, Average TFLOPs: 2.923697
>> VLA-Cache inference mode
Current CUDA latency: 396.785614 ms | Average CUDA latency: 163.546983 ms, Average TFLOPs: 2.923670
>> VLA-Cache inference mode
Current CUDA latency: 175.805923 ms | Average CUDA latency: 163.550526 ms, Average TFLOPs: 2.923650
Average time per step: 556.3650 ms, Control Frequency: 14.38 Hz, Token Reusing Ratio (Primary): 36.06 %, , Token Reusing Ratio (Wrist): 34.97 %
Saved rollout MP4 at path ./rollouts/2026_04_07/primary--2026_04_07-23_07_35--episode=112--success=True--task=pick_up_the_book_and_place_it_in_the_back_compartm.mp4
Saved rollout MP4 at path ./rollouts/2026_04_07/wrist--2026_04_07-23_07_35--episode=112--success=True--task=pick_up_the_book_and_place_it_in_the_back_compartm.mp4
04/08 [03:29:26] INFO     | >> Success: True              run_libero_eval.py:230
                 INFO     | >> # episodes completed so    run_libero_eval.py:230
                          far: 112                                              
                 INFO     | >> # successes: 109 (97.3%)   run_libero_eval.py:230

 60%|██████    | 12/20 [19:12<12:28, 93.61s/it][A                 INFO     | >>                            run_libero_eval.py:230
                          Task: pick up the book and                            
                          place it in the back                                  
                          compartment of the caddy                              
                 INFO     | >> Starting episode 13...     run_libero_eval.py:230
huggingface/tokenizers: The current process just got forked, after parallelism has already been used. Disabling parallelism to avoid deadlocks...
To disable this warning, you can either:
	- Avoid using `tokenizers` before the fork if possible
	- Explicitly set the environment variable TOKENIZERS_PARALLELISM=(true | false)
huggingface/tokenizers: The current process just got forked, after parallelism has already been used. Disabling parallelism to avoid deadlocks...
To disable this warning, you can either:
	- Avoid using `tokenizers` before the fork if possible
	- Explicitly set the environment variable TOKENIZERS_PARALLELISM=(true | false)
>> VLA-Cache inference mode
Current CUDA latency: 338.942688 ms | Average CUDA latency: 163.601203 ms, Average TFLOPs: 2.923885
>> VLA-Cache inference mode
Current CUDA latency: 302.275604 ms | Average CUDA latency: 163.641259 ms, Average TFLOPs: 2.923892
>> VLA-Cache inference mode
Current CUDA latency: 109.303299 ms | Average CUDA latency: 163.625568 ms, Average TFLOPs: 2.923897
>> VLA-Cache inference mode
Current CUDA latency: 111.257507 ms | Average CUDA latency: 163.610450 ms, Average TFLOPs: 2.923905
>> VLA-Cache inference mode
Current CUDA latency: 123.103203 ms | Average CUDA latency: 163.598760 ms, Average TFLOPs: 2.923902
>> VLA-Cache inference mode
Current CUDA latency: 116.171967 ms | Average CUDA latency: 163.585076 ms, Average TFLOPs: 2.923907
>> VLA-Cache inference mode
Current CUDA latency: 123.283905 ms | Average CUDA latency: 163.573452 ms, Average TFLOPs: 2.923899
>> VLA-Cache inference mode
Current CUDA latency: 162.237411 ms | Average CUDA latency: 163.573067 ms, Average TFLOPs: 2.923872
>> VLA-Cache inference mode
Current CUDA latency: 224.801147 ms | Average CUDA latency: 163.590717 ms, Average TFLOPs: 2.923838
>> VLA-Cache inference mode
Current CUDA latency: 187.671173 ms | Average CUDA latency: 163.597656 ms, Average TFLOPs: 2.923814
>> VLA-Cache inference mode
Current CUDA latency: 149.371399 ms | Average CUDA latency: 163.593558 ms, Average TFLOPs: 2.923791
>> VLA-Cache inference mode
Current CUDA latency: 118.385376 ms | Average CUDA latency: 163.580537 ms, Average TFLOPs: 2.923779
>> VLA-Cache inference mode
Current CUDA latency: 114.316132 ms | Average CUDA latency: 163.566352 ms, Average TFLOPs: 2.923767
>> VLA-Cache inference mode
Current CUDA latency: 139.374146 ms | Average CUDA latency: 163.559388 ms, Average TFLOPs: 2.923754
>> VLA-Cache inference mode
Current CUDA latency: 124.684547 ms | Average CUDA latency: 163.548201 ms, Average TFLOPs: 2.923742
>> VLA-Cache inference mode
Current CUDA latency: 133.016739 ms | Average CUDA latency: 163.539418 ms, Average TFLOPs: 2.923701
>> VLA-Cache inference mode
Current CUDA latency: 181.329605 ms | Average CUDA latency: 163.544534 ms, Average TFLOPs: 2.923687
>> VLA-Cache inference mode
Current CUDA latency: 366.964630 ms | Average CUDA latency: 163.603022 ms, Average TFLOPs: 2.923669
>> VLA-Cache inference mode
Current CUDA latency: 183.010971 ms | Average CUDA latency: 163.608600 ms, Average TFLOPs: 2.923662
>> VLA-Cache inference mode
Current CUDA latency: 115.717667 ms | Average CUDA latency: 163.594839 ms, Average TFLOPs: 2.923641
>> VLA-Cache inference mode
Current CUDA latency: 110.076767 ms | Average CUDA latency: 163.579464 ms, Average TFLOPs: 2.923628
>> VLA-Cache inference mode
Current CUDA latency: 104.286301 ms | Average CUDA latency: 163.562436 ms, Average TFLOPs: 2.923609
>> VLA-Cache inference mode
Current CUDA latency: 110.974846 ms | Average CUDA latency: 163.547337 ms, Average TFLOPs: 2.923587
>> VLA-Cache inference mode
Current CUDA latency: 131.926407 ms | Average CUDA latency: 163.538261 ms, Average TFLOPs: 2.923561
>> VLA-Cache inference mode
Current CUDA latency: 141.622437 ms | Average CUDA latency: 163.531973 ms, Average TFLOPs: 2.923541
>> VLA-Cache inference mode
Current CUDA latency: 254.019684 ms | Average CUDA latency: 163.557930 ms, Average TFLOPs: 2.923512
Average time per step: 557.5209 ms, Control Frequency: 14.35 Hz, Token Reusing Ratio (Primary): 36.08 %, , Token Reusing Ratio (Wrist): 35.02 %
Saved rollout MP4 at path ./rollouts/2026_04_07/primary--2026_04_07-23_07_35--episode=113--success=True--task=pick_up_the_book_and_place_it_in_the_back_compartm.mp4
Saved rollout MP4 at path ./rollouts/2026_04_07/wrist--2026_04_07-23_07_35--episode=113--success=True--task=pick_up_the_book_and_place_it_in_the_back_compartm.mp4
04/08 [03:31:21] INFO     | >> Success: True              run_libero_eval.py:230
                 INFO     | >> # episodes completed so    run_libero_eval.py:230
                          far: 113                                              
                 INFO     | >> # successes: 110 (97.3%)   run_libero_eval.py:230

 65%|██████▌   | 13/20 [21:07<11:40, 100.11s/it][A                 INFO     | >>                            run_libero_eval.py:230
                          Task: pick up the book and                            
                          place it in the back                                  
                          compartment of the caddy                              
                 INFO     | >> Starting episode 14...     run_libero_eval.py:230
huggingface/tokenizers: The current process just got forked, after parallelism has already been used. Disabling parallelism to avoid deadlocks...
To disable this warning, you can either:
	- Avoid using `tokenizers` before the fork if possible
	- Explicitly set the environment variable TOKENIZERS_PARALLELISM=(true | false)
huggingface/tokenizers: The current process just got forked, after parallelism has already been used. Disabling parallelism to avoid deadlocks...
To disable this warning, you can either:
	- Avoid using `tokenizers` before the fork if possible
	- Explicitly set the environment variable TOKENIZERS_PARALLELISM=(true | false)
>> VLA-Cache inference mode
Current CUDA latency: 375.526062 ms | Average CUDA latency: 163.618718 ms, Average TFLOPs: 2.923746
>> VLA-Cache inference mode
Current CUDA latency: 268.832275 ms | Average CUDA latency: 163.648883 ms, Average TFLOPs: 2.923755
>> VLA-Cache inference mode
Current CUDA latency: 122.028770 ms | Average CUDA latency: 163.636954 ms, Average TFLOPs: 2.923755
>> VLA-Cache inference mode
Current CUDA latency: 139.021210 ms | Average CUDA latency: 163.629901 ms, Average TFLOPs: 2.923758
>> VLA-Cache inference mode
Current CUDA latency: 110.753632 ms | Average CUDA latency: 163.614754 ms, Average TFLOPs: 2.923775
>> VLA-Cache inference mode
Current CUDA latency: 109.374176 ms | Average CUDA latency: 163.599221 ms, Average TFLOPs: 2.923777
>> VLA-Cache inference mode
Current CUDA latency: 110.845154 ms | Average CUDA latency: 163.584119 ms, Average TFLOPs: 2.923785
>> VLA-Cache inference mode
Current CUDA latency: 113.553246 ms | Average CUDA latency: 163.569800 ms, Average TFLOPs: 2.923777
>> VLA-Cache inference mode
Current CUDA latency: 189.507233 ms | Average CUDA latency: 163.577221 ms, Average TFLOPs: 2.923754
>> VLA-Cache inference mode
Current CUDA latency: 188.219360 ms | Average CUDA latency: 163.584269 ms, Average TFLOPs: 2.923728
>> VLA-Cache inference mode
Current CUDA latency: 191.865753 ms | Average CUDA latency: 163.592357 ms, Average TFLOPs: 2.923688
>> VLA-Cache inference mode
Current CUDA latency: 204.320480 ms | Average CUDA latency: 163.604000 ms, Average TFLOPs: 2.923649
>> VLA-Cache inference mode
Current CUDA latency: 202.506180 ms | Average CUDA latency: 163.615118 ms, Average TFLOPs: 2.923614
>> VLA-Cache inference mode
Current CUDA latency: 156.760773 ms | Average CUDA latency: 163.613160 ms, Average TFLOPs: 2.923592
>> VLA-Cache inference mode
Current CUDA latency: 110.134109 ms | Average CUDA latency: 163.597884 ms, Average TFLOPs: 2.923572
>> VLA-Cache inference mode
Current CUDA latency: 102.829376 ms | Average CUDA latency: 163.580532 ms, Average TFLOPs: 2.923548
>> VLA-Cache inference mode
Current CUDA latency: 104.592644 ms | Average CUDA latency: 163.563693 ms, Average TFLOPs: 2.923525
>> VLA-Cache inference mode
Current CUDA latency: 122.772255 ms | Average CUDA latency: 163.552051 ms, Average TFLOPs: 2.923514
>> VLA-Cache inference mode
Current CUDA latency: 170.282715 ms | Average CUDA latency: 163.553972 ms, Average TFLOPs: 2.923500
>> VLA-Cache inference mode
Current CUDA latency: 265.687439 ms | Average CUDA latency: 163.583103 ms, Average TFLOPs: 2.923486
>> VLA-Cache inference mode
Current CUDA latency: 150.563263 ms | Average CUDA latency: 163.579390 ms, Average TFLOPs: 2.923464
>> VLA-Cache inference mode
Current CUDA latency: 144.782333 ms | Average CUDA latency: 163.574032 ms, Average TFLOPs: 2.923444
>> VLA-Cache inference mode
Current CUDA latency: 116.365540 ms | Average CUDA latency: 163.560578 ms, Average TFLOPs: 2.923427
>> VLA-Cache inference mode
Current CUDA latency: 136.175705 ms | Average CUDA latency: 163.552776 ms, Average TFLOPs: 2.923407
>> VLA-Cache inference mode
Current CUDA latency: 130.567398 ms | Average CUDA latency: 163.543381 ms, Average TFLOPs: 2.923380
Average time per step: 559.7050 ms, Control Frequency: 14.29 Hz, Token Reusing Ratio (Primary): 36.18 %, , Token Reusing Ratio (Wrist): 34.99 %
Saved rollout MP4 at path ./rollouts/2026_04_07/primary--2026_04_07-23_07_35--episode=114--success=True--task=pick_up_the_book_and_place_it_in_the_back_compartm.mp4
Saved rollout MP4 at path ./rollouts/2026_04_07/wrist--2026_04_07-23_07_35--episode=114--success=True--task=pick_up_the_book_and_place_it_in_the_back_compartm.mp4
04/08 [03:33:01] INFO     | >> Success: True              run_libero_eval.py:230
                 INFO     | >> # episodes completed so    run_libero_eval.py:230
                          far: 114                                              
                 INFO     | >> # successes: 111 (97.4%)   run_libero_eval.py:230

 70%|███████   | 14/20 [22:48<10:00, 100.15s/it][A                 INFO     | >>                            run_libero_eval.py:230
                          Task: pick up the book and                            
                          place it in the back                                  
                          compartment of the caddy                              
                 INFO     | >> Starting episode 15...     run_libero_eval.py:230
huggingface/tokenizers: The current process just got forked, after parallelism has already been used. Disabling parallelism to avoid deadlocks...
To disable this warning, you can either:
	- Avoid using `tokenizers` before the fork if possible
	- Explicitly set the environment variable TOKENIZERS_PARALLELISM=(true | false)
huggingface/tokenizers: The current process just got forked, after parallelism has already been used. Disabling parallelism to avoid deadlocks...
To disable this warning, you can either:
	- Avoid using `tokenizers` before the fork if possible
	- Explicitly set the environment variable TOKENIZERS_PARALLELISM=(true | false)
>> VLA-Cache inference mode
Current CUDA latency: 348.466309 ms | Average CUDA latency: 163.596036 ms, Average TFLOPs: 2.923612
>> VLA-Cache inference mode
Current CUDA latency: 283.777252 ms | Average CUDA latency: 163.630246 ms, Average TFLOPs: 2.923619
>> VLA-Cache inference mode
Current CUDA latency: 120.910461 ms | Average CUDA latency: 163.618089 ms, Average TFLOPs: 2.923623
>> VLA-Cache inference mode
Current CUDA latency: 135.153885 ms | Average CUDA latency: 163.609991 ms, Average TFLOPs: 2.923623
>> VLA-Cache inference mode
Current CUDA latency: 230.169830 ms | Average CUDA latency: 163.628922 ms, Average TFLOPs: 2.923618
>> VLA-Cache inference mode
Current CUDA latency: 177.958908 ms | Average CUDA latency: 163.632996 ms, Average TFLOPs: 2.923614
>> VLA-Cache inference mode
Current CUDA latency: 116.605667 ms | Average CUDA latency: 163.619629 ms, Average TFLOPs: 2.923606
>> VLA-Cache inference mode
Current CUDA latency: 135.688095 ms | Average CUDA latency: 163.611692 ms, Average TFLOPs: 2.923613
>> VLA-Cache inference mode
Current CUDA latency: 148.803421 ms | Average CUDA latency: 163.607485 ms, Average TFLOPs: 2.923626
>> VLA-Cache inference mode
Current CUDA latency: 140.658813 ms | Average CUDA latency: 163.600967 ms, Average TFLOPs: 2.923641
>> VLA-Cache inference mode
Current CUDA latency: 122.258209 ms | Average CUDA latency: 163.589229 ms, Average TFLOPs: 2.923632
>> VLA-Cache inference mode
Current CUDA latency: 116.930756 ms | Average CUDA latency: 163.575985 ms, Average TFLOPs: 2.923621
>> VLA-Cache inference mode
Current CUDA latency: 169.994659 ms | Average CUDA latency: 163.577806 ms, Average TFLOPs: 2.923582
>> VLA-Cache inference mode
Current CUDA latency: 163.084641 ms | Average CUDA latency: 163.577666 ms, Average TFLOPs: 2.923557
>> VLA-Cache inference mode
Current CUDA latency: 102.380318 ms | Average CUDA latency: 163.560310 ms, Average TFLOPs: 2.923536
>> VLA-Cache inference mode
Current CUDA latency: 111.342178 ms | Average CUDA latency: 163.545505 ms, Average TFLOPs: 2.923519
>> VLA-Cache inference mode
Current CUDA latency: 102.677986 ms | Average CUDA latency: 163.528252 ms, Average TFLOPs: 2.923497
>> VLA-Cache inference mode
Current CUDA latency: 104.018593 ms | Average CUDA latency: 163.511389 ms, Average TFLOPs: 2.923473
>> VLA-Cache inference mode
Current CUDA latency: 107.460640 ms | Average CUDA latency: 163.495511 ms, Average TFLOPs: 2.923451
>> VLA-Cache inference mode
Current CUDA latency: 200.531738 ms | Average CUDA latency: 163.506000 ms, Average TFLOPs: 2.923431
>> VLA-Cache inference mode
Current CUDA latency: 111.980095 ms | Average CUDA latency: 163.491411 ms, Average TFLOPs: 2.923421
>> VLA-Cache inference mode
Current CUDA latency: 111.547935 ms | Average CUDA latency: 163.476709 ms, Average TFLOPs: 2.923397
>> VLA-Cache inference mode
Current CUDA latency: 210.177338 ms | Average CUDA latency: 163.489924 ms, Average TFLOPs: 2.923393
>> VLA-Cache inference mode
Current CUDA latency: 181.053787 ms | Average CUDA latency: 163.494892 ms, Average TFLOPs: 2.923376
>> VLA-Cache inference mode
Current CUDA latency: 252.789062 ms | Average CUDA latency: 163.520145 ms, Average TFLOPs: 2.923346
Average time per step: 560.6962 ms, Control Frequency: 14.27 Hz, Token Reusing Ratio (Primary): 36.12 %, , Token Reusing Ratio (Wrist): 35.02 %
Saved rollout MP4 at path ./rollouts/2026_04_07/primary--2026_04_07-23_07_35--episode=115--success=True--task=pick_up_the_book_and_place_it_in_the_back_compartm.mp4
Saved rollout MP4 at path ./rollouts/2026_04_07/wrist--2026_04_07-23_07_35--episode=115--success=True--task=pick_up_the_book_and_place_it_in_the_back_compartm.mp4
04/08 [03:34:40] INFO     | >> Success: True              run_libero_eval.py:230
                 INFO     | >> # episodes completed so    run_libero_eval.py:230
                          far: 115                                              
                 INFO     | >> # successes: 112 (97.4%)   run_libero_eval.py:230

 75%|███████▌  | 15/20 [24:27<08:19, 99.92s/it] [A                 INFO     | >>                            run_libero_eval.py:230
                          Task: pick up the book and                            
                          place it in the back                                  
                          compartment of the caddy                              
                 INFO     | >> Starting episode 16...     run_libero_eval.py:230
huggingface/tokenizers: The current process just got forked, after parallelism has already been used. Disabling parallelism to avoid deadlocks...
To disable this warning, you can either:
	- Avoid using `tokenizers` before the fork if possible
	- Explicitly set the environment variable TOKENIZERS_PARALLELISM=(true | false)
huggingface/tokenizers: The current process just got forked, after parallelism has already been used. Disabling parallelism to avoid deadlocks...
To disable this warning, you can either:
	- Avoid using `tokenizers` before the fork if possible
	- Explicitly set the environment variable TOKENIZERS_PARALLELISM=(true | false)
>> VLA-Cache inference mode
Current CUDA latency: 333.315430 ms | Average CUDA latency: 163.568150 ms, Average TFLOPs: 2.923577
>> VLA-Cache inference mode
Current CUDA latency: 221.041275 ms | Average CUDA latency: 163.584395 ms, Average TFLOPs: 2.923572
>> VLA-Cache inference mode
Current CUDA latency: 128.503708 ms | Average CUDA latency: 163.574482 ms, Average TFLOPs: 2.923576
>> VLA-Cache inference mode
Current CUDA latency: 113.137375 ms | Average CUDA latency: 163.560235 ms, Average TFLOPs: 2.923579
>> VLA-Cache inference mode
Current CUDA latency: 117.562622 ms | Average CUDA latency: 163.547245 ms, Average TFLOPs: 2.923579
>> VLA-Cache inference mode
Current CUDA latency: 124.291580 ms | Average CUDA latency: 163.536162 ms, Average TFLOPs: 2.923563
>> VLA-Cache inference mode
Current CUDA latency: 142.049728 ms | Average CUDA latency: 163.530097 ms, Average TFLOPs: 2.923539
>> VLA-Cache inference mode
Current CUDA latency: 173.798462 ms | Average CUDA latency: 163.532995 ms, Average TFLOPs: 2.923528
>> VLA-Cache inference mode
Current CUDA latency: 150.048355 ms | Average CUDA latency: 163.529191 ms, Average TFLOPs: 2.923510
>> VLA-Cache inference mode
Current CUDA latency: 151.259293 ms | Average CUDA latency: 163.525731 ms, Average TFLOPs: 2.923495
>> VLA-Cache inference mode
Current CUDA latency: 134.032516 ms | Average CUDA latency: 163.517416 ms, Average TFLOPs: 2.923472
>> VLA-Cache inference mode
Current CUDA latency: 118.317566 ms | Average CUDA latency: 163.504676 ms, Average TFLOPs: 2.923460
>> VLA-Cache inference mode
Current CUDA latency: 184.350937 ms | Average CUDA latency: 163.510550 ms, Average TFLOPs: 2.923431
>> VLA-Cache inference mode
Current CUDA latency: 102.488991 ms | Average CUDA latency: 163.493361 ms, Average TFLOPs: 2.923412
>> VLA-Cache inference mode
Current CUDA latency: 104.058014 ms | Average CUDA latency: 163.476623 ms, Average TFLOPs: 2.923391
>> VLA-Cache inference mode
Current CUDA latency: 102.758400 ms | Average CUDA latency: 163.459529 ms, Average TFLOPs: 2.923368
>> VLA-Cache inference mode
Current CUDA latency: 104.511620 ms | Average CUDA latency: 163.442938 ms, Average TFLOPs: 2.923348
>> VLA-Cache inference mode
Current CUDA latency: 103.314560 ms | Average CUDA latency: 163.426019 ms, Average TFLOPs: 2.923318
>> VLA-Cache inference mode
Current CUDA latency: 112.965919 ms | Average CUDA latency: 163.411825 ms, Average TFLOPs: 2.923298
>> VLA-Cache inference mode
Current CUDA latency: 181.664581 ms | Average CUDA latency: 163.416958 ms, Average TFLOPs: 2.923280
Average time per step: 560.8138 ms, Control Frequency: 14.26 Hz, Token Reusing Ratio (Primary): 36.17 %, , Token Reusing Ratio (Wrist): 34.99 %
Saved rollout MP4 at path ./rollouts/2026_04_07/primary--2026_04_07-23_07_35--episode=116--success=True--task=pick_up_the_book_and_place_it_in_the_back_compartm.mp4
Saved rollout MP4 at path ./rollouts/2026_04_07/wrist--2026_04_07-23_07_35--episode=116--success=True--task=pick_up_the_book_and_place_it_in_the_back_compartm.mp4
04/08 [03:36:00] INFO     | >> Success: True              run_libero_eval.py:230
                 INFO     | >> # episodes completed so    run_libero_eval.py:230
                          far: 116                                              
                 INFO     | >> # successes: 113 (97.4%)   run_libero_eval.py:230

 80%|████████  | 16/20 [25:46<06:14, 93.72s/it][A                 INFO     | >>                            run_libero_eval.py:230
                          Task: pick up the book and                            
                          place it in the back                                  
                          compartment of the caddy                              
                 INFO     | >> Starting episode 17...     run_libero_eval.py:230
huggingface/tokenizers: The current process just got forked, after parallelism has already been used. Disabling parallelism to avoid deadlocks...
To disable this warning, you can either:
	- Avoid using `tokenizers` before the fork if possible
	- Explicitly set the environment variable TOKENIZERS_PARALLELISM=(true | false)
huggingface/tokenizers: The current process just got forked, after parallelism has already been used. Disabling parallelism to avoid deadlocks...
To disable this warning, you can either:
	- Avoid using `tokenizers` before the fork if possible
	- Explicitly set the environment variable TOKENIZERS_PARALLELISM=(true | false)
>> VLA-Cache inference mode
Current CUDA latency: 451.862030 ms | Average CUDA latency: 163.498050 ms, Average TFLOPs: 2.923509
>> VLA-Cache inference mode
Current CUDA latency: 409.000122 ms | Average CUDA latency: 163.567051 ms, Average TFLOPs: 2.923527
>> VLA-Cache inference mode
Current CUDA latency: 125.728416 ms | Average CUDA latency: 163.556419 ms, Average TFLOPs: 2.923547
>> VLA-Cache inference mode
Current CUDA latency: 129.886429 ms | Average CUDA latency: 163.546961 ms, Average TFLOPs: 2.923555
>> VLA-Cache inference mode
Current CUDA latency: 108.762688 ms | Average CUDA latency: 163.531576 ms, Average TFLOPs: 2.923559
>> VLA-Cache inference mode
Current CUDA latency: 118.214142 ms | Average CUDA latency: 163.518854 ms, Average TFLOPs: 2.923565
>> VLA-Cache inference mode
Current CUDA latency: 110.454109 ms | Average CUDA latency: 163.503961 ms, Average TFLOPs: 2.923578
>> VLA-Cache inference mode
Current CUDA latency: 150.352676 ms | Average CUDA latency: 163.500271 ms, Average TFLOPs: 2.923596
>> VLA-Cache inference mode
Current CUDA latency: 122.215294 ms | Average CUDA latency: 163.488690 ms, Average TFLOPs: 2.923595
>> VLA-Cache inference mode
Current CUDA latency: 180.194748 ms | Average CUDA latency: 163.493375 ms, Average TFLOPs: 2.923579
>> VLA-Cache inference mode
Current CUDA latency: 124.934364 ms | Average CUDA latency: 163.482565 ms, Average TFLOPs: 2.923558
>> VLA-Cache inference mode
Current CUDA latency: 137.725830 ms | Average CUDA latency: 163.475346 ms, Average TFLOPs: 2.923540
>> VLA-Cache inference mode
Current CUDA latency: 145.512253 ms | Average CUDA latency: 163.470313 ms, Average TFLOPs: 2.923526
>> VLA-Cache inference mode
Current CUDA latency: 148.663681 ms | Average CUDA latency: 163.466165 ms, Average TFLOPs: 2.923521
>> VLA-Cache inference mode
Current CUDA latency: 210.324539 ms | Average CUDA latency: 163.479287 ms, Average TFLOPs: 2.923504
>> VLA-Cache inference mode
Current CUDA latency: 145.874756 ms | Average CUDA latency: 163.474359 ms, Average TFLOPs: 2.923503
>> VLA-Cache inference mode
Current CUDA latency: 137.524796 ms | Average CUDA latency: 163.467096 ms, Average TFLOPs: 2.923493
>> VLA-Cache inference mode
Current CUDA latency: 112.001823 ms | Average CUDA latency: 163.452696 ms, Average TFLOPs: 2.923473
>> VLA-Cache inference mode
Current CUDA latency: 105.874748 ms | Average CUDA latency: 163.436590 ms, Average TFLOPs: 2.923453
>> VLA-Cache inference mode
Current CUDA latency: 189.373062 ms | Average CUDA latency: 163.443843 ms, Average TFLOPs: 2.923434
>> VLA-Cache inference mode
Current CUDA latency: 155.126617 ms | Average CUDA latency: 163.441518 ms, Average TFLOPs: 2.923425
>> VLA-Cache inference mode
Current CUDA latency: 207.656860 ms | Average CUDA latency: 163.453876 ms, Average TFLOPs: 2.923423
>> VLA-Cache inference mode
Current CUDA latency: 313.550659 ms | Average CUDA latency: 163.495814 ms, Average TFLOPs: 2.923414
Average time per step: 559.0392 ms, Control Frequency: 14.31 Hz, Token Reusing Ratio (Primary): 36.07 %, , Token Reusing Ratio (Wrist): 34.95 %
Saved rollout MP4 at path ./rollouts/2026_04_07/primary--2026_04_07-23_07_35--episode=117--success=True--task=pick_up_the_book_and_place_it_in_the_back_compartm.mp4
Saved rollout MP4 at path ./rollouts/2026_04_07/wrist--2026_04_07-23_07_35--episode=117--success=True--task=pick_up_the_book_and_place_it_in_the_back_compartm.mp4
04/08 [03:37:27] INFO     | >> Success: True              run_libero_eval.py:230
                 INFO     | >> # episodes completed so    run_libero_eval.py:230
                          far: 117                                              
                 INFO     | >> # successes: 114 (97.4%)   run_libero_eval.py:230

 85%|████████▌ | 17/20 [27:14<04:35, 91.83s/it][A                 INFO     | >>                            run_libero_eval.py:230
                          Task: pick up the book and                            
                          place it in the back                                  
                          compartment of the caddy                              
                 INFO     | >> Starting episode 18...     run_libero_eval.py:230
huggingface/tokenizers: The current process just got forked, after parallelism has already been used. Disabling parallelism to avoid deadlocks...
To disable this warning, you can either:
	- Avoid using `tokenizers` before the fork if possible
	- Explicitly set the environment variable TOKENIZERS_PARALLELISM=(true | false)
huggingface/tokenizers: The current process just got forked, after parallelism has already been used. Disabling parallelism to avoid deadlocks...
To disable this warning, you can either:
	- Avoid using `tokenizers` before the fork if possible
	- Explicitly set the environment variable TOKENIZERS_PARALLELISM=(true | false)
>> VLA-Cache inference mode
Current CUDA latency: 379.138214 ms | Average CUDA latency: 163.556049 ms, Average TFLOPs: 2.923641
>> VLA-Cache inference mode
Current CUDA latency: 274.768219 ms | Average CUDA latency: 163.587105 ms, Average TFLOPs: 2.923648
>> VLA-Cache inference mode
Current CUDA latency: 218.457916 ms | Average CUDA latency: 163.602424 ms, Average TFLOPs: 2.923659
>> VLA-Cache inference mode
Current CUDA latency: 210.211395 ms | Average CUDA latency: 163.615432 ms, Average TFLOPs: 2.923661
>> VLA-Cache inference mode
Current CUDA latency: 112.302719 ms | Average CUDA latency: 163.601115 ms, Average TFLOPs: 2.923663
>> VLA-Cache inference mode
Current CUDA latency: 181.110275 ms | Average CUDA latency: 163.605999 ms, Average TFLOPs: 2.923654
>> VLA-Cache inference mode
Current CUDA latency: 108.577347 ms | Average CUDA latency: 163.590654 ms, Average TFLOPs: 2.923644
>> VLA-Cache inference mode
Current CUDA latency: 111.548988 ms | Average CUDA latency: 163.576145 ms, Average TFLOPs: 2.923624
>> VLA-Cache inference mode
Current CUDA latency: 153.452835 ms | Average CUDA latency: 163.573324 ms, Average TFLOPs: 2.923600
>> VLA-Cache inference mode
Current CUDA latency: 131.567581 ms | Average CUDA latency: 163.564406 ms, Average TFLOPs: 2.923570
>> VLA-Cache inference mode
Current CUDA latency: 209.471771 ms | Average CUDA latency: 163.577194 ms, Average TFLOPs: 2.923562
>> VLA-Cache inference mode
Current CUDA latency: 212.516998 ms | Average CUDA latency: 163.590822 ms, Average TFLOPs: 2.923552
>> VLA-Cache inference mode
Current CUDA latency: 134.159454 ms | Average CUDA latency: 163.582629 ms, Average TFLOPs: 2.923532
>> VLA-Cache inference mode
Current CUDA latency: 139.481735 ms | Average CUDA latency: 163.575921 ms, Average TFLOPs: 2.923511
>> VLA-Cache inference mode
Current CUDA latency: 129.001694 ms | Average CUDA latency: 163.566301 ms, Average TFLOPs: 2.923501
>> VLA-Cache inference mode
Current CUDA latency: 327.580170 ms | Average CUDA latency: 163.611924 ms, Average TFLOPs: 2.923486
>> VLA-Cache inference mode
Current CUDA latency: 214.707291 ms | Average CUDA latency: 163.626133 ms, Average TFLOPs: 2.923472
>> VLA-Cache inference mode
Current CUDA latency: 228.944443 ms | Average CUDA latency: 163.644292 ms, Average TFLOPs: 2.923441
>> VLA-Cache inference mode
Current CUDA latency: 137.938873 ms | Average CUDA latency: 163.637147 ms, Average TFLOPs: 2.923415
>> VLA-Cache inference mode
Current CUDA latency: 116.122589 ms | Average CUDA latency: 163.623945 ms, Average TFLOPs: 2.923393
>> VLA-Cache inference mode
Current CUDA latency: 143.779129 ms | Average CUDA latency: 163.618433 ms, Average TFLOPs: 2.923370
>> VLA-Cache inference mode
Current CUDA latency: 112.407776 ms | Average CUDA latency: 163.604211 ms, Average TFLOPs: 2.923346
Average time per step: 563.0512 ms, Control Frequency: 14.21 Hz, Token Reusing Ratio (Primary): 36.04 %, , Token Reusing Ratio (Wrist): 34.95 %
Saved rollout MP4 at path ./rollouts/2026_04_07/primary--2026_04_07-23_07_35--episode=118--success=True--task=pick_up_the_book_and_place_it_in_the_back_compartm.mp4
Saved rollout MP4 at path ./rollouts/2026_04_07/wrist--2026_04_07-23_07_35--episode=118--success=True--task=pick_up_the_book_and_place_it_in_the_back_compartm.mp4
04/08 [03:39:28] INFO     | >> Success: True              run_libero_eval.py:230
                 INFO     | >> # episodes completed so    run_libero_eval.py:230
                          far: 118                                              
                 INFO     | >> # successes: 115 (97.5%)   run_libero_eval.py:230

 90%|█████████ | 18/20 [29:15<03:21, 100.74s/it][A                 INFO     | >>                            run_libero_eval.py:230
                          Task: pick up the book and                            
                          place it in the back                                  
                          compartment of the caddy                              
                 INFO     | >> Starting episode 19...     run_libero_eval.py:230
huggingface/tokenizers: The current process just got forked, after parallelism has already been used. Disabling parallelism to avoid deadlocks...
To disable this warning, you can either:
	- Avoid using `tokenizers` before the fork if possible
	- Explicitly set the environment variable TOKENIZERS_PARALLELISM=(true | false)
huggingface/tokenizers: The current process just got forked, after parallelism has already been used. Disabling parallelism to avoid deadlocks...
To disable this warning, you can either:
	- Avoid using `tokenizers` before the fork if possible
	- Explicitly set the environment variable TOKENIZERS_PARALLELISM=(true | false)
>> VLA-Cache inference mode
Current CUDA latency: 375.615570 ms | Average CUDA latency: 163.663071 ms, Average TFLOPs: 2.923572
>> VLA-Cache inference mode
Current CUDA latency: 336.799713 ms | Average CUDA latency: 163.711124 ms, Average TFLOPs: 2.923590
>> VLA-Cache inference mode
Current CUDA latency: 135.551743 ms | Average CUDA latency: 163.703311 ms, Average TFLOPs: 2.923603
>> VLA-Cache inference mode
Current CUDA latency: 121.261124 ms | Average CUDA latency: 163.691538 ms, Average TFLOPs: 2.923609
>> VLA-Cache inference mode
Current CUDA latency: 108.650528 ms | Average CUDA latency: 163.676274 ms, Average TFLOPs: 2.923611
>> VLA-Cache inference mode
Current CUDA latency: 115.589600 ms | Average CUDA latency: 163.662943 ms, Average TFLOPs: 2.923617
>> VLA-Cache inference mode
Current CUDA latency: 127.619011 ms | Average CUDA latency: 163.652953 ms, Average TFLOPs: 2.923609
>> VLA-Cache inference mode
Current CUDA latency: 153.208954 ms | Average CUDA latency: 163.650059 ms, Average TFLOPs: 2.923592
>> VLA-Cache inference mode
Current CUDA latency: 153.851547 ms | Average CUDA latency: 163.647344 ms, Average TFLOPs: 2.923554
>> VLA-Cache inference mode
Current CUDA latency: 108.421982 ms | Average CUDA latency: 163.632051 ms, Average TFLOPs: 2.923519
>> VLA-Cache inference mode
Current CUDA latency: 104.380959 ms | Average CUDA latency: 163.615647 ms, Average TFLOPs: 2.923490
>> VLA-Cache inference mode
Current CUDA latency: 102.691772 ms | Average CUDA latency: 163.598784 ms, Average TFLOPs: 2.923465
>> VLA-Cache inference mode
Current CUDA latency: 116.767296 ms | Average CUDA latency: 163.585826 ms, Average TFLOPs: 2.923453
>> VLA-Cache inference mode
Current CUDA latency: 107.052574 ms | Average CUDA latency: 163.570188 ms, Average TFLOPs: 2.923437
>> VLA-Cache inference mode
Current CUDA latency: 109.954720 ms | Average CUDA latency: 163.555360 ms, Average TFLOPs: 2.923406
>> VLA-Cache inference mode
Current CUDA latency: 114.940674 ms | Average CUDA latency: 163.541920 ms, Average TFLOPs: 2.923383
>> VLA-Cache inference mode
Current CUDA latency: 138.284164 ms | Average CUDA latency: 163.534939 ms, Average TFLOPs: 2.923353
>> VLA-Cache inference mode
Current CUDA latency: 163.740860 ms | Average CUDA latency: 163.534995 ms, Average TFLOPs: 2.923331
>> VLA-Cache inference mode
Current CUDA latency: 155.693817 ms | Average CUDA latency: 163.532829 ms, Average TFLOPs: 2.923303
>> VLA-Cache inference mode
Current CUDA latency: 210.037628 ms | Average CUDA latency: 163.545672 ms, Average TFLOPs: 2.923286
>> VLA-Cache inference mode
Current CUDA latency: 123.496124 ms | Average CUDA latency: 163.534615 ms, Average TFLOPs: 2.923260
Average time per step: 561.6668 ms, Control Frequency: 14.24 Hz, Token Reusing Ratio (Primary): 36.05 %, , Token Reusing Ratio (Wrist): 34.96 %
Saved rollout MP4 at path ./rollouts/2026_04_07/primary--2026_04_07-23_07_35--episode=119--success=True--task=pick_up_the_book_and_place_it_in_the_back_compartm.mp4
Saved rollout MP4 at path ./rollouts/2026_04_07/wrist--2026_04_07-23_07_35--episode=119--success=True--task=pick_up_the_book_and_place_it_in_the_back_compartm.mp4
04/08 [03:40:54] INFO     | >> Success: True              run_libero_eval.py:230
                 INFO     | >> # episodes completed so    run_libero_eval.py:230
                          far: 119                                              
                 INFO     | >> # successes: 116 (97.5%)   run_libero_eval.py:230

 95%|█████████▌| 19/20 [30:40<01:36, 96.11s/it] [A                 INFO     | >>                            run_libero_eval.py:230
                          Task: pick up the book and                            
                          place it in the back                                  
                          compartment of the caddy                              
                 INFO     | >> Starting episode 20...     run_libero_eval.py:230
huggingface/tokenizers: The current process just got forked, after parallelism has already been used. Disabling parallelism to avoid deadlocks...
To disable this warning, you can either:
	- Avoid using `tokenizers` before the fork if possible
	- Explicitly set the environment variable TOKENIZERS_PARALLELISM=(true | false)
huggingface/tokenizers: The current process just got forked, after parallelism has already been used. Disabling parallelism to avoid deadlocks...
To disable this warning, you can either:
	- Avoid using `tokenizers` before the fork if possible
	- Explicitly set the environment variable TOKENIZERS_PARALLELISM=(true | false)
>> VLA-Cache inference mode
Current CUDA latency: 318.644501 ms | Average CUDA latency: 163.577428 ms, Average TFLOPs: 2.923484
>> VLA-Cache inference mode
Current CUDA latency: 274.014008 ms | Average CUDA latency: 163.607901 ms, Average TFLOPs: 2.923477
>> VLA-Cache inference mode
Current CUDA latency: 212.234848 ms | Average CUDA latency: 163.621316 ms, Average TFLOPs: 2.923479
>> VLA-Cache inference mode
Current CUDA latency: 122.878845 ms | Average CUDA latency: 163.610079 ms, Average TFLOPs: 2.923475
>> VLA-Cache inference mode
Current CUDA latency: 110.723518 ms | Average CUDA latency: 163.595498 ms, Average TFLOPs: 2.923482
>> VLA-Cache inference mode
Current CUDA latency: 160.917725 ms | Average CUDA latency: 163.594760 ms, Average TFLOPs: 2.923478
>> VLA-Cache inference mode
Current CUDA latency: 139.394043 ms | Average CUDA latency: 163.588091 ms, Average TFLOPs: 2.923466
>> VLA-Cache inference mode
Current CUDA latency: 194.717468 ms | Average CUDA latency: 163.596667 ms, Average TFLOPs: 2.923434
>> VLA-Cache inference mode
Current CUDA latency: 132.877411 ms | Average CUDA latency: 163.588207 ms, Average TFLOPs: 2.923405
>> VLA-Cache inference mode
Current CUDA latency: 116.117470 ms | Average CUDA latency: 163.575137 ms, Average TFLOPs: 2.923388
>> VLA-Cache inference mode
Current CUDA latency: 102.376671 ms | Average CUDA latency: 163.558291 ms, Average TFLOPs: 2.923356
>> VLA-Cache inference mode
Current CUDA latency: 131.182297 ms | Average CUDA latency: 163.549382 ms, Average TFLOPs: 2.923314
>> VLA-Cache inference mode
Current CUDA latency: 103.417824 ms | Average CUDA latency: 163.532840 ms, Average TFLOPs: 2.923282
>> VLA-Cache inference mode
Current CUDA latency: 133.442749 ms | Average CUDA latency: 163.524564 ms, Average TFLOPs: 2.923252
>> VLA-Cache inference mode
Current CUDA latency: 292.554382 ms | Average CUDA latency: 163.560041 ms, Average TFLOPs: 2.923217
>> VLA-Cache inference mode
Current CUDA latency: 336.545685 ms | Average CUDA latency: 163.607591 ms, Average TFLOPs: 2.923207
>> VLA-Cache inference mode
Current CUDA latency: 271.357544 ms | Average CUDA latency: 163.637201 ms, Average TFLOPs: 2.923187
>> VLA-Cache inference mode
Current CUDA latency: 134.285049 ms | Average CUDA latency: 163.629137 ms, Average TFLOPs: 2.923157
>> VLA-Cache inference mode
Current CUDA latency: 104.928925 ms | Average CUDA latency: 163.613015 ms, Average TFLOPs: 2.923140
>> VLA-Cache inference mode
Current CUDA latency: 122.704384 ms | Average CUDA latency: 163.601782 ms, Average TFLOPs: 2.923112
>> VLA-Cache inference mode
Current CUDA latency: 109.990944 ms | Average CUDA latency: 163.587066 ms, Average TFLOPs: 2.923085
>> VLA-Cache inference mode
Current CUDA latency: 149.975586 ms | Average CUDA latency: 163.583331 ms, Average TFLOPs: 2.923048
>> VLA-Cache inference mode
Current CUDA latency: 226.770050 ms | Average CUDA latency: 163.600666 ms, Average TFLOPs: 2.923028
>> VLA-Cache inference mode
Current CUDA latency: 212.359039 ms | Average CUDA latency: 163.614039 ms, Average TFLOPs: 2.923011
>> VLA-Cache inference mode
Current CUDA latency: 162.655334 ms | Average CUDA latency: 163.613776 ms, Average TFLOPs: 2.922980
>> VLA-Cache inference mode
Current CUDA latency: 103.376511 ms | Average CUDA latency: 163.597264 ms, Average TFLOPs: 2.922963
>> VLA-Cache inference mode
Current CUDA latency: 128.209351 ms | Average CUDA latency: 163.587566 ms, Average TFLOPs: 2.922947
>> VLA-Cache inference mode
Current CUDA latency: 125.899902 ms | Average CUDA latency: 163.577241 ms, Average TFLOPs: 2.922927
>> VLA-Cache inference mode
Current CUDA latency: 105.815651 ms | Average CUDA latency: 163.561420 ms, Average TFLOPs: 2.922903
>> VLA-Cache inference mode
Current CUDA latency: 163.588760 ms | Average CUDA latency: 163.561427 ms, Average TFLOPs: 2.922888
>> VLA-Cache inference mode
Current CUDA latency: 153.955750 ms | Average CUDA latency: 163.558798 ms, Average TFLOPs: 2.922866
Average time per step: 561.5949 ms, Control Frequency: 14.25 Hz, Token Reusing Ratio (Primary): 36.15 %, , Token Reusing Ratio (Wrist): 35.05 %
Saved rollout MP4 at path ./rollouts/2026_04_07/primary--2026_04_07-23_07_35--episode=120--success=True--task=pick_up_the_book_and_place_it_in_the_back_compartm.mp4
Saved rollout MP4 at path ./rollouts/2026_04_07/wrist--2026_04_07-23_07_35--episode=120--success=True--task=pick_up_the_book_and_place_it_in_the_back_compartm.mp4
04/08 [03:43:02] INFO     | >> Success: True              run_libero_eval.py:230
                 INFO     | >> # episodes completed so    run_libero_eval.py:230
                          far: 120                                              
                 INFO     | >> # successes: 117 (97.5%)   run_libero_eval.py:230

100%|██████████| 20/20 [32:48<00:00, 105.62s/it][A100%|██████████| 20/20 [32:48<00:00, 98.44s/it] 
                 INFO     | >> Current task success rate: run_libero_eval.py:230
                          1.0                                                   
                 INFO     | >> Current total success      run_libero_eval.py:230
                          rate: 0.975                                           
 60%|██████    | 6/10 [4:35:15<2:48:18, 2524.69s/it][Warning]: datasets path /root/sj-tmp/workspace/LIBERO/libero/libero/../datasets does not exist!
                 INFO     | >> Using default initial      run_libero_eval.py:230
                          states                                                
[Warning]: datasets path /root/sj-tmp/workspace/LIBERO/libero/libero/../datasets does not exist!

  0%|          | 0/20 [00:00<?, ?it/s][A04/08 [03:43:04] INFO     | >>                            run_libero_eval.py:230
                          Task: put the white mug on the                        
                          plate and put the chocolate                           
                          pudding to the right of the                           
                          plate                                                 
                 INFO     | >> Starting episode 1...      run_libero_eval.py:230
huggingface/tokenizers: The current process just got forked, after parallelism has already been used. Disabling parallelism to avoid deadlocks...
To disable this warning, you can either:
	- Avoid using `tokenizers` before the fork if possible
	- Explicitly set the environment variable TOKENIZERS_PARALLELISM=(true | false)
huggingface/tokenizers: The current process just got forked, after parallelism has already been used. Disabling parallelism to avoid deadlocks...
To disable this warning, you can either:
	- Avoid using `tokenizers` before the fork if possible
	- Explicitly set the environment variable TOKENIZERS_PARALLELISM=(true | false)
>> VLA-Cache inference mode
Current CUDA latency: 380.918854 ms | Average CUDA latency: 163.618283 ms, Average TFLOPs: 2.923102
>> VLA-Cache inference mode
Current CUDA latency: 293.122498 ms | Average CUDA latency: 163.653715 ms, Average TFLOPs: 2.923131
>> VLA-Cache inference mode
Current CUDA latency: 121.596382 ms | Average CUDA latency: 163.642212 ms, Average TFLOPs: 2.923157
>> VLA-Cache inference mode
Current CUDA latency: 118.122208 ms | Average CUDA latency: 163.629764 ms, Average TFLOPs: 2.923180
>> VLA-Cache inference mode
Current CUDA latency: 115.687775 ms | Average CUDA latency: 163.616658 ms, Average TFLOPs: 2.923199
>> VLA-Cache inference mode
Current CUDA latency: 118.716385 ms | Average CUDA latency: 163.604387 ms, Average TFLOPs: 2.923220
>> VLA-Cache inference mode
Current CUDA latency: 117.660156 ms | Average CUDA latency: 163.591834 ms, Average TFLOPs: 2.923233
>> VLA-Cache inference mode
Current CUDA latency: 109.105568 ms | Average CUDA latency: 163.576951 ms, Average TFLOPs: 2.923240
>> VLA-Cache inference mode
Current CUDA latency: 108.863708 ms | Average CUDA latency: 163.562010 ms, Average TFLOPs: 2.923242
>> VLA-Cache inference mode
Current CUDA latency: 109.634941 ms | Average CUDA latency: 163.547288 ms, Average TFLOPs: 2.923250
>> VLA-Cache inference mode
Current CUDA latency: 147.295303 ms | Average CUDA latency: 163.542853 ms, Average TFLOPs: 2.923255
>> VLA-Cache inference mode
Current CUDA latency: 114.187042 ms | Average CUDA latency: 163.529386 ms, Average TFLOPs: 2.923265
>> VLA-Cache inference mode
Current CUDA latency: 126.862595 ms | Average CUDA latency: 163.519384 ms, Average TFLOPs: 2.923270
>> VLA-Cache inference mode
Current CUDA latency: 152.819168 ms | Average CUDA latency: 163.516466 ms, Average TFLOPs: 2.923279
>> VLA-Cache inference mode
Current CUDA latency: 184.402374 ms | Average CUDA latency: 163.522160 ms, Average TFLOPs: 2.923282
>> VLA-Cache inference mode
Current CUDA latency: 165.683075 ms | Average CUDA latency: 163.522749 ms, Average TFLOPs: 2.923282
>> VLA-Cache inference mode
Current CUDA latency: 112.720383 ms | Average CUDA latency: 163.508906 ms, Average TFLOPs: 2.923285
>> VLA-Cache inference mode
Current CUDA latency: 141.091705 ms | Average CUDA latency: 163.502800 ms, Average TFLOPs: 2.923269
>> VLA-Cache inference mode
Current CUDA latency: 115.821152 ms | Average CUDA latency: 163.489815 ms, Average TFLOPs: 2.923258
>> VLA-Cache inference mode
Current CUDA latency: 120.885857 ms | Average CUDA latency: 163.478215 ms, Average TFLOPs: 2.923255
>> VLA-Cache inference mode
Current CUDA latency: 199.499527 ms | Average CUDA latency: 163.488020 ms, Average TFLOPs: 2.923264
>> VLA-Cache inference mode
Current CUDA latency: 181.075974 ms | Average CUDA latency: 163.492806 ms, Average TFLOPs: 2.923270
>> VLA-Cache inference mode
Current CUDA latency: 338.834625 ms | Average CUDA latency: 163.540505 ms, Average TFLOPs: 2.923279
>> VLA-Cache inference mode
Current CUDA latency: 150.142975 ms | Average CUDA latency: 163.536861 ms, Average TFLOPs: 2.923287
>> VLA-Cache inference mode
Current CUDA latency: 264.694641 ms | Average CUDA latency: 163.564365 ms, Average TFLOPs: 2.923258
>> VLA-Cache inference mode
Current CUDA latency: 152.150146 ms | Average CUDA latency: 163.561262 ms, Average TFLOPs: 2.923240
>> VLA-Cache inference mode
Current CUDA latency: 108.054878 ms | Average CUDA latency: 163.546179 ms, Average TFLOPs: 2.923226
Average time per step: 569.5406 ms, Control Frequency: 14.05 Hz, Token Reusing Ratio (Primary): 35.81 %, , Token Reusing Ratio (Wrist): 36.82 %
Saved rollout MP4 at path ./rollouts/2026_04_07/primary--2026_04_07-23_07_35--episode=121--success=True--task=put_the_white_mug_on_the_plate_and_put_the_chocola.mp4
Saved rollout MP4 at path ./rollouts/2026_04_07/wrist--2026_04_07-23_07_35--episode=121--success=True--task=put_the_white_mug_on_the_plate_and_put_the_chocola.mp4
04/08 [03:45:02] INFO     | >> Success: True              run_libero_eval.py:230
                 INFO     | >> # episodes completed so    run_libero_eval.py:230
                          far: 121                                              
                 INFO     | >> # successes: 118 (97.5%)   run_libero_eval.py:230

  5%|▌         | 1/20 [01:57<37:09, 117.36s/it][A                 INFO     | >>                            run_libero_eval.py:230
                          Task: put the white mug on the                        
                          plate and put the chocolate                           
                          pudding to the right of the                           
                          plate                                                 
                 INFO     | >> Starting episode 2...      run_libero_eval.py:230
huggingface/tokenizers: The current process just got forked, after parallelism has already been used. Disabling parallelism to avoid deadlocks...
To disable this warning, you can either:
	- Avoid using `tokenizers` before the fork if possible
	- Explicitly set the environment variable TOKENIZERS_PARALLELISM=(true | false)
huggingface/tokenizers: The current process just got forked, after parallelism has already been used. Disabling parallelism to avoid deadlocks...
To disable this warning, you can either:
	- Avoid using `tokenizers` before the fork if possible
	- Explicitly set the environment variable TOKENIZERS_PARALLELISM=(true | false)
>> VLA-Cache inference mode
Current CUDA latency: 432.204803 ms | Average CUDA latency: 163.619164 ms, Average TFLOPs: 2.923459
>> VLA-Cache inference mode
Current CUDA latency: 356.108643 ms | Average CUDA latency: 163.671443 ms, Average TFLOPs: 2.923485
>> VLA-Cache inference mode
Current CUDA latency: 180.832932 ms | Average CUDA latency: 163.676102 ms, Average TFLOPs: 2.923497
>> VLA-Cache inference mode
Current CUDA latency: 160.978943 ms | Average CUDA latency: 163.675370 ms, Average TFLOPs: 2.923498
>> VLA-Cache inference mode
Current CUDA latency: 119.130531 ms | Average CUDA latency: 163.663282 ms, Average TFLOPs: 2.923511
>> VLA-Cache inference mode
Current CUDA latency: 119.804863 ms | Average CUDA latency: 163.651383 ms, Average TFLOPs: 2.923523
>> VLA-Cache inference mode
Current CUDA latency: 146.448578 ms | Average CUDA latency: 163.646717 ms, Average TFLOPs: 2.923516
>> VLA-Cache inference mode
Current CUDA latency: 122.635330 ms | Average CUDA latency: 163.635597 ms, Average TFLOPs: 2.923504
>> VLA-Cache inference mode
Current CUDA latency: 134.012100 ms | Average CUDA latency: 163.627567 ms, Average TFLOPs: 2.923474
>> VLA-Cache inference mode
Current CUDA latency: 123.180000 ms | Average CUDA latency: 163.616606 ms, Average TFLOPs: 2.923439
>> VLA-Cache inference mode
Current CUDA latency: 113.665375 ms | Average CUDA latency: 163.603072 ms, Average TFLOPs: 2.923430
>> VLA-Cache inference mode
Current CUDA latency: 113.105186 ms | Average CUDA latency: 163.589395 ms, Average TFLOPs: 2.923430
>> VLA-Cache inference mode
Current CUDA latency: 119.940575 ms | Average CUDA latency: 163.577575 ms, Average TFLOPs: 2.923445
>> VLA-Cache inference mode
Current CUDA latency: 179.226593 ms | Average CUDA latency: 163.581812 ms, Average TFLOPs: 2.923457
>> VLA-Cache inference mode
Current CUDA latency: 245.613724 ms | Average CUDA latency: 163.604013 ms, Average TFLOPs: 2.923463
>> VLA-Cache inference mode
Current CUDA latency: 155.625153 ms | Average CUDA latency: 163.601854 ms, Average TFLOPs: 2.923468
>> VLA-Cache inference mode
Current CUDA latency: 119.963875 ms | Average CUDA latency: 163.590050 ms, Average TFLOPs: 2.923467
>> VLA-Cache inference mode
Current CUDA latency: 133.942978 ms | Average CUDA latency: 163.582033 ms, Average TFLOPs: 2.923464
>> VLA-Cache inference mode
Current CUDA latency: 274.746246 ms | Average CUDA latency: 163.612086 ms, Average TFLOPs: 2.923452
>> VLA-Cache inference mode
Current CUDA latency: 120.941795 ms | Average CUDA latency: 163.600553 ms, Average TFLOPs: 2.923448
>> VLA-Cache inference mode
Current CUDA latency: 138.670303 ms | Average CUDA latency: 163.593817 ms, Average TFLOPs: 2.923456
>> VLA-Cache inference mode
Current CUDA latency: 187.270020 ms | Average CUDA latency: 163.600212 ms, Average TFLOPs: 2.923449
>> VLA-Cache inference mode
Current CUDA latency: 320.232635 ms | Average CUDA latency: 163.642511 ms, Average TFLOPs: 2.923451
>> VLA-Cache inference mode
Current CUDA latency: 156.327744 ms | Average CUDA latency: 163.640536 ms, Average TFLOPs: 2.923447
>> VLA-Cache inference mode
Current CUDA latency: 137.714874 ms | Average CUDA latency: 163.633539 ms, Average TFLOPs: 2.923436
>> VLA-Cache inference mode
Current CUDA latency: 199.297180 ms | Average CUDA latency: 163.643162 ms, Average TFLOPs: 2.923408
>> VLA-Cache inference mode
Current CUDA latency: 108.354782 ms | Average CUDA latency: 163.628248 ms, Average TFLOPs: 2.923389
>> VLA-Cache inference mode
Current CUDA latency: 105.391907 ms | Average CUDA latency: 163.612542 ms, Average TFLOPs: 2.923376
Average time per step: 587.5200 ms, Control Frequency: 13.62 Hz, Token Reusing Ratio (Primary): 35.89 %, , Token Reusing Ratio (Wrist): 37.61 %
Saved rollout MP4 at path ./rollouts/2026_04_07/primary--2026_04_07-23_07_35--episode=122--success=True--task=put_the_white_mug_on_the_plate_and_put_the_chocola.mp4
Saved rollout MP4 at path ./rollouts/2026_04_07/wrist--2026_04_07-23_07_35--episode=122--success=True--task=put_the_white_mug_on_the_plate_and_put_the_chocola.mp4
04/08 [03:47:05] INFO     | >> Success: True              run_libero_eval.py:230
                 INFO     | >> # episodes completed so    run_libero_eval.py:230
                          far: 122                                              
                 INFO     | >> # successes: 119 (97.5%)   run_libero_eval.py:230

 10%|█         | 2/20 [04:00<36:18, 121.04s/it][A                 INFO     | >>                            run_libero_eval.py:230
                          Task: put the white mug on the                        
                          plate and put the chocolate                           
                          pudding to the right of the                           
                          plate                                                 
                 INFO     | >> Starting episode 3...      run_libero_eval.py:230
>> VLA-Cache inference mode
Current CUDA latency: 378.392853 ms | Average CUDA latency: 163.670450 ms, Average TFLOPs: 2.923608
>> VLA-Cache inference mode
Current CUDA latency: 334.692993 ms | Average CUDA latency: 163.716548 ms, Average TFLOPs: 2.923642
>> VLA-Cache inference mode
Current CUDA latency: 178.534119 ms | Average CUDA latency: 163.720540 ms, Average TFLOPs: 2.923661
>> VLA-Cache inference mode
Current CUDA latency: 169.082016 ms | Average CUDA latency: 163.721985 ms, Average TFLOPs: 2.923668
>> VLA-Cache inference mode
Current CUDA latency: 139.830658 ms | Average CUDA latency: 163.715550 ms, Average TFLOPs: 2.923669
>> VLA-Cache inference mode
Current CUDA latency: 194.444702 ms | Average CUDA latency: 163.723824 ms, Average TFLOPs: 2.923651
>> VLA-Cache inference mode
Current CUDA latency: 140.989059 ms | Average CUDA latency: 163.717704 ms, Average TFLOPs: 2.923632
>> VLA-Cache inference mode
Current CUDA latency: 112.419968 ms | Average CUDA latency: 163.703900 ms, Average TFLOPs: 2.923620
>> VLA-Cache inference mode
Current CUDA latency: 108.833473 ms | Average CUDA latency: 163.689138 ms, Average TFLOPs: 2.923610
>> VLA-Cache inference mode
Current CUDA latency: 105.876801 ms | Average CUDA latency: 163.673589 ms, Average TFLOPs: 2.923589
>> VLA-Cache inference mode
Current CUDA latency: 110.350594 ms | Average CUDA latency: 163.659251 ms, Average TFLOPs: 2.923586
>> VLA-Cache inference mode
Current CUDA latency: 117.851967 ms | Average CUDA latency: 163.646937 ms, Average TFLOPs: 2.923588
>> VLA-Cache inference mode
Current CUDA latency: 115.252609 ms | Average CUDA latency: 163.633931 ms, Average TFLOPs: 2.923600
>> VLA-Cache inference mode
Current CUDA latency: 125.817406 ms | Average CUDA latency: 163.623771 ms, Average TFLOPs: 2.923611
>> VLA-Cache inference mode
Current CUDA latency: 108.993629 ms | Average CUDA latency: 163.609097 ms, Average TFLOPs: 2.923601
>> VLA-Cache inference mode
Current CUDA latency: 151.993851 ms | Average CUDA latency: 163.605978 ms, Average TFLOPs: 2.923579
>> VLA-Cache inference mode
Current CUDA latency: 206.680893 ms | Average CUDA latency: 163.617542 ms, Average TFLOPs: 2.923549
>> VLA-Cache inference mode
Current CUDA latency: 180.789856 ms | Average CUDA latency: 163.622151 ms, Average TFLOPs: 2.923521
>> VLA-Cache inference mode
Current CUDA latency: 130.386810 ms | Average CUDA latency: 163.613233 ms, Average TFLOPs: 2.923484
>> VLA-Cache inference mode
Current CUDA latency: 131.163391 ms | Average CUDA latency: 163.604529 ms, Average TFLOPs: 2.923469
>> VLA-Cache inference mode
Current CUDA latency: 247.912827 ms | Average CUDA latency: 163.627138 ms, Average TFLOPs: 2.923462
>> VLA-Cache inference mode
Current CUDA latency: 115.687874 ms | Average CUDA latency: 163.614285 ms, Average TFLOPs: 2.923477
>> VLA-Cache inference mode
Current CUDA latency: 124.696770 ms | Average CUDA latency: 163.603854 ms, Average TFLOPs: 2.923490
>> VLA-Cache inference mode
Current CUDA latency: 113.975716 ms | Average CUDA latency: 163.590556 ms, Average TFLOPs: 2.923489
>> VLA-Cache inference mode
Current CUDA latency: 110.917534 ms | Average CUDA latency: 163.576446 ms, Average TFLOPs: 2.923490
>> VLA-Cache inference mode
Current CUDA latency: 179.340698 ms | Average CUDA latency: 163.580668 ms, Average TFLOPs: 2.923459
>> VLA-Cache inference mode
Current CUDA latency: 204.834915 ms | Average CUDA latency: 163.591713 ms, Average TFLOPs: 2.923436
>> VLA-Cache inference mode
Current CUDA latency: 176.246490 ms | Average CUDA latency: 163.595101 ms, Average TFLOPs: 2.923409
>> VLA-Cache inference mode
Current CUDA latency: 146.693634 ms | Average CUDA latency: 163.590578 ms, Average TFLOPs: 2.923392
>> VLA-Cache inference mode
Current CUDA latency: 125.669952 ms | Average CUDA latency: 163.580433 ms, Average TFLOPs: 2.923386
>> VLA-Cache inference mode
Current CUDA latency: 102.317566 ms | Average CUDA latency: 163.564049 ms, Average TFLOPs: 2.923356
>> VLA-Cache inference mode
Current CUDA latency: 108.223427 ms | Average CUDA latency: 163.549252 ms, Average TFLOPs: 2.923346
>> VLA-Cache inference mode
Current CUDA latency: 112.050140 ms | Average CUDA latency: 163.535485 ms, Average TFLOPs: 2.923326
>> VLA-Cache inference mode
Current CUDA latency: 103.078461 ms | Average CUDA latency: 163.519329 ms, Average TFLOPs: 2.923304
>> VLA-Cache inference mode
Current CUDA latency: 105.160156 ms | Average CUDA latency: 163.503738 ms, Average TFLOPs: 2.923279
>> VLA-Cache inference mode
Current CUDA latency: 139.223557 ms | Average CUDA latency: 163.497252 ms, Average TFLOPs: 2.923269
>> VLA-Cache inference mode
Current CUDA latency: 138.775330 ms | Average CUDA latency: 163.490651 ms, Average TFLOPs: 2.923270
>> VLA-Cache inference mode
Current CUDA latency: 126.172478 ms | Average CUDA latency: 163.480689 ms, Average TFLOPs: 2.923274
>> VLA-Cache inference mode
Current CUDA latency: 126.029091 ms | Average CUDA latency: 163.470694 ms, Average TFLOPs: 2.923273
>> VLA-Cache inference mode
Current CUDA latency: 136.898590 ms | Average CUDA latency: 163.463604 ms, Average TFLOPs: 2.923276
>> VLA-Cache inference mode
Current CUDA latency: 162.561981 ms | Average CUDA latency: 163.463364 ms, Average TFLOPs: 2.923277
>> VLA-Cache inference mode
Current CUDA latency: 132.537308 ms | Average CUDA latency: 163.455117 ms, Average TFLOPs: 2.923278
>> VLA-Cache inference mode
Current CUDA latency: 229.263489 ms | Average CUDA latency: 163.472661 ms, Average TFLOPs: 2.923270
>> VLA-Cache inference mode
Current CUDA latency: 129.435974 ms | Average CUDA latency: 163.463589 ms, Average TFLOPs: 2.923269
>> VLA-Cache inference mode
Current CUDA latency: 130.720901 ms | Average CUDA latency: 163.454865 ms, Average TFLOPs: 2.923260
>> VLA-Cache inference mode
Current CUDA latency: 133.775238 ms | Average CUDA latency: 163.446959 ms, Average TFLOPs: 2.923273
>> VLA-Cache inference mode
Current CUDA latency: 165.218750 ms | Average CUDA latency: 163.447431 ms, Average TFLOPs: 2.923267
>> VLA-Cache inference mode
Current CUDA latency: 109.485443 ms | Average CUDA latency: 163.433064 ms, Average TFLOPs: 2.923274
>> VLA-Cache inference mode
Current CUDA latency: 110.650688 ms | Average CUDA latency: 163.419015 ms, Average TFLOPs: 2.923266
>> VLA-Cache inference mode
Current CUDA latency: 129.201050 ms | Average CUDA latency: 163.409909 ms, Average TFLOPs: 2.923269
>> VLA-Cache inference mode
Current CUDA latency: 130.343964 ms | Average CUDA latency: 163.401113 ms, Average TFLOPs: 2.923269
>> VLA-Cache inference mode
Current CUDA latency: 108.593758 ms | Average CUDA latency: 163.386536 ms, Average TFLOPs: 2.923265
>> VLA-Cache inference mode
Current CUDA latency: 108.492676 ms | Average CUDA latency: 163.371941 ms, Average TFLOPs: 2.923259
>> VLA-Cache inference mode
Current CUDA latency: 128.125244 ms | Average CUDA latency: 163.362572 ms, Average TFLOPs: 2.923260
>> VLA-Cache inference mode
Current CUDA latency: 192.986618 ms | Average CUDA latency: 163.370444 ms, Average TFLOPs: 2.923257
>> VLA-Cache inference mode
Current CUDA latency: 110.472572 ms | Average CUDA latency: 163.356391 ms, Average TFLOPs: 2.923250
>> VLA-Cache inference mode
Current CUDA latency: 109.694786 ms | Average CUDA latency: 163.342138 ms, Average TFLOPs: 2.923254
>> VLA-Cache inference mode
Current CUDA latency: 150.241959 ms | Average CUDA latency: 163.338659 ms, Average TFLOPs: 2.923255
>> VLA-Cache inference mode
Current CUDA latency: 108.696739 ms | Average CUDA latency: 163.324154 ms, Average TFLOPs: 2.923254
>> VLA-Cache inference mode
Current CUDA latency: 147.955170 ms | Average CUDA latency: 163.320075 ms, Average TFLOPs: 2.923250
>> VLA-Cache inference mode
Current CUDA latency: 156.759903 ms | Average CUDA latency: 163.318335 ms, Average TFLOPs: 2.923250
>> VLA-Cache inference mode
Current CUDA latency: 134.760422 ms | Average CUDA latency: 163.310759 ms, Average TFLOPs: 2.923247
>> VLA-Cache inference mode
Current CUDA latency: 193.368576 ms | Average CUDA latency: 163.318730 ms, Average TFLOPs: 2.923249
>> VLA-Cache inference mode
Current CUDA latency: 214.620834 ms | Average CUDA latency: 163.332331 ms, Average TFLOPs: 2.923252
huggingface/tokenizers: The current process just got forked, after parallelism has already been used. Disabling parallelism to avoid deadlocks...
To disable this warning, you can either:
	- Avoid using `tokenizers` before the fork if possible
	- Explicitly set the environment variable TOKENIZERS_PARALLELISM=(true | false)
huggingface/tokenizers: The current process just got forked, after parallelism has already been used. Disabling parallelism to avoid deadlocks...
To disable this warning, you can either:
	- Avoid using `tokenizers` before the fork if possible
	- Explicitly set the environment variable TOKENIZERS_PARALLELISM=(true | false)
>> VLA-Cache inference mode
Current CUDA latency: 156.980896 ms | Average CUDA latency: 163.330648 ms, Average TFLOPs: 2.923256
Average time per step: 551.3307 ms, Control Frequency: 14.51 Hz, Token Reusing Ratio (Primary): 37.65 %, , Token Reusing Ratio (Wrist): 38.15 %
Saved rollout MP4 at path ./rollouts/2026_04_07/primary--2026_04_07-23_07_35--episode=123--success=False--task=put_the_white_mug_on_the_plate_and_put_the_chocola.mp4
Saved rollout MP4 at path ./rollouts/2026_04_07/wrist--2026_04_07-23_07_35--episode=123--success=False--task=put_the_white_mug_on_the_plate_and_put_the_chocola.mp4
04/08 [03:51:02] INFO     | >> Success: False             run_libero_eval.py:230
                 INFO     | >> # episodes completed so    run_libero_eval.py:230
                          far: 123                                              
                 INFO     | >> # successes: 119 (96.7%)   run_libero_eval.py:230

 15%|█▌        | 3/20 [07:57<49:17, 173.98s/it][A                 INFO     | >>                            run_libero_eval.py:230
                          Task: put the white mug on the                        
                          plate and put the chocolate                           
                          pudding to the right of the                           
                          plate                                                 
                 INFO     | >> Starting episode 4...      run_libero_eval.py:230
huggingface/tokenizers: The current process just got forked, after parallelism has already been used. Disabling parallelism to avoid deadlocks...
To disable this warning, you can either:
	- Avoid using `tokenizers` before the fork if possible
	- Explicitly set the environment variable TOKENIZERS_PARALLELISM=(true | false)
huggingface/tokenizers: The current process just got forked, after parallelism has already been used. Disabling parallelism to avoid deadlocks...
To disable this warning, you can either:
	- Avoid using `tokenizers` before the fork if possible
	- Explicitly set the environment variable TOKENIZERS_PARALLELISM=(true | false)
>> VLA-Cache inference mode
Current CUDA latency: 349.944427 ms | Average CUDA latency: 163.380095 ms, Average TFLOPs: 2.923484
>> VLA-Cache inference mode
Current CUDA latency: 316.981720 ms | Average CUDA latency: 163.420784 ms, Average TFLOPs: 2.923503
>> VLA-Cache inference mode
Current CUDA latency: 153.722977 ms | Average CUDA latency: 163.418216 ms, Average TFLOPs: 2.923519
>> VLA-Cache inference mode
Current CUDA latency: 120.001663 ms | Average CUDA latency: 163.406721 ms, Average TFLOPs: 2.923529
>> VLA-Cache inference mode
Current CUDA latency: 115.513283 ms | Average CUDA latency: 163.394044 ms, Average TFLOPs: 2.923541
>> VLA-Cache inference mode
Current CUDA latency: 118.224670 ms | Average CUDA latency: 163.382091 ms, Average TFLOPs: 2.923549
>> VLA-Cache inference mode
Current CUDA latency: 149.699417 ms | Average CUDA latency: 163.378471 ms, Average TFLOPs: 2.923542
>> VLA-Cache inference mode
Current CUDA latency: 163.420700 ms | Average CUDA latency: 163.378483 ms, Average TFLOPs: 2.923529
>> VLA-Cache inference mode
Current CUDA latency: 139.179932 ms | Average CUDA latency: 163.372084 ms, Average TFLOPs: 2.923529
>> VLA-Cache inference mode
Current CUDA latency: 111.842209 ms | Average CUDA latency: 163.358463 ms, Average TFLOPs: 2.923526
>> VLA-Cache inference mode
Current CUDA latency: 102.931808 ms | Average CUDA latency: 163.342494 ms, Average TFLOPs: 2.923516
>> VLA-Cache inference mode
Current CUDA latency: 109.474915 ms | Average CUDA latency: 163.328262 ms, Average TFLOPs: 2.923511
>> VLA-Cache inference mode
Current CUDA latency: 118.546814 ms | Average CUDA latency: 163.316434 ms, Average TFLOPs: 2.923516
>> VLA-Cache inference mode
Current CUDA latency: 119.021439 ms | Average CUDA latency: 163.304737 ms, Average TFLOPs: 2.923529
>> VLA-Cache inference mode
Current CUDA latency: 114.830589 ms | Average CUDA latency: 163.291940 ms, Average TFLOPs: 2.923525
>> VLA-Cache inference mode
Current CUDA latency: 159.685379 ms | Average CUDA latency: 163.290989 ms, Average TFLOPs: 2.923527
>> VLA-Cache inference mode
Current CUDA latency: 179.712921 ms | Average CUDA latency: 163.295321 ms, Average TFLOPs: 2.923508
>> VLA-Cache inference mode
Current CUDA latency: 152.963257 ms | Average CUDA latency: 163.292596 ms, Average TFLOPs: 2.923508
>> VLA-Cache inference mode
Current CUDA latency: 175.804474 ms | Average CUDA latency: 163.295896 ms, Average TFLOPs: 2.923516
>> VLA-Cache inference mode
Current CUDA latency: 112.024765 ms | Average CUDA latency: 163.282378 ms, Average TFLOPs: 2.923528
>> VLA-Cache inference mode
Current CUDA latency: 119.728096 ms | Average CUDA latency: 163.270899 ms, Average TFLOPs: 2.923540
>> VLA-Cache inference mode
Current CUDA latency: 141.996704 ms | Average CUDA latency: 163.265293 ms, Average TFLOPs: 2.923550
>> VLA-Cache inference mode
Current CUDA latency: 126.191101 ms | Average CUDA latency: 163.255526 ms, Average TFLOPs: 2.923534
>> VLA-Cache inference mode
Current CUDA latency: 124.213982 ms | Average CUDA latency: 163.245244 ms, Average TFLOPs: 2.923524
>> VLA-Cache inference mode
Current CUDA latency: 109.504829 ms | Average CUDA latency: 163.231094 ms, Average TFLOPs: 2.923511
>> VLA-Cache inference mode
Current CUDA latency: 105.178848 ms | Average CUDA latency: 163.215813 ms, Average TFLOPs: 2.923491
>> VLA-Cache inference mode
Current CUDA latency: 110.554306 ms | Average CUDA latency: 163.201955 ms, Average TFLOPs: 2.923481
Average time per step: 548.6215 ms, Control Frequency: 14.58 Hz, Token Reusing Ratio (Primary): 37.38 %, , Token Reusing Ratio (Wrist): 38.20 %
Saved rollout MP4 at path ./rollouts/2026_04_07/primary--2026_04_07-23_07_35--episode=124--success=True--task=put_the_white_mug_on_the_plate_and_put_the_chocola.mp4
Saved rollout MP4 at path ./rollouts/2026_04_07/wrist--2026_04_07-23_07_35--episode=124--success=True--task=put_the_white_mug_on_the_plate_and_put_the_chocola.mp4
04/08 [03:53:00] INFO     | >> Success: True              run_libero_eval.py:230
                 INFO     | >> # episodes completed so    run_libero_eval.py:230
                          far: 124                                              
                 INFO     | >> # successes: 120 (96.8%)   run_libero_eval.py:230

 20%|██        | 4/20 [09:55<40:27, 151.73s/it][A                 INFO     | >>                            run_libero_eval.py:230
                          Task: put the white mug on the                        
                          plate and put the chocolate                           
                          pudding to the right of the                           
                          plate                                                 
                 INFO     | >> Starting episode 5...      run_libero_eval.py:230
>> VLA-Cache inference mode
Current CUDA latency: 311.099731 ms | Average CUDA latency: 163.240865 ms, Average TFLOPs: 2.923707
>> VLA-Cache inference mode
Current CUDA latency: 274.378540 ms | Average CUDA latency: 163.270097 ms, Average TFLOPs: 2.923730
>> VLA-Cache inference mode
Current CUDA latency: 122.249954 ms | Average CUDA latency: 163.259310 ms, Average TFLOPs: 2.923744
>> VLA-Cache inference mode
Current CUDA latency: 117.436127 ms | Average CUDA latency: 163.247264 ms, Average TFLOPs: 2.923764
>> VLA-Cache inference mode
Current CUDA latency: 114.807266 ms | Average CUDA latency: 163.234534 ms, Average TFLOPs: 2.923771
>> VLA-Cache inference mode
Current CUDA latency: 149.474396 ms | Average CUDA latency: 163.230918 ms, Average TFLOPs: 2.923763
>> VLA-Cache inference mode
Current CUDA latency: 143.508987 ms | Average CUDA latency: 163.225738 ms, Average TFLOPs: 2.923738
>> VLA-Cache inference mode
Current CUDA latency: 112.443138 ms | Average CUDA latency: 163.212402 ms, Average TFLOPs: 2.923721
>> VLA-Cache inference mode
Current CUDA latency: 141.707611 ms | Average CUDA latency: 163.206756 ms, Average TFLOPs: 2.923696
>> VLA-Cache inference mode
Current CUDA latency: 193.221252 ms | Average CUDA latency: 163.214634 ms, Average TFLOPs: 2.923688
>> VLA-Cache inference mode
Current CUDA latency: 183.510880 ms | Average CUDA latency: 163.219960 ms, Average TFLOPs: 2.923696
>> VLA-Cache inference mode
Current CUDA latency: 144.220001 ms | Average CUDA latency: 163.214976 ms, Average TFLOPs: 2.923703
>> VLA-Cache inference mode
Current CUDA latency: 142.907623 ms | Average CUDA latency: 163.209650 ms, Average TFLOPs: 2.923702
>> VLA-Cache inference mode
Current CUDA latency: 118.312065 ms | Average CUDA latency: 163.197878 ms, Average TFLOPs: 2.923695
>> VLA-Cache inference mode
Current CUDA latency: 120.603775 ms | Average CUDA latency: 163.186713 ms, Average TFLOPs: 2.923680
>> VLA-Cache inference mode
Current CUDA latency: 114.424927 ms | Average CUDA latency: 163.173935 ms, Average TFLOPs: 2.923665
>> VLA-Cache inference mode
Current CUDA latency: 103.475998 ms | Average CUDA latency: 163.158295 ms, Average TFLOPs: 2.923653
>> VLA-Cache inference mode
Current CUDA latency: 111.099167 ms | Average CUDA latency: 163.144660 ms, Average TFLOPs: 2.923659
>> VLA-Cache inference mode
Current CUDA latency: 115.023293 ms | Average CUDA latency: 163.132059 ms, Average TFLOPs: 2.923650
>> VLA-Cache inference mode
Current CUDA latency: 124.046143 ms | Average CUDA latency: 163.121827 ms, Average TFLOPs: 2.923657
>> VLA-Cache inference mode
Current CUDA latency: 111.000259 ms | Average CUDA latency: 163.108186 ms, Average TFLOPs: 2.923672
>> VLA-Cache inference mode
Current CUDA latency: 212.922714 ms | Average CUDA latency: 163.121220 ms, Average TFLOPs: 2.923679
>> VLA-Cache inference mode
Current CUDA latency: 339.695251 ms | Average CUDA latency: 163.167407 ms, Average TFLOPs: 2.923681
>> VLA-Cache inference mode
Current CUDA latency: 270.959259 ms | Average CUDA latency: 163.195595 ms, Average TFLOPs: 2.923660
>> VLA-Cache inference mode
Current CUDA latency: 110.367523 ms | Average CUDA latency: 163.181784 ms, Average TFLOPs: 2.923648
>> VLA-Cache inference mode
Current CUDA latency: 134.295486 ms | Average CUDA latency: 163.174234 ms, Average TFLOPs: 2.923647
>> VLA-Cache inference mode
Current CUDA latency: 112.056511 ms | Average CUDA latency: 163.160877 ms, Average TFLOPs: 2.923643
>> VLA-Cache inference mode
Current CUDA latency: 122.311073 ms | Average CUDA latency: 163.150206 ms, Average TFLOPs: 2.923632
>> VLA-Cache inference mode
Current CUDA latency: 145.076996 ms | Average CUDA latency: 163.145486 ms, Average TFLOPs: 2.923614
>> VLA-Cache inference mode
Current CUDA latency: 200.710876 ms | Average CUDA latency: 163.155294 ms, Average TFLOPs: 2.923605
>> VLA-Cache inference mode
Current CUDA latency: 369.807037 ms | Average CUDA latency: 163.209236 ms, Average TFLOPs: 2.923586
>> VLA-Cache inference mode
Current CUDA latency: 140.033539 ms | Average CUDA latency: 163.203188 ms, Average TFLOPs: 2.923584
>> VLA-Cache inference mode
Current CUDA latency: 209.114563 ms | Average CUDA latency: 163.215166 ms, Average TFLOPs: 2.923583
>> VLA-Cache inference mode
Current CUDA latency: 103.110077 ms | Average CUDA latency: 163.199489 ms, Average TFLOPs: 2.923571
>> VLA-Cache inference mode
Current CUDA latency: 112.060188 ms | Average CUDA latency: 163.186154 ms, Average TFLOPs: 2.923567
>> VLA-Cache inference mode
Current CUDA latency: 123.717186 ms | Average CUDA latency: 163.175865 ms, Average TFLOPs: 2.923562
>> VLA-Cache inference mode
Current CUDA latency: 113.272163 ms | Average CUDA latency: 163.162859 ms, Average TFLOPs: 2.923543
>> VLA-Cache inference mode
Current CUDA latency: 114.788132 ms | Average CUDA latency: 163.150255 ms, Average TFLOPs: 2.923544
>> VLA-Cache inference mode
Current CUDA latency: 122.723969 ms | Average CUDA latency: 163.139725 ms, Average TFLOPs: 2.923532
>> VLA-Cache inference mode
Current CUDA latency: 217.016479 ms | Average CUDA latency: 163.153755 ms, Average TFLOPs: 2.923539
>> VLA-Cache inference mode
Current CUDA latency: 145.459686 ms | Average CUDA latency: 163.149148 ms, Average TFLOPs: 2.923525
>> VLA-Cache inference mode
Current CUDA latency: 139.932098 ms | Average CUDA latency: 163.143105 ms, Average TFLOPs: 2.923535
>> VLA-Cache inference mode
Current CUDA latency: 185.159683 ms | Average CUDA latency: 163.148834 ms, Average TFLOPs: 2.923537
>> VLA-Cache inference mode
Current CUDA latency: 126.524353 ms | Average CUDA latency: 163.139307 ms, Average TFLOPs: 2.923541
>> VLA-Cache inference mode
Current CUDA latency: 111.298813 ms | Average CUDA latency: 163.125824 ms, Average TFLOPs: 2.923551
>> VLA-Cache inference mode
Current CUDA latency: 108.380066 ms | Average CUDA latency: 163.111590 ms, Average TFLOPs: 2.923545
>> VLA-Cache inference mode
Current CUDA latency: 118.092606 ms | Average CUDA latency: 163.099887 ms, Average TFLOPs: 2.923547
>> VLA-Cache inference mode
Current CUDA latency: 117.956253 ms | Average CUDA latency: 163.088156 ms, Average TFLOPs: 2.923541
>> VLA-Cache inference mode
Current CUDA latency: 114.343681 ms | Average CUDA latency: 163.075491 ms, Average TFLOPs: 2.923541
>> VLA-Cache inference mode
Current CUDA latency: 126.719101 ms | Average CUDA latency: 163.066048 ms, Average TFLOPs: 2.923551
>> VLA-Cache inference mode
Current CUDA latency: 189.335175 ms | Average CUDA latency: 163.072870 ms, Average TFLOPs: 2.923555
>> VLA-Cache inference mode
Current CUDA latency: 194.092987 ms | Average CUDA latency: 163.080922 ms, Average TFLOPs: 2.923558
>> VLA-Cache inference mode
Current CUDA latency: 172.279999 ms | Average CUDA latency: 163.083310 ms, Average TFLOPs: 2.923565
>> VLA-Cache inference mode
Current CUDA latency: 154.567902 ms | Average CUDA latency: 163.081101 ms, Average TFLOPs: 2.923572
>> VLA-Cache inference mode
Current CUDA latency: 121.084381 ms | Average CUDA latency: 163.070206 ms, Average TFLOPs: 2.923587
>> VLA-Cache inference mode
Current CUDA latency: 121.200958 ms | Average CUDA latency: 163.059348 ms, Average TFLOPs: 2.923602
>> VLA-Cache inference mode
Current CUDA latency: 119.348190 ms | Average CUDA latency: 163.048015 ms, Average TFLOPs: 2.923620
>> VLA-Cache inference mode
Current CUDA latency: 119.743202 ms | Average CUDA latency: 163.036791 ms, Average TFLOPs: 2.923640
>> VLA-Cache inference mode
Current CUDA latency: 119.455070 ms | Average CUDA latency: 163.025497 ms, Average TFLOPs: 2.923655
>> VLA-Cache inference mode
Current CUDA latency: 133.937057 ms | Average CUDA latency: 163.017961 ms, Average TFLOPs: 2.923667
>> VLA-Cache inference mode
Current CUDA latency: 118.155556 ms | Average CUDA latency: 163.006342 ms, Average TFLOPs: 2.923690
>> VLA-Cache inference mode
Current CUDA latency: 128.727036 ms | Average CUDA latency: 162.997466 ms, Average TFLOPs: 2.923691
>> VLA-Cache inference mode
Current CUDA latency: 129.808609 ms | Average CUDA latency: 162.988874 ms, Average TFLOPs: 2.923703
>> VLA-Cache inference mode
Current CUDA latency: 162.393539 ms | Average CUDA latency: 162.988720 ms, Average TFLOPs: 2.923715
huggingface/tokenizers: The current process just got forked, after parallelism has already been used. Disabling parallelism to avoid deadlocks...
To disable this warning, you can either:
	- Avoid using `tokenizers` before the fork if possible
	- Explicitly set the environment variable TOKENIZERS_PARALLELISM=(true | false)
huggingface/tokenizers: The current process just got forked, after parallelism has already been used. Disabling parallelism to avoid deadlocks...
To disable this warning, you can either:
	- Avoid using `tokenizers` before the fork if possible
	- Explicitly set the environment variable TOKENIZERS_PARALLELISM=(true | false)
>> VLA-Cache inference mode
Current CUDA latency: 224.441727 ms | Average CUDA latency: 163.004620 ms, Average TFLOPs: 2.923734
Average time per step: 552.2002 ms, Control Frequency: 14.49 Hz, Token Reusing Ratio (Primary): 37.30 %, , Token Reusing Ratio (Wrist): 38.47 %
Saved rollout MP4 at path ./rollouts/2026_04_07/primary--2026_04_07-23_07_35--episode=125--success=False--task=put_the_white_mug_on_the_plate_and_put_the_chocola.mp4
Saved rollout MP4 at path ./rollouts/2026_04_07/wrist--2026_04_07-23_07_35--episode=125--success=False--task=put_the_white_mug_on_the_plate_and_put_the_chocola.mp4
04/08 [03:57:39] INFO     | >> Success: False             run_libero_eval.py:230
                 INFO     | >> # episodes completed so    run_libero_eval.py:230
                          far: 125                                              
                 INFO     | >> # successes: 120 (96.0%)   run_libero_eval.py:230

 25%|██▌       | 5/20 [14:35<49:27, 197.84s/it][A                 INFO     | >>                            run_libero_eval.py:230
                          Task: put the white mug on the                        
                          plate and put the chocolate                           
                          pudding to the right of the                           
                          plate                                                 
                 INFO     | >> Starting episode 6...      run_libero_eval.py:230
huggingface/tokenizers: The current process just got forked, after parallelism has already been used. Disabling parallelism to avoid deadlocks...
To disable this warning, you can either:
	- Avoid using `tokenizers` before the fork if possible
	- Explicitly set the environment variable TOKENIZERS_PARALLELISM=(true | false)
huggingface/tokenizers: The current process just got forked, after parallelism has already been used. Disabling parallelism to avoid deadlocks...
To disable this warning, you can either:
	- Avoid using `tokenizers` before the fork if possible
	- Explicitly set the environment variable TOKENIZERS_PARALLELISM=(true | false)
>> VLA-Cache inference mode
Current CUDA latency: 444.190430 ms | Average CUDA latency: 163.077353 ms, Average TFLOPs: 2.923956
>> VLA-Cache inference mode
Current CUDA latency: 349.415436 ms | Average CUDA latency: 163.125540 ms, Average TFLOPs: 2.923986
>> VLA-Cache inference mode
Current CUDA latency: 114.233795 ms | Average CUDA latency: 163.112900 ms, Average TFLOPs: 2.924018
>> VLA-Cache inference mode
Current CUDA latency: 123.892738 ms | Average CUDA latency: 163.102763 ms, Average TFLOPs: 2.924049
>> VLA-Cache inference mode
Current CUDA latency: 139.607239 ms | Average CUDA latency: 163.096692 ms, Average TFLOPs: 2.924058
>> VLA-Cache inference mode
Current CUDA latency: 199.269730 ms | Average CUDA latency: 163.106036 ms, Average TFLOPs: 2.924049
>> VLA-Cache inference mode
Current CUDA latency: 110.169441 ms | Average CUDA latency: 163.092365 ms, Average TFLOPs: 2.924043
>> VLA-Cache inference mode
Current CUDA latency: 110.114975 ms | Average CUDA latency: 163.078686 ms, Average TFLOPs: 2.924032
>> VLA-Cache inference mode
Current CUDA latency: 111.075645 ms | Average CUDA latency: 163.065262 ms, Average TFLOPs: 2.924019
>> VLA-Cache inference mode
Current CUDA latency: 118.248772 ms | Average CUDA latency: 163.053697 ms, Average TFLOPs: 2.924003
>> VLA-Cache inference mode
Current CUDA latency: 116.686211 ms | Average CUDA latency: 163.041734 ms, Average TFLOPs: 2.923997
>> VLA-Cache inference mode
Current CUDA latency: 115.407646 ms | Average CUDA latency: 163.029448 ms, Average TFLOPs: 2.923993
>> VLA-Cache inference mode
Current CUDA latency: 110.551491 ms | Average CUDA latency: 163.015915 ms, Average TFLOPs: 2.924003
>> VLA-Cache inference mode
Current CUDA latency: 110.614365 ms | Average CUDA latency: 163.002406 ms, Average TFLOPs: 2.924012
>> VLA-Cache inference mode
Current CUDA latency: 109.359169 ms | Average CUDA latency: 162.988581 ms, Average TFLOPs: 2.924006
>> VLA-Cache inference mode
Current CUDA latency: 114.075424 ms | Average CUDA latency: 162.975978 ms, Average TFLOPs: 2.923989
>> VLA-Cache inference mode
Current CUDA latency: 116.595360 ms | Average CUDA latency: 162.964030 ms, Average TFLOPs: 2.923979
>> VLA-Cache inference mode
Current CUDA latency: 160.203705 ms | Average CUDA latency: 162.963319 ms, Average TFLOPs: 2.923969
>> VLA-Cache inference mode
Current CUDA latency: 217.672409 ms | Average CUDA latency: 162.977405 ms, Average TFLOPs: 2.923956
>> VLA-Cache inference mode
Current CUDA latency: 258.836548 ms | Average CUDA latency: 163.002079 ms, Average TFLOPs: 2.923937
>> VLA-Cache inference mode
Current CUDA latency: 110.962051 ms | Average CUDA latency: 162.988687 ms, Average TFLOPs: 2.923927
>> VLA-Cache inference mode
Current CUDA latency: 112.126785 ms | Average CUDA latency: 162.975602 ms, Average TFLOPs: 2.923928
>> VLA-Cache inference mode
Current CUDA latency: 110.051071 ms | Average CUDA latency: 162.961990 ms, Average TFLOPs: 2.923930
>> VLA-Cache inference mode
Current CUDA latency: 200.885117 ms | Average CUDA latency: 162.971741 ms, Average TFLOPs: 2.923922
>> VLA-Cache inference mode
Current CUDA latency: 185.190842 ms | Average CUDA latency: 162.977453 ms, Average TFLOPs: 2.923916
>> VLA-Cache inference mode
Current CUDA latency: 297.836578 ms | Average CUDA latency: 163.012112 ms, Average TFLOPs: 2.923916
>> VLA-Cache inference mode
Current CUDA latency: 198.932510 ms | Average CUDA latency: 163.021342 ms, Average TFLOPs: 2.923905
>> VLA-Cache inference mode
Current CUDA latency: 213.285980 ms | Average CUDA latency: 163.034253 ms, Average TFLOPs: 2.923889
>> VLA-Cache inference mode
Current CUDA latency: 154.967133 ms | Average CUDA latency: 163.032182 ms, Average TFLOPs: 2.923863
>> VLA-Cache inference mode
Current CUDA latency: 109.031395 ms | Average CUDA latency: 163.018317 ms, Average TFLOPs: 2.923850
>> VLA-Cache inference mode
Current CUDA latency: 145.993500 ms | Average CUDA latency: 163.013948 ms, Average TFLOPs: 2.923838
>> VLA-Cache inference mode
Current CUDA latency: 114.322845 ms | Average CUDA latency: 163.001453 ms, Average TFLOPs: 2.923839
>> VLA-Cache inference mode
Current CUDA latency: 126.592064 ms | Average CUDA latency: 162.992113 ms, Average TFLOPs: 2.923828
>> VLA-Cache inference mode
Current CUDA latency: 104.281120 ms | Average CUDA latency: 162.977055 ms, Average TFLOPs: 2.923816
>> VLA-Cache inference mode
Current CUDA latency: 117.602913 ms | Average CUDA latency: 162.965420 ms, Average TFLOPs: 2.923807
>> VLA-Cache inference mode
Current CUDA latency: 125.915459 ms | Average CUDA latency: 162.955923 ms, Average TFLOPs: 2.923804
>> VLA-Cache inference mode
Current CUDA latency: 104.483841 ms | Average CUDA latency: 162.940938 ms, Average TFLOPs: 2.923775
>> VLA-Cache inference mode
Current CUDA latency: 108.670525 ms | Average CUDA latency: 162.927033 ms, Average TFLOPs: 2.923754
>> VLA-Cache inference mode
Current CUDA latency: 113.143135 ms | Average CUDA latency: 162.914281 ms, Average TFLOPs: 2.923747
>> VLA-Cache inference mode
Current CUDA latency: 182.162811 ms | Average CUDA latency: 162.919210 ms, Average TFLOPs: 2.923730
>> VLA-Cache inference mode
Current CUDA latency: 181.034241 ms | Average CUDA latency: 162.923848 ms, Average TFLOPs: 2.923716
>> VLA-Cache inference mode
Current CUDA latency: 109.335487 ms | Average CUDA latency: 162.910132 ms, Average TFLOPs: 2.923701
>> VLA-Cache inference mode
Current CUDA latency: 113.258369 ms | Average CUDA latency: 162.897427 ms, Average TFLOPs: 2.923686
>> VLA-Cache inference mode
Current CUDA latency: 163.260391 ms | Average CUDA latency: 162.897519 ms, Average TFLOPs: 2.923663
>> VLA-Cache inference mode
Current CUDA latency: 116.357407 ms | Average CUDA latency: 162.885617 ms, Average TFLOPs: 2.923652
>> VLA-Cache inference mode
Current CUDA latency: 154.098297 ms | Average CUDA latency: 162.883370 ms, Average TFLOPs: 2.923631
Average time per step: 548.4525 ms, Control Frequency: 14.59 Hz, Token Reusing Ratio (Primary): 37.28 %, , Token Reusing Ratio (Wrist): 38.41 %
Saved rollout MP4 at path ./rollouts/2026_04_07/primary--2026_04_07-23_07_35--episode=126--success=True--task=put_the_white_mug_on_the_plate_and_put_the_chocola.mp4
Saved rollout MP4 at path ./rollouts/2026_04_07/wrist--2026_04_07-23_07_35--episode=126--success=True--task=put_the_white_mug_on_the_plate_and_put_the_chocola.mp4
04/08 [04:00:48] INFO     | >> Success: True              run_libero_eval.py:230
                 INFO     | >> # episodes completed so    run_libero_eval.py:230
                          far: 126                                              
                 INFO     | >> # successes: 121 (96.0%)   run_libero_eval.py:230

 30%|███       | 6/20 [17:44<45:27, 194.85s/it][A                 INFO     | >>                            run_libero_eval.py:230
                          Task: put the white mug on the                        
                          plate and put the chocolate                           
                          pudding to the right of the                           
                          plate                                                 
                 INFO     | >> Starting episode 7...      run_libero_eval.py:230
huggingface/tokenizers: The current process just got forked, after parallelism has already been used. Disabling parallelism to avoid deadlocks...
To disable this warning, you can either:
	- Avoid using `tokenizers` before the fork if possible
	- Explicitly set the environment variable TOKENIZERS_PARALLELISM=(true | false)
huggingface/tokenizers: The current process just got forked, after parallelism has already been used. Disabling parallelism to avoid deadlocks...
To disable this warning, you can either:
	- Avoid using `tokenizers` before the fork if possible
	- Explicitly set the environment variable TOKENIZERS_PARALLELISM=(true | false)
>> VLA-Cache inference mode
Current CUDA latency: 451.867462 ms | Average CUDA latency: 162.957241 ms, Average TFLOPs: 2.923851
>> VLA-Cache inference mode
Current CUDA latency: 375.452484 ms | Average CUDA latency: 163.011546 ms, Average TFLOPs: 2.923877
>> VLA-Cache inference mode
Current CUDA latency: 148.661789 ms | Average CUDA latency: 163.007880 ms, Average TFLOPs: 2.923897
>> VLA-Cache inference mode
Current CUDA latency: 149.433914 ms | Average CUDA latency: 163.004412 ms, Average TFLOPs: 2.923911
>> VLA-Cache inference mode
Current CUDA latency: 114.624702 ms | Average CUDA latency: 162.992058 ms, Average TFLOPs: 2.923937
>> VLA-Cache inference mode
Current CUDA latency: 124.107651 ms | Average CUDA latency: 162.982131 ms, Average TFLOPs: 2.923945
>> VLA-Cache inference mode
Current CUDA latency: 109.140930 ms | Average CUDA latency: 162.968389 ms, Average TFLOPs: 2.923952
>> VLA-Cache inference mode
Current CUDA latency: 119.423393 ms | Average CUDA latency: 162.957278 ms, Average TFLOPs: 2.923948
>> VLA-Cache inference mode
Current CUDA latency: 152.392899 ms | Average CUDA latency: 162.954583 ms, Average TFLOPs: 2.923932
>> VLA-Cache inference mode
Current CUDA latency: 118.677155 ms | Average CUDA latency: 162.943290 ms, Average TFLOPs: 2.923917
>> VLA-Cache inference mode
Current CUDA latency: 109.279617 ms | Average CUDA latency: 162.929608 ms, Average TFLOPs: 2.923916
>> VLA-Cache inference mode
Current CUDA latency: 109.846046 ms | Average CUDA latency: 162.916076 ms, Average TFLOPs: 2.923930
>> VLA-Cache inference mode
Current CUDA latency: 119.803932 ms | Average CUDA latency: 162.905089 ms, Average TFLOPs: 2.923933
>> VLA-Cache inference mode
Current CUDA latency: 109.202621 ms | Average CUDA latency: 162.891407 ms, Average TFLOPs: 2.923941
>> VLA-Cache inference mode
Current CUDA latency: 110.564125 ms | Average CUDA latency: 162.878079 ms, Average TFLOPs: 2.923937
>> VLA-Cache inference mode
Current CUDA latency: 109.090973 ms | Average CUDA latency: 162.864382 ms, Average TFLOPs: 2.923933
>> VLA-Cache inference mode
Current CUDA latency: 109.030754 ms | Average CUDA latency: 162.850677 ms, Average TFLOPs: 2.923929
>> VLA-Cache inference mode
Current CUDA latency: 127.838593 ms | Average CUDA latency: 162.841766 ms, Average TFLOPs: 2.923921
>> VLA-Cache inference mode
Current CUDA latency: 194.087494 ms | Average CUDA latency: 162.849716 ms, Average TFLOPs: 2.923935
>> VLA-Cache inference mode
Current CUDA latency: 163.745575 ms | Average CUDA latency: 162.849944 ms, Average TFLOPs: 2.923946
>> VLA-Cache inference mode
Current CUDA latency: 206.654175 ms | Average CUDA latency: 162.861085 ms, Average TFLOPs: 2.923947
>> VLA-Cache inference mode
Current CUDA latency: 131.346115 ms | Average CUDA latency: 162.853072 ms, Average TFLOPs: 2.923953
>> VLA-Cache inference mode
Current CUDA latency: 121.630623 ms | Average CUDA latency: 162.842593 ms, Average TFLOPs: 2.923949
>> VLA-Cache inference mode
Current CUDA latency: 130.315750 ms | Average CUDA latency: 162.834327 ms, Average TFLOPs: 2.923934
>> VLA-Cache inference mode
Current CUDA latency: 146.213318 ms | Average CUDA latency: 162.830104 ms, Average TFLOPs: 2.923915
>> VLA-Cache inference mode
Current CUDA latency: 129.501755 ms | Average CUDA latency: 162.821639 ms, Average TFLOPs: 2.923891
>> VLA-Cache inference mode
Current CUDA latency: 133.125214 ms | Average CUDA latency: 162.814098 ms, Average TFLOPs: 2.923884
Average time per step: 548.9913 ms, Control Frequency: 14.57 Hz, Token Reusing Ratio (Primary): 37.15 %, , Token Reusing Ratio (Wrist): 38.30 %
Saved rollout MP4 at path ./rollouts/2026_04_07/primary--2026_04_07-23_07_35--episode=127--success=True--task=put_the_white_mug_on_the_plate_and_put_the_chocola.mp4
Saved rollout MP4 at path ./rollouts/2026_04_07/wrist--2026_04_07-23_07_35--episode=127--success=True--task=put_the_white_mug_on_the_plate_and_put_the_chocola.mp4
04/08 [04:02:40] INFO     | >> Success: True              run_libero_eval.py:230
                 INFO     | >> # episodes completed so    run_libero_eval.py:230
                          far: 127                                              
                 INFO     | >> # successes: 122 (96.1%)   run_libero_eval.py:230

 35%|███▌      | 7/20 [19:35<36:18, 167.55s/it][A                 INFO     | >>                            run_libero_eval.py:230
                          Task: put the white mug on the                        
                          plate and put the chocolate                           
                          pudding to the right of the                           
                          plate                                                 
                 INFO     | >> Starting episode 8...      run_libero_eval.py:230
huggingface/tokenizers: The current process just got forked, after parallelism has already been used. Disabling parallelism to avoid deadlocks...
To disable this warning, you can either:
	- Avoid using `tokenizers` before the fork if possible
	- Explicitly set the environment variable TOKENIZERS_PARALLELISM=(true | false)
huggingface/tokenizers: The current process just got forked, after parallelism has already been used. Disabling parallelism to avoid deadlocks...
To disable this warning, you can either:
	- Avoid using `tokenizers` before the fork if possible
	- Explicitly set the environment variable TOKENIZERS_PARALLELISM=(true | false)
>> VLA-Cache inference mode
Current CUDA latency: 379.531921 ms | Average CUDA latency: 162.869117 ms, Average TFLOPs: 2.924102
>> VLA-Cache inference mode
Current CUDA latency: 307.932678 ms | Average CUDA latency: 162.905935 ms, Average TFLOPs: 2.924122
>> VLA-Cache inference mode
Current CUDA latency: 123.527039 ms | Average CUDA latency: 162.895943 ms, Average TFLOPs: 2.924134
>> VLA-Cache inference mode
Current CUDA latency: 113.090622 ms | Average CUDA latency: 162.883308 ms, Average TFLOPs: 2.924158
>> VLA-Cache inference mode
Current CUDA latency: 125.713058 ms | Average CUDA latency: 162.873881 ms, Average TFLOPs: 2.924162
>> VLA-Cache inference mode
Current CUDA latency: 112.118462 ms | Average CUDA latency: 162.861012 ms, Average TFLOPs: 2.924173
>> VLA-Cache inference mode
Current CUDA latency: 126.703743 ms | Average CUDA latency: 162.851847 ms, Average TFLOPs: 2.924166
>> VLA-Cache inference mode
Current CUDA latency: 132.654556 ms | Average CUDA latency: 162.844194 ms, Average TFLOPs: 2.924156
>> VLA-Cache inference mode
Current CUDA latency: 109.123650 ms | Average CUDA latency: 162.830584 ms, Average TFLOPs: 2.924155
>> VLA-Cache inference mode
Current CUDA latency: 137.548676 ms | Average CUDA latency: 162.824180 ms, Average TFLOPs: 2.924141
>> VLA-Cache inference mode
Current CUDA latency: 198.815964 ms | Average CUDA latency: 162.833294 ms, Average TFLOPs: 2.924128
>> VLA-Cache inference mode
Current CUDA latency: 275.795593 ms | Average CUDA latency: 162.861892 ms, Average TFLOPs: 2.924130
>> VLA-Cache inference mode
Current CUDA latency: 203.736923 ms | Average CUDA latency: 162.872238 ms, Average TFLOPs: 2.924143
>> VLA-Cache inference mode
Current CUDA latency: 118.405983 ms | Average CUDA latency: 162.860986 ms, Average TFLOPs: 2.924156
>> VLA-Cache inference mode
Current CUDA latency: 119.542526 ms | Average CUDA latency: 162.850028 ms, Average TFLOPs: 2.924171
>> VLA-Cache inference mode
Current CUDA latency: 214.754395 ms | Average CUDA latency: 162.863155 ms, Average TFLOPs: 2.924173
>> VLA-Cache inference mode
Current CUDA latency: 296.947815 ms | Average CUDA latency: 162.897057 ms, Average TFLOPs: 2.924174
>> VLA-Cache inference mode
Current CUDA latency: 153.805817 ms | Average CUDA latency: 162.894759 ms, Average TFLOPs: 2.924166
>> VLA-Cache inference mode
Current CUDA latency: 117.905212 ms | Average CUDA latency: 162.883390 ms, Average TFLOPs: 2.924186
>> VLA-Cache inference mode
Current CUDA latency: 139.689285 ms | Average CUDA latency: 162.877530 ms, Average TFLOPs: 2.924201
>> VLA-Cache inference mode
Current CUDA latency: 177.970276 ms | Average CUDA latency: 162.881342 ms, Average TFLOPs: 2.924211
>> VLA-Cache inference mode
Current CUDA latency: 209.634430 ms | Average CUDA latency: 162.893148 ms, Average TFLOPs: 2.924229
>> VLA-Cache inference mode
Current CUDA latency: 162.427811 ms | Average CUDA latency: 162.893031 ms, Average TFLOPs: 2.924241
>> VLA-Cache inference mode
Current CUDA latency: 126.644897 ms | Average CUDA latency: 162.883882 ms, Average TFLOPs: 2.924242
>> VLA-Cache inference mode
Current CUDA latency: 108.921280 ms | Average CUDA latency: 162.870265 ms, Average TFLOPs: 2.924236
>> VLA-Cache inference mode
Current CUDA latency: 198.398148 ms | Average CUDA latency: 162.879228 ms, Average TFLOPs: 2.924224
>> VLA-Cache inference mode
Current CUDA latency: 183.078247 ms | Average CUDA latency: 162.884322 ms, Average TFLOPs: 2.924209
Average time per step: 553.7424 ms, Control Frequency: 14.45 Hz, Token Reusing Ratio (Primary): 37.01 %, , Token Reusing Ratio (Wrist): 38.20 %
Saved rollout MP4 at path ./rollouts/2026_04_07/primary--2026_04_07-23_07_35--episode=128--success=True--task=put_the_white_mug_on_the_plate_and_put_the_chocola.mp4
Saved rollout MP4 at path ./rollouts/2026_04_07/wrist--2026_04_07-23_07_35--episode=128--success=True--task=put_the_white_mug_on_the_plate_and_put_the_chocola.mp4
04/08 [04:04:43] INFO     | >> Success: True              run_libero_eval.py:230
                 INFO     | >> # episodes completed so    run_libero_eval.py:230
                          far: 128                                              
                 INFO     | >> # successes: 123 (96.1%)   run_libero_eval.py:230

 40%|████      | 8/20 [21:38<30:41, 153.43s/it][A                 INFO     | >>                            run_libero_eval.py:230
                          Task: put the white mug on the                        
                          plate and put the chocolate                           
                          pudding to the right of the                           
                          plate                                                 
                 INFO     | >> Starting episode 9...      run_libero_eval.py:230
huggingface/tokenizers: The current process just got forked, after parallelism has already been used. Disabling parallelism to avoid deadlocks...
To disable this warning, you can either:
	- Avoid using `tokenizers` before the fork if possible
	- Explicitly set the environment variable TOKENIZERS_PARALLELISM=(true | false)
huggingface/tokenizers: The current process just got forked, after parallelism has already been used. Disabling parallelism to avoid deadlocks...
To disable this warning, you can either:
	- Avoid using `tokenizers` before the fork if possible
	- Explicitly set the environment variable TOKENIZERS_PARALLELISM=(true | false)
>> VLA-Cache inference mode
Current CUDA latency: 360.662170 ms | Average CUDA latency: 162.934190 ms, Average TFLOPs: 2.924426
>> VLA-Cache inference mode
Current CUDA latency: 254.712540 ms | Average CUDA latency: 162.957326 ms, Average TFLOPs: 2.924449
>> VLA-Cache inference mode
Current CUDA latency: 166.506210 ms | Average CUDA latency: 162.958220 ms, Average TFLOPs: 2.924459
>> VLA-Cache inference mode
Current CUDA latency: 176.479004 ms | Average CUDA latency: 162.961627 ms, Average TFLOPs: 2.924462
>> VLA-Cache inference mode
Current CUDA latency: 157.256409 ms | Average CUDA latency: 162.960190 ms, Average TFLOPs: 2.924466
>> VLA-Cache inference mode
Current CUDA latency: 137.692902 ms | Average CUDA latency: 162.953827 ms, Average TFLOPs: 2.924464
>> VLA-Cache inference mode
Current CUDA latency: 187.106400 ms | Average CUDA latency: 162.959908 ms, Average TFLOPs: 2.924451
>> VLA-Cache inference mode
Current CUDA latency: 189.369308 ms | Average CUDA latency: 162.966555 ms, Average TFLOPs: 2.924430
>> VLA-Cache inference mode
Current CUDA latency: 108.085022 ms | Average CUDA latency: 162.952745 ms, Average TFLOPs: 2.924412
>> VLA-Cache inference mode
Current CUDA latency: 116.022591 ms | Average CUDA latency: 162.940938 ms, Average TFLOPs: 2.924401
>> VLA-Cache inference mode
Current CUDA latency: 116.967522 ms | Average CUDA latency: 162.929376 ms, Average TFLOPs: 2.924397
>> VLA-Cache inference mode
Current CUDA latency: 112.229149 ms | Average CUDA latency: 162.916627 ms, Average TFLOPs: 2.924397
>> VLA-Cache inference mode
Current CUDA latency: 115.844765 ms | Average CUDA latency: 162.904794 ms, Average TFLOPs: 2.924403
>> VLA-Cache inference mode
Current CUDA latency: 111.172607 ms | Average CUDA latency: 162.891793 ms, Average TFLOPs: 2.924416
>> VLA-Cache inference mode
Current CUDA latency: 110.672737 ms | Average CUDA latency: 162.878672 ms, Average TFLOPs: 2.924413
>> VLA-Cache inference mode
Current CUDA latency: 109.266975 ms | Average CUDA latency: 162.865206 ms, Average TFLOPs: 2.924413
>> VLA-Cache inference mode
Current CUDA latency: 108.816132 ms | Average CUDA latency: 162.851632 ms, Average TFLOPs: 2.924405
>> VLA-Cache inference mode
Current CUDA latency: 108.800995 ms | Average CUDA latency: 162.838062 ms, Average TFLOPs: 2.924389
>> VLA-Cache inference mode
Current CUDA latency: 105.253090 ms | Average CUDA latency: 162.823608 ms, Average TFLOPs: 2.924377
>> VLA-Cache inference mode
Current CUDA latency: 119.398109 ms | Average CUDA latency: 162.812711 ms, Average TFLOPs: 2.924373
>> VLA-Cache inference mode
Current CUDA latency: 118.785309 ms | Average CUDA latency: 162.801665 ms, Average TFLOPs: 2.924378
>> VLA-Cache inference mode
Current CUDA latency: 124.263229 ms | Average CUDA latency: 162.791999 ms, Average TFLOPs: 2.924378
>> VLA-Cache inference mode
Current CUDA latency: 199.130234 ms | Average CUDA latency: 162.801111 ms, Average TFLOPs: 2.924390
>> VLA-Cache inference mode
Current CUDA latency: 227.853409 ms | Average CUDA latency: 162.817419 ms, Average TFLOPs: 2.924397
>> VLA-Cache inference mode
Current CUDA latency: 238.482040 ms | Average CUDA latency: 162.836382 ms, Average TFLOPs: 2.924384
>> VLA-Cache inference mode
Current CUDA latency: 304.961761 ms | Average CUDA latency: 162.871994 ms, Average TFLOPs: 2.924365
>> VLA-Cache inference mode
Current CUDA latency: 105.855553 ms | Average CUDA latency: 162.857711 ms, Average TFLOPs: 2.924353
Average time per step: 556.8129 ms, Control Frequency: 14.37 Hz, Token Reusing Ratio (Primary): 36.95 %, , Token Reusing Ratio (Wrist): 38.18 %
Saved rollout MP4 at path ./rollouts/2026_04_07/primary--2026_04_07-23_07_35--episode=129--success=True--task=put_the_white_mug_on_the_plate_and_put_the_chocola.mp4
Saved rollout MP4 at path ./rollouts/2026_04_07/wrist--2026_04_07-23_07_35--episode=129--success=True--task=put_the_white_mug_on_the_plate_and_put_the_chocola.mp4
04/08 [04:06:32] INFO     | >> Success: True              run_libero_eval.py:230
                 INFO     | >> # episodes completed so    run_libero_eval.py:230
                          far: 129                                              
                 INFO     | >> # successes: 124 (96.1%)   run_libero_eval.py:230

 45%|████▌     | 9/20 [23:28<25:36, 139.69s/it][A                 INFO     | >>                            run_libero_eval.py:230
                          Task: put the white mug on the                        
                          plate and put the chocolate                           
                          pudding to the right of the                           
                          plate                                                 
                 INFO     | >> Starting episode 10...     run_libero_eval.py:230
>> VLA-Cache inference mode
Current CUDA latency: 340.346344 ms | Average CUDA latency: 162.902161 ms, Average TFLOPs: 2.924567
>> VLA-Cache inference mode
Current CUDA latency: 273.056274 ms | Average CUDA latency: 162.929741 ms, Average TFLOPs: 2.924596
>> VLA-Cache inference mode
Current CUDA latency: 124.050049 ms | Average CUDA latency: 162.920009 ms, Average TFLOPs: 2.924617
>> VLA-Cache inference mode
Current CUDA latency: 173.221283 ms | Average CUDA latency: 162.922587 ms, Average TFLOPs: 2.924635
>> VLA-Cache inference mode
Current CUDA latency: 228.868835 ms | Average CUDA latency: 162.939086 ms, Average TFLOPs: 2.924643
>> VLA-Cache inference mode
Current CUDA latency: 217.684280 ms | Average CUDA latency: 162.952779 ms, Average TFLOPs: 2.924645
>> VLA-Cache inference mode
Current CUDA latency: 261.201813 ms | Average CUDA latency: 162.977347 ms, Average TFLOPs: 2.924638
>> VLA-Cache inference mode
Current CUDA latency: 154.609665 ms | Average CUDA latency: 162.975255 ms, Average TFLOPs: 2.924626
>> VLA-Cache inference mode
Current CUDA latency: 119.220642 ms | Average CUDA latency: 162.964320 ms, Average TFLOPs: 2.924620
>> VLA-Cache inference mode
Current CUDA latency: 135.272217 ms | Average CUDA latency: 162.957400 ms, Average TFLOPs: 2.924608
>> VLA-Cache inference mode
Current CUDA latency: 111.550339 ms | Average CUDA latency: 162.944558 ms, Average TFLOPs: 2.924617
>> VLA-Cache inference mode
Current CUDA latency: 140.348892 ms | Average CUDA latency: 162.938915 ms, Average TFLOPs: 2.924634
>> VLA-Cache inference mode
Current CUDA latency: 136.699615 ms | Average CUDA latency: 162.932363 ms, Average TFLOPs: 2.924638
>> VLA-Cache inference mode
Current CUDA latency: 122.727325 ms | Average CUDA latency: 162.922327 ms, Average TFLOPs: 2.924649
>> VLA-Cache inference mode
Current CUDA latency: 115.319427 ms | Average CUDA latency: 162.910447 ms, Average TFLOPs: 2.924656
>> VLA-Cache inference mode
Current CUDA latency: 118.107300 ms | Average CUDA latency: 162.899268 ms, Average TFLOPs: 2.924640
>> VLA-Cache inference mode
Current CUDA latency: 128.567932 ms | Average CUDA latency: 162.890705 ms, Average TFLOPs: 2.924625
>> VLA-Cache inference mode
Current CUDA latency: 117.878815 ms | Average CUDA latency: 162.879480 ms, Average TFLOPs: 2.924619
>> VLA-Cache inference mode
Current CUDA latency: 118.184860 ms | Average CUDA latency: 162.868337 ms, Average TFLOPs: 2.924630
>> VLA-Cache inference mode
Current CUDA latency: 121.900963 ms | Average CUDA latency: 162.858126 ms, Average TFLOPs: 2.924643
>> VLA-Cache inference mode
Current CUDA latency: 110.416962 ms | Average CUDA latency: 162.845058 ms, Average TFLOPs: 2.924658
>> VLA-Cache inference mode
Current CUDA latency: 111.952003 ms | Average CUDA latency: 162.832379 ms, Average TFLOPs: 2.924675
>> VLA-Cache inference mode
Current CUDA latency: 110.428291 ms | Average CUDA latency: 162.819327 ms, Average TFLOPs: 2.924685
>> VLA-Cache inference mode
Current CUDA latency: 115.698524 ms | Average CUDA latency: 162.807594 ms, Average TFLOPs: 2.924680
>> VLA-Cache inference mode
Current CUDA latency: 158.987045 ms | Average CUDA latency: 162.806643 ms, Average TFLOPs: 2.924665
>> VLA-Cache inference mode
Current CUDA latency: 181.690247 ms | Average CUDA latency: 162.811342 ms, Average TFLOPs: 2.924658
>> VLA-Cache inference mode
Current CUDA latency: 175.476959 ms | Average CUDA latency: 162.814494 ms, Average TFLOPs: 2.924658
>> VLA-Cache inference mode
Current CUDA latency: 182.742340 ms | Average CUDA latency: 162.819451 ms, Average TFLOPs: 2.924656
>> VLA-Cache inference mode
Current CUDA latency: 111.339203 ms | Average CUDA latency: 162.806648 ms, Average TFLOPs: 2.924647
>> VLA-Cache inference mode
Current CUDA latency: 126.339874 ms | Average CUDA latency: 162.797581 ms, Average TFLOPs: 2.924651
>> VLA-Cache inference mode
Current CUDA latency: 121.227486 ms | Average CUDA latency: 162.787248 ms, Average TFLOPs: 2.924655
>> VLA-Cache inference mode
Current CUDA latency: 132.409729 ms | Average CUDA latency: 162.779699 ms, Average TFLOPs: 2.924649
>> VLA-Cache inference mode
Current CUDA latency: 118.440964 ms | Average CUDA latency: 162.768683 ms, Average TFLOPs: 2.924642
>> VLA-Cache inference mode
Current CUDA latency: 165.800735 ms | Average CUDA latency: 162.769436 ms, Average TFLOPs: 2.924646
>> VLA-Cache inference mode
Current CUDA latency: 198.360962 ms | Average CUDA latency: 162.778275 ms, Average TFLOPs: 2.924640
>> VLA-Cache inference mode
Current CUDA latency: 200.946503 ms | Average CUDA latency: 162.787750 ms, Average TFLOPs: 2.924627
>> VLA-Cache inference mode
Current CUDA latency: 129.626114 ms | Average CUDA latency: 162.779520 ms, Average TFLOPs: 2.924620
>> VLA-Cache inference mode
Current CUDA latency: 132.000519 ms | Average CUDA latency: 162.771882 ms, Average TFLOPs: 2.924599
>> VLA-Cache inference mode
Current CUDA latency: 116.618050 ms | Average CUDA latency: 162.760432 ms, Average TFLOPs: 2.924590
>> VLA-Cache inference mode
Current CUDA latency: 160.030304 ms | Average CUDA latency: 162.759755 ms, Average TFLOPs: 2.924587
>> VLA-Cache inference mode
Current CUDA latency: 104.583839 ms | Average CUDA latency: 162.745330 ms, Average TFLOPs: 2.924574
>> VLA-Cache inference mode
Current CUDA latency: 108.556740 ms | Average CUDA latency: 162.731897 ms, Average TFLOPs: 2.924570
>> VLA-Cache inference mode
Current CUDA latency: 138.522751 ms | Average CUDA latency: 162.725897 ms, Average TFLOPs: 2.924564
>> VLA-Cache inference mode
Current CUDA latency: 131.616806 ms | Average CUDA latency: 162.718190 ms, Average TFLOPs: 2.924544
>> VLA-Cache inference mode
Current CUDA latency: 109.278015 ms | Average CUDA latency: 162.704952 ms, Average TFLOPs: 2.924528
>> VLA-Cache inference mode
Current CUDA latency: 109.259933 ms | Average CUDA latency: 162.691716 ms, Average TFLOPs: 2.924520
>> VLA-Cache inference mode
Current CUDA latency: 149.350021 ms | Average CUDA latency: 162.688413 ms, Average TFLOPs: 2.924501
>> VLA-Cache inference mode
Current CUDA latency: 143.155685 ms | Average CUDA latency: 162.683578 ms, Average TFLOPs: 2.924488
>> VLA-Cache inference mode
Current CUDA latency: 295.612030 ms | Average CUDA latency: 162.716473 ms, Average TFLOPs: 2.924482
>> VLA-Cache inference mode
Current CUDA latency: 234.465561 ms | Average CUDA latency: 162.734224 ms, Average TFLOPs: 2.924470
>> VLA-Cache inference mode
Current CUDA latency: 214.700455 ms | Average CUDA latency: 162.747078 ms, Average TFLOPs: 2.924462
>> VLA-Cache inference mode
Current CUDA latency: 240.461060 ms | Average CUDA latency: 162.766295 ms, Average TFLOPs: 2.924455
>> VLA-Cache inference mode
Current CUDA latency: 245.761887 ms | Average CUDA latency: 162.786813 ms, Average TFLOPs: 2.924445
>> VLA-Cache inference mode
Current CUDA latency: 126.198364 ms | Average CUDA latency: 162.777770 ms, Average TFLOPs: 2.924445
>> VLA-Cache inference mode
Current CUDA latency: 216.684769 ms | Average CUDA latency: 162.791090 ms, Average TFLOPs: 2.924425
>> VLA-Cache inference mode
Current CUDA latency: 206.204834 ms | Average CUDA latency: 162.801815 ms, Average TFLOPs: 2.924407
>> VLA-Cache inference mode
Current CUDA latency: 126.588829 ms | Average CUDA latency: 162.792871 ms, Average TFLOPs: 2.924392
>> VLA-Cache inference mode
Current CUDA latency: 115.464706 ms | Average CUDA latency: 162.781185 ms, Average TFLOPs: 2.924381
>> VLA-Cache inference mode
Current CUDA latency: 154.963867 ms | Average CUDA latency: 162.779255 ms, Average TFLOPs: 2.924367
>> VLA-Cache inference mode
Current CUDA latency: 157.335495 ms | Average CUDA latency: 162.777912 ms, Average TFLOPs: 2.924357
>> VLA-Cache inference mode
Current CUDA latency: 117.272636 ms | Average CUDA latency: 162.766684 ms, Average TFLOPs: 2.924348
>> VLA-Cache inference mode
Current CUDA latency: 115.485664 ms | Average CUDA latency: 162.755021 ms, Average TFLOPs: 2.924341
>> VLA-Cache inference mode
Current CUDA latency: 118.199745 ms | Average CUDA latency: 162.744034 ms, Average TFLOPs: 2.924331
>> VLA-Cache inference mode
Current CUDA latency: 109.740448 ms | Average CUDA latency: 162.730966 ms, Average TFLOPs: 2.924321
huggingface/tokenizers: The current process just got forked, after parallelism has already been used. Disabling parallelism to avoid deadlocks...
To disable this warning, you can either:
	- Avoid using `tokenizers` before the fork if possible
	- Explicitly set the environment variable TOKENIZERS_PARALLELISM=(true | false)
huggingface/tokenizers: The current process just got forked, after parallelism has already been used. Disabling parallelism to avoid deadlocks...
To disable this warning, you can either:
	- Avoid using `tokenizers` before the fork if possible
	- Explicitly set the environment variable TOKENIZERS_PARALLELISM=(true | false)
>> VLA-Cache inference mode
Current CUDA latency: 104.638527 ms | Average CUDA latency: 162.716647 ms, Average TFLOPs: 2.924308
Average time per step: 559.8861 ms, Control Frequency: 14.29 Hz, Token Reusing Ratio (Primary): 37.05 %, , Token Reusing Ratio (Wrist): 37.96 %
Saved rollout MP4 at path ./rollouts/2026_04_07/primary--2026_04_07-23_07_35--episode=130--success=False--task=put_the_white_mug_on_the_plate_and_put_the_chocola.mp4
Saved rollout MP4 at path ./rollouts/2026_04_07/wrist--2026_04_07-23_07_35--episode=130--success=False--task=put_the_white_mug_on_the_plate_and_put_the_chocola.mp4
04/08 [04:10:30] INFO     | >> Success: False             run_libero_eval.py:230
                 INFO     | >> # episodes completed so    run_libero_eval.py:230
                          far: 130                                              
                 INFO     | >> # successes: 124 (95.4%)   run_libero_eval.py:230

 50%|█████     | 10/20 [27:26<28:20, 170.02s/it][A                 INFO     | >>                            run_libero_eval.py:230
                          Task: put the white mug on the                        
                          plate and put the chocolate                           
                          pudding to the right of the                           
                          plate                                                 
                 INFO     | >> Starting episode 11...     run_libero_eval.py:230
huggingface/tokenizers: The current process just got forked, after parallelism has already been used. Disabling parallelism to avoid deadlocks...
To disable this warning, you can either:
	- Avoid using `tokenizers` before the fork if possible
	- Explicitly set the environment variable TOKENIZERS_PARALLELISM=(true | false)
huggingface/tokenizers: The current process just got forked, after parallelism has already been used. Disabling parallelism to avoid deadlocks...
To disable this warning, you can either:
	- Avoid using `tokenizers` before the fork if possible
	- Explicitly set the environment variable TOKENIZERS_PARALLELISM=(true | false)
>> VLA-Cache inference mode
Current CUDA latency: 347.393677 ms | Average CUDA latency: 162.762156 ms, Average TFLOPs: 2.924519
>> VLA-Cache inference mode
Current CUDA latency: 345.282562 ms | Average CUDA latency: 162.807123 ms, Average TFLOPs: 2.924542
>> VLA-Cache inference mode
Current CUDA latency: 148.340103 ms | Average CUDA latency: 162.803560 ms, Average TFLOPs: 2.924565
>> VLA-Cache inference mode
Current CUDA latency: 130.564804 ms | Average CUDA latency: 162.795621 ms, Average TFLOPs: 2.924589
>> VLA-Cache inference mode
Current CUDA latency: 138.754471 ms | Average CUDA latency: 162.789702 ms, Average TFLOPs: 2.924600
>> VLA-Cache inference mode
Current CUDA latency: 164.155365 ms | Average CUDA latency: 162.790039 ms, Average TFLOPs: 2.924612
>> VLA-Cache inference mode
Current CUDA latency: 111.923683 ms | Average CUDA latency: 162.777522 ms, Average TFLOPs: 2.924623
>> VLA-Cache inference mode
Current CUDA latency: 166.985535 ms | Average CUDA latency: 162.778557 ms, Average TFLOPs: 2.924617
>> VLA-Cache inference mode
Current CUDA latency: 134.066818 ms | Average CUDA latency: 162.771496 ms, Average TFLOPs: 2.924610
>> VLA-Cache inference mode
Current CUDA latency: 116.866493 ms | Average CUDA latency: 162.760209 ms, Average TFLOPs: 2.924603
>> VLA-Cache inference mode
Current CUDA latency: 116.212990 ms | Average CUDA latency: 162.748767 ms, Average TFLOPs: 2.924597
>> VLA-Cache inference mode
Current CUDA latency: 111.796989 ms | Average CUDA latency: 162.736245 ms, Average TFLOPs: 2.924594
>> VLA-Cache inference mode
Current CUDA latency: 110.237473 ms | Average CUDA latency: 162.723346 ms, Average TFLOPs: 2.924590
>> VLA-Cache inference mode
Current CUDA latency: 112.285027 ms | Average CUDA latency: 162.710956 ms, Average TFLOPs: 2.924599
>> VLA-Cache inference mode
Current CUDA latency: 120.165314 ms | Average CUDA latency: 162.700508 ms, Average TFLOPs: 2.924615
>> VLA-Cache inference mode
Current CUDA latency: 110.699936 ms | Average CUDA latency: 162.687740 ms, Average TFLOPs: 2.924632
>> VLA-Cache inference mode
Current CUDA latency: 111.416801 ms | Average CUDA latency: 162.675156 ms, Average TFLOPs: 2.924642
>> VLA-Cache inference mode
Current CUDA latency: 111.311485 ms | Average CUDA latency: 162.662551 ms, Average TFLOPs: 2.924655
>> VLA-Cache inference mode
Current CUDA latency: 223.258591 ms | Average CUDA latency: 162.677418 ms, Average TFLOPs: 2.924638
>> VLA-Cache inference mode
Current CUDA latency: 110.870018 ms | Average CUDA latency: 162.664710 ms, Average TFLOPs: 2.924645
>> VLA-Cache inference mode
Current CUDA latency: 108.778557 ms | Average CUDA latency: 162.651496 ms, Average TFLOPs: 2.924640
>> VLA-Cache inference mode
Current CUDA latency: 110.982590 ms | Average CUDA latency: 162.638829 ms, Average TFLOPs: 2.924642
>> VLA-Cache inference mode
Current CUDA latency: 109.510750 ms | Average CUDA latency: 162.625808 ms, Average TFLOPs: 2.924645
>> VLA-Cache inference mode
Current CUDA latency: 108.870300 ms | Average CUDA latency: 162.612636 ms, Average TFLOPs: 2.924644
>> VLA-Cache inference mode
Current CUDA latency: 118.218430 ms | Average CUDA latency: 162.601760 ms, Average TFLOPs: 2.924642
>> VLA-Cache inference mode
Current CUDA latency: 233.723618 ms | Average CUDA latency: 162.619179 ms, Average TFLOPs: 2.924606
>> VLA-Cache inference mode
Current CUDA latency: 225.137054 ms | Average CUDA latency: 162.634487 ms, Average TFLOPs: 2.924581
>> VLA-Cache inference mode
Current CUDA latency: 229.051163 ms | Average CUDA latency: 162.650746 ms, Average TFLOPs: 2.924577
>> VLA-Cache inference mode
Current CUDA latency: 168.290939 ms | Average CUDA latency: 162.652126 ms, Average TFLOPs: 2.924574
>> VLA-Cache inference mode
Current CUDA latency: 134.876480 ms | Average CUDA latency: 162.645330 ms, Average TFLOPs: 2.924570
>> VLA-Cache inference mode
Current CUDA latency: 124.850433 ms | Average CUDA latency: 162.636085 ms, Average TFLOPs: 2.924571
>> VLA-Cache inference mode
Current CUDA latency: 115.649857 ms | Average CUDA latency: 162.624594 ms, Average TFLOPs: 2.924567
>> VLA-Cache inference mode
Current CUDA latency: 109.240189 ms | Average CUDA latency: 162.611541 ms, Average TFLOPs: 2.924565
>> VLA-Cache inference mode
Current CUDA latency: 110.416893 ms | Average CUDA latency: 162.598783 ms, Average TFLOPs: 2.924566
>> VLA-Cache inference mode
Current CUDA latency: 108.844444 ms | Average CUDA latency: 162.585646 ms, Average TFLOPs: 2.924561
Average time per step: 559.9173 ms, Control Frequency: 14.29 Hz, Token Reusing Ratio (Primary): 37.00 %, , Token Reusing Ratio (Wrist): 37.93 %
Saved rollout MP4 at path ./rollouts/2026_04_07/primary--2026_04_07-23_07_35--episode=131--success=True--task=put_the_white_mug_on_the_plate_and_put_the_chocola.mp4
Saved rollout MP4 at path ./rollouts/2026_04_07/wrist--2026_04_07-23_07_35--episode=131--success=True--task=put_the_white_mug_on_the_plate_and_put_the_chocola.mp4
04/08 [04:12:46] INFO     | >> Success: True              run_libero_eval.py:230
                 INFO     | >> # episodes completed so    run_libero_eval.py:230
                          far: 131                                              
                 INFO     | >> # successes: 125 (95.4%)   run_libero_eval.py:230

 55%|█████▌    | 11/20 [29:41<23:55, 159.51s/it][A                 INFO     | >>                            run_libero_eval.py:230
                          Task: put the white mug on the                        
                          plate and put the chocolate                           
                          pudding to the right of the                           
                          plate                                                 
                 INFO     | >> Starting episode 12...     run_libero_eval.py:230
huggingface/tokenizers: The current process just got forked, after parallelism has already been used. Disabling parallelism to avoid deadlocks...
To disable this warning, you can either:
	- Avoid using `tokenizers` before the fork if possible
	- Explicitly set the environment variable TOKENIZERS_PARALLELISM=(true | false)
huggingface/tokenizers: The current process just got forked, after parallelism has already been used. Disabling parallelism to avoid deadlocks...
To disable this warning, you can either:
	- Avoid using `tokenizers` before the fork if possible
	- Explicitly set the environment variable TOKENIZERS_PARALLELISM=(true | false)
>> VLA-Cache inference mode
Current CUDA latency: 350.353333 ms | Average CUDA latency: 162.631522 ms, Average TFLOPs: 2.924771
>> VLA-Cache inference mode
Current CUDA latency: 266.910797 ms | Average CUDA latency: 162.656993 ms, Average TFLOPs: 2.924788
>> VLA-Cache inference mode
Current CUDA latency: 115.919426 ms | Average CUDA latency: 162.645580 ms, Average TFLOPs: 2.924804
>> VLA-Cache inference mode
Current CUDA latency: 110.947556 ms | Average CUDA latency: 162.632958 ms, Average TFLOPs: 2.924813
>> VLA-Cache inference mode
Current CUDA latency: 135.663391 ms | Average CUDA latency: 162.626375 ms, Average TFLOPs: 2.924816
>> VLA-Cache inference mode
Current CUDA latency: 129.794693 ms | Average CUDA latency: 162.618364 ms, Average TFLOPs: 2.924807
>> VLA-Cache inference mode
Current CUDA latency: 135.058044 ms | Average CUDA latency: 162.611640 ms, Average TFLOPs: 2.924805
>> VLA-Cache inference mode
Current CUDA latency: 191.510651 ms | Average CUDA latency: 162.618689 ms, Average TFLOPs: 2.924797
>> VLA-Cache inference mode
Current CUDA latency: 185.214813 ms | Average CUDA latency: 162.624199 ms, Average TFLOPs: 2.924785
>> VLA-Cache inference mode
Current CUDA latency: 167.206299 ms | Average CUDA latency: 162.625316 ms, Average TFLOPs: 2.924761
>> VLA-Cache inference mode
Current CUDA latency: 128.433533 ms | Average CUDA latency: 162.616982 ms, Average TFLOPs: 2.924755
>> VLA-Cache inference mode
Current CUDA latency: 121.240829 ms | Average CUDA latency: 162.606900 ms, Average TFLOPs: 2.924759
>> VLA-Cache inference mode
Current CUDA latency: 117.220222 ms | Average CUDA latency: 162.595844 ms, Average TFLOPs: 2.924765
>> VLA-Cache inference mode
Current CUDA latency: 114.502174 ms | Average CUDA latency: 162.584131 ms, Average TFLOPs: 2.924780
>> VLA-Cache inference mode
Current CUDA latency: 126.799744 ms | Average CUDA latency: 162.575418 ms, Average TFLOPs: 2.924789
>> VLA-Cache inference mode
Current CUDA latency: 111.676445 ms | Average CUDA latency: 162.563028 ms, Average TFLOPs: 2.924800
>> VLA-Cache inference mode
Current CUDA latency: 110.100899 ms | Average CUDA latency: 162.550260 ms, Average TFLOPs: 2.924800
>> VLA-Cache inference mode
Current CUDA latency: 114.412445 ms | Average CUDA latency: 162.538548 ms, Average TFLOPs: 2.924795
>> VLA-Cache inference mode
Current CUDA latency: 114.439423 ms | Average CUDA latency: 162.526848 ms, Average TFLOPs: 2.924795
>> VLA-Cache inference mode
Current CUDA latency: 139.449890 ms | Average CUDA latency: 162.521235 ms, Average TFLOPs: 2.924799
>> VLA-Cache inference mode
Current CUDA latency: 109.935043 ms | Average CUDA latency: 162.508450 ms, Average TFLOPs: 2.924788
>> VLA-Cache inference mode
Current CUDA latency: 137.413254 ms | Average CUDA latency: 162.502350 ms, Average TFLOPs: 2.924777
>> VLA-Cache inference mode
Current CUDA latency: 189.170471 ms | Average CUDA latency: 162.508831 ms, Average TFLOPs: 2.924774
>> VLA-Cache inference mode
Current CUDA latency: 262.955566 ms | Average CUDA latency: 162.533235 ms, Average TFLOPs: 2.924773
>> VLA-Cache inference mode
Current CUDA latency: 228.311676 ms | Average CUDA latency: 162.549212 ms, Average TFLOPs: 2.924777
>> VLA-Cache inference mode
Current CUDA latency: 240.648163 ms | Average CUDA latency: 162.568177 ms, Average TFLOPs: 2.924764
>> VLA-Cache inference mode
Current CUDA latency: 110.134750 ms | Average CUDA latency: 162.555448 ms, Average TFLOPs: 2.924759
>> VLA-Cache inference mode
Current CUDA latency: 113.954880 ms | Average CUDA latency: 162.543651 ms, Average TFLOPs: 2.924743
>> VLA-Cache inference mode
Current CUDA latency: 130.496094 ms | Average CUDA latency: 162.535875 ms, Average TFLOPs: 2.924720
>> VLA-Cache inference mode
Current CUDA latency: 105.914268 ms | Average CUDA latency: 162.522138 ms, Average TFLOPs: 2.924708
>> VLA-Cache inference mode
Current CUDA latency: 117.384766 ms | Average CUDA latency: 162.511191 ms, Average TFLOPs: 2.924696
Average time per step: 558.1031 ms, Control Frequency: 14.33 Hz, Token Reusing Ratio (Primary): 36.97 %, , Token Reusing Ratio (Wrist): 37.94 %
Saved rollout MP4 at path ./rollouts/2026_04_07/primary--2026_04_07-23_07_35--episode=132--success=True--task=put_the_white_mug_on_the_plate_and_put_the_chocola.mp4
Saved rollout MP4 at path ./rollouts/2026_04_07/wrist--2026_04_07-23_07_35--episode=132--success=True--task=put_the_white_mug_on_the_plate_and_put_the_chocola.mp4
04/08 [04:14:41] INFO     | >> Success: True              run_libero_eval.py:230
                 INFO     | >> # episodes completed so    run_libero_eval.py:230
                          far: 132                                              
                 INFO     | >> # successes: 126 (95.5%)   run_libero_eval.py:230

 60%|██████    | 12/20 [31:37<19:28, 146.05s/it][A                 INFO     | >>                            run_libero_eval.py:230
                          Task: put the white mug on the                        
                          plate and put the chocolate                           
                          pudding to the right of the                           
                          plate                                                 
                 INFO     | >> Starting episode 13...     run_libero_eval.py:230
huggingface/tokenizers: The current process just got forked, after parallelism has already been used. Disabling parallelism to avoid deadlocks...
To disable this warning, you can either:
	- Avoid using `tokenizers` before the fork if possible
	- Explicitly set the environment variable TOKENIZERS_PARALLELISM=(true | false)
huggingface/tokenizers: The current process just got forked, after parallelism has already been used. Disabling parallelism to avoid deadlocks...
To disable this warning, you can either:
	- Avoid using `tokenizers` before the fork if possible
	- Explicitly set the environment variable TOKENIZERS_PARALLELISM=(true | false)
>> VLA-Cache inference mode
Current CUDA latency: 329.408020 ms | Average CUDA latency: 162.551660 ms, Average TFLOPs: 2.924904
>> VLA-Cache inference mode
Current CUDA latency: 296.026245 ms | Average CUDA latency: 162.584018 ms, Average TFLOPs: 2.924930
>> VLA-Cache inference mode
Current CUDA latency: 307.498932 ms | Average CUDA latency: 162.619140 ms, Average TFLOPs: 2.924964
>> VLA-Cache inference mode
Current CUDA latency: 184.103073 ms | Average CUDA latency: 162.624346 ms, Average TFLOPs: 2.924990
>> VLA-Cache inference mode
Current CUDA latency: 208.385315 ms | Average CUDA latency: 162.635431 ms, Average TFLOPs: 2.925011
>> VLA-Cache inference mode
Current CUDA latency: 222.345627 ms | Average CUDA latency: 162.649893 ms, Average TFLOPs: 2.925019
>> VLA-Cache inference mode
Current CUDA latency: 158.922821 ms | Average CUDA latency: 162.648990 ms, Average TFLOPs: 2.925017
>> VLA-Cache inference mode
Current CUDA latency: 146.913818 ms | Average CUDA latency: 162.645181 ms, Average TFLOPs: 2.925004
>> VLA-Cache inference mode
Current CUDA latency: 158.203110 ms | Average CUDA latency: 162.644106 ms, Average TFLOPs: 2.924993
>> VLA-Cache inference mode
Current CUDA latency: 116.677406 ms | Average CUDA latency: 162.632984 ms, Average TFLOPs: 2.924987
>> VLA-Cache inference mode
Current CUDA latency: 108.645920 ms | Average CUDA latency: 162.619925 ms, Average TFLOPs: 2.924975
>> VLA-Cache inference mode
Current CUDA latency: 117.402145 ms | Average CUDA latency: 162.608989 ms, Average TFLOPs: 2.924973
>> VLA-Cache inference mode
Current CUDA latency: 123.186752 ms | Average CUDA latency: 162.599458 ms, Average TFLOPs: 2.924982
>> VLA-Cache inference mode
Current CUDA latency: 117.185089 ms | Average CUDA latency: 162.588480 ms, Average TFLOPs: 2.924998
>> VLA-Cache inference mode
Current CUDA latency: 138.142532 ms | Average CUDA latency: 162.582573 ms, Average TFLOPs: 2.925016
>> VLA-Cache inference mode
Current CUDA latency: 117.893250 ms | Average CUDA latency: 162.571776 ms, Average TFLOPs: 2.925030
>> VLA-Cache inference mode
Current CUDA latency: 118.048515 ms | Average CUDA latency: 162.561021 ms, Average TFLOPs: 2.925026
>> VLA-Cache inference mode
Current CUDA latency: 148.833603 ms | Average CUDA latency: 162.557706 ms, Average TFLOPs: 2.925020
>> VLA-Cache inference mode
Current CUDA latency: 202.785797 ms | Average CUDA latency: 162.567418 ms, Average TFLOPs: 2.925025
>> VLA-Cache inference mode
Current CUDA latency: 240.315170 ms | Average CUDA latency: 162.586184 ms, Average TFLOPs: 2.925034
>> VLA-Cache inference mode
Current CUDA latency: 170.102051 ms | Average CUDA latency: 162.587998 ms, Average TFLOPs: 2.925047
>> VLA-Cache inference mode
Current CUDA latency: 126.155136 ms | Average CUDA latency: 162.579209 ms, Average TFLOPs: 2.925056
>> VLA-Cache inference mode
Current CUDA latency: 118.296989 ms | Average CUDA latency: 162.568528 ms, Average TFLOPs: 2.925075
>> VLA-Cache inference mode
Current CUDA latency: 119.851677 ms | Average CUDA latency: 162.558227 ms, Average TFLOPs: 2.925081
>> VLA-Cache inference mode
Current CUDA latency: 345.362518 ms | Average CUDA latency: 162.602298 ms, Average TFLOPs: 2.925054
>> VLA-Cache inference mode
Current CUDA latency: 152.381699 ms | Average CUDA latency: 162.599834 ms, Average TFLOPs: 2.925030
>> VLA-Cache inference mode
Current CUDA latency: 118.130302 ms | Average CUDA latency: 162.589119 ms, Average TFLOPs: 2.925027
Average time per step: 558.8793 ms, Control Frequency: 14.31 Hz, Token Reusing Ratio (Primary): 36.86 %, , Token Reusing Ratio (Wrist): 37.90 %
Saved rollout MP4 at path ./rollouts/2026_04_07/primary--2026_04_07-23_07_35--episode=133--success=True--task=put_the_white_mug_on_the_plate_and_put_the_chocola.mp4
Saved rollout MP4 at path ./rollouts/2026_04_07/wrist--2026_04_07-23_07_35--episode=133--success=True--task=put_the_white_mug_on_the_plate_and_put_the_chocola.mp4
04/08 [04:16:23] INFO     | >> Success: True              run_libero_eval.py:230
                 INFO     | >> # episodes completed so    run_libero_eval.py:230
                          far: 133                                              
                 INFO     | >> # successes: 127 (95.5%)   run_libero_eval.py:230

 65%|██████▌   | 13/20 [33:18<15:27, 132.50s/it][A                 INFO     | >>                            run_libero_eval.py:230
                          Task: put the white mug on the                        
                          plate and put the chocolate                           
                          pudding to the right of the                           
                          plate                                                 
                 INFO     | >> Starting episode 14...     run_libero_eval.py:230
>> VLA-Cache inference mode
Current CUDA latency: 373.695282 ms | Average CUDA latency: 162.639975 ms, Average TFLOPs: 2.925234
>> VLA-Cache inference mode
Current CUDA latency: 333.467926 ms | Average CUDA latency: 162.681119 ms, Average TFLOPs: 2.925259
>> VLA-Cache inference mode
Current CUDA latency: 184.153976 ms | Average CUDA latency: 162.686289 ms, Average TFLOPs: 2.925284
>> VLA-Cache inference mode
Current CUDA latency: 129.910599 ms | Average CUDA latency: 162.678399 ms, Average TFLOPs: 2.925304
>> VLA-Cache inference mode
Current CUDA latency: 132.008804 ms | Average CUDA latency: 162.671018 ms, Average TFLOPs: 2.925320
>> VLA-Cache inference mode
Current CUDA latency: 129.163132 ms | Average CUDA latency: 162.662955 ms, Average TFLOPs: 2.925317
>> VLA-Cache inference mode
Current CUDA latency: 124.561699 ms | Average CUDA latency: 162.653790 ms, Average TFLOPs: 2.925315
>> VLA-Cache inference mode
Current CUDA latency: 157.843781 ms | Average CUDA latency: 162.652633 ms, Average TFLOPs: 2.925296
>> VLA-Cache inference mode
Current CUDA latency: 117.751808 ms | Average CUDA latency: 162.641837 ms, Average TFLOPs: 2.925287
>> VLA-Cache inference mode
Current CUDA latency: 114.149956 ms | Average CUDA latency: 162.630180 ms, Average TFLOPs: 2.925274
>> VLA-Cache inference mode
Current CUDA latency: 117.564064 ms | Average CUDA latency: 162.619350 ms, Average TFLOPs: 2.925281
>> VLA-Cache inference mode
Current CUDA latency: 118.271362 ms | Average CUDA latency: 162.608694 ms, Average TFLOPs: 2.925284
>> VLA-Cache inference mode
Current CUDA latency: 117.991203 ms | Average CUDA latency: 162.597976 ms, Average TFLOPs: 2.925285
>> VLA-Cache inference mode
Current CUDA latency: 109.946526 ms | Average CUDA latency: 162.585332 ms, Average TFLOPs: 2.925272
>> VLA-Cache inference mode
Current CUDA latency: 115.387009 ms | Average CUDA latency: 162.574000 ms, Average TFLOPs: 2.925265
>> VLA-Cache inference mode
Current CUDA latency: 162.555038 ms | Average CUDA latency: 162.573995 ms, Average TFLOPs: 2.925259
>> VLA-Cache inference mode
Current CUDA latency: 239.099976 ms | Average CUDA latency: 162.592360 ms, Average TFLOPs: 2.925244
>> VLA-Cache inference mode
Current CUDA latency: 133.449600 ms | Average CUDA latency: 162.585368 ms, Average TFLOPs: 2.925250
>> VLA-Cache inference mode
Current CUDA latency: 142.983551 ms | Average CUDA latency: 162.580666 ms, Average TFLOPs: 2.925254
>> VLA-Cache inference mode
Current CUDA latency: 118.956543 ms | Average CUDA latency: 162.570205 ms, Average TFLOPs: 2.925268
>> VLA-Cache inference mode
Current CUDA latency: 120.515427 ms | Average CUDA latency: 162.560122 ms, Average TFLOPs: 2.925285
>> VLA-Cache inference mode
Current CUDA latency: 121.765251 ms | Average CUDA latency: 162.550344 ms, Average TFLOPs: 2.925287
>> VLA-Cache inference mode
Current CUDA latency: 177.366714 ms | Average CUDA latency: 162.553895 ms, Average TFLOPs: 2.925272
>> VLA-Cache inference mode
Current CUDA latency: 210.713852 ms | Average CUDA latency: 162.565433 ms, Average TFLOPs: 2.925251
>> VLA-Cache inference mode
Current CUDA latency: 187.799194 ms | Average CUDA latency: 162.571477 ms, Average TFLOPs: 2.925240
>> VLA-Cache inference mode
Current CUDA latency: 135.798492 ms | Average CUDA latency: 162.565065 ms, Average TFLOPs: 2.925236
>> VLA-Cache inference mode
Current CUDA latency: 119.235168 ms | Average CUDA latency: 162.554692 ms, Average TFLOPs: 2.925230
>> VLA-Cache inference mode
Current CUDA latency: 121.782753 ms | Average CUDA latency: 162.544933 ms, Average TFLOPs: 2.925208
>> VLA-Cache inference mode
Current CUDA latency: 115.890244 ms | Average CUDA latency: 162.533769 ms, Average TFLOPs: 2.925197
>> VLA-Cache inference mode
Current CUDA latency: 109.292671 ms | Average CUDA latency: 162.521032 ms, Average TFLOPs: 2.925184
>> VLA-Cache inference mode
Current CUDA latency: 109.332802 ms | Average CUDA latency: 162.508311 ms, Average TFLOPs: 2.925168
>> VLA-Cache inference mode
Current CUDA latency: 108.469696 ms | Average CUDA latency: 162.495389 ms, Average TFLOPs: 2.925155
>> VLA-Cache inference mode
Current CUDA latency: 118.257599 ms | Average CUDA latency: 162.484813 ms, Average TFLOPs: 2.925146
>> VLA-Cache inference mode
Current CUDA latency: 120.909660 ms | Average CUDA latency: 162.474877 ms, Average TFLOPs: 2.925131
>> VLA-Cache inference mode
Current CUDA latency: 125.601501 ms | Average CUDA latency: 162.466066 ms, Average TFLOPs: 2.925119
>> VLA-Cache inference mode
Current CUDA latency: 142.182053 ms | Average CUDA latency: 162.461220 ms, Average TFLOPs: 2.925099
>> VLA-Cache inference mode
Current CUDA latency: 151.246750 ms | Average CUDA latency: 162.458542 ms, Average TFLOPs: 2.925087
>> VLA-Cache inference mode
Current CUDA latency: 161.436249 ms | Average CUDA latency: 162.458298 ms, Average TFLOPs: 2.925076
>> VLA-Cache inference mode
Current CUDA latency: 152.747711 ms | Average CUDA latency: 162.455980 ms, Average TFLOPs: 2.925063
>> VLA-Cache inference mode
Current CUDA latency: 121.792290 ms | Average CUDA latency: 162.446275 ms, Average TFLOPs: 2.925054
>> VLA-Cache inference mode
Current CUDA latency: 116.789474 ms | Average CUDA latency: 162.435381 ms, Average TFLOPs: 2.925043
>> VLA-Cache inference mode
Current CUDA latency: 112.018013 ms | Average CUDA latency: 162.423354 ms, Average TFLOPs: 2.925029
>> VLA-Cache inference mode
Current CUDA latency: 110.226654 ms | Average CUDA latency: 162.410905 ms, Average TFLOPs: 2.925015
>> VLA-Cache inference mode
Current CUDA latency: 120.817055 ms | Average CUDA latency: 162.400988 ms, Average TFLOPs: 2.924998
>> VLA-Cache inference mode
Current CUDA latency: 119.717247 ms | Average CUDA latency: 162.390813 ms, Average TFLOPs: 2.924989
>> VLA-Cache inference mode
Current CUDA latency: 115.416771 ms | Average CUDA latency: 162.379618 ms, Average TFLOPs: 2.924981
>> VLA-Cache inference mode
Current CUDA latency: 109.400604 ms | Average CUDA latency: 162.366995 ms, Average TFLOPs: 2.924969
>> VLA-Cache inference mode
Current CUDA latency: 118.852287 ms | Average CUDA latency: 162.356629 ms, Average TFLOPs: 2.924960
>> VLA-Cache inference mode
Current CUDA latency: 116.347137 ms | Average CUDA latency: 162.345672 ms, Average TFLOPs: 2.924949
>> VLA-Cache inference mode
Current CUDA latency: 109.928383 ms | Average CUDA latency: 162.333191 ms, Average TFLOPs: 2.924943
>> VLA-Cache inference mode
Current CUDA latency: 149.494431 ms | Average CUDA latency: 162.330135 ms, Average TFLOPs: 2.924925
>> VLA-Cache inference mode
Current CUDA latency: 127.155586 ms | Average CUDA latency: 162.321764 ms, Average TFLOPs: 2.924919
>> VLA-Cache inference mode
Current CUDA latency: 158.154144 ms | Average CUDA latency: 162.320773 ms, Average TFLOPs: 2.924906
>> VLA-Cache inference mode
Current CUDA latency: 144.184036 ms | Average CUDA latency: 162.316459 ms, Average TFLOPs: 2.924891
>> VLA-Cache inference mode
Current CUDA latency: 145.505402 ms | Average CUDA latency: 162.312461 ms, Average TFLOPs: 2.924882
>> VLA-Cache inference mode
Current CUDA latency: 130.644485 ms | Average CUDA latency: 162.304932 ms, Average TFLOPs: 2.924865
>> VLA-Cache inference mode
Current CUDA latency: 110.256065 ms | Average CUDA latency: 162.292560 ms, Average TFLOPs: 2.924858
>> VLA-Cache inference mode
Current CUDA latency: 161.783234 ms | Average CUDA latency: 162.292439 ms, Average TFLOPs: 2.924848
>> VLA-Cache inference mode
Current CUDA latency: 117.530174 ms | Average CUDA latency: 162.281804 ms, Average TFLOPs: 2.924841
>> VLA-Cache inference mode
Current CUDA latency: 170.443268 ms | Average CUDA latency: 162.283742 ms, Average TFLOPs: 2.924833
>> VLA-Cache inference mode
Current CUDA latency: 117.206177 ms | Average CUDA latency: 162.273038 ms, Average TFLOPs: 2.924824
>> VLA-Cache inference mode
Current CUDA latency: 122.943390 ms | Average CUDA latency: 162.263700 ms, Average TFLOPs: 2.924816
>> VLA-Cache inference mode
Current CUDA latency: 114.958527 ms | Average CUDA latency: 162.252472 ms, Average TFLOPs: 2.924807
>> VLA-Cache inference mode
Current CUDA latency: 105.460960 ms | Average CUDA latency: 162.238995 ms, Average TFLOPs: 2.924795
huggingface/tokenizers: The current process just got forked, after parallelism has already been used. Disabling parallelism to avoid deadlocks...
To disable this warning, you can either:
	- Avoid using `tokenizers` before the fork if possible
	- Explicitly set the environment variable TOKENIZERS_PARALLELISM=(true | false)
huggingface/tokenizers: The current process just got forked, after parallelism has already been used. Disabling parallelism to avoid deadlocks...
To disable this warning, you can either:
	- Avoid using `tokenizers` before the fork if possible
	- Explicitly set the environment variable TOKENIZERS_PARALLELISM=(true | false)
>> VLA-Cache inference mode
Current CUDA latency: 112.461853 ms | Average CUDA latency: 162.227185 ms, Average TFLOPs: 2.924785
Average time per step: 551.1864 ms, Control Frequency: 14.51 Hz, Token Reusing Ratio (Primary): 37.00 %, , Token Reusing Ratio (Wrist): 37.74 %
Saved rollout MP4 at path ./rollouts/2026_04_07/primary--2026_04_07-23_07_35--episode=134--success=False--task=put_the_white_mug_on_the_plate_and_put_the_chocola.mp4
Saved rollout MP4 at path ./rollouts/2026_04_07/wrist--2026_04_07-23_07_35--episode=134--success=False--task=put_the_white_mug_on_the_plate_and_put_the_chocola.mp4
04/08 [04:20:19] INFO     | >> Success: False             run_libero_eval.py:230
                 INFO     | >> # episodes completed so    run_libero_eval.py:230
                          far: 134                                              
                 INFO     | >> # successes: 127 (94.8%)   run_libero_eval.py:230

 70%|███████   | 14/20 [37:14<16:23, 163.88s/it][A                 INFO     | >>                            run_libero_eval.py:230
                          Task: put the white mug on the                        
                          plate and put the chocolate                           
                          pudding to the right of the                           
                          plate                                                 
                 INFO     | >> Starting episode 15...     run_libero_eval.py:230
>> VLA-Cache inference mode
Current CUDA latency: 349.260559 ms | Average CUDA latency: 162.271548 ms, Average TFLOPs: 2.924988
>> VLA-Cache inference mode
Current CUDA latency: 441.565338 ms | Average CUDA latency: 162.337778 ms, Average TFLOPs: 2.925014
>> VLA-Cache inference mode
Current CUDA latency: 200.508957 ms | Average CUDA latency: 162.346828 ms, Average TFLOPs: 2.925043
>> VLA-Cache inference mode
Current CUDA latency: 267.778656 ms | Average CUDA latency: 162.371818 ms, Average TFLOPs: 2.925071
>> VLA-Cache inference mode
Current CUDA latency: 148.887009 ms | Average CUDA latency: 162.368622 ms, Average TFLOPs: 2.925092
>> VLA-Cache inference mode
Current CUDA latency: 256.548615 ms | Average CUDA latency: 162.390935 ms, Average TFLOPs: 2.925107
>> VLA-Cache inference mode
Current CUDA latency: 197.349670 ms | Average CUDA latency: 162.399215 ms, Average TFLOPs: 2.925101
>> VLA-Cache inference mode
Current CUDA latency: 221.706589 ms | Average CUDA latency: 162.413259 ms, Average TFLOPs: 2.925081
>> VLA-Cache inference mode
Current CUDA latency: 115.597282 ms | Average CUDA latency: 162.402175 ms, Average TFLOPs: 2.925068
>> VLA-Cache inference mode
Current CUDA latency: 126.014717 ms | Average CUDA latency: 162.393563 ms, Average TFLOPs: 2.925065
>> VLA-Cache inference mode
Current CUDA latency: 120.744095 ms | Average CUDA latency: 162.383707 ms, Average TFLOPs: 2.925063
>> VLA-Cache inference mode
Current CUDA latency: 113.999458 ms | Average CUDA latency: 162.372261 ms, Average TFLOPs: 2.925059
>> VLA-Cache inference mode
Current CUDA latency: 125.927612 ms | Average CUDA latency: 162.363641 ms, Average TFLOPs: 2.925039
>> VLA-Cache inference mode
Current CUDA latency: 111.742142 ms | Average CUDA latency: 162.351671 ms, Average TFLOPs: 2.925047
>> VLA-Cache inference mode
Current CUDA latency: 116.705635 ms | Average CUDA latency: 162.340880 ms, Average TFLOPs: 2.925041
>> VLA-Cache inference mode
Current CUDA latency: 116.750366 ms | Average CUDA latency: 162.330105 ms, Average TFLOPs: 2.925059
>> VLA-Cache inference mode
Current CUDA latency: 116.523682 ms | Average CUDA latency: 162.319281 ms, Average TFLOPs: 2.925065
>> VLA-Cache inference mode
Current CUDA latency: 118.204926 ms | Average CUDA latency: 162.308859 ms, Average TFLOPs: 2.925065
>> VLA-Cache inference mode
Current CUDA latency: 118.590622 ms | Average CUDA latency: 162.298534 ms, Average TFLOPs: 2.925075
>> VLA-Cache inference mode
Current CUDA latency: 117.351295 ms | Average CUDA latency: 162.287920 ms, Average TFLOPs: 2.925068
>> VLA-Cache inference mode
Current CUDA latency: 116.920479 ms | Average CUDA latency: 162.277210 ms, Average TFLOPs: 2.925062
>> VLA-Cache inference mode
Current CUDA latency: 102.788162 ms | Average CUDA latency: 162.263170 ms, Average TFLOPs: 2.925051
>> VLA-Cache inference mode
Current CUDA latency: 111.384415 ms | Average CUDA latency: 162.251165 ms, Average TFLOPs: 2.925037
>> VLA-Cache inference mode
Current CUDA latency: 118.055740 ms | Average CUDA latency: 162.240739 ms, Average TFLOPs: 2.925035
>> VLA-Cache inference mode
Current CUDA latency: 136.615387 ms | Average CUDA latency: 162.234695 ms, Average TFLOPs: 2.925048
>> VLA-Cache inference mode
Current CUDA latency: 156.198502 ms | Average CUDA latency: 162.233272 ms, Average TFLOPs: 2.925069
>> VLA-Cache inference mode
Current CUDA latency: 147.704605 ms | Average CUDA latency: 162.229847 ms, Average TFLOPs: 2.925092
>> VLA-Cache inference mode
Current CUDA latency: 144.467590 ms | Average CUDA latency: 162.225661 ms, Average TFLOPs: 2.925110
>> VLA-Cache inference mode
Current CUDA latency: 188.346405 ms | Average CUDA latency: 162.231815 ms, Average TFLOPs: 2.925130
>> VLA-Cache inference mode
Current CUDA latency: 194.772644 ms | Average CUDA latency: 162.239481 ms, Average TFLOPs: 2.925140
>> VLA-Cache inference mode
Current CUDA latency: 118.804733 ms | Average CUDA latency: 162.229251 ms, Average TFLOPs: 2.925147
>> VLA-Cache inference mode
Current CUDA latency: 147.322754 ms | Average CUDA latency: 162.225742 ms, Average TFLOPs: 2.925159
>> VLA-Cache inference mode
Current CUDA latency: 146.982147 ms | Average CUDA latency: 162.222153 ms, Average TFLOPs: 2.925169
>> VLA-Cache inference mode
Current CUDA latency: 129.731781 ms | Average CUDA latency: 162.214507 ms, Average TFLOPs: 2.925184
>> VLA-Cache inference mode
Current CUDA latency: 111.187294 ms | Average CUDA latency: 162.202500 ms, Average TFLOPs: 2.925194
>> VLA-Cache inference mode
Current CUDA latency: 111.238976 ms | Average CUDA latency: 162.190512 ms, Average TFLOPs: 2.925197
>> VLA-Cache inference mode
Current CUDA latency: 111.724541 ms | Average CUDA latency: 162.178643 ms, Average TFLOPs: 2.925206
>> VLA-Cache inference mode
Current CUDA latency: 142.512772 ms | Average CUDA latency: 162.174019 ms, Average TFLOPs: 2.925214
>> VLA-Cache inference mode
Current CUDA latency: 110.772163 ms | Average CUDA latency: 162.161936 ms, Average TFLOPs: 2.925223
>> VLA-Cache inference mode
Current CUDA latency: 175.926971 ms | Average CUDA latency: 162.165171 ms, Average TFLOPs: 2.925247
>> VLA-Cache inference mode
Current CUDA latency: 141.720795 ms | Average CUDA latency: 162.160367 ms, Average TFLOPs: 2.925261
>> VLA-Cache inference mode
Current CUDA latency: 163.895172 ms | Average CUDA latency: 162.160775 ms, Average TFLOPs: 2.925278
>> VLA-Cache inference mode
Current CUDA latency: 212.176804 ms | Average CUDA latency: 162.172521 ms, Average TFLOPs: 2.925295
>> VLA-Cache inference mode
Current CUDA latency: 315.159180 ms | Average CUDA latency: 162.208442 ms, Average TFLOPs: 2.925319
>> VLA-Cache inference mode
Current CUDA latency: 156.482010 ms | Average CUDA latency: 162.207097 ms, Average TFLOPs: 2.925350
>> VLA-Cache inference mode
Current CUDA latency: 171.654343 ms | Average CUDA latency: 162.209315 ms, Average TFLOPs: 2.925382
>> VLA-Cache inference mode
Current CUDA latency: 118.213982 ms | Average CUDA latency: 162.198992 ms, Average TFLOPs: 2.925405
>> VLA-Cache inference mode
Current CUDA latency: 118.587837 ms | Average CUDA latency: 162.188762 ms, Average TFLOPs: 2.925432
>> VLA-Cache inference mode
Current CUDA latency: 115.732384 ms | Average CUDA latency: 162.177867 ms, Average TFLOPs: 2.925461
>> VLA-Cache inference mode
Current CUDA latency: 125.839203 ms | Average CUDA latency: 162.169346 ms, Average TFLOPs: 2.925491
>> VLA-Cache inference mode
Current CUDA latency: 135.874435 ms | Average CUDA latency: 162.163183 ms, Average TFLOPs: 2.925526
>> VLA-Cache inference mode
Current CUDA latency: 142.579071 ms | Average CUDA latency: 162.158593 ms, Average TFLOPs: 2.925557
>> VLA-Cache inference mode
Current CUDA latency: 118.175171 ms | Average CUDA latency: 162.148288 ms, Average TFLOPs: 2.925591
>> VLA-Cache inference mode
Current CUDA latency: 115.415039 ms | Average CUDA latency: 162.137340 ms, Average TFLOPs: 2.925613
>> VLA-Cache inference mode
Current CUDA latency: 120.695709 ms | Average CUDA latency: 162.127635 ms, Average TFLOPs: 2.925637
>> VLA-Cache inference mode
Current CUDA latency: 150.111801 ms | Average CUDA latency: 162.124822 ms, Average TFLOPs: 2.925661
>> VLA-Cache inference mode
Current CUDA latency: 149.139420 ms | Average CUDA latency: 162.121782 ms, Average TFLOPs: 2.925689
>> VLA-Cache inference mode
Current CUDA latency: 179.955460 ms | Average CUDA latency: 162.125956 ms, Average TFLOPs: 2.925710
>> VLA-Cache inference mode
Current CUDA latency: 164.976547 ms | Average CUDA latency: 162.126623 ms, Average TFLOPs: 2.925733
>> VLA-Cache inference mode
Current CUDA latency: 205.855865 ms | Average CUDA latency: 162.136852 ms, Average TFLOPs: 2.925761
>> VLA-Cache inference mode
Current CUDA latency: 127.460068 ms | Average CUDA latency: 162.128742 ms, Average TFLOPs: 2.925784
>> VLA-Cache inference mode
Current CUDA latency: 117.692223 ms | Average CUDA latency: 162.118352 ms, Average TFLOPs: 2.925810
>> VLA-Cache inference mode
Current CUDA latency: 117.747009 ms | Average CUDA latency: 162.107981 ms, Average TFLOPs: 2.925837
>> VLA-Cache inference mode
Current CUDA latency: 126.461823 ms | Average CUDA latency: 162.099650 ms, Average TFLOPs: 2.925857
huggingface/tokenizers: The current process just got forked, after parallelism has already been used. Disabling parallelism to avoid deadlocks...
To disable this warning, you can either:
	- Avoid using `tokenizers` before the fork if possible
	- Explicitly set the environment variable TOKENIZERS_PARALLELISM=(true | false)
huggingface/tokenizers: The current process just got forked, after parallelism has already been used. Disabling parallelism to avoid deadlocks...
To disable this warning, you can either:
	- Avoid using `tokenizers` before the fork if possible
	- Explicitly set the environment variable TOKENIZERS_PARALLELISM=(true | false)
>> VLA-Cache inference mode
Current CUDA latency: 180.980545 ms | Average CUDA latency: 162.104061 ms, Average TFLOPs: 2.925859
Average time per step: 549.3609 ms, Control Frequency: 14.56 Hz, Token Reusing Ratio (Primary): 36.76 %, , Token Reusing Ratio (Wrist): 37.69 %
Saved rollout MP4 at path ./rollouts/2026_04_07/primary--2026_04_07-23_07_35--episode=135--success=False--task=put_the_white_mug_on_the_plate_and_put_the_chocola.mp4
Saved rollout MP4 at path ./rollouts/2026_04_07/wrist--2026_04_07-23_07_35--episode=135--success=False--task=put_the_white_mug_on_the_plate_and_put_the_chocola.mp4
04/08 [04:24:29] INFO     | >> Success: False             run_libero_eval.py:230
                 INFO     | >> # episodes completed so    run_libero_eval.py:230
                          far: 135                                              
                 INFO     | >> # successes: 127 (94.1%)   run_libero_eval.py:230

 75%|███████▌  | 15/20 [41:24<15:49, 189.82s/it][A                 INFO     | >>                            run_libero_eval.py:230
                          Task: put the white mug on the                        
                          plate and put the chocolate                           
                          pudding to the right of the                           
                          plate                                                 
                 INFO     | >> Starting episode 16...     run_libero_eval.py:230
