2026-04-07 18:57:24.089884: I tensorflow/core/util/port.cc:113] oneDNN custom operations are on. You may see slightly different numerical results due to floating-point round-off errors from different computation orders. To turn them off, set the environment variable `TF_ENABLE_ONEDNN_OPTS=0`.
2026-04-07 18:57:24.138016: E external/local_xla/xla/stream_executor/cuda/cuda_dnn.cc:9261] Unable to register cuDNN factory: Attempting to register factory for plugin cuDNN when one has already been registered
2026-04-07 18:57:24.138050: E external/local_xla/xla/stream_executor/cuda/cuda_fft.cc:607] Unable to register cuFFT factory: Attempting to register factory for plugin cuFFT when one has already been registered
2026-04-07 18:57:24.139531: E external/local_xla/xla/stream_executor/cuda/cuda_blas.cc:1515] Unable to register cuBLAS factory: Attempting to register factory for plugin cuBLAS when one has already been registered
2026-04-07 18:57:24.147126: I tensorflow/core/platform/cpu_feature_guard.cc:182] This TensorFlow binary is optimized to use available CPU instructions in performance-critical operations.
To enable the following instructions: AVX2 AVX512F AVX512_VNNI FMA, in other operations, rebuild TensorFlow with the appropriate compiler flags.
2026-04-07 18:57:25.467438: W tensorflow/compiler/tf2tensorrt/utils/py_utils.cc:38] TF-TRT Warning: Could not find TensorRT
[robosuite WARNING] No private macro file found! (macros.py:53)
[robosuite WARNING] It is recommended to use a private macro file (macros.py:54)
[robosuite WARNING] To setup, run: python /root/sj-tmp/conda-envs/openvla-oft/lib/python3.10/site-packages/robosuite/scripts/setup_macros.py (macros.py:55)
Gym has been unmaintained since 2022 and does not support NumPy 2.0 amongst other critical functionality.
Please upgrade to Gymnasium, the maintained drop-in replacement of Gym, or contact the authors of your software and request that they upgrade.
See the migration guide at https://gymnasium.farama.org/introduction/migration_guide/ for additional information.
Using LIBERO constants:
  NUM_ACTIONS_CHUNK = 8
  ACTION_DIM = 7
  PROPRIO_DIM = 8
  ACTION_PROPRIO_NORMALIZATION_TYPE = bounds_q99
If needed, manually set the correct constants in `prismatic/vla/constants.py`!
04/07 [18:57:51] INFO     | >> generated new fontManager    font_manager.py:1443
/root/sj-tmp/conda-envs/openvla-oft/lib/python3.10/site-packages/matplotlib/_mathtext.py:30: PyparsingDeprecationWarning: 'enablePackrat' deprecated - use 'enable_packrat'
  ParserElement.enablePackrat()
                 WARNING  | >> In                                    core.py:201
                          /root/sj-tmp/conda-envs/openvla-oft/lib/py            
                          thon3.10/site-packages/matplotlib/mpl-data            
                          /stylelib/classic.mplstyle: 'parseString'             
                          deprecated - use 'parse_string'                       
                 WARNING  | >> In                                    core.py:201
                          /root/sj-tmp/conda-envs/openvla-oft/lib/py            
                          thon3.10/site-packages/matplotlib/mpl-data            
                          /stylelib/classic.mplstyle: 'resetCache'              
                          deprecated - use 'reset_cache'                        
Instantiating pretrained VLA policy...
Created backup of original config at: /root/sj-tmp/workspace/vla-cache/src/openvla-oft/checkpoints/openvla-7b-oft-finetuned-libero-spatial-object-goal-10/config.json.back.20260407_185754
Updated config.json at: /root/sj-tmp/workspace/vla-cache/src/openvla-oft/checkpoints/openvla-7b-oft-finetuned-libero-spatial-object-goal-10/config.json
Changes made:
  - Set AutoConfig to "configuration_prismatic.OpenVLAConfig"
  - Set AutoModelForVision2Seq to "modeling_prismatic.OpenVLAForActionPrediction"
04/07 [18:57:54] WARNING  | >> Expected                modeling_prismatic.py:333
                          `transformers==4.40.1` and                            
                          `tokenizers==0.19.1` but got                          
                          `transformers==4.47.0` and                            
                          `tokenizers==0.21.1`; there                           
                          might be inference-time                               
                          regressions due to                                    
                          dependency changes. If in                             
                          doubt, pleaseuse the above                            
                          versions.                                             
Loading checkpoint shards:   0%|          | 0/4 [00:00<?, ?it/s]Loading checkpoint shards:  25%|██▌       | 1/4 [00:00<00:01,  2.50it/s]Loading checkpoint shards:  50%|█████     | 2/4 [00:00<00:00,  3.00it/s]Loading checkpoint shards:  75%|███████▌  | 3/4 [00:00<00:00,  3.20it/s]Loading checkpoint shards: 100%|██████████| 4/4 [00:01<00:00,  3.65it/s]Loading checkpoint shards: 100%|██████████| 4/4 [00:01<00:00,  3.36it/s]
Loaded model: <class 'transformers_modules.openvla-7b-oft-finetuned-libero-spatial-object-goal-10.modeling_prismatic.OpenVLAForActionPrediction'>
04/07 [18:58:07] INFO     | >> Logging to local log file: run_libero_eval.py:215
                          ./experiments/logs/EVAL-libero_                       
                          goal-openvla-2026_04_07-18_57_5                       
                          2--E5i_vlacache_skip34_bf16_20t                       
                          .txt                                                  
[info] using task orders [0, 1, 2, 3, 4, 5, 6, 7, 8, 9]
                 INFO     | >> Task suite: libero_goal    run_libero_eval.py:230
  0%|          | 0/10 [00:00<?, ?it/s][Warning]: datasets path /root/sj-tmp/workspace/LIBERO/libero/libero/../datasets does not exist!
                 INFO     | >> Using default initial      run_libero_eval.py:230
                          states                                                
[Warning]: datasets path /root/sj-tmp/workspace/LIBERO/libero/libero/../datasets does not exist!

  0%|          | 0/20 [00:00<?, ?it/s][A04/07 [18:58:10] INFO     | >>                            run_libero_eval.py:230
                          Task: open the middle drawer of                       
                          the cabinet                                           
                 INFO     | >> Starting episode 1...      run_libero_eval.py:230
LlamaModel is using LlamaSdpaAttention, but `torch.nn.functional.scaled_dot_product_attention` does not support `output_attentions=True`. Falling back to the manual attention implementation, but specifying the manual implementation will be required from Transformers version v5.0.0 onwards. This warning can be removed using the argument `attn_implementation="eager"` when loading the model.
huggingface/tokenizers: The current process just got forked, after parallelism has already been used. Disabling parallelism to avoid deadlocks...
To disable this warning, you can either:
	- Avoid using `tokenizers` before the fork if possible
	- Explicitly set the environment variable TOKENIZERS_PARALLELISM=(true | false)
huggingface/tokenizers: The current process just got forked, after parallelism has already been used. Disabling parallelism to avoid deadlocks...
To disable this warning, you can either:
	- Avoid using `tokenizers` before the fork if possible
	- Explicitly set the environment variable TOKENIZERS_PARALLELISM=(true | false)
>> VLA-Cache inference mode
Current CUDA latency: 556.318970 ms | Average CUDA latency: 556.318970 ms, Average TFLOPs: 3.686675
>> VLA-Cache inference mode
Current CUDA latency: 428.400330 ms | Average CUDA latency: 492.359650 ms, Average TFLOPs: 3.333953
>> VLA-Cache inference mode
Current CUDA latency: 403.319305 ms | Average CUDA latency: 462.679535 ms, Average TFLOPs: 3.218904
>> VLA-Cache inference mode
Current CUDA latency: 230.457443 ms | Average CUDA latency: 404.624012 ms, Average TFLOPs: 3.151824
>> VLA-Cache inference mode
Current CUDA latency: 159.706299 ms | Average CUDA latency: 355.640469 ms, Average TFLOPs: 3.116028
>> VLA-Cache inference mode
Current CUDA latency: 134.241470 ms | Average CUDA latency: 318.740636 ms, Average TFLOPs: 3.094055
>> VLA-Cache inference mode
Current CUDA latency: 116.397118 ms | Average CUDA latency: 289.834419 ms, Average TFLOPs: 3.078959
>> VLA-Cache inference mode
Current CUDA latency: 252.203751 ms | Average CUDA latency: 285.130586 ms, Average TFLOPs: 3.064066
>> VLA-Cache inference mode
Current CUDA latency: 190.752701 ms | Average CUDA latency: 274.644154 ms, Average TFLOPs: 3.053508
>> VLA-Cache inference mode
Current CUDA latency: 224.843002 ms | Average CUDA latency: 269.664039 ms, Average TFLOPs: 3.043631
>> VLA-Cache inference mode
Current CUDA latency: 293.352173 ms | Average CUDA latency: 271.817506 ms, Average TFLOPs: 3.034862
>> VLA-Cache inference mode
Current CUDA latency: 150.687164 ms | Average CUDA latency: 261.723310 ms, Average TFLOPs: 3.024582
>> VLA-Cache inference mode
Current CUDA latency: 253.022202 ms | Average CUDA latency: 261.053994 ms, Average TFLOPs: 3.013529
>> VLA-Cache inference mode
Current CUDA latency: 150.856644 ms | Average CUDA latency: 253.182755 ms, Average TFLOPs: 3.000369
>> VLA-Cache inference mode
Current CUDA latency: 110.533569 ms | Average CUDA latency: 243.672809 ms, Average TFLOPs: 2.988515
>> VLA-Cache inference mode
Current CUDA latency: 202.915680 ms | Average CUDA latency: 241.125489 ms, Average TFLOPs: 2.976283
Average time per step: 618.6313 ms, Control Frequency: 12.93 Hz, Token Reusing Ratio (Primary): 33.76 %, , Token Reusing Ratio (Wrist): 33.50 %
Saved rollout MP4 at path ./rollouts/2026_04_07/primary--2026_04_07-18_57_52--episode=1--success=True--task=open_the_middle_drawer_of_the_cabinet.mp4
Saved rollout MP4 at path ./rollouts/2026_04_07/wrist--2026_04_07-18_57_52--episode=1--success=True--task=open_the_middle_drawer_of_the_cabinet.mp4
04/07 [18:59:23] INFO     | >> Success: True              run_libero_eval.py:230
                 INFO     | >> # episodes completed so    run_libero_eval.py:230
                          far: 1                                                
                 INFO     | >> # successes: 1 (100.0%)    run_libero_eval.py:230

  5%|▌         | 1/20 [01:13<23:14, 73.41s/it][A                 INFO     | >>                            run_libero_eval.py:230
                          Task: open the middle drawer of                       
                          the cabinet                                           
                 INFO     | >> Starting episode 2...      run_libero_eval.py:230
huggingface/tokenizers: The current process just got forked, after parallelism has already been used. Disabling parallelism to avoid deadlocks...
To disable this warning, you can either:
	- Avoid using `tokenizers` before the fork if possible
	- Explicitly set the environment variable TOKENIZERS_PARALLELISM=(true | false)
huggingface/tokenizers: The current process just got forked, after parallelism has already been used. Disabling parallelism to avoid deadlocks...
To disable this warning, you can either:
	- Avoid using `tokenizers` before the fork if possible
	- Explicitly set the environment variable TOKENIZERS_PARALLELISM=(true | false)
>> VLA-Cache inference mode
Current CUDA latency: 367.683746 ms | Average CUDA latency: 248.570092 ms, Average TFLOPs: 3.018071
>> VLA-Cache inference mode
Current CUDA latency: 390.641846 ms | Average CUDA latency: 256.462967 ms, Average TFLOPs: 3.016328
>> VLA-Cache inference mode
Current CUDA latency: 113.282242 ms | Average CUDA latency: 248.927140 ms, Average TFLOPs: 3.013353
>> VLA-Cache inference mode
Current CUDA latency: 151.556000 ms | Average CUDA latency: 244.058583 ms, Average TFLOPs: 3.010445
>> VLA-Cache inference mode
Current CUDA latency: 209.931686 ms | Average CUDA latency: 242.433492 ms, Average TFLOPs: 3.008635
>> VLA-Cache inference mode
Current CUDA latency: 220.047684 ms | Average CUDA latency: 241.415956 ms, Average TFLOPs: 3.006721
>> VLA-Cache inference mode
Current CUDA latency: 124.376160 ms | Average CUDA latency: 236.327269 ms, Average TFLOPs: 3.004262
>> VLA-Cache inference mode
Current CUDA latency: 132.810883 ms | Average CUDA latency: 232.014086 ms, Average TFLOPs: 3.002428
>> VLA-Cache inference mode
Current CUDA latency: 125.903778 ms | Average CUDA latency: 227.769674 ms, Average TFLOPs: 2.998187
>> VLA-Cache inference mode
Current CUDA latency: 165.149338 ms | Average CUDA latency: 225.361199 ms, Average TFLOPs: 2.997130
>> VLA-Cache inference mode
Current CUDA latency: 241.032837 ms | Average CUDA latency: 225.941630 ms, Average TFLOPs: 2.994673
>> VLA-Cache inference mode
Current CUDA latency: 135.068924 ms | Average CUDA latency: 222.696177 ms, Average TFLOPs: 2.991672
>> VLA-Cache inference mode
Current CUDA latency: 262.382080 ms | Average CUDA latency: 224.064656 ms, Average TFLOPs: 2.986752
>> VLA-Cache inference mode
Current CUDA latency: 210.050110 ms | Average CUDA latency: 223.597504 ms, Average TFLOPs: 2.981684
Average time per step: 593.3585 ms, Control Frequency: 13.48 Hz, Token Reusing Ratio (Primary): 32.98 %, , Token Reusing Ratio (Wrist): 33.89 %
Saved rollout MP4 at path ./rollouts/2026_04_07/primary--2026_04_07-18_57_52--episode=2--success=True--task=open_the_middle_drawer_of_the_cabinet.mp4
Saved rollout MP4 at path ./rollouts/2026_04_07/wrist--2026_04_07-18_57_52--episode=2--success=True--task=open_the_middle_drawer_of_the_cabinet.mp4
04/07 [19:00:29] INFO     | >> Success: True              run_libero_eval.py:230
                 INFO     | >> # episodes completed so    run_libero_eval.py:230
                          far: 2                                                
                 INFO     | >> # successes: 2 (100.0%)    run_libero_eval.py:230

 10%|█         | 2/20 [02:18<20:37, 68.72s/it][A                 INFO     | >>                            run_libero_eval.py:230
                          Task: open the middle drawer of                       
                          the cabinet                                           
                 INFO     | >> Starting episode 3...      run_libero_eval.py:230
huggingface/tokenizers: The current process just got forked, after parallelism has already been used. Disabling parallelism to avoid deadlocks...
To disable this warning, you can either:
	- Avoid using `tokenizers` before the fork if possible
	- Explicitly set the environment variable TOKENIZERS_PARALLELISM=(true | false)
huggingface/tokenizers: The current process just got forked, after parallelism has already been used. Disabling parallelism to avoid deadlocks...
To disable this warning, you can either:
	- Avoid using `tokenizers` before the fork if possible
	- Explicitly set the environment variable TOKENIZERS_PARALLELISM=(true | false)
>> VLA-Cache inference mode
Current CUDA latency: 326.359924 ms | Average CUDA latency: 226.912421 ms, Average TFLOPs: 3.004425
>> VLA-Cache inference mode
Current CUDA latency: 321.995270 ms | Average CUDA latency: 229.883760 ms, Average TFLOPs: 3.003516
>> VLA-Cache inference mode
Current CUDA latency: 198.105469 ms | Average CUDA latency: 228.920782 ms, Average TFLOPs: 3.002497
>> VLA-Cache inference mode
Current CUDA latency: 175.687714 ms | Average CUDA latency: 227.355103 ms, Average TFLOPs: 3.001415
>> VLA-Cache inference mode
Current CUDA latency: 156.119965 ms | Average CUDA latency: 225.319814 ms, Average TFLOPs: 3.000911
>> VLA-Cache inference mode
Current CUDA latency: 127.232414 ms | Average CUDA latency: 222.595164 ms, Average TFLOPs: 2.999828
>> VLA-Cache inference mode
Current CUDA latency: 269.815033 ms | Average CUDA latency: 223.871376 ms, Average TFLOPs: 2.998190
>> VLA-Cache inference mode
Current CUDA latency: 156.693192 ms | Average CUDA latency: 222.103529 ms, Average TFLOPs: 2.995579
>> VLA-Cache inference mode
Current CUDA latency: 112.714432 ms | Average CUDA latency: 219.298681 ms, Average TFLOPs: 2.992939
>> VLA-Cache inference mode
Current CUDA latency: 166.312637 ms | Average CUDA latency: 217.974030 ms, Average TFLOPs: 2.990955
>> VLA-Cache inference mode
Current CUDA latency: 281.383789 ms | Average CUDA latency: 219.520609 ms, Average TFLOPs: 2.988904
>> VLA-Cache inference mode
Current CUDA latency: 198.776291 ms | Average CUDA latency: 219.026697 ms, Average TFLOPs: 2.986851
>> VLA-Cache inference mode
Current CUDA latency: 139.431229 ms | Average CUDA latency: 217.175639 ms, Average TFLOPs: 2.984210
>> VLA-Cache inference mode
Current CUDA latency: 119.447998 ms | Average CUDA latency: 214.954557 ms, Average TFLOPs: 2.981708
Average time per step: 598.6082 ms, Control Frequency: 13.36 Hz, Token Reusing Ratio (Primary): 33.17 %, , Token Reusing Ratio (Wrist): 33.66 %
Saved rollout MP4 at path ./rollouts/2026_04_07/primary--2026_04_07-18_57_52--episode=3--success=True--task=open_the_middle_drawer_of_the_cabinet.mp4
Saved rollout MP4 at path ./rollouts/2026_04_07/wrist--2026_04_07-18_57_52--episode=3--success=True--task=open_the_middle_drawer_of_the_cabinet.mp4
04/07 [19:01:35] INFO     | >> Success: True              run_libero_eval.py:230
                 INFO     | >> # episodes completed so    run_libero_eval.py:230
                          far: 3                                                
                 INFO     | >> # successes: 3 (100.0%)    run_libero_eval.py:230

 15%|█▌        | 3/20 [03:25<19:12, 67.82s/it][A                 INFO     | >>                            run_libero_eval.py:230
                          Task: open the middle drawer of                       
                          the cabinet                                           
                 INFO     | >> Starting episode 4...      run_libero_eval.py:230
huggingface/tokenizers: The current process just got forked, after parallelism has already been used. Disabling parallelism to avoid deadlocks...
To disable this warning, you can either:
	- Avoid using `tokenizers` before the fork if possible
	- Explicitly set the environment variable TOKENIZERS_PARALLELISM=(true | false)
huggingface/tokenizers: The current process just got forked, after parallelism has already been used. Disabling parallelism to avoid deadlocks...
To disable this warning, you can either:
	- Avoid using `tokenizers` before the fork if possible
	- Explicitly set the environment variable TOKENIZERS_PARALLELISM=(true | false)
>> VLA-Cache inference mode
Current CUDA latency: 364.659027 ms | Average CUDA latency: 218.281323 ms, Average TFLOPs: 2.997374
>> VLA-Cache inference mode
Current CUDA latency: 349.294678 ms | Average CUDA latency: 221.129439 ms, Average TFLOPs: 2.996895
>> VLA-Cache inference mode
Current CUDA latency: 142.282211 ms | Average CUDA latency: 219.451838 ms, Average TFLOPs: 2.996446
>> VLA-Cache inference mode
Current CUDA latency: 153.527802 ms | Average CUDA latency: 218.078421 ms, Average TFLOPs: 2.996173
>> VLA-Cache inference mode
Current CUDA latency: 110.288383 ms | Average CUDA latency: 215.878624 ms, Average TFLOPs: 2.995474
>> VLA-Cache inference mode
Current CUDA latency: 146.468262 ms | Average CUDA latency: 214.490417 ms, Average TFLOPs: 2.995038
>> VLA-Cache inference mode
Current CUDA latency: 238.272507 ms | Average CUDA latency: 214.956733 ms, Average TFLOPs: 2.994274
>> VLA-Cache inference mode
Current CUDA latency: 152.170105 ms | Average CUDA latency: 213.749297 ms, Average TFLOPs: 2.993627
>> VLA-Cache inference mode
Current CUDA latency: 209.382278 ms | Average CUDA latency: 213.666901 ms, Average TFLOPs: 2.993060
>> VLA-Cache inference mode
Current CUDA latency: 201.002563 ms | Average CUDA latency: 213.432376 ms, Average TFLOPs: 2.992499
>> VLA-Cache inference mode
Current CUDA latency: 492.298218 ms | Average CUDA latency: 218.502664 ms, Average TFLOPs: 2.991690
>> VLA-Cache inference mode
Current CUDA latency: 189.449829 ms | Average CUDA latency: 217.983863 ms, Average TFLOPs: 2.989695
>> VLA-Cache inference mode
Current CUDA latency: 132.507904 ms | Average CUDA latency: 216.484285 ms, Average TFLOPs: 2.988485
>> VLA-Cache inference mode
Current CUDA latency: 135.656448 ms | Average CUDA latency: 215.090702 ms, Average TFLOPs: 2.986803
>> VLA-Cache inference mode
Current CUDA latency: 256.519623 ms | Average CUDA latency: 215.792887 ms, Average TFLOPs: 2.985078
>> VLA-Cache inference mode
Current CUDA latency: 264.869385 ms | Average CUDA latency: 216.610829 ms, Average TFLOPs: 2.982279
Average time per step: 615.9905 ms, Control Frequency: 12.99 Hz, Token Reusing Ratio (Primary): 33.55 %, , Token Reusing Ratio (Wrist): 33.34 %
Saved rollout MP4 at path ./rollouts/2026_04_07/primary--2026_04_07-18_57_52--episode=4--success=True--task=open_the_middle_drawer_of_the_cabinet.mp4
Saved rollout MP4 at path ./rollouts/2026_04_07/wrist--2026_04_07-18_57_52--episode=4--success=True--task=open_the_middle_drawer_of_the_cabinet.mp4
04/07 [19:02:52] INFO     | >> Success: True              run_libero_eval.py:230
                 INFO     | >> # episodes completed so    run_libero_eval.py:230
                          far: 4                                                
                 INFO     | >> # successes: 4 (100.0%)    run_libero_eval.py:230

 20%|██        | 4/20 [04:41<18:59, 71.20s/it][A                 INFO     | >>                            run_libero_eval.py:230
                          Task: open the middle drawer of                       
                          the cabinet                                           
                 INFO     | >> Starting episode 5...      run_libero_eval.py:230
huggingface/tokenizers: The current process just got forked, after parallelism has already been used. Disabling parallelism to avoid deadlocks...
To disable this warning, you can either:
	- Avoid using `tokenizers` before the fork if possible
	- Explicitly set the environment variable TOKENIZERS_PARALLELISM=(true | false)
huggingface/tokenizers: The current process just got forked, after parallelism has already been used. Disabling parallelism to avoid deadlocks...
To disable this warning, you can either:
	- Avoid using `tokenizers` before the fork if possible
	- Explicitly set the environment variable TOKENIZERS_PARALLELISM=(true | false)
>> VLA-Cache inference mode
Current CUDA latency: 331.646637 ms | Average CUDA latency: 218.496661 ms, Average TFLOPs: 2.993826
>> VLA-Cache inference mode
Current CUDA latency: 284.667206 ms | Average CUDA latency: 219.563928 ms, Average TFLOPs: 2.993704
>> VLA-Cache inference mode
Current CUDA latency: 134.366150 ms | Average CUDA latency: 218.211583 ms, Average TFLOPs: 2.992879
>> VLA-Cache inference mode
Current CUDA latency: 234.290619 ms | Average CUDA latency: 218.462818 ms, Average TFLOPs: 2.992284
>> VLA-Cache inference mode
Current CUDA latency: 184.355103 ms | Average CUDA latency: 217.938083 ms, Average TFLOPs: 2.991203
>> VLA-Cache inference mode
Current CUDA latency: 116.139938 ms | Average CUDA latency: 216.395687 ms, Average TFLOPs: 2.990079
>> VLA-Cache inference mode
Current CUDA latency: 124.375389 ms | Average CUDA latency: 215.022250 ms, Average TFLOPs: 2.988806
>> VLA-Cache inference mode
Current CUDA latency: 136.368958 ms | Average CUDA latency: 213.865584 ms, Average TFLOPs: 2.988473
>> VLA-Cache inference mode
Current CUDA latency: 195.180679 ms | Average CUDA latency: 213.594788 ms, Average TFLOPs: 2.987631
>> VLA-Cache inference mode
Current CUDA latency: 111.513245 ms | Average CUDA latency: 212.136480 ms, Average TFLOPs: 2.986927
>> VLA-Cache inference mode
Current CUDA latency: 261.428589 ms | Average CUDA latency: 212.830736 ms, Average TFLOPs: 2.986397
>> VLA-Cache inference mode
Current CUDA latency: 212.055939 ms | Average CUDA latency: 212.819974 ms, Average TFLOPs: 2.985899
>> VLA-Cache inference mode
Current CUDA latency: 128.122208 ms | Average CUDA latency: 211.659731 ms, Average TFLOPs: 2.985311
>> VLA-Cache inference mode
Current CUDA latency: 152.796448 ms | Average CUDA latency: 210.864281 ms, Average TFLOPs: 2.984331
>> VLA-Cache inference mode
Current CUDA latency: 184.069412 ms | Average CUDA latency: 210.507016 ms, Average TFLOPs: 2.982152
Average time per step: 619.4460 ms, Control Frequency: 12.91 Hz, Token Reusing Ratio (Primary): 33.54 %, , Token Reusing Ratio (Wrist): 33.34 %
Saved rollout MP4 at path ./rollouts/2026_04_07/primary--2026_04_07-18_57_52--episode=5--success=True--task=open_the_middle_drawer_of_the_cabinet.mp4
Saved rollout MP4 at path ./rollouts/2026_04_07/wrist--2026_04_07-18_57_52--episode=5--success=True--task=open_the_middle_drawer_of_the_cabinet.mp4
04/07 [19:04:04] INFO     | >> Success: True              run_libero_eval.py:230
                 INFO     | >> # episodes completed so    run_libero_eval.py:230
                          far: 5                                                
                 INFO     | >> # successes: 5 (100.0%)    run_libero_eval.py:230

 25%|██▌       | 5/20 [05:53<17:52, 71.49s/it][A                 INFO     | >>                            run_libero_eval.py:230
                          Task: open the middle drawer of                       
                          the cabinet                                           
                 INFO     | >> Starting episode 6...      run_libero_eval.py:230
huggingface/tokenizers: The current process just got forked, after parallelism has already been used. Disabling parallelism to avoid deadlocks...
To disable this warning, you can either:
	- Avoid using `tokenizers` before the fork if possible
	- Explicitly set the environment variable TOKENIZERS_PARALLELISM=(true | false)
huggingface/tokenizers: The current process just got forked, after parallelism has already been used. Disabling parallelism to avoid deadlocks...
To disable this warning, you can either:
	- Avoid using `tokenizers` before the fork if possible
	- Explicitly set the environment variable TOKENIZERS_PARALLELISM=(true | false)
>> VLA-Cache inference mode
Current CUDA latency: 463.265564 ms | Average CUDA latency: 213.832787 ms, Average TFLOPs: 2.991422
>> VLA-Cache inference mode
Current CUDA latency: 321.314087 ms | Average CUDA latency: 215.228648 ms, Average TFLOPs: 2.991148
>> VLA-Cache inference mode
Current CUDA latency: 123.357727 ms | Average CUDA latency: 214.050815 ms, Average TFLOPs: 2.990762
>> VLA-Cache inference mode
Current CUDA latency: 113.280098 ms | Average CUDA latency: 212.775237 ms, Average TFLOPs: 2.990386
>> VLA-Cache inference mode
Current CUDA latency: 148.008453 ms | Average CUDA latency: 211.965652 ms, Average TFLOPs: 2.990036
>> VLA-Cache inference mode
Current CUDA latency: 228.256134 ms | Average CUDA latency: 212.166769 ms, Average TFLOPs: 2.989907
>> VLA-Cache inference mode
Current CUDA latency: 213.759644 ms | Average CUDA latency: 212.186194 ms, Average TFLOPs: 2.989765
>> VLA-Cache inference mode
Current CUDA latency: 126.321121 ms | Average CUDA latency: 211.151675 ms, Average TFLOPs: 2.989141
>> VLA-Cache inference mode
Current CUDA latency: 118.206429 ms | Average CUDA latency: 210.045184 ms, Average TFLOPs: 2.988567
>> VLA-Cache inference mode
Current CUDA latency: 214.265442 ms | Average CUDA latency: 210.094834 ms, Average TFLOPs: 2.988644
>> VLA-Cache inference mode
Current CUDA latency: 407.879425 ms | Average CUDA latency: 212.394655 ms, Average TFLOPs: 2.988381
>> VLA-Cache inference mode
Current CUDA latency: 246.348312 ms | Average CUDA latency: 212.784927 ms, Average TFLOPs: 2.987681
>> VLA-Cache inference mode
Current CUDA latency: 128.049286 ms | Average CUDA latency: 211.822022 ms, Average TFLOPs: 2.987436
>> VLA-Cache inference mode
Current CUDA latency: 135.538788 ms | Average CUDA latency: 210.964907 ms, Average TFLOPs: 2.986365
>> VLA-Cache inference mode
Current CUDA latency: 326.986328 ms | Average CUDA latency: 212.254034 ms, Average TFLOPs: 2.985501
>> VLA-Cache inference mode
Current CUDA latency: 212.005630 ms | Average CUDA latency: 212.251304 ms, Average TFLOPs: 2.984152
Average time per step: 626.9670 ms, Control Frequency: 12.76 Hz, Token Reusing Ratio (Primary): 33.57 %, , Token Reusing Ratio (Wrist): 33.21 %
Saved rollout MP4 at path ./rollouts/2026_04_07/primary--2026_04_07-18_57_52--episode=6--success=True--task=open_the_middle_drawer_of_the_cabinet.mp4
Saved rollout MP4 at path ./rollouts/2026_04_07/wrist--2026_04_07-18_57_52--episode=6--success=True--task=open_the_middle_drawer_of_the_cabinet.mp4
04/07 [19:05:21] INFO     | >> Success: True              run_libero_eval.py:230
                 INFO     | >> # episodes completed so    run_libero_eval.py:230
                          far: 6                                                
                 INFO     | >> # successes: 6 (100.0%)    run_libero_eval.py:230

 30%|███       | 6/20 [07:10<17:06, 73.34s/it][A                 INFO     | >>                            run_libero_eval.py:230
                          Task: open the middle drawer of                       
                          the cabinet                                           
                 INFO     | >> Starting episode 7...      run_libero_eval.py:230
huggingface/tokenizers: The current process just got forked, after parallelism has already been used. Disabling parallelism to avoid deadlocks...
To disable this warning, you can either:
	- Avoid using `tokenizers` before the fork if possible
	- Explicitly set the environment variable TOKENIZERS_PARALLELISM=(true | false)
huggingface/tokenizers: The current process just got forked, after parallelism has already been used. Disabling parallelism to avoid deadlocks...
To disable this warning, you can either:
	- Avoid using `tokenizers` before the fork if possible
	- Explicitly set the environment variable TOKENIZERS_PARALLELISM=(true | false)
>> VLA-Cache inference mode
Current CUDA latency: 366.031128 ms | Average CUDA latency: 213.922824 ms, Average TFLOPs: 2.991788
>> VLA-Cache inference mode
Current CUDA latency: 333.698853 ms | Average CUDA latency: 215.210738 ms, Average TFLOPs: 2.991621
>> VLA-Cache inference mode
Current CUDA latency: 139.516647 ms | Average CUDA latency: 214.405482 ms, Average TFLOPs: 2.991282
>> VLA-Cache inference mode
Current CUDA latency: 117.790878 ms | Average CUDA latency: 213.388486 ms, Average TFLOPs: 2.991137
>> VLA-Cache inference mode
Current CUDA latency: 534.935791 ms | Average CUDA latency: 216.737937 ms, Average TFLOPs: 2.990828
>> VLA-Cache inference mode
Current CUDA latency: 194.841476 ms | Average CUDA latency: 216.512201 ms, Average TFLOPs: 2.990755
>> VLA-Cache inference mode
Current CUDA latency: 204.882629 ms | Average CUDA latency: 216.393532 ms, Average TFLOPs: 2.990898
>> VLA-Cache inference mode
Current CUDA latency: 159.882401 ms | Average CUDA latency: 215.822712 ms, Average TFLOPs: 2.990249
>> VLA-Cache inference mode
Current CUDA latency: 125.714241 ms | Average CUDA latency: 214.921627 ms, Average TFLOPs: 2.989382
>> VLA-Cache inference mode
Current CUDA latency: 117.430336 ms | Average CUDA latency: 213.956367 ms, Average TFLOPs: 2.989251
>> VLA-Cache inference mode
Current CUDA latency: 170.766586 ms | Average CUDA latency: 213.532938 ms, Average TFLOPs: 2.989300
>> VLA-Cache inference mode
Current CUDA latency: 116.796547 ms | Average CUDA latency: 212.593750 ms, Average TFLOPs: 2.988965
>> VLA-Cache inference mode
Current CUDA latency: 191.952103 ms | Average CUDA latency: 212.395272 ms, Average TFLOPs: 2.988482
>> VLA-Cache inference mode
Current CUDA latency: 269.610168 ms | Average CUDA latency: 212.940176 ms, Average TFLOPs: 2.987861
>> VLA-Cache inference mode
Current CUDA latency: 162.256577 ms | Average CUDA latency: 212.462029 ms, Average TFLOPs: 2.986562
>> VLA-Cache inference mode
Current CUDA latency: 110.686172 ms | Average CUDA latency: 211.510853 ms, Average TFLOPs: 2.985241
Average time per step: 629.1895 ms, Control Frequency: 12.71 Hz, Token Reusing Ratio (Primary): 33.50 %, , Token Reusing Ratio (Wrist): 33.13 %
Saved rollout MP4 at path ./rollouts/2026_04_07/primary--2026_04_07-18_57_52--episode=7--success=True--task=open_the_middle_drawer_of_the_cabinet.mp4
Saved rollout MP4 at path ./rollouts/2026_04_07/wrist--2026_04_07-18_57_52--episode=7--success=True--task=open_the_middle_drawer_of_the_cabinet.mp4
04/07 [19:06:43] INFO     | >> Success: True              run_libero_eval.py:230
                 INFO     | >> # episodes completed so    run_libero_eval.py:230
                          far: 7                                                
                 INFO     | >> # successes: 7 (100.0%)    run_libero_eval.py:230

 35%|███▌      | 7/20 [08:33<16:32, 76.35s/it][A                 INFO     | >>                            run_libero_eval.py:230
                          Task: open the middle drawer of                       
                          the cabinet                                           
                 INFO     | >> Starting episode 8...      run_libero_eval.py:230
huggingface/tokenizers: The current process just got forked, after parallelism has already been used. Disabling parallelism to avoid deadlocks...
To disable this warning, you can either:
	- Avoid using `tokenizers` before the fork if possible
	- Explicitly set the environment variable TOKENIZERS_PARALLELISM=(true | false)
huggingface/tokenizers: The current process just got forked, after parallelism has already been used. Disabling parallelism to avoid deadlocks...
To disable this warning, you can either:
	- Avoid using `tokenizers` before the fork if possible
	- Explicitly set the environment variable TOKENIZERS_PARALLELISM=(true | false)
>> VLA-Cache inference mode
Current CUDA latency: 376.859985 ms | Average CUDA latency: 213.041863 ms, Average TFLOPs: 2.991736
>> VLA-Cache inference mode
Current CUDA latency: 294.792877 ms | Average CUDA latency: 213.791872 ms, Average TFLOPs: 2.991223
>> VLA-Cache inference mode
Current CUDA latency: 120.876862 ms | Average CUDA latency: 212.947191 ms, Average TFLOPs: 2.990819
>> VLA-Cache inference mode
Current CUDA latency: 118.845757 ms | Average CUDA latency: 212.099430 ms, Average TFLOPs: 2.990589
>> VLA-Cache inference mode
Current CUDA latency: 116.147873 ms | Average CUDA latency: 211.242720 ms, Average TFLOPs: 2.990022
>> VLA-Cache inference mode
Current CUDA latency: 114.740189 ms | Average CUDA latency: 210.388715 ms, Average TFLOPs: 2.989858
>> VLA-Cache inference mode
Current CUDA latency: 174.817337 ms | Average CUDA latency: 210.076685 ms, Average TFLOPs: 2.989602
>> VLA-Cache inference mode
Current CUDA latency: 116.281952 ms | Average CUDA latency: 209.261079 ms, Average TFLOPs: 2.989047
>> VLA-Cache inference mode
Current CUDA latency: 333.025726 ms | Average CUDA latency: 210.328015 ms, Average TFLOPs: 2.988303
>> VLA-Cache inference mode
Current CUDA latency: 223.078949 ms | Average CUDA latency: 210.436998 ms, Average TFLOPs: 2.987876
>> VLA-Cache inference mode
Current CUDA latency: 178.236450 ms | Average CUDA latency: 210.164112 ms, Average TFLOPs: 2.987485
>> VLA-Cache inference mode
Current CUDA latency: 119.602142 ms | Average CUDA latency: 209.403087 ms, Average TFLOPs: 2.986684
>> VLA-Cache inference mode
Current CUDA latency: 153.045242 ms | Average CUDA latency: 208.933438 ms, Average TFLOPs: 2.985491
>> VLA-Cache inference mode
Current CUDA latency: 207.616867 ms | Average CUDA latency: 208.922557 ms, Average TFLOPs: 2.984301
>> VLA-Cache inference mode
Current CUDA latency: 153.164825 ms | Average CUDA latency: 208.465527 ms, Average TFLOPs: 2.982985
Average time per step: 623.9920 ms, Control Frequency: 12.82 Hz, Token Reusing Ratio (Primary): 33.70 %, , Token Reusing Ratio (Wrist): 33.13 %
Saved rollout MP4 at path ./rollouts/2026_04_07/primary--2026_04_07-18_57_52--episode=8--success=True--task=open_the_middle_drawer_of_the_cabinet.mp4
Saved rollout MP4 at path ./rollouts/2026_04_07/wrist--2026_04_07-18_57_52--episode=8--success=True--task=open_the_middle_drawer_of_the_cabinet.mp4
04/07 [19:07:53] INFO     | >> Success: True              run_libero_eval.py:230
                 INFO     | >> # episodes completed so    run_libero_eval.py:230
                          far: 8                                                
                 INFO     | >> # successes: 8 (100.0%)    run_libero_eval.py:230

 40%|████      | 8/20 [09:42<14:49, 74.09s/it][A                 INFO     | >>                            run_libero_eval.py:230
                          Task: open the middle drawer of                       
                          the cabinet                                           
                 INFO     | >> Starting episode 9...      run_libero_eval.py:230
huggingface/tokenizers: The current process just got forked, after parallelism has already been used. Disabling parallelism to avoid deadlocks...
To disable this warning, you can either:
	- Avoid using `tokenizers` before the fork if possible
	- Explicitly set the environment variable TOKENIZERS_PARALLELISM=(true | false)
huggingface/tokenizers: The current process just got forked, after parallelism has already been used. Disabling parallelism to avoid deadlocks...
To disable this warning, you can either:
	- Avoid using `tokenizers` before the fork if possible
	- Explicitly set the environment variable TOKENIZERS_PARALLELISM=(true | false)
>> VLA-Cache inference mode
Current CUDA latency: 351.545532 ms | Average CUDA latency: 209.628779 ms, Average TFLOPs: 2.988706
>> VLA-Cache inference mode
Current CUDA latency: 353.083954 ms | Average CUDA latency: 210.785675 ms, Average TFLOPs: 2.988653
>> VLA-Cache inference mode
Current CUDA latency: 179.288986 ms | Average CUDA latency: 210.533702 ms, Average TFLOPs: 2.988415
>> VLA-Cache inference mode
Current CUDA latency: 142.661575 ms | Average CUDA latency: 209.995034 ms, Average TFLOPs: 2.988061
>> VLA-Cache inference mode
Current CUDA latency: 116.388573 ms | Average CUDA latency: 209.257975 ms, Average TFLOPs: 2.987684
>> VLA-Cache inference mode
Current CUDA latency: 120.508705 ms | Average CUDA latency: 208.564622 ms, Average TFLOPs: 2.987397
>> VLA-Cache inference mode
Current CUDA latency: 233.952667 ms | Average CUDA latency: 208.761428 ms, Average TFLOPs: 2.987109
>> VLA-Cache inference mode
Current CUDA latency: 227.454681 ms | Average CUDA latency: 208.905223 ms, Average TFLOPs: 2.986950
>> VLA-Cache inference mode
Current CUDA latency: 305.418121 ms | Average CUDA latency: 209.641962 ms, Average TFLOPs: 2.986061
>> VLA-Cache inference mode
Current CUDA latency: 124.830978 ms | Average CUDA latency: 208.999455 ms, Average TFLOPs: 2.985531
>> VLA-Cache inference mode
Current CUDA latency: 142.372833 ms | Average CUDA latency: 208.498503 ms, Average TFLOPs: 2.984914
>> VLA-Cache inference mode
Current CUDA latency: 172.779327 ms | Average CUDA latency: 208.231942 ms, Average TFLOPs: 2.984385
>> VLA-Cache inference mode
Current CUDA latency: 206.786713 ms | Average CUDA latency: 208.221236 ms, Average TFLOPs: 2.983792
>> VLA-Cache inference mode
Current CUDA latency: 168.716476 ms | Average CUDA latency: 207.930760 ms, Average TFLOPs: 2.983094
>> VLA-Cache inference mode
Current CUDA latency: 132.903931 ms | Average CUDA latency: 207.383119 ms, Average TFLOPs: 2.982060
Average time per step: 618.4469 ms, Control Frequency: 12.94 Hz, Token Reusing Ratio (Primary): 33.80 %, , Token Reusing Ratio (Wrist): 33.12 %
Saved rollout MP4 at path ./rollouts/2026_04_07/primary--2026_04_07-18_57_52--episode=9--success=True--task=open_the_middle_drawer_of_the_cabinet.mp4
Saved rollout MP4 at path ./rollouts/2026_04_07/wrist--2026_04_07-18_57_52--episode=9--success=True--task=open_the_middle_drawer_of_the_cabinet.mp4
04/07 [19:09:10] INFO     | >> Success: True              run_libero_eval.py:230
                 INFO     | >> # episodes completed so    run_libero_eval.py:230
                          far: 9                                                
                 INFO     | >> # successes: 9 (100.0%)    run_libero_eval.py:230

 45%|████▌     | 9/20 [11:00<13:46, 75.12s/it][A                 INFO     | >>                            run_libero_eval.py:230
                          Task: open the middle drawer of                       
                          the cabinet                                           
                 INFO     | >> Starting episode 10...     run_libero_eval.py:230
huggingface/tokenizers: The current process just got forked, after parallelism has already been used. Disabling parallelism to avoid deadlocks...
To disable this warning, you can either:
	- Avoid using `tokenizers` before the fork if possible
	- Explicitly set the environment variable TOKENIZERS_PARALLELISM=(true | false)
huggingface/tokenizers: The current process just got forked, after parallelism has already been used. Disabling parallelism to avoid deadlocks...
To disable this warning, you can either:
	- Avoid using `tokenizers` before the fork if possible
	- Explicitly set the environment variable TOKENIZERS_PARALLELISM=(true | false)
>> VLA-Cache inference mode
Current CUDA latency: 305.573303 ms | Average CUDA latency: 208.094642 ms, Average TFLOPs: 2.987166
>> VLA-Cache inference mode
Current CUDA latency: 321.750641 ms | Average CUDA latency: 208.912311 ms, Average TFLOPs: 2.987032
>> VLA-Cache inference mode
Current CUDA latency: 243.965790 ms | Average CUDA latency: 209.162693 ms, Average TFLOPs: 2.986946
>> VLA-Cache inference mode
Current CUDA latency: 186.179581 ms | Average CUDA latency: 208.999692 ms, Average TFLOPs: 2.986747
>> VLA-Cache inference mode
Current CUDA latency: 121.447487 ms | Average CUDA latency: 208.383128 ms, Average TFLOPs: 2.986481
>> VLA-Cache inference mode
Current CUDA latency: 110.911102 ms | Average CUDA latency: 207.701505 ms, Average TFLOPs: 2.986180
>> VLA-Cache inference mode
Current CUDA latency: 138.610809 ms | Average CUDA latency: 207.221709 ms, Average TFLOPs: 2.985927
>> VLA-Cache inference mode
Current CUDA latency: 145.026169 ms | Average CUDA latency: 206.792774 ms, Average TFLOPs: 2.985747
>> VLA-Cache inference mode
Current CUDA latency: 166.039169 ms | Average CUDA latency: 206.513640 ms, Average TFLOPs: 2.985333
>> VLA-Cache inference mode
Current CUDA latency: 224.072678 ms | Average CUDA latency: 206.633089 ms, Average TFLOPs: 2.984854
>> VLA-Cache inference mode
Current CUDA latency: 186.499649 ms | Average CUDA latency: 206.497052 ms, Average TFLOPs: 2.984446
>> VLA-Cache inference mode
Current CUDA latency: 151.018402 ms | Average CUDA latency: 206.124712 ms, Average TFLOPs: 2.983742
>> VLA-Cache inference mode
Current CUDA latency: 119.787582 ms | Average CUDA latency: 205.549131 ms, Average TFLOPs: 2.983299
>> VLA-Cache inference mode
Current CUDA latency: 139.936569 ms | Average CUDA latency: 205.114611 ms, Average TFLOPs: 2.982724
>> VLA-Cache inference mode
Current CUDA latency: 206.843079 ms | Average CUDA latency: 205.125982 ms, Average TFLOPs: 2.981929
Average time per step: 613.0974 ms, Control Frequency: 13.05 Hz, Token Reusing Ratio (Primary): 33.84 %, , Token Reusing Ratio (Wrist): 33.11 %
Saved rollout MP4 at path ./rollouts/2026_04_07/primary--2026_04_07-18_57_52--episode=10--success=True--task=open_the_middle_drawer_of_the_cabinet.mp4
Saved rollout MP4 at path ./rollouts/2026_04_07/wrist--2026_04_07-18_57_52--episode=10--success=True--task=open_the_middle_drawer_of_the_cabinet.mp4
04/07 [19:10:18] INFO     | >> Success: True              run_libero_eval.py:230
                 INFO     | >> # episodes completed so    run_libero_eval.py:230
                          far: 10                                               
                 INFO     | >> # successes: 10 (100.0%)   run_libero_eval.py:230

 50%|█████     | 10/20 [12:07<12:08, 72.82s/it][A                 INFO     | >>                            run_libero_eval.py:230
                          Task: open the middle drawer of                       
                          the cabinet                                           
                 INFO     | >> Starting episode 11...     run_libero_eval.py:230
huggingface/tokenizers: The current process just got forked, after parallelism has already been used. Disabling parallelism to avoid deadlocks...
To disable this warning, you can either:
	- Avoid using `tokenizers` before the fork if possible
	- Explicitly set the environment variable TOKENIZERS_PARALLELISM=(true | false)
huggingface/tokenizers: The current process just got forked, after parallelism has already been used. Disabling parallelism to avoid deadlocks...
To disable this warning, you can either:
	- Avoid using `tokenizers` before the fork if possible
	- Explicitly set the environment variable TOKENIZERS_PARALLELISM=(true | false)
>> VLA-Cache inference mode
Current CUDA latency: 676.518860 ms | Average CUDA latency: 208.206982 ms, Average TFLOPs: 2.986535
>> VLA-Cache inference mode
Current CUDA latency: 287.306030 ms | Average CUDA latency: 208.720612 ms, Average TFLOPs: 2.986029
>> VLA-Cache inference mode
Current CUDA latency: 122.546211 ms | Average CUDA latency: 208.164648 ms, Average TFLOPs: 2.985719
>> VLA-Cache inference mode
Current CUDA latency: 264.891052 ms | Average CUDA latency: 208.528279 ms, Average TFLOPs: 2.985567
>> VLA-Cache inference mode
Current CUDA latency: 320.642242 ms | Average CUDA latency: 209.242380 ms, Average TFLOPs: 2.985312
>> VLA-Cache inference mode
Current CUDA latency: 189.565826 ms | Average CUDA latency: 209.117845 ms, Average TFLOPs: 2.985055
>> VLA-Cache inference mode
Current CUDA latency: 141.651779 ms | Average CUDA latency: 208.693530 ms, Average TFLOPs: 2.984944
>> VLA-Cache inference mode
Current CUDA latency: 142.942917 ms | Average CUDA latency: 208.282589 ms, Average TFLOPs: 2.984784
>> VLA-Cache inference mode
Current CUDA latency: 177.064453 ms | Average CUDA latency: 208.088688 ms, Average TFLOPs: 2.984410
>> VLA-Cache inference mode
Current CUDA latency: 193.031555 ms | Average CUDA latency: 207.995742 ms, Average TFLOPs: 2.984120
>> VLA-Cache inference mode
Current CUDA latency: 159.318054 ms | Average CUDA latency: 207.697106 ms, Average TFLOPs: 2.983793
>> VLA-Cache inference mode
Current CUDA latency: 158.401337 ms | Average CUDA latency: 207.396522 ms, Average TFLOPs: 2.983250
>> VLA-Cache inference mode
Current CUDA latency: 190.365479 ms | Average CUDA latency: 207.293304 ms, Average TFLOPs: 2.982787
>> VLA-Cache inference mode
Current CUDA latency: 209.315781 ms | Average CUDA latency: 207.305487 ms, Average TFLOPs: 2.982118
>> VLA-Cache inference mode
Current CUDA latency: 133.403839 ms | Average CUDA latency: 206.862963 ms, Average TFLOPs: 2.981589
Average time per step: 612.2022 ms, Control Frequency: 13.07 Hz, Token Reusing Ratio (Primary): 33.87 %, , Token Reusing Ratio (Wrist): 33.10 %
Saved rollout MP4 at path ./rollouts/2026_04_07/primary--2026_04_07-18_57_52--episode=11--success=True--task=open_the_middle_drawer_of_the_cabinet.mp4
Saved rollout MP4 at path ./rollouts/2026_04_07/wrist--2026_04_07-18_57_52--episode=11--success=True--task=open_the_middle_drawer_of_the_cabinet.mp4
04/07 [19:11:28] INFO     | >> Success: True              run_libero_eval.py:230
                 INFO     | >> # episodes completed so    run_libero_eval.py:230
                          far: 11                                               
                 INFO     | >> # successes: 11 (100.0%)   run_libero_eval.py:230

 55%|█████▌    | 11/20 [13:17<10:48, 72.02s/it][A                 INFO     | >>                            run_libero_eval.py:230
                          Task: open the middle drawer of                       
                          the cabinet                                           
                 INFO     | >> Starting episode 12...     run_libero_eval.py:230
huggingface/tokenizers: The current process just got forked, after parallelism has already been used. Disabling parallelism to avoid deadlocks...
To disable this warning, you can either:
	- Avoid using `tokenizers` before the fork if possible
	- Explicitly set the environment variable TOKENIZERS_PARALLELISM=(true | false)
huggingface/tokenizers: The current process just got forked, after parallelism has already been used. Disabling parallelism to avoid deadlocks...
To disable this warning, you can either:
	- Avoid using `tokenizers` before the fork if possible
	- Explicitly set the environment variable TOKENIZERS_PARALLELISM=(true | false)
>> VLA-Cache inference mode
Current CUDA latency: 330.749939 ms | Average CUDA latency: 207.600385 ms, Average TFLOPs: 2.985786
>> VLA-Cache inference mode
Current CUDA latency: 304.362549 ms | Average CUDA latency: 208.172942 ms, Average TFLOPs: 2.985694
>> VLA-Cache inference mode
Current CUDA latency: 122.706398 ms | Average CUDA latency: 207.670198 ms, Average TFLOPs: 2.985601
>> VLA-Cache inference mode
Current CUDA latency: 125.175491 ms | Average CUDA latency: 207.187773 ms, Average TFLOPs: 2.985355
>> VLA-Cache inference mode
Current CUDA latency: 477.699249 ms | Average CUDA latency: 208.760514 ms, Average TFLOPs: 2.985084
>> VLA-Cache inference mode
Current CUDA latency: 259.658936 ms | Average CUDA latency: 209.054724 ms, Average TFLOPs: 2.984844
>> VLA-Cache inference mode
Current CUDA latency: 144.747269 ms | Average CUDA latency: 208.685141 ms, Average TFLOPs: 2.984697
>> VLA-Cache inference mode
Current CUDA latency: 124.732544 ms | Average CUDA latency: 208.205412 ms, Average TFLOPs: 2.984426
>> VLA-Cache inference mode
Current CUDA latency: 205.108643 ms | Average CUDA latency: 208.187817 ms, Average TFLOPs: 2.984088
>> VLA-Cache inference mode
Current CUDA latency: 229.509888 ms | Average CUDA latency: 208.308281 ms, Average TFLOPs: 2.983950
>> VLA-Cache inference mode
Current CUDA latency: 150.262817 ms | Average CUDA latency: 207.982182 ms, Average TFLOPs: 2.983595
>> VLA-Cache inference mode
Current CUDA latency: 133.535553 ms | Average CUDA latency: 207.566279 ms, Average TFLOPs: 2.983089
>> VLA-Cache inference mode
Current CUDA latency: 173.213211 ms | Average CUDA latency: 207.375429 ms, Average TFLOPs: 2.982799
>> VLA-Cache inference mode
Current CUDA latency: 224.187012 ms | Average CUDA latency: 207.468311 ms, Average TFLOPs: 2.982386
>> VLA-Cache inference mode
Current CUDA latency: 276.950226 ms | Average CUDA latency: 207.850080 ms, Average TFLOPs: 2.981791
Average time per step: 611.4857 ms, Control Frequency: 13.08 Hz, Token Reusing Ratio (Primary): 33.91 %, , Token Reusing Ratio (Wrist): 33.00 %
Saved rollout MP4 at path ./rollouts/2026_04_07/primary--2026_04_07-18_57_52--episode=12--success=True--task=open_the_middle_drawer_of_the_cabinet.mp4
Saved rollout MP4 at path ./rollouts/2026_04_07/wrist--2026_04_07-18_57_52--episode=12--success=True--task=open_the_middle_drawer_of_the_cabinet.mp4
04/07 [19:12:39] INFO     | >> Success: True              run_libero_eval.py:230
                 INFO     | >> # episodes completed so    run_libero_eval.py:230
                          far: 12                                               
                 INFO     | >> # successes: 12 (100.0%)   run_libero_eval.py:230

 60%|██████    | 12/20 [14:28<09:33, 71.64s/it][A                 INFO     | >>                            run_libero_eval.py:230
                          Task: open the middle drawer of                       
                          the cabinet                                           
                 INFO     | >> Starting episode 13...     run_libero_eval.py:230
huggingface/tokenizers: The current process just got forked, after parallelism has already been used. Disabling parallelism to avoid deadlocks...
To disable this warning, you can either:
	- Avoid using `tokenizers` before the fork if possible
	- Explicitly set the environment variable TOKENIZERS_PARALLELISM=(true | false)
huggingface/tokenizers: The current process just got forked, after parallelism has already been used. Disabling parallelism to avoid deadlocks...
To disable this warning, you can either:
	- Avoid using `tokenizers` before the fork if possible
	- Explicitly set the environment variable TOKENIZERS_PARALLELISM=(true | false)
>> VLA-Cache inference mode
Current CUDA latency: 332.148712 ms | Average CUDA latency: 208.529307 ms, Average TFLOPs: 2.985643
>> VLA-Cache inference mode
Current CUDA latency: 276.284393 ms | Average CUDA latency: 208.897541 ms, Average TFLOPs: 2.985713
>> VLA-Cache inference mode
Current CUDA latency: 242.483902 ms | Average CUDA latency: 209.079089 ms, Average TFLOPs: 2.985657
>> VLA-Cache inference mode
Current CUDA latency: 219.551834 ms | Average CUDA latency: 209.135394 ms, Average TFLOPs: 2.985369
>> VLA-Cache inference mode
Current CUDA latency: 130.706589 ms | Average CUDA latency: 208.715989 ms, Average TFLOPs: 2.985055
>> VLA-Cache inference mode
Current CUDA latency: 118.486717 ms | Average CUDA latency: 208.236046 ms, Average TFLOPs: 2.984802
>> VLA-Cache inference mode
Current CUDA latency: 128.098373 ms | Average CUDA latency: 207.812037 ms, Average TFLOPs: 2.984521
>> VLA-Cache inference mode
Current CUDA latency: 121.511551 ms | Average CUDA latency: 207.357824 ms, Average TFLOPs: 2.984391
>> VLA-Cache inference mode
Current CUDA latency: 123.499519 ms | Average CUDA latency: 206.918775 ms, Average TFLOPs: 2.984201
>> VLA-Cache inference mode
Current CUDA latency: 145.014877 ms | Average CUDA latency: 206.596359 ms, Average TFLOPs: 2.984340
>> VLA-Cache inference mode
Current CUDA latency: 120.842850 ms | Average CUDA latency: 206.152040 ms, Average TFLOPs: 2.984022
>> VLA-Cache inference mode
Current CUDA latency: 115.983421 ms | Average CUDA latency: 205.687254 ms, Average TFLOPs: 2.983771
>> VLA-Cache inference mode
Current CUDA latency: 158.097382 ms | Average CUDA latency: 205.443203 ms, Average TFLOPs: 2.983323
>> VLA-Cache inference mode
Current CUDA latency: 204.532455 ms | Average CUDA latency: 205.438556 ms, Average TFLOPs: 2.982764
Average time per step: 607.7523 ms, Control Frequency: 13.16 Hz, Token Reusing Ratio (Primary): 33.78 %, , Token Reusing Ratio (Wrist): 33.00 %
Saved rollout MP4 at path ./rollouts/2026_04_07/primary--2026_04_07-18_57_52--episode=13--success=True--task=open_the_middle_drawer_of_the_cabinet.mp4
Saved rollout MP4 at path ./rollouts/2026_04_07/wrist--2026_04_07-18_57_52--episode=13--success=True--task=open_the_middle_drawer_of_the_cabinet.mp4
04/07 [19:13:44] INFO     | >> Success: True              run_libero_eval.py:230
                 INFO     | >> # episodes completed so    run_libero_eval.py:230
                          far: 13                                               
                 INFO     | >> # successes: 13 (100.0%)   run_libero_eval.py:230

 65%|██████▌   | 13/20 [15:34<08:08, 69.85s/it][A                 INFO     | >>                            run_libero_eval.py:230
                          Task: open the middle drawer of                       
                          the cabinet                                           
                 INFO     | >> Starting episode 14...     run_libero_eval.py:230
huggingface/tokenizers: The current process just got forked, after parallelism has already been used. Disabling parallelism to avoid deadlocks...
To disable this warning, you can either:
	- Avoid using `tokenizers` before the fork if possible
	- Explicitly set the environment variable TOKENIZERS_PARALLELISM=(true | false)
huggingface/tokenizers: The current process just got forked, after parallelism has already been used. Disabling parallelism to avoid deadlocks...
To disable this warning, you can either:
	- Avoid using `tokenizers` before the fork if possible
	- Explicitly set the environment variable TOKENIZERS_PARALLELISM=(true | false)
>> VLA-Cache inference mode
Current CUDA latency: 325.259949 ms | Average CUDA latency: 206.046787 ms, Average TFLOPs: 2.986337
>> VLA-Cache inference mode
Current CUDA latency: 326.002289 ms | Average CUDA latency: 206.652623 ms, Average TFLOPs: 2.986314
>> VLA-Cache inference mode
Current CUDA latency: 128.191299 ms | Average CUDA latency: 206.258345 ms, Average TFLOPs: 2.986007
>> VLA-Cache inference mode
Current CUDA latency: 118.915459 ms | Average CUDA latency: 205.821630 ms, Average TFLOPs: 2.985935
>> VLA-Cache inference mode
Current CUDA latency: 159.808090 ms | Average CUDA latency: 205.592707 ms, Average TFLOPs: 2.985814
>> VLA-Cache inference mode
Current CUDA latency: 124.056610 ms | Average CUDA latency: 205.189063 ms, Average TFLOPs: 2.985610
>> VLA-Cache inference mode
Current CUDA latency: 175.968323 ms | Average CUDA latency: 205.045119 ms, Average TFLOPs: 2.985324
>> VLA-Cache inference mode
Current CUDA latency: 183.384995 ms | Average CUDA latency: 204.938941 ms, Average TFLOPs: 2.985067
>> VLA-Cache inference mode
Current CUDA latency: 128.936066 ms | Average CUDA latency: 204.568196 ms, Average TFLOPs: 2.984647
>> VLA-Cache inference mode
Current CUDA latency: 136.888901 ms | Average CUDA latency: 204.239655 ms, Average TFLOPs: 2.984528
>> VLA-Cache inference mode
Current CUDA latency: 181.819870 ms | Average CUDA latency: 204.131347 ms, Average TFLOPs: 2.984105
>> VLA-Cache inference mode
Current CUDA latency: 123.077087 ms | Average CUDA latency: 203.741663 ms, Average TFLOPs: 2.983715
>> VLA-Cache inference mode
Current CUDA latency: 170.198685 ms | Average CUDA latency: 203.581171 ms, Average TFLOPs: 2.983468
>> VLA-Cache inference mode
Current CUDA latency: 166.417023 ms | Average CUDA latency: 203.404199 ms, Average TFLOPs: 2.983047
>> VLA-Cache inference mode
Current CUDA latency: 192.619583 ms | Average CUDA latency: 203.353087 ms, Average TFLOPs: 2.982493
>> VLA-Cache inference mode
Current CUDA latency: 239.053253 ms | Average CUDA latency: 203.521484 ms, Average TFLOPs: 2.981966
Average time per step: 601.5059 ms, Control Frequency: 13.30 Hz, Token Reusing Ratio (Primary): 33.83 %, , Token Reusing Ratio (Wrist): 32.99 %
Saved rollout MP4 at path ./rollouts/2026_04_07/primary--2026_04_07-18_57_52--episode=14--success=True--task=open_the_middle_drawer_of_the_cabinet.mp4
Saved rollout MP4 at path ./rollouts/2026_04_07/wrist--2026_04_07-18_57_52--episode=14--success=True--task=open_the_middle_drawer_of_the_cabinet.mp4
04/07 [19:14:57] INFO     | >> Success: True              run_libero_eval.py:230
                 INFO     | >> # episodes completed so    run_libero_eval.py:230
                          far: 14                                               
                 INFO     | >> # successes: 14 (100.0%)   run_libero_eval.py:230

 70%|███████   | 14/20 [16:47<07:04, 70.77s/it][A                 INFO     | >>                            run_libero_eval.py:230
                          Task: open the middle drawer of                       
                          the cabinet                                           
                 INFO     | >> Starting episode 15...     run_libero_eval.py:230
huggingface/tokenizers: The current process just got forked, after parallelism has already been used. Disabling parallelism to avoid deadlocks...
To disable this warning, you can either:
	- Avoid using `tokenizers` before the fork if possible
	- Explicitly set the environment variable TOKENIZERS_PARALLELISM=(true | false)
huggingface/tokenizers: The current process just got forked, after parallelism has already been used. Disabling parallelism to avoid deadlocks...
To disable this warning, you can either:
	- Avoid using `tokenizers` before the fork if possible
	- Explicitly set the environment variable TOKENIZERS_PARALLELISM=(true | false)
>> VLA-Cache inference mode
Current CUDA latency: 327.130341 ms | Average CUDA latency: 204.101807 ms, Average TFLOPs: 2.985275
>> VLA-Cache inference mode
Current CUDA latency: 331.786743 ms | Average CUDA latency: 204.698465 ms, Average TFLOPs: 2.985097
>> VLA-Cache inference mode
Current CUDA latency: 244.130402 ms | Average CUDA latency: 204.881870 ms, Average TFLOPs: 2.985011
>> VLA-Cache inference mode
Current CUDA latency: 133.048828 ms | Average CUDA latency: 204.549309 ms, Average TFLOPs: 2.984826
>> VLA-Cache inference mode
Current CUDA latency: 125.863297 ms | Average CUDA latency: 204.186701 ms, Average TFLOPs: 2.984726
>> VLA-Cache inference mode
Current CUDA latency: 408.285400 ms | Average CUDA latency: 205.122934 ms, Average TFLOPs: 2.984551
>> VLA-Cache inference mode
Current CUDA latency: 228.018402 ms | Average CUDA latency: 205.227479 ms, Average TFLOPs: 2.984346
>> VLA-Cache inference mode
Current CUDA latency: 142.458115 ms | Average CUDA latency: 204.942164 ms, Average TFLOPs: 2.984106
>> VLA-Cache inference mode
Current CUDA latency: 225.461761 ms | Average CUDA latency: 205.035013 ms, Average TFLOPs: 2.983958
>> VLA-Cache inference mode
Current CUDA latency: 121.840897 ms | Average CUDA latency: 204.660264 ms, Average TFLOPs: 2.983638
>> VLA-Cache inference mode
Current CUDA latency: 199.206207 ms | Average CUDA latency: 204.635807 ms, Average TFLOPs: 2.983444
>> VLA-Cache inference mode
Current CUDA latency: 292.080658 ms | Average CUDA latency: 205.026186 ms, Average TFLOPs: 2.983074
>> VLA-Cache inference mode
Current CUDA latency: 131.301849 ms | Average CUDA latency: 204.698522 ms, Average TFLOPs: 2.982877
>> VLA-Cache inference mode
Current CUDA latency: 126.386719 ms | Average CUDA latency: 204.352009 ms, Average TFLOPs: 2.982433
>> VLA-Cache inference mode
Current CUDA latency: 136.267044 ms | Average CUDA latency: 204.052076 ms, Average TFLOPs: 2.981905
>> VLA-Cache inference mode
Current CUDA latency: 237.763229 ms | Average CUDA latency: 204.199932 ms, Average TFLOPs: 2.981476
Average time per step: 600.7050 ms, Control Frequency: 13.32 Hz, Token Reusing Ratio (Primary): 33.87 %, , Token Reusing Ratio (Wrist): 33.06 %
Saved rollout MP4 at path ./rollouts/2026_04_07/primary--2026_04_07-18_57_52--episode=15--success=True--task=open_the_middle_drawer_of_the_cabinet.mp4
Saved rollout MP4 at path ./rollouts/2026_04_07/wrist--2026_04_07-18_57_52--episode=15--success=True--task=open_the_middle_drawer_of_the_cabinet.mp4
04/07 [19:16:16] INFO     | >> Success: True              run_libero_eval.py:230
                 INFO     | >> # episodes completed so    run_libero_eval.py:230
                          far: 15                                               
                 INFO     | >> # successes: 15 (100.0%)   run_libero_eval.py:230

 75%|███████▌  | 15/20 [18:05<06:05, 73.10s/it][A                 INFO     | >>                            run_libero_eval.py:230
                          Task: open the middle drawer of                       
                          the cabinet                                           
                 INFO     | >> Starting episode 16...     run_libero_eval.py:230
huggingface/tokenizers: The current process just got forked, after parallelism has already been used. Disabling parallelism to avoid deadlocks...
To disable this warning, you can either:
	- Avoid using `tokenizers` before the fork if possible
	- Explicitly set the environment variable TOKENIZERS_PARALLELISM=(true | false)
huggingface/tokenizers: The current process just got forked, after parallelism has already been used. Disabling parallelism to avoid deadlocks...
To disable this warning, you can either:
	- Avoid using `tokenizers` before the fork if possible
	- Explicitly set the environment variable TOKENIZERS_PARALLELISM=(true | false)
>> VLA-Cache inference mode
Current CUDA latency: 311.839874 ms | Average CUDA latency: 204.669975 ms, Average TFLOPs: 2.984556
>> VLA-Cache inference mode
Current CUDA latency: 270.451813 ms | Average CUDA latency: 204.955983 ms, Average TFLOPs: 2.984395
>> VLA-Cache inference mode
Current CUDA latency: 183.144699 ms | Average CUDA latency: 204.861562 ms, Average TFLOPs: 2.984263
>> VLA-Cache inference mode
Current CUDA latency: 219.564667 ms | Average CUDA latency: 204.924937 ms, Average TFLOPs: 2.984066
>> VLA-Cache inference mode
Current CUDA latency: 255.226852 ms | Average CUDA latency: 205.140825 ms, Average TFLOPs: 2.983967
>> VLA-Cache inference mode
Current CUDA latency: 163.233215 ms | Average CUDA latency: 204.961733 ms, Average TFLOPs: 2.983918
>> VLA-Cache inference mode
Current CUDA latency: 118.066589 ms | Average CUDA latency: 204.591967 ms, Average TFLOPs: 2.983720
>> VLA-Cache inference mode
Current CUDA latency: 118.254303 ms | Average CUDA latency: 204.226129 ms, Average TFLOPs: 2.983544
>> VLA-Cache inference mode
Current CUDA latency: 158.095993 ms | Average CUDA latency: 204.031487 ms, Average TFLOPs: 2.983178
>> VLA-Cache inference mode
Current CUDA latency: 113.545090 ms | Average CUDA latency: 203.651292 ms, Average TFLOPs: 2.982964
>> VLA-Cache inference mode
Current CUDA latency: 146.596832 ms | Average CUDA latency: 203.412570 ms, Average TFLOPs: 2.982659
>> VLA-Cache inference mode
Current CUDA latency: 165.742722 ms | Average CUDA latency: 203.255613 ms, Average TFLOPs: 2.982321
>> VLA-Cache inference mode
Current CUDA latency: 169.840698 ms | Average CUDA latency: 203.116962 ms, Average TFLOPs: 2.982060
>> VLA-Cache inference mode
Current CUDA latency: 140.087936 ms | Average CUDA latency: 202.856511 ms, Average TFLOPs: 2.981725
>> VLA-Cache inference mode
Current CUDA latency: 184.688477 ms | Average CUDA latency: 202.781746 ms, Average TFLOPs: 2.981338
>> VLA-Cache inference mode
Current CUDA latency: 121.623230 ms | Average CUDA latency: 202.449129 ms, Average TFLOPs: 2.980907
Average time per step: 598.1324 ms, Control Frequency: 13.37 Hz, Token Reusing Ratio (Primary): 33.90 %, , Token Reusing Ratio (Wrist): 33.09 %
Saved rollout MP4 at path ./rollouts/2026_04_07/primary--2026_04_07-18_57_52--episode=16--success=True--task=open_the_middle_drawer_of_the_cabinet.mp4
Saved rollout MP4 at path ./rollouts/2026_04_07/wrist--2026_04_07-18_57_52--episode=16--success=True--task=open_the_middle_drawer_of_the_cabinet.mp4
04/07 [19:17:34] INFO     | >> Success: True              run_libero_eval.py:230
                 INFO     | >> # episodes completed so    run_libero_eval.py:230
                          far: 16                                               
                 INFO     | >> # successes: 16 (100.0%)   run_libero_eval.py:230

 80%|████████  | 16/20 [19:23<04:58, 74.59s/it][A                 INFO     | >>                            run_libero_eval.py:230
                          Task: open the middle drawer of                       
                          the cabinet                                           
                 INFO     | >> Starting episode 17...     run_libero_eval.py:230
huggingface/tokenizers: The current process just got forked, after parallelism has already been used. Disabling parallelism to avoid deadlocks...
To disable this warning, you can either:
	- Avoid using `tokenizers` before the fork if possible
	- Explicitly set the environment variable TOKENIZERS_PARALLELISM=(true | false)
huggingface/tokenizers: The current process just got forked, after parallelism has already been used. Disabling parallelism to avoid deadlocks...
To disable this warning, you can either:
	- Avoid using `tokenizers` before the fork if possible
	- Explicitly set the environment variable TOKENIZERS_PARALLELISM=(true | false)
>> VLA-Cache inference mode
Current CUDA latency: 394.321747 ms | Average CUDA latency: 203.232282 ms, Average TFLOPs: 2.983788
>> VLA-Cache inference mode
Current CUDA latency: 297.948212 ms | Average CUDA latency: 203.617306 ms, Average TFLOPs: 2.983849
>> VLA-Cache inference mode
Current CUDA latency: 119.304062 ms | Average CUDA latency: 203.275957 ms, Average TFLOPs: 2.983708
>> VLA-Cache inference mode
Current CUDA latency: 119.714401 ms | Average CUDA latency: 202.939015 ms, Average TFLOPs: 2.983550
>> VLA-Cache inference mode
Current CUDA latency: 109.750717 ms | Average CUDA latency: 202.564765 ms, Average TFLOPs: 2.983487
>> VLA-Cache inference mode
Current CUDA latency: 119.584702 ms | Average CUDA latency: 202.232845 ms, Average TFLOPs: 2.983468
>> VLA-Cache inference mode
Current CUDA latency: 237.666306 ms | Average CUDA latency: 202.374014 ms, Average TFLOPs: 2.983536
>> VLA-Cache inference mode
Current CUDA latency: 200.344833 ms | Average CUDA latency: 202.365962 ms, Average TFLOPs: 2.983446
>> VLA-Cache inference mode
Current CUDA latency: 123.855843 ms | Average CUDA latency: 202.055645 ms, Average TFLOPs: 2.983304
>> VLA-Cache inference mode
Current CUDA latency: 163.316772 ms | Average CUDA latency: 201.903130 ms, Average TFLOPs: 2.983256
>> VLA-Cache inference mode
Current CUDA latency: 150.311264 ms | Average CUDA latency: 201.700809 ms, Average TFLOPs: 2.983049
>> VLA-Cache inference mode
Current CUDA latency: 126.200638 ms | Average CUDA latency: 201.405886 ms, Average TFLOPs: 2.982712
>> VLA-Cache inference mode
Current CUDA latency: 118.178558 ms | Average CUDA latency: 201.082045 ms, Average TFLOPs: 2.982420
>> VLA-Cache inference mode
Current CUDA latency: 168.992569 ms | Average CUDA latency: 200.957667 ms, Average TFLOPs: 2.982062
>> VLA-Cache inference mode
Current CUDA latency: 231.576065 ms | Average CUDA latency: 201.075885 ms, Average TFLOPs: 2.981556
Average time per step: 598.0508 ms, Control Frequency: 13.38 Hz, Token Reusing Ratio (Primary): 33.87 %, , Token Reusing Ratio (Wrist): 33.07 %
Saved rollout MP4 at path ./rollouts/2026_04_07/primary--2026_04_07-18_57_52--episode=17--success=True--task=open_the_middle_drawer_of_the_cabinet.mp4
Saved rollout MP4 at path ./rollouts/2026_04_07/wrist--2026_04_07-18_57_52--episode=17--success=True--task=open_the_middle_drawer_of_the_cabinet.mp4
04/07 [19:18:52] INFO     | >> Success: True              run_libero_eval.py:230
                 INFO     | >> # episodes completed so    run_libero_eval.py:230
                          far: 17                                               
                 INFO     | >> # successes: 17 (100.0%)   run_libero_eval.py:230

 85%|████████▌ | 17/20 [20:42<03:47, 75.74s/it][A                 INFO     | >>                            run_libero_eval.py:230
                          Task: open the middle drawer of                       
                          the cabinet                                           
                 INFO     | >> Starting episode 18...     run_libero_eval.py:230
huggingface/tokenizers: The current process just got forked, after parallelism has already been used. Disabling parallelism to avoid deadlocks...
To disable this warning, you can either:
	- Avoid using `tokenizers` before the fork if possible
	- Explicitly set the environment variable TOKENIZERS_PARALLELISM=(true | false)
huggingface/tokenizers: The current process just got forked, after parallelism has already been used. Disabling parallelism to avoid deadlocks...
To disable this warning, you can either:
	- Avoid using `tokenizers` before the fork if possible
	- Explicitly set the environment variable TOKENIZERS_PARALLELISM=(true | false)
>> VLA-Cache inference mode
Current CUDA latency: 333.534607 ms | Average CUDA latency: 201.585341 ms, Average TFLOPs: 2.984268
>> VLA-Cache inference mode
Current CUDA latency: 463.189362 ms | Average CUDA latency: 202.587655 ms, Average TFLOPs: 2.984300
>> VLA-Cache inference mode
Current CUDA latency: 545.805359 ms | Average CUDA latency: 203.897647 ms, Average TFLOPs: 2.984206
>> VLA-Cache inference mode
Current CUDA latency: 146.017593 ms | Average CUDA latency: 203.677570 ms, Average TFLOPs: 2.984179
>> VLA-Cache inference mode
Current CUDA latency: 145.610214 ms | Average CUDA latency: 203.457618 ms, Average TFLOPs: 2.984155
>> VLA-Cache inference mode
Current CUDA latency: 143.357315 ms | Average CUDA latency: 203.230825 ms, Average TFLOPs: 2.984157
>> VLA-Cache inference mode
Current CUDA latency: 298.315063 ms | Average CUDA latency: 203.588284 ms, Average TFLOPs: 2.984178
>> VLA-Cache inference mode
Current CUDA latency: 225.616226 ms | Average CUDA latency: 203.670786 ms, Average TFLOPs: 2.984066
>> VLA-Cache inference mode
Current CUDA latency: 149.124771 ms | Average CUDA latency: 203.467256 ms, Average TFLOPs: 2.983800
>> VLA-Cache inference mode
Current CUDA latency: 120.788895 ms | Average CUDA latency: 203.159902 ms, Average TFLOPs: 2.983656
>> VLA-Cache inference mode
Current CUDA latency: 117.348419 ms | Average CUDA latency: 202.842081 ms, Average TFLOPs: 2.983522
>> VLA-Cache inference mode
Current CUDA latency: 198.830307 ms | Average CUDA latency: 202.827278 ms, Average TFLOPs: 2.983139
>> VLA-Cache inference mode
Current CUDA latency: 206.178757 ms | Average CUDA latency: 202.839599 ms, Average TFLOPs: 2.982803
>> VLA-Cache inference mode
Current CUDA latency: 150.348129 ms | Average CUDA latency: 202.647323 ms, Average TFLOPs: 2.982494
>> VLA-Cache inference mode
Current CUDA latency: 112.141853 ms | Average CUDA latency: 202.317011 ms, Average TFLOPs: 2.982171
>> VLA-Cache inference mode
Current CUDA latency: 119.207169 ms | Average CUDA latency: 202.014793 ms, Average TFLOPs: 2.981815
>> VLA-Cache inference mode
Current CUDA latency: 138.916702 ms | Average CUDA latency: 201.786177 ms, Average TFLOPs: 2.981583
>> VLA-Cache inference mode
Current CUDA latency: 253.993408 ms | Average CUDA latency: 201.974651 ms, Average TFLOPs: 2.981296
>> VLA-Cache inference mode
Current CUDA latency: 189.677948 ms | Average CUDA latency: 201.930418 ms, Average TFLOPs: 2.980975
>> VLA-Cache inference mode
Current CUDA latency: 146.118942 ms | Average CUDA latency: 201.730377 ms, Average TFLOPs: 2.980673
>> VLA-Cache inference mode
Current CUDA latency: 164.785919 ms | Average CUDA latency: 201.598432 ms, Average TFLOPs: 2.980263
>> VLA-Cache inference mode
Current CUDA latency: 110.817314 ms | Average CUDA latency: 201.275368 ms, Average TFLOPs: 2.979914
>> VLA-Cache inference mode
Current CUDA latency: 112.150497 ms | Average CUDA latency: 200.959322 ms, Average TFLOPs: 2.979422
>> VLA-Cache inference mode
Current CUDA latency: 374.593994 ms | Average CUDA latency: 201.572872 ms, Average TFLOPs: 2.978797
>> VLA-Cache inference mode
Current CUDA latency: 229.850555 ms | Average CUDA latency: 201.672442 ms, Average TFLOPs: 2.978475
>> VLA-Cache inference mode
Current CUDA latency: 226.944351 ms | Average CUDA latency: 201.761115 ms, Average TFLOPs: 2.978181
>> VLA-Cache inference mode
Current CUDA latency: 153.593246 ms | Average CUDA latency: 201.592696 ms, Average TFLOPs: 2.977857
>> VLA-Cache inference mode
Current CUDA latency: 123.116638 ms | Average CUDA latency: 201.319260 ms, Average TFLOPs: 2.977529
>> VLA-Cache inference mode
Current CUDA latency: 128.451813 ms | Average CUDA latency: 201.066248 ms, Average TFLOPs: 2.977096
>> VLA-Cache inference mode
Current CUDA latency: 155.829315 ms | Average CUDA latency: 200.909719 ms, Average TFLOPs: 2.976681
>> VLA-Cache inference mode
Current CUDA latency: 252.930527 ms | Average CUDA latency: 201.089101 ms, Average TFLOPs: 2.976188
>> VLA-Cache inference mode
Current CUDA latency: 185.460648 ms | Average CUDA latency: 201.035395 ms, Average TFLOPs: 2.975586
>> VLA-Cache inference mode
Current CUDA latency: 108.043327 ms | Average CUDA latency: 200.716929 ms, Average TFLOPs: 2.974989
>> VLA-Cache inference mode
Current CUDA latency: 185.572861 ms | Average CUDA latency: 200.665243 ms, Average TFLOPs: 2.974620
>> VLA-Cache inference mode
Current CUDA latency: 378.056702 ms | Average CUDA latency: 201.268615 ms, Average TFLOPs: 2.974417
>> VLA-Cache inference mode
Current CUDA latency: 168.370880 ms | Average CUDA latency: 201.157097 ms, Average TFLOPs: 2.974381
>> VLA-Cache inference mode
Current CUDA latency: 147.652100 ms | Average CUDA latency: 200.976337 ms, Average TFLOPs: 2.974286
>> VLA-Cache inference mode
Current CUDA latency: 203.219559 ms | Average CUDA latency: 200.983890 ms, Average TFLOPs: 2.974095
Average time per step: 600.2562 ms, Control Frequency: 13.33 Hz, Token Reusing Ratio (Primary): 34.30 %, , Token Reusing Ratio (Wrist): 33.55 %
Saved rollout MP4 at path ./rollouts/2026_04_07/primary--2026_04_07-18_57_52--episode=18--success=False--task=open_the_middle_drawer_of_the_cabinet.mp4
Saved rollout MP4 at path ./rollouts/2026_04_07/wrist--2026_04_07-18_57_52--episode=18--success=False--task=open_the_middle_drawer_of_the_cabinet.mp4
04/07 [19:21:50] INFO     | >> Success: False             run_libero_eval.py:230
                 INFO     | >> # episodes completed so    run_libero_eval.py:230
                          far: 18                                               
                 INFO     | >> # successes: 17 (94.4%)    run_libero_eval.py:230

 90%|█████████ | 18/20 [23:39<03:32, 106.35s/it][A                 INFO     | >>                            run_libero_eval.py:230
                          Task: open the middle drawer of                       
                          the cabinet                                           
                 INFO     | >> Starting episode 19...     run_libero_eval.py:230
huggingface/tokenizers: The current process just got forked, after parallelism has already been used. Disabling parallelism to avoid deadlocks...
To disable this warning, you can either:
	- Avoid using `tokenizers` before the fork if possible
	- Explicitly set the environment variable TOKENIZERS_PARALLELISM=(true | false)
huggingface/tokenizers: The current process just got forked, after parallelism has already been used. Disabling parallelism to avoid deadlocks...
To disable this warning, you can either:
	- Avoid using `tokenizers` before the fork if possible
	- Explicitly set the environment variable TOKENIZERS_PARALLELISM=(true | false)
>> VLA-Cache inference mode
Current CUDA latency: 377.390045 ms | Average CUDA latency: 201.575857 ms, Average TFLOPs: 2.976486
>> VLA-Cache inference mode
Current CUDA latency: 302.659912 ms | Average CUDA latency: 201.913931 ms, Average TFLOPs: 2.976444
>> VLA-Cache inference mode
Current CUDA latency: 139.984512 ms | Average CUDA latency: 201.707500 ms, Average TFLOPs: 2.976352
>> VLA-Cache inference mode
Current CUDA latency: 117.421791 ms | Average CUDA latency: 201.427481 ms, Average TFLOPs: 2.976338
>> VLA-Cache inference mode
Current CUDA latency: 158.493958 ms | Average CUDA latency: 201.285317 ms, Average TFLOPs: 2.976325
>> VLA-Cache inference mode
Current CUDA latency: 116.736931 ms | Average CUDA latency: 201.006279 ms, Average TFLOPs: 2.976257
>> VLA-Cache inference mode
Current CUDA latency: 118.832222 ms | Average CUDA latency: 200.735970 ms, Average TFLOPs: 2.976166
>> VLA-Cache inference mode
Current CUDA latency: 110.384445 ms | Average CUDA latency: 200.439735 ms, Average TFLOPs: 2.976054
>> VLA-Cache inference mode
Current CUDA latency: 146.595963 ms | Average CUDA latency: 200.263775 ms, Average TFLOPs: 2.975756
>> VLA-Cache inference mode
Current CUDA latency: 111.471390 ms | Average CUDA latency: 199.974549 ms, Average TFLOPs: 2.975682
>> VLA-Cache inference mode
Current CUDA latency: 145.731262 ms | Average CUDA latency: 199.798434 ms, Average TFLOPs: 2.975478
>> VLA-Cache inference mode
Current CUDA latency: 135.364807 ms | Average CUDA latency: 199.589911 ms, Average TFLOPs: 2.975200
>> VLA-Cache inference mode
Current CUDA latency: 119.779297 ms | Average CUDA latency: 199.332458 ms, Average TFLOPs: 2.974836
>> VLA-Cache inference mode
Current CUDA latency: 139.087738 ms | Average CUDA latency: 199.138745 ms, Average TFLOPs: 2.974545
>> VLA-Cache inference mode
Current CUDA latency: 253.319611 ms | Average CUDA latency: 199.312402 ms, Average TFLOPs: 2.974297
>> VLA-Cache inference mode
Current CUDA latency: 172.625183 ms | Average CUDA latency: 199.227139 ms, Average TFLOPs: 2.973851
Average time per step: 599.4463 ms, Control Frequency: 13.35 Hz, Token Reusing Ratio (Primary): 34.34 %, , Token Reusing Ratio (Wrist): 33.52 %
Saved rollout MP4 at path ./rollouts/2026_04_07/primary--2026_04_07-18_57_52--episode=19--success=True--task=open_the_middle_drawer_of_the_cabinet.mp4
Saved rollout MP4 at path ./rollouts/2026_04_07/wrist--2026_04_07-18_57_52--episode=19--success=True--task=open_the_middle_drawer_of_the_cabinet.mp4
04/07 [19:23:11] INFO     | >> Success: True              run_libero_eval.py:230
                 INFO     | >> # episodes completed so    run_libero_eval.py:230
                          far: 19                                               
                 INFO     | >> # successes: 18 (94.7%)    run_libero_eval.py:230

 95%|█████████▌| 19/20 [25:01<01:38, 98.89s/it] [A                 INFO     | >>                            run_libero_eval.py:230
                          Task: open the middle drawer of                       
                          the cabinet                                           
                 INFO     | >> Starting episode 20...     run_libero_eval.py:230
huggingface/tokenizers: The current process just got forked, after parallelism has already been used. Disabling parallelism to avoid deadlocks...
To disable this warning, you can either:
	- Avoid using `tokenizers` before the fork if possible
	- Explicitly set the environment variable TOKENIZERS_PARALLELISM=(true | false)
huggingface/tokenizers: The current process just got forked, after parallelism has already been used. Disabling parallelism to avoid deadlocks...
To disable this warning, you can either:
	- Avoid using `tokenizers` before the fork if possible
	- Explicitly set the environment variable TOKENIZERS_PARALLELISM=(true | false)
>> VLA-Cache inference mode
Current CUDA latency: 312.382050 ms | Average CUDA latency: 199.587505 ms, Average TFLOPs: 2.976121
>> VLA-Cache inference mode
Current CUDA latency: 260.080902 ms | Average CUDA latency: 199.779547 ms, Average TFLOPs: 2.976044
>> VLA-Cache inference mode
Current CUDA latency: 117.388992 ms | Average CUDA latency: 199.518818 ms, Average TFLOPs: 2.975989
>> VLA-Cache inference mode
Current CUDA latency: 128.689606 ms | Average CUDA latency: 199.295382 ms, Average TFLOPs: 2.975922
>> VLA-Cache inference mode
Current CUDA latency: 120.576157 ms | Average CUDA latency: 199.047837 ms, Average TFLOPs: 2.975835
>> VLA-Cache inference mode
Current CUDA latency: 455.649384 ms | Average CUDA latency: 199.852231 ms, Average TFLOPs: 2.975839
>> VLA-Cache inference mode
Current CUDA latency: 230.448669 ms | Average CUDA latency: 199.947844 ms, Average TFLOPs: 2.975843
>> VLA-Cache inference mode
Current CUDA latency: 227.709473 ms | Average CUDA latency: 200.034329 ms, Average TFLOPs: 2.975756
>> VLA-Cache inference mode
Current CUDA latency: 113.060066 ms | Average CUDA latency: 199.764223 ms, Average TFLOPs: 2.975584
>> VLA-Cache inference mode
Current CUDA latency: 127.119774 ms | Average CUDA latency: 199.539317 ms, Average TFLOPs: 2.975453
>> VLA-Cache inference mode
Current CUDA latency: 115.161087 ms | Average CUDA latency: 199.278891 ms, Average TFLOPs: 2.975351
>> VLA-Cache inference mode
Current CUDA latency: 115.576675 ms | Average CUDA latency: 199.021345 ms, Average TFLOPs: 2.975145
>> VLA-Cache inference mode
Current CUDA latency: 109.061089 ms | Average CUDA latency: 198.745394 ms, Average TFLOPs: 2.974885
>> VLA-Cache inference mode
Current CUDA latency: 157.873245 ms | Average CUDA latency: 198.620403 ms, Average TFLOPs: 2.974535
>> VLA-Cache inference mode
Current CUDA latency: 113.603523 ms | Average CUDA latency: 198.361205 ms, Average TFLOPs: 2.974224
>> VLA-Cache inference mode
Current CUDA latency: 126.437920 ms | Average CUDA latency: 198.142593 ms, Average TFLOPs: 2.973899
Average time per step: 598.9966 ms, Control Frequency: 13.36 Hz, Token Reusing Ratio (Primary): 34.34 %, , Token Reusing Ratio (Wrist): 33.50 %
Saved rollout MP4 at path ./rollouts/2026_04_07/primary--2026_04_07-18_57_52--episode=20--success=True--task=open_the_middle_drawer_of_the_cabinet.mp4
Saved rollout MP4 at path ./rollouts/2026_04_07/wrist--2026_04_07-18_57_52--episode=20--success=True--task=open_the_middle_drawer_of_the_cabinet.mp4
04/07 [19:24:32] INFO     | >> Success: True              run_libero_eval.py:230
                 INFO     | >> # episodes completed so    run_libero_eval.py:230
                          far: 20                                               
                 INFO     | >> # successes: 19 (95.0%)    run_libero_eval.py:230

100%|██████████| 20/20 [26:21<00:00, 93.32s/it][A100%|██████████| 20/20 [26:21<00:00, 79.09s/it]
                 INFO     | >> Current task success rate: run_libero_eval.py:230
                          0.95                                                  
                 INFO     | >> Current total success      run_libero_eval.py:230
                          rate: 0.95                                            
 10%|█         | 1/10 [26:24<3:57:41, 1584.62s/it][Warning]: datasets path /root/sj-tmp/workspace/LIBERO/libero/libero/../datasets does not exist!
                 INFO     | >> Using default initial      run_libero_eval.py:230
                          states                                                
[Warning]: datasets path /root/sj-tmp/workspace/LIBERO/libero/libero/../datasets does not exist!

  0%|          | 0/20 [00:00<?, ?it/s][A04/07 [19:24:34] INFO     | >>                            run_libero_eval.py:230
                          Task: put the bowl on the stove                       
                 INFO     | >> Starting episode 1...      run_libero_eval.py:230
huggingface/tokenizers: The current process just got forked, after parallelism has already been used. Disabling parallelism to avoid deadlocks...
To disable this warning, you can either:
	- Avoid using `tokenizers` before the fork if possible
	- Explicitly set the environment variable TOKENIZERS_PARALLELISM=(true | false)
huggingface/tokenizers: The current process just got forked, after parallelism has already been used. Disabling parallelism to avoid deadlocks...
To disable this warning, you can either:
	- Avoid using `tokenizers` before the fork if possible
	- Explicitly set the environment variable TOKENIZERS_PARALLELISM=(true | false)
>> VLA-Cache inference mode
Current CUDA latency: 346.614990 ms | Average CUDA latency: 198.592509 ms, Average TFLOPs: 2.976059
>> VLA-Cache inference mode
Current CUDA latency: 252.651779 ms | Average CUDA latency: 198.755830 ms, Average TFLOPs: 2.976021
>> VLA-Cache inference mode
Current CUDA latency: 344.743591 ms | Average CUDA latency: 199.195552 ms, Average TFLOPs: 2.975934
>> VLA-Cache inference mode
Current CUDA latency: 162.675262 ms | Average CUDA latency: 199.085882 ms, Average TFLOPs: 2.975974
>> VLA-Cache inference mode
Current CUDA latency: 175.967651 ms | Average CUDA latency: 199.016666 ms, Average TFLOPs: 2.975758
>> VLA-Cache inference mode
Current CUDA latency: 228.572449 ms | Average CUDA latency: 199.104892 ms, Average TFLOPs: 2.975480
>> VLA-Cache inference mode
Current CUDA latency: 217.751328 ms | Average CUDA latency: 199.160387 ms, Average TFLOPs: 2.974966
>> VLA-Cache inference mode
Current CUDA latency: 203.371933 ms | Average CUDA latency: 199.172884 ms, Average TFLOPs: 2.974233
>> VLA-Cache inference mode
Current CUDA latency: 316.053284 ms | Average CUDA latency: 199.518684 ms, Average TFLOPs: 2.973595
>> VLA-Cache inference mode
Current CUDA latency: 297.401398 ms | Average CUDA latency: 199.807424 ms, Average TFLOPs: 2.973081
>> VLA-Cache inference mode
Current CUDA latency: 141.111618 ms | Average CUDA latency: 199.634789 ms, Average TFLOPs: 2.972815
Average time per step: 691.0890 ms, Control Frequency: 11.58 Hz, Token Reusing Ratio (Primary): 31.68 %, , Token Reusing Ratio (Wrist): 32.35 %
Saved rollout MP4 at path ./rollouts/2026_04_07/primary--2026_04_07-18_57_52--episode=21--success=True--task=put_the_bowl_on_the_stove.mp4
Saved rollout MP4 at path ./rollouts/2026_04_07/wrist--2026_04_07-18_57_52--episode=21--success=True--task=put_the_bowl_on_the_stove.mp4
04/07 [19:25:35] INFO     | >> Success: True              run_libero_eval.py:230
                 INFO     | >> # episodes completed so    run_libero_eval.py:230
                          far: 21                                               
                 INFO     | >> # successes: 20 (95.2%)    run_libero_eval.py:230

  5%|▌         | 1/20 [01:00<19:14, 60.78s/it][A                 INFO     | >>                            run_libero_eval.py:230
                          Task: put the bowl on the stove                       
                 INFO     | >> Starting episode 2...      run_libero_eval.py:230
huggingface/tokenizers: The current process just got forked, after parallelism has already been used. Disabling parallelism to avoid deadlocks...
To disable this warning, you can either:
	- Avoid using `tokenizers` before the fork if possible
	- Explicitly set the environment variable TOKENIZERS_PARALLELISM=(true | false)
huggingface/tokenizers: The current process just got forked, after parallelism has already been used. Disabling parallelism to avoid deadlocks...
To disable this warning, you can either:
	- Avoid using `tokenizers` before the fork if possible
	- Explicitly set the environment variable TOKENIZERS_PARALLELISM=(true | false)
>> VLA-Cache inference mode
Current CUDA latency: 415.251740 ms | Average CUDA latency: 200.267097 ms, Average TFLOPs: 2.974908
>> VLA-Cache inference mode
Current CUDA latency: 517.811707 ms | Average CUDA latency: 201.195590 ms, Average TFLOPs: 2.974943
>> VLA-Cache inference mode
Current CUDA latency: 295.629120 ms | Average CUDA latency: 201.470906 ms, Average TFLOPs: 2.974845
>> VLA-Cache inference mode
Current CUDA latency: 149.331970 ms | Average CUDA latency: 201.319340 ms, Average TFLOPs: 2.974874
>> VLA-Cache inference mode
Current CUDA latency: 112.261154 ms | Average CUDA latency: 201.061200 ms, Average TFLOPs: 2.974693
>> VLA-Cache inference mode
Current CUDA latency: 125.431488 ms | Average CUDA latency: 200.842617 ms, Average TFLOPs: 2.974335
>> VLA-Cache inference mode
Current CUDA latency: 131.777924 ms | Average CUDA latency: 200.643583 ms, Average TFLOPs: 2.973700
>> VLA-Cache inference mode
Current CUDA latency: 100.450462 ms | Average CUDA latency: 200.355672 ms, Average TFLOPs: 2.973055
>> VLA-Cache inference mode
Current CUDA latency: 101.908356 ms | Average CUDA latency: 200.073588 ms, Average TFLOPs: 2.972399
>> VLA-Cache inference mode
Current CUDA latency: 101.957634 ms | Average CUDA latency: 199.793257 ms, Average TFLOPs: 2.971850
>> VLA-Cache inference mode
Current CUDA latency: 186.949158 ms | Average CUDA latency: 199.756664 ms, Average TFLOPs: 2.971461
Average time per step: 667.5919 ms, Control Frequency: 11.98 Hz, Token Reusing Ratio (Primary): 31.92 %, , Token Reusing Ratio (Wrist): 32.60 %
Saved rollout MP4 at path ./rollouts/2026_04_07/primary--2026_04_07-18_57_52--episode=22--success=True--task=put_the_bowl_on_the_stove.mp4
Saved rollout MP4 at path ./rollouts/2026_04_07/wrist--2026_04_07-18_57_52--episode=22--success=True--task=put_the_bowl_on_the_stove.mp4
04/07 [19:26:32] INFO     | >> Success: True              run_libero_eval.py:230
                 INFO     | >> # episodes completed so    run_libero_eval.py:230
                          far: 22                                               
                 INFO     | >> # successes: 21 (95.5%)    run_libero_eval.py:230

 10%|█         | 2/20 [01:58<17:42, 59.01s/it][A                 INFO     | >>                            run_libero_eval.py:230
                          Task: put the bowl on the stove                       
                 INFO     | >> Starting episode 3...      run_libero_eval.py:230
huggingface/tokenizers: The current process just got forked, after parallelism has already been used. Disabling parallelism to avoid deadlocks...
To disable this warning, you can either:
	- Avoid using `tokenizers` before the fork if possible
	- Explicitly set the environment variable TOKENIZERS_PARALLELISM=(true | false)
huggingface/tokenizers: The current process just got forked, after parallelism has already been used. Disabling parallelism to avoid deadlocks...
To disable this warning, you can either:
	- Avoid using `tokenizers` before the fork if possible
	- Explicitly set the environment variable TOKENIZERS_PARALLELISM=(true | false)
>> VLA-Cache inference mode
Current CUDA latency: 311.938324 ms | Average CUDA latency: 200.075362 ms, Average TFLOPs: 2.973493
>> VLA-Cache inference mode
Current CUDA latency: 297.972198 ms | Average CUDA latency: 200.352690 ms, Average TFLOPs: 2.973484
>> VLA-Cache inference mode
Current CUDA latency: 111.039040 ms | Average CUDA latency: 200.100392 ms, Average TFLOPs: 2.973438
>> VLA-Cache inference mode
Current CUDA latency: 149.987930 ms | Average CUDA latency: 199.959230 ms, Average TFLOPs: 2.973298
>> VLA-Cache inference mode
Current CUDA latency: 183.930054 ms | Average CUDA latency: 199.914204 ms, Average TFLOPs: 2.973097
>> VLA-Cache inference mode
Current CUDA latency: 152.199875 ms | Average CUDA latency: 199.780550 ms, Average TFLOPs: 2.972697
>> VLA-Cache inference mode
Current CUDA latency: 133.795258 ms | Average CUDA latency: 199.596234 ms, Average TFLOPs: 2.971994
>> VLA-Cache inference mode
Current CUDA latency: 112.767715 ms | Average CUDA latency: 199.354372 ms, Average TFLOPs: 2.971405
>> VLA-Cache inference mode
Current CUDA latency: 112.465950 ms | Average CUDA latency: 199.113015 ms, Average TFLOPs: 2.970796
>> VLA-Cache inference mode
Current CUDA latency: 106.832642 ms | Average CUDA latency: 198.857391 ms, Average TFLOPs: 2.970227
>> VLA-Cache inference mode
Current CUDA latency: 119.329437 ms | Average CUDA latency: 198.637700 ms, Average TFLOPs: 2.969757
>> VLA-Cache inference mode
Current CUDA latency: 175.305725 ms | Average CUDA latency: 198.573425 ms, Average TFLOPs: 2.969146
>> VLA-Cache inference mode
Current CUDA latency: 408.114746 ms | Average CUDA latency: 199.149088 ms, Average TFLOPs: 2.968549
>> VLA-Cache inference mode
Current CUDA latency: 140.265411 ms | Average CUDA latency: 198.987763 ms, Average TFLOPs: 2.967830
>> VLA-Cache inference mode
Current CUDA latency: 127.324478 ms | Average CUDA latency: 198.791961 ms, Average TFLOPs: 2.967480
Average time per step: 642.0045 ms, Control Frequency: 12.46 Hz, Token Reusing Ratio (Primary): 33.32 %, , Token Reusing Ratio (Wrist): 33.09 %
Saved rollout MP4 at path ./rollouts/2026_04_07/primary--2026_04_07-18_57_52--episode=23--success=True--task=put_the_bowl_on_the_stove.mp4
Saved rollout MP4 at path ./rollouts/2026_04_07/wrist--2026_04_07-18_57_52--episode=23--success=True--task=put_the_bowl_on_the_stove.mp4
04/07 [19:27:49] INFO     | >> Success: True              run_libero_eval.py:230
                 INFO     | >> # episodes completed so    run_libero_eval.py:230
                          far: 23                                               
                 INFO     | >> # successes: 22 (95.7%)    run_libero_eval.py:230

 15%|█▌        | 3/20 [03:14<18:58, 66.95s/it][A                 INFO     | >>                            run_libero_eval.py:230
                          Task: put the bowl on the stove                       
                 INFO     | >> Starting episode 4...      run_libero_eval.py:230
huggingface/tokenizers: The current process just got forked, after parallelism has already been used. Disabling parallelism to avoid deadlocks...
To disable this warning, you can either:
	- Avoid using `tokenizers` before the fork if possible
	- Explicitly set the environment variable TOKENIZERS_PARALLELISM=(true | false)
huggingface/tokenizers: The current process just got forked, after parallelism has already been used. Disabling parallelism to avoid deadlocks...
To disable this warning, you can either:
	- Avoid using `tokenizers` before the fork if possible
	- Explicitly set the environment variable TOKENIZERS_PARALLELISM=(true | false)
>> VLA-Cache inference mode
Current CUDA latency: 447.552582 ms | Average CUDA latency: 199.469783 ms, Average TFLOPs: 2.969440
>> VLA-Cache inference mode
Current CUDA latency: 372.210419 ms | Average CUDA latency: 199.939187 ms, Average TFLOPs: 2.969394
>> VLA-Cache inference mode
Current CUDA latency: 134.944351 ms | Average CUDA latency: 199.763049 ms, Average TFLOPs: 2.969333
>> VLA-Cache inference mode
Current CUDA latency: 114.931267 ms | Average CUDA latency: 199.533774 ms, Average TFLOPs: 2.969191
>> VLA-Cache inference mode
Current CUDA latency: 110.541794 ms | Average CUDA latency: 199.293904 ms, Average TFLOPs: 2.968941
>> VLA-Cache inference mode
Current CUDA latency: 110.558685 ms | Average CUDA latency: 199.055368 ms, Average TFLOPs: 2.968676
>> VLA-Cache inference mode
Current CUDA latency: 121.682274 ms | Average CUDA latency: 198.847934 ms, Average TFLOPs: 2.968169
>> VLA-Cache inference mode
Current CUDA latency: 117.826370 ms | Average CUDA latency: 198.631298 ms, Average TFLOPs: 2.967643
>> VLA-Cache inference mode
Current CUDA latency: 131.873062 ms | Average CUDA latency: 198.453276 ms, Average TFLOPs: 2.966986
>> VLA-Cache inference mode
Current CUDA latency: 133.202820 ms | Average CUDA latency: 198.279738 ms, Average TFLOPs: 2.966382
>> VLA-Cache inference mode
Current CUDA latency: 224.228317 ms | Average CUDA latency: 198.348567 ms, Average TFLOPs: 2.965932
>> VLA-Cache inference mode
Current CUDA latency: 189.131363 ms | Average CUDA latency: 198.324183 ms, Average TFLOPs: 2.965661
Average time per step: 621.8649 ms, Control Frequency: 12.86 Hz, Token Reusing Ratio (Primary): 33.26 %, , Token Reusing Ratio (Wrist): 33.27 %
Saved rollout MP4 at path ./rollouts/2026_04_07/primary--2026_04_07-18_57_52--episode=24--success=True--task=put_the_bowl_on_the_stove.mp4
Saved rollout MP4 at path ./rollouts/2026_04_07/wrist--2026_04_07-18_57_52--episode=24--success=True--task=put_the_bowl_on_the_stove.mp4
04/07 [19:28:49] INFO     | >> Success: True              run_libero_eval.py:230
                 INFO     | >> # episodes completed so    run_libero_eval.py:230
                          far: 24                                               
                 INFO     | >> # successes: 23 (95.8%)    run_libero_eval.py:230

 20%|██        | 4/20 [04:15<17:10, 64.41s/it][A                 INFO     | >>                            run_libero_eval.py:230
                          Task: put the bowl on the stove                       
                 INFO     | >> Starting episode 5...      run_libero_eval.py:230
huggingface/tokenizers: The current process just got forked, after parallelism has already been used. Disabling parallelism to avoid deadlocks...
To disable this warning, you can either:
	- Avoid using `tokenizers` before the fork if possible
	- Explicitly set the environment variable TOKENIZERS_PARALLELISM=(true | false)
huggingface/tokenizers: The current process just got forked, after parallelism has already been used. Disabling parallelism to avoid deadlocks...
To disable this warning, you can either:
	- Avoid using `tokenizers` before the fork if possible
	- Explicitly set the environment variable TOKENIZERS_PARALLELISM=(true | false)
>> VLA-Cache inference mode
Current CUDA latency: 333.185760 ms | Average CUDA latency: 198.680018 ms, Average TFLOPs: 2.967564
>> VLA-Cache inference mode
Current CUDA latency: 353.293823 ms | Average CUDA latency: 199.086897 ms, Average TFLOPs: 2.967466
>> VLA-Cache inference mode
Current CUDA latency: 126.499969 ms | Average CUDA latency: 198.896380 ms, Average TFLOPs: 2.967307
>> VLA-Cache inference mode
Current CUDA latency: 191.956604 ms | Average CUDA latency: 198.878213 ms, Average TFLOPs: 2.967104
>> VLA-Cache inference mode
Current CUDA latency: 227.156387 ms | Average CUDA latency: 198.952046 ms, Average TFLOPs: 2.966988
>> VLA-Cache inference mode
Current CUDA latency: 124.830498 ms | Average CUDA latency: 198.759021 ms, Average TFLOPs: 2.966696
>> VLA-Cache inference mode
Current CUDA latency: 152.505478 ms | Average CUDA latency: 198.638882 ms, Average TFLOPs: 2.966223
>> VLA-Cache inference mode
Current CUDA latency: 135.868988 ms | Average CUDA latency: 198.476266 ms, Average TFLOPs: 2.965581
>> VLA-Cache inference mode
Current CUDA latency: 282.805511 ms | Average CUDA latency: 198.694171 ms, Average TFLOPs: 2.965022
>> VLA-Cache inference mode
Current CUDA latency: 111.954048 ms | Average CUDA latency: 198.470614 ms, Average TFLOPs: 2.964485
>> VLA-Cache inference mode
Current CUDA latency: 294.016266 ms | Average CUDA latency: 198.716233 ms, Average TFLOPs: 2.964112
Average time per step: 619.3617 ms, Control Frequency: 12.92 Hz, Token Reusing Ratio (Primary): 33.29 %, , Token Reusing Ratio (Wrist): 33.25 %
Saved rollout MP4 at path ./rollouts/2026_04_07/primary--2026_04_07-18_57_52--episode=25--success=True--task=put_the_bowl_on_the_stove.mp4
Saved rollout MP4 at path ./rollouts/2026_04_07/wrist--2026_04_07-18_57_52--episode=25--success=True--task=put_the_bowl_on_the_stove.mp4
04/07 [19:29:49] INFO     | >> Success: True              run_libero_eval.py:230
                 INFO     | >> # episodes completed so    run_libero_eval.py:230
                          far: 25                                               
                 INFO     | >> # successes: 24 (96.0%)    run_libero_eval.py:230

 25%|██▌       | 5/20 [05:15<15:40, 62.71s/it][A                 INFO     | >>                            run_libero_eval.py:230
                          Task: put the bowl on the stove                       
                 INFO     | >> Starting episode 6...      run_libero_eval.py:230
huggingface/tokenizers: The current process just got forked, after parallelism has already been used. Disabling parallelism to avoid deadlocks...
To disable this warning, you can either:
	- Avoid using `tokenizers` before the fork if possible
	- Explicitly set the environment variable TOKENIZERS_PARALLELISM=(true | false)
huggingface/tokenizers: The current process just got forked, after parallelism has already been used. Disabling parallelism to avoid deadlocks...
To disable this warning, you can either:
	- Avoid using `tokenizers` before the fork if possible
	- Explicitly set the environment variable TOKENIZERS_PARALLELISM=(true | false)
>> VLA-Cache inference mode
Current CUDA latency: 427.709778 ms | Average CUDA latency: 199.303396 ms, Average TFLOPs: 2.965964
>> VLA-Cache inference mode
Current CUDA latency: 357.126221 ms | Average CUDA latency: 199.707034 ms, Average TFLOPs: 2.966031
>> VLA-Cache inference mode
Current CUDA latency: 135.313187 ms | Average CUDA latency: 199.542764 ms, Average TFLOPs: 2.965952
>> VLA-Cache inference mode
Current CUDA latency: 141.609375 ms | Average CUDA latency: 199.395351 ms, Average TFLOPs: 2.965926
>> VLA-Cache inference mode
Current CUDA latency: 129.913406 ms | Average CUDA latency: 199.219001 ms, Average TFLOPs: 2.965800
>> VLA-Cache inference mode
Current CUDA latency: 184.615326 ms | Average CUDA latency: 199.182030 ms, Average TFLOPs: 2.965589
>> VLA-Cache inference mode
Current CUDA latency: 166.827393 ms | Average CUDA latency: 199.100326 ms, Average TFLOPs: 2.965231
>> VLA-Cache inference mode
Current CUDA latency: 177.001633 ms | Average CUDA latency: 199.044662 ms, Average TFLOPs: 2.964676
>> VLA-Cache inference mode
Current CUDA latency: 167.382599 ms | Average CUDA latency: 198.965109 ms, Average TFLOPs: 2.964081
>> VLA-Cache inference mode
Current CUDA latency: 386.278534 ms | Average CUDA latency: 199.434566 ms, Average TFLOPs: 2.963665
>> VLA-Cache inference mode
Current CUDA latency: 184.044800 ms | Average CUDA latency: 199.396092 ms, Average TFLOPs: 2.963310
Average time per step: 614.2688 ms, Control Frequency: 13.02 Hz, Token Reusing Ratio (Primary): 33.20 %, , Token Reusing Ratio (Wrist): 33.12 %
Saved rollout MP4 at path ./rollouts/2026_04_07/primary--2026_04_07-18_57_52--episode=26--success=True--task=put_the_bowl_on_the_stove.mp4
Saved rollout MP4 at path ./rollouts/2026_04_07/wrist--2026_04_07-18_57_52--episode=26--success=True--task=put_the_bowl_on_the_stove.mp4
04/07 [19:30:44] INFO     | >> Success: True              run_libero_eval.py:230
                 INFO     | >> # episodes completed so    run_libero_eval.py:230
                          far: 26                                               
                 INFO     | >> # successes: 25 (96.2%)    run_libero_eval.py:230

 30%|███       | 6/20 [06:10<14:03, 60.25s/it][A                 INFO     | >>                            run_libero_eval.py:230
                          Task: put the bowl on the stove                       
                 INFO     | >> Starting episode 7...      run_libero_eval.py:230
huggingface/tokenizers: The current process just got forked, after parallelism has already been used. Disabling parallelism to avoid deadlocks...
To disable this warning, you can either:
	- Avoid using `tokenizers` before the fork if possible
	- Explicitly set the environment variable TOKENIZERS_PARALLELISM=(true | false)
huggingface/tokenizers: The current process just got forked, after parallelism has already been used. Disabling parallelism to avoid deadlocks...
To disable this warning, you can either:
	- Avoid using `tokenizers` before the fork if possible
	- Explicitly set the environment variable TOKENIZERS_PARALLELISM=(true | false)
>> VLA-Cache inference mode
Current CUDA latency: 385.681793 ms | Average CUDA latency: 199.860645 ms, Average TFLOPs: 2.965114
>> VLA-Cache inference mode
Current CUDA latency: 433.923859 ms | Average CUDA latency: 200.442891 ms, Average TFLOPs: 2.965115
>> VLA-Cache inference mode
Current CUDA latency: 137.991745 ms | Average CUDA latency: 200.287926 ms, Average TFLOPs: 2.965069
>> VLA-Cache inference mode
Current CUDA latency: 200.480957 ms | Average CUDA latency: 200.288404 ms, Average TFLOPs: 2.964994
>> VLA-Cache inference mode
Current CUDA latency: 121.978783 ms | Average CUDA latency: 200.095047 ms, Average TFLOPs: 2.964834
>> VLA-Cache inference mode
Current CUDA latency: 162.973373 ms | Average CUDA latency: 200.003614 ms, Average TFLOPs: 2.964491
>> VLA-Cache inference mode
Current CUDA latency: 268.523499 ms | Average CUDA latency: 200.171967 ms, Average TFLOPs: 2.964026
>> VLA-Cache inference mode
Current CUDA latency: 204.524094 ms | Average CUDA latency: 200.182634 ms, Average TFLOPs: 2.963404
>> VLA-Cache inference mode
Current CUDA latency: 116.582047 ms | Average CUDA latency: 199.978232 ms, Average TFLOPs: 2.962844
>> VLA-Cache inference mode
Current CUDA latency: 147.619583 ms | Average CUDA latency: 199.850528 ms, Average TFLOPs: 2.962447
>> VLA-Cache inference mode
Current CUDA latency: 265.457428 ms | Average CUDA latency: 200.010155 ms, Average TFLOPs: 2.962190
Average time per step: 628.1666 ms, Control Frequency: 12.74 Hz, Token Reusing Ratio (Primary): 33.15 %, , Token Reusing Ratio (Wrist): 33.16 %
Saved rollout MP4 at path ./rollouts/2026_04_07/primary--2026_04_07-18_57_52--episode=27--success=True--task=put_the_bowl_on_the_stove.mp4
Saved rollout MP4 at path ./rollouts/2026_04_07/wrist--2026_04_07-18_57_52--episode=27--success=True--task=put_the_bowl_on_the_stove.mp4
04/07 [19:31:47] INFO     | >> Success: True              run_libero_eval.py:230
                 INFO     | >> # episodes completed so    run_libero_eval.py:230
                          far: 27                                               
                 INFO     | >> # successes: 26 (96.3%)    run_libero_eval.py:230

 35%|███▌      | 7/20 [07:12<13:11, 60.86s/it][A                 INFO     | >>                            run_libero_eval.py:230
                          Task: put the bowl on the stove                       
                 INFO     | >> Starting episode 8...      run_libero_eval.py:230
huggingface/tokenizers: The current process just got forked, after parallelism has already been used. Disabling parallelism to avoid deadlocks...
To disable this warning, you can either:
	- Avoid using `tokenizers` before the fork if possible
	- Explicitly set the environment variable TOKENIZERS_PARALLELISM=(true | false)
huggingface/tokenizers: The current process just got forked, after parallelism has already been used. Disabling parallelism to avoid deadlocks...
To disable this warning, you can either:
	- Avoid using `tokenizers` before the fork if possible
	- Explicitly set the environment variable TOKENIZERS_PARALLELISM=(true | false)
>> VLA-Cache inference mode
Current CUDA latency: 354.553192 ms | Average CUDA latency: 200.385260 ms, Average TFLOPs: 2.963948
>> VLA-Cache inference mode
Current CUDA latency: 266.085876 ms | Average CUDA latency: 200.544341 ms, Average TFLOPs: 2.963851
>> VLA-Cache inference mode
Current CUDA latency: 128.723038 ms | Average CUDA latency: 200.370860 ms, Average TFLOPs: 2.963752
>> VLA-Cache inference mode
Current CUDA latency: 154.164444 ms | Average CUDA latency: 200.259519 ms, Average TFLOPs: 2.963744
>> VLA-Cache inference mode
Current CUDA latency: 166.453018 ms | Average CUDA latency: 200.178254 ms, Average TFLOPs: 2.963532
>> VLA-Cache inference mode
Current CUDA latency: 138.041977 ms | Average CUDA latency: 200.029246 ms, Average TFLOPs: 2.963230
>> VLA-Cache inference mode
Current CUDA latency: 108.297600 ms | Average CUDA latency: 199.809792 ms, Average TFLOPs: 2.962661
>> VLA-Cache inference mode
Current CUDA latency: 106.743423 ms | Average CUDA latency: 199.587677 ms, Average TFLOPs: 2.962187
>> VLA-Cache inference mode
Current CUDA latency: 104.977661 ms | Average CUDA latency: 199.362415 ms, Average TFLOPs: 2.961709
>> VLA-Cache inference mode
Current CUDA latency: 101.224220 ms | Average CUDA latency: 199.129307 ms, Average TFLOPs: 2.961288
>> VLA-Cache inference mode
Current CUDA latency: 114.183968 ms | Average CUDA latency: 198.928015 ms, Average TFLOPs: 2.961078
Average time per step: 625.7760 ms, Control Frequency: 12.78 Hz, Token Reusing Ratio (Primary): 33.10 %, , Token Reusing Ratio (Wrist): 33.19 %
Saved rollout MP4 at path ./rollouts/2026_04_07/primary--2026_04_07-18_57_52--episode=28--success=True--task=put_the_bowl_on_the_stove.mp4
Saved rollout MP4 at path ./rollouts/2026_04_07/wrist--2026_04_07-18_57_52--episode=28--success=True--task=put_the_bowl_on_the_stove.mp4
04/07 [19:32:40] INFO     | >> Success: True              run_libero_eval.py:230
                 INFO     | >> # episodes completed so    run_libero_eval.py:230
                          far: 28                                               
                 INFO     | >> # successes: 27 (96.4%)    run_libero_eval.py:230

 40%|████      | 8/20 [08:05<11:40, 58.39s/it][A                 INFO     | >>                            run_libero_eval.py:230
                          Task: put the bowl on the stove                       
                 INFO     | >> Starting episode 9...      run_libero_eval.py:230
huggingface/tokenizers: The current process just got forked, after parallelism has already been used. Disabling parallelism to avoid deadlocks...
To disable this warning, you can either:
	- Avoid using `tokenizers` before the fork if possible
	- Explicitly set the environment variable TOKENIZERS_PARALLELISM=(true | false)
huggingface/tokenizers: The current process just got forked, after parallelism has already been used. Disabling parallelism to avoid deadlocks...
To disable this warning, you can either:
	- Avoid using `tokenizers` before the fork if possible
	- Explicitly set the environment variable TOKENIZERS_PARALLELISM=(true | false)
>> VLA-Cache inference mode
Current CUDA latency: 323.575623 ms | Average CUDA latency: 199.222690 ms, Average TFLOPs: 2.962793
>> VLA-Cache inference mode
Current CUDA latency: 360.096466 ms | Average CUDA latency: 199.602109 ms, Average TFLOPs: 2.962761
>> VLA-Cache inference mode
Current CUDA latency: 134.076263 ms | Average CUDA latency: 199.447931 ms, Average TFLOPs: 2.962752
>> VLA-Cache inference mode
Current CUDA latency: 124.295456 ms | Average CUDA latency: 199.271517 ms, Average TFLOPs: 2.962648
>> VLA-Cache inference mode
Current CUDA latency: 119.989120 ms | Average CUDA latency: 199.085844 ms, Average TFLOPs: 2.962479
>> VLA-Cache inference mode
Current CUDA latency: 119.254272 ms | Average CUDA latency: 198.899321 ms, Average TFLOPs: 2.962140
>> VLA-Cache inference mode
Current CUDA latency: 108.813347 ms | Average CUDA latency: 198.689331 ms, Average TFLOPs: 2.961796
>> VLA-Cache inference mode
Current CUDA latency: 284.803223 ms | Average CUDA latency: 198.889596 ms, Average TFLOPs: 2.961220
>> VLA-Cache inference mode
Current CUDA latency: 197.080322 ms | Average CUDA latency: 198.885398 ms, Average TFLOPs: 2.960783
>> VLA-Cache inference mode
Current CUDA latency: 131.120163 ms | Average CUDA latency: 198.728534 ms, Average TFLOPs: 2.960432
>> VLA-Cache inference mode
Current CUDA latency: 164.426086 ms | Average CUDA latency: 198.649313 ms, Average TFLOPs: 2.960103
>> VLA-Cache inference mode
Current CUDA latency: 200.234695 ms | Average CUDA latency: 198.652966 ms, Average TFLOPs: 2.959900
Average time per step: 624.0094 ms, Control Frequency: 12.82 Hz, Token Reusing Ratio (Primary): 33.17 %, , Token Reusing Ratio (Wrist): 33.17 %
Saved rollout MP4 at path ./rollouts/2026_04_07/primary--2026_04_07-18_57_52--episode=29--success=True--task=put_the_bowl_on_the_stove.mp4
Saved rollout MP4 at path ./rollouts/2026_04_07/wrist--2026_04_07-18_57_52--episode=29--success=True--task=put_the_bowl_on_the_stove.mp4
04/07 [19:33:38] INFO     | >> Success: True              run_libero_eval.py:230
                 INFO     | >> # episodes completed so    run_libero_eval.py:230
                          far: 29                                               
                 INFO     | >> # successes: 28 (96.6%)    run_libero_eval.py:230

 45%|████▌     | 9/20 [09:04<10:42, 58.37s/it][A                 INFO     | >>                            run_libero_eval.py:230
                          Task: put the bowl on the stove                       
                 INFO     | >> Starting episode 10...     run_libero_eval.py:230
huggingface/tokenizers: The current process just got forked, after parallelism has already been used. Disabling parallelism to avoid deadlocks...
To disable this warning, you can either:
	- Avoid using `tokenizers` before the fork if possible
	- Explicitly set the environment variable TOKENIZERS_PARALLELISM=(true | false)
huggingface/tokenizers: The current process just got forked, after parallelism has already been used. Disabling parallelism to avoid deadlocks...
To disable this warning, you can either:
	- Avoid using `tokenizers` before the fork if possible
	- Explicitly set the environment variable TOKENIZERS_PARALLELISM=(true | false)
>> VLA-Cache inference mode
Current CUDA latency: 339.735382 ms | Average CUDA latency: 198.977294 ms, Average TFLOPs: 2.961571
>> VLA-Cache inference mode
Current CUDA latency: 365.054169 ms | Average CUDA latency: 199.358204 ms, Average TFLOPs: 2.961602
>> VLA-Cache inference mode
Current CUDA latency: 111.911743 ms | Average CUDA latency: 199.158098 ms, Average TFLOPs: 2.961592
>> VLA-Cache inference mode
Current CUDA latency: 293.432770 ms | Average CUDA latency: 199.373337 ms, Average TFLOPs: 2.961578
>> VLA-Cache inference mode
Current CUDA latency: 131.661728 ms | Average CUDA latency: 199.219096 ms, Average TFLOPs: 2.961384
>> VLA-Cache inference mode
Current CUDA latency: 221.469498 ms | Average CUDA latency: 199.269665 ms, Average TFLOPs: 2.961156
>> VLA-Cache inference mode
Current CUDA latency: 149.940643 ms | Average CUDA latency: 199.157808 ms, Average TFLOPs: 2.960676
>> VLA-Cache inference mode
Current CUDA latency: 125.732544 ms | Average CUDA latency: 198.991687 ms, Average TFLOPs: 2.960312
>> VLA-Cache inference mode
Current CUDA latency: 132.637466 ms | Average CUDA latency: 198.841904 ms, Average TFLOPs: 2.959890
>> VLA-Cache inference mode
Current CUDA latency: 106.420738 ms | Average CUDA latency: 198.633748 ms, Average TFLOPs: 2.959601
>> VLA-Cache inference mode
Current CUDA latency: 163.731644 ms | Average CUDA latency: 198.555316 ms, Average TFLOPs: 2.959404
Average time per step: 627.8769 ms, Control Frequency: 12.74 Hz, Token Reusing Ratio (Primary): 33.06 %, , Token Reusing Ratio (Wrist): 33.15 %
Saved rollout MP4 at path ./rollouts/2026_04_07/primary--2026_04_07-18_57_52--episode=30--success=True--task=put_the_bowl_on_the_stove.mp4
Saved rollout MP4 at path ./rollouts/2026_04_07/wrist--2026_04_07-18_57_52--episode=30--success=True--task=put_the_bowl_on_the_stove.mp4
04/07 [19:34:38] INFO     | >> Success: True              run_libero_eval.py:230
                 INFO     | >> # episodes completed so    run_libero_eval.py:230
                          far: 30                                               
                 INFO     | >> # successes: 29 (96.7%)    run_libero_eval.py:230

 50%|█████     | 10/20 [10:04<09:48, 58.89s/it][A                 INFO     | >>                            run_libero_eval.py:230
                          Task: put the bowl on the stove                       
                 INFO     | >> Starting episode 11...     run_libero_eval.py:230
huggingface/tokenizers: The current process just got forked, after parallelism has already been used. Disabling parallelism to avoid deadlocks...
To disable this warning, you can either:
	- Avoid using `tokenizers` before the fork if possible
	- Explicitly set the environment variable TOKENIZERS_PARALLELISM=(true | false)
huggingface/tokenizers: The current process just got forked, after parallelism has already been used. Disabling parallelism to avoid deadlocks...
To disable this warning, you can either:
	- Avoid using `tokenizers` before the fork if possible
	- Explicitly set the environment variable TOKENIZERS_PARALLELISM=(true | false)
>> VLA-Cache inference mode
Current CUDA latency: 398.959747 ms | Average CUDA latency: 199.004653 ms, Average TFLOPs: 2.961035
>> VLA-Cache inference mode
Current CUDA latency: 273.016083 ms | Average CUDA latency: 199.170227 ms, Average TFLOPs: 2.961043
>> VLA-Cache inference mode
Current CUDA latency: 110.238014 ms | Average CUDA latency: 198.971718 ms, Average TFLOPs: 2.961071
>> VLA-Cache inference mode
Current CUDA latency: 266.975037 ms | Average CUDA latency: 199.123173 ms, Average TFLOPs: 2.961033
>> VLA-Cache inference mode
Current CUDA latency: 116.325790 ms | Average CUDA latency: 198.939179 ms, Average TFLOPs: 2.960820
>> VLA-Cache inference mode
Current CUDA latency: 284.245300 ms | Average CUDA latency: 199.128327 ms, Average TFLOPs: 2.960419
>> VLA-Cache inference mode
Current CUDA latency: 138.630173 ms | Average CUDA latency: 198.994482 ms, Average TFLOPs: 2.960006
>> VLA-Cache inference mode
Current CUDA latency: 158.803970 ms | Average CUDA latency: 198.905761 ms, Average TFLOPs: 2.959592
>> VLA-Cache inference mode
Current CUDA latency: 194.210587 ms | Average CUDA latency: 198.895419 ms, Average TFLOPs: 2.959098
>> VLA-Cache inference mode
Current CUDA latency: 476.776459 ms | Average CUDA latency: 199.506147 ms, Average TFLOPs: 2.958768
>> VLA-Cache inference mode
Current CUDA latency: 172.819580 ms | Average CUDA latency: 199.447624 ms, Average TFLOPs: 2.958524
Average time per step: 628.8549 ms, Control Frequency: 12.72 Hz, Token Reusing Ratio (Primary): 33.03 %, , Token Reusing Ratio (Wrist): 33.13 %
Saved rollout MP4 at path ./rollouts/2026_04_07/primary--2026_04_07-18_57_52--episode=31--success=True--task=put_the_bowl_on_the_stove.mp4
Saved rollout MP4 at path ./rollouts/2026_04_07/wrist--2026_04_07-18_57_52--episode=31--success=True--task=put_the_bowl_on_the_stove.mp4
04/07 [19:35:39] INFO     | >> Success: True              run_libero_eval.py:230
                 INFO     | >> # episodes completed so    run_libero_eval.py:230
                          far: 31                                               
                 INFO     | >> # successes: 30 (96.8%)    run_libero_eval.py:230

 55%|█████▌    | 11/20 [11:05<08:56, 59.59s/it][A                 INFO     | >>                            run_libero_eval.py:230
                          Task: put the bowl on the stove                       
                 INFO     | >> Starting episode 12...     run_libero_eval.py:230
huggingface/tokenizers: The current process just got forked, after parallelism has already been used. Disabling parallelism to avoid deadlocks...
To disable this warning, you can either:
	- Avoid using `tokenizers` before the fork if possible
	- Explicitly set the environment variable TOKENIZERS_PARALLELISM=(true | false)
huggingface/tokenizers: The current process just got forked, after parallelism has already been used. Disabling parallelism to avoid deadlocks...
To disable this warning, you can either:
	- Avoid using `tokenizers` before the fork if possible
	- Explicitly set the environment variable TOKENIZERS_PARALLELISM=(true | false)
>> VLA-Cache inference mode
Current CUDA latency: 515.411377 ms | Average CUDA latency: 200.139010 ms, Average TFLOPs: 2.960118
>> VLA-Cache inference mode
Current CUDA latency: 354.382568 ms | Average CUDA latency: 200.475787 ms, Average TFLOPs: 2.960139
>> VLA-Cache inference mode
Current CUDA latency: 124.423584 ms | Average CUDA latency: 200.310096 ms, Average TFLOPs: 2.960084
>> VLA-Cache inference mode
Current CUDA latency: 116.255745 ms | Average CUDA latency: 200.127369 ms, Average TFLOPs: 2.960039
>> VLA-Cache inference mode
Current CUDA latency: 106.613182 ms | Average CUDA latency: 199.924518 ms, Average TFLOPs: 2.959819
>> VLA-Cache inference mode
Current CUDA latency: 234.770462 ms | Average CUDA latency: 199.999942 ms, Average TFLOPs: 2.959503
>> VLA-Cache inference mode
Current CUDA latency: 181.710114 ms | Average CUDA latency: 199.960439 ms, Average TFLOPs: 2.959081
>> VLA-Cache inference mode
Current CUDA latency: 143.226944 ms | Average CUDA latency: 199.838169 ms, Average TFLOPs: 2.958622
>> VLA-Cache inference mode
Current CUDA latency: 151.911911 ms | Average CUDA latency: 199.735102 ms, Average TFLOPs: 2.958269
>> VLA-Cache inference mode
Current CUDA latency: 317.092957 ms | Average CUDA latency: 199.986943 ms, Average TFLOPs: 2.957971
>> VLA-Cache inference mode
Current CUDA latency: 170.908997 ms | Average CUDA latency: 199.924677 ms, Average TFLOPs: 2.957795
>> VLA-Cache inference mode
Current CUDA latency: 107.881630 ms | Average CUDA latency: 199.728004 ms, Average TFLOPs: 2.957559
Average time per step: 630.4310 ms, Control Frequency: 12.69 Hz, Token Reusing Ratio (Primary): 33.06 %, , Token Reusing Ratio (Wrist): 33.11 %
Saved rollout MP4 at path ./rollouts/2026_04_07/primary--2026_04_07-18_57_52--episode=32--success=True--task=put_the_bowl_on_the_stove.mp4
Saved rollout MP4 at path ./rollouts/2026_04_07/wrist--2026_04_07-18_57_52--episode=32--success=True--task=put_the_bowl_on_the_stove.mp4
04/07 [19:36:46] INFO     | >> Success: True              run_libero_eval.py:230
                 INFO     | >> # episodes completed so    run_libero_eval.py:230
                          far: 32                                               
                 INFO     | >> # successes: 31 (96.9%)    run_libero_eval.py:230

 60%|██████    | 12/20 [12:12<08:14, 61.75s/it][A                 INFO     | >>                            run_libero_eval.py:230
                          Task: put the bowl on the stove                       
                 INFO     | >> Starting episode 13...     run_libero_eval.py:230
huggingface/tokenizers: The current process just got forked, after parallelism has already been used. Disabling parallelism to avoid deadlocks...
To disable this warning, you can either:
	- Avoid using `tokenizers` before the fork if possible
	- Explicitly set the environment variable TOKENIZERS_PARALLELISM=(true | false)
huggingface/tokenizers: The current process just got forked, after parallelism has already been used. Disabling parallelism to avoid deadlocks...
To disable this warning, you can either:
	- Avoid using `tokenizers` before the fork if possible
	- Explicitly set the environment variable TOKENIZERS_PARALLELISM=(true | false)
>> VLA-Cache inference mode
Current CUDA latency: 483.743744 ms | Average CUDA latency: 200.333581 ms, Average TFLOPs: 2.959114
>> VLA-Cache inference mode
Current CUDA latency: 401.433411 ms | Average CUDA latency: 200.761453 ms, Average TFLOPs: 2.959209
>> VLA-Cache inference mode
Current CUDA latency: 123.171776 ms | Average CUDA latency: 200.596719 ms, Average TFLOPs: 2.959206
>> VLA-Cache inference mode
Current CUDA latency: 117.151939 ms | Average CUDA latency: 200.419930 ms, Average TFLOPs: 2.959235
>> VLA-Cache inference mode
Current CUDA latency: 135.483521 ms | Average CUDA latency: 200.282643 ms, Average TFLOPs: 2.959047
>> VLA-Cache inference mode
Current CUDA latency: 121.324669 ms | Average CUDA latency: 200.116065 ms, Average TFLOPs: 2.958894
>> VLA-Cache inference mode
Current CUDA latency: 157.425858 ms | Average CUDA latency: 200.026191 ms, Average TFLOPs: 2.958634
>> VLA-Cache inference mode
Current CUDA latency: 174.637115 ms | Average CUDA latency: 199.972853 ms, Average TFLOPs: 2.958329
>> VLA-Cache inference mode
Current CUDA latency: 444.554688 ms | Average CUDA latency: 200.485603 ms, Average TFLOPs: 2.957978
>> VLA-Cache inference mode
Current CUDA latency: 132.329956 ms | Average CUDA latency: 200.343018 ms, Average TFLOPs: 2.957471
>> VLA-Cache inference mode
Current CUDA latency: 102.330399 ms | Average CUDA latency: 200.138399 ms, Average TFLOPs: 2.957104
>> VLA-Cache inference mode
Current CUDA latency: 141.054428 ms | Average CUDA latency: 200.015307 ms, Average TFLOPs: 2.956924
Average time per step: 629.7040 ms, Control Frequency: 12.70 Hz, Token Reusing Ratio (Primary): 32.99 %, , Token Reusing Ratio (Wrist): 33.13 %
Saved rollout MP4 at path ./rollouts/2026_04_07/primary--2026_04_07-18_57_52--episode=33--success=True--task=put_the_bowl_on_the_stove.mp4
Saved rollout MP4 at path ./rollouts/2026_04_07/wrist--2026_04_07-18_57_52--episode=33--success=True--task=put_the_bowl_on_the_stove.mp4
04/07 [19:37:49] INFO     | >> Success: True              run_libero_eval.py:230
                 INFO     | >> # episodes completed so    run_libero_eval.py:230
                          far: 33                                               
                 INFO     | >> # successes: 32 (97.0%)    run_libero_eval.py:230

 65%|██████▌   | 13/20 [13:14<07:14, 62.05s/it][A                 INFO     | >>                            run_libero_eval.py:230
                          Task: put the bowl on the stove                       
                 INFO     | >> Starting episode 14...     run_libero_eval.py:230
huggingface/tokenizers: The current process just got forked, after parallelism has already been used. Disabling parallelism to avoid deadlocks...
To disable this warning, you can either:
	- Avoid using `tokenizers` before the fork if possible
	- Explicitly set the environment variable TOKENIZERS_PARALLELISM=(true | false)
huggingface/tokenizers: The current process just got forked, after parallelism has already been used. Disabling parallelism to avoid deadlocks...
To disable this warning, you can either:
	- Avoid using `tokenizers` before the fork if possible
	- Explicitly set the environment variable TOKENIZERS_PARALLELISM=(true | false)
>> VLA-Cache inference mode
Current CUDA latency: 456.465668 ms | Average CUDA latency: 200.548468 ms, Average TFLOPs: 2.958441
>> VLA-Cache inference mode
Current CUDA latency: 351.332581 ms | Average CUDA latency: 200.861298 ms, Average TFLOPs: 2.958512
>> VLA-Cache inference mode
Current CUDA latency: 123.778046 ms | Average CUDA latency: 200.701705 ms, Average TFLOPs: 2.958396
>> VLA-Cache inference mode
Current CUDA latency: 110.829346 ms | Average CUDA latency: 200.516019 ms, Average TFLOPs: 2.958303
>> VLA-Cache inference mode
Current CUDA latency: 119.916100 ms | Average CUDA latency: 200.349833 ms, Average TFLOPs: 2.958075
>> VLA-Cache inference mode
Current CUDA latency: 166.424225 ms | Average CUDA latency: 200.280027 ms, Average TFLOPs: 2.957731
>> VLA-Cache inference mode
Current CUDA latency: 223.806656 ms | Average CUDA latency: 200.328337 ms, Average TFLOPs: 2.957362
>> VLA-Cache inference mode
Current CUDA latency: 135.577606 ms | Average CUDA latency: 200.195651 ms, Average TFLOPs: 2.956969
>> VLA-Cache inference mode
Current CUDA latency: 226.919586 ms | Average CUDA latency: 200.250301 ms, Average TFLOPs: 2.956462
>> VLA-Cache inference mode
Current CUDA latency: 125.172798 ms | Average CUDA latency: 200.097082 ms, Average TFLOPs: 2.956123
>> VLA-Cache inference mode
Current CUDA latency: 327.470490 ms | Average CUDA latency: 200.356498 ms, Average TFLOPs: 2.955826
Average time per step: 630.0721 ms, Control Frequency: 12.70 Hz, Token Reusing Ratio (Primary): 33.12 %, , Token Reusing Ratio (Wrist): 33.14 %
Saved rollout MP4 at path ./rollouts/2026_04_07/primary--2026_04_07-18_57_52--episode=34--success=True--task=put_the_bowl_on_the_stove.mp4
Saved rollout MP4 at path ./rollouts/2026_04_07/wrist--2026_04_07-18_57_52--episode=34--success=True--task=put_the_bowl_on_the_stove.mp4
04/07 [19:38:52] INFO     | >> Success: True              run_libero_eval.py:230
                 INFO     | >> # episodes completed so    run_libero_eval.py:230
                          far: 34                                               
                 INFO     | >> # successes: 33 (97.1%)    run_libero_eval.py:230

 70%|███████   | 14/20 [14:18<06:14, 62.39s/it][A                 INFO     | >>                            run_libero_eval.py:230
                          Task: put the bowl on the stove                       
                 INFO     | >> Starting episode 15...     run_libero_eval.py:230
huggingface/tokenizers: The current process just got forked, after parallelism has already been used. Disabling parallelism to avoid deadlocks...
To disable this warning, you can either:
	- Avoid using `tokenizers` before the fork if possible
	- Explicitly set the environment variable TOKENIZERS_PARALLELISM=(true | false)
huggingface/tokenizers: The current process just got forked, after parallelism has already been used. Disabling parallelism to avoid deadlocks...
To disable this warning, you can either:
	- Avoid using `tokenizers` before the fork if possible
	- Explicitly set the environment variable TOKENIZERS_PARALLELISM=(true | false)
>> VLA-Cache inference mode
Current CUDA latency: 598.480347 ms | Average CUDA latency: 201.165693 ms, Average TFLOPs: 2.957311
>> VLA-Cache inference mode
Current CUDA latency: 335.787659 ms | Average CUDA latency: 201.438760 ms, Average TFLOPs: 2.957269
>> VLA-Cache inference mode
Current CUDA latency: 160.734467 ms | Average CUDA latency: 201.356362 ms, Average TFLOPs: 2.957327
>> VLA-Cache inference mode
Current CUDA latency: 243.926468 ms | Average CUDA latency: 201.442362 ms, Average TFLOPs: 2.957361
>> VLA-Cache inference mode
Current CUDA latency: 184.926620 ms | Average CUDA latency: 201.409065 ms, Average TFLOPs: 2.957237
>> VLA-Cache inference mode
Current CUDA latency: 115.155556 ms | Average CUDA latency: 201.235516 ms, Average TFLOPs: 2.957012
>> VLA-Cache inference mode
Current CUDA latency: 129.450882 ms | Average CUDA latency: 201.091370 ms, Average TFLOPs: 2.956671
>> VLA-Cache inference mode
Current CUDA latency: 102.054817 ms | Average CUDA latency: 200.892900 ms, Average TFLOPs: 2.956282
>> VLA-Cache inference mode
Current CUDA latency: 131.683075 ms | Average CUDA latency: 200.754481 ms, Average TFLOPs: 2.955853
>> VLA-Cache inference mode
Current CUDA latency: 168.356216 ms | Average CUDA latency: 200.689814 ms, Average TFLOPs: 2.955495
>> VLA-Cache inference mode
Current CUDA latency: 342.161591 ms | Average CUDA latency: 200.971630 ms, Average TFLOPs: 2.955293
Average time per step: 629.1915 ms, Control Frequency: 12.71 Hz, Token Reusing Ratio (Primary): 33.09 %, , Token Reusing Ratio (Wrist): 33.10 %
Saved rollout MP4 at path ./rollouts/2026_04_07/primary--2026_04_07-18_57_52--episode=35--success=True--task=put_the_bowl_on_the_stove.mp4
Saved rollout MP4 at path ./rollouts/2026_04_07/wrist--2026_04_07-18_57_52--episode=35--success=True--task=put_the_bowl_on_the_stove.mp4
04/07 [19:39:48] INFO     | >> Success: True              run_libero_eval.py:230
                 INFO     | >> # episodes completed so    run_libero_eval.py:230
                          far: 35                                               
                 INFO     | >> # successes: 34 (97.1%)    run_libero_eval.py:230

 75%|███████▌  | 15/20 [15:14<05:02, 60.53s/it][A                 INFO     | >>                            run_libero_eval.py:230
                          Task: put the bowl on the stove                       
                 INFO     | >> Starting episode 16...     run_libero_eval.py:230
huggingface/tokenizers: The current process just got forked, after parallelism has already been used. Disabling parallelism to avoid deadlocks...
To disable this warning, you can either:
	- Avoid using `tokenizers` before the fork if possible
	- Explicitly set the environment variable TOKENIZERS_PARALLELISM=(true | false)
huggingface/tokenizers: The current process just got forked, after parallelism has already been used. Disabling parallelism to avoid deadlocks...
To disable this warning, you can either:
	- Avoid using `tokenizers` before the fork if possible
	- Explicitly set the environment variable TOKENIZERS_PARALLELISM=(true | false)
>> VLA-Cache inference mode
Current CUDA latency: 370.286743 ms | Average CUDA latency: 201.308240 ms, Average TFLOPs: 2.956747
>> VLA-Cache inference mode
Current CUDA latency: 252.785248 ms | Average CUDA latency: 201.410377 ms, Average TFLOPs: 2.956718
>> VLA-Cache inference mode
Current CUDA latency: 130.306366 ms | Average CUDA latency: 201.269577 ms, Average TFLOPs: 2.956634
>> VLA-Cache inference mode
Current CUDA latency: 116.903267 ms | Average CUDA latency: 201.102845 ms, Average TFLOPs: 2.956640
>> VLA-Cache inference mode
Current CUDA latency: 114.345314 ms | Average CUDA latency: 200.931726 ms, Average TFLOPs: 2.956501
>> VLA-Cache inference mode
Current CUDA latency: 231.105530 ms | Average CUDA latency: 200.991123 ms, Average TFLOPs: 2.956292
>> VLA-Cache inference mode
Current CUDA latency: 207.439911 ms | Average CUDA latency: 201.003793 ms, Average TFLOPs: 2.956083
>> VLA-Cache inference mode
Current CUDA latency: 146.743195 ms | Average CUDA latency: 200.897400 ms, Average TFLOPs: 2.955586
>> VLA-Cache inference mode
Current CUDA latency: 112.303520 ms | Average CUDA latency: 200.724026 ms, Average TFLOPs: 2.955162
>> VLA-Cache inference mode
Current CUDA latency: 112.747139 ms | Average CUDA latency: 200.552196 ms, Average TFLOPs: 2.954939
>> VLA-Cache inference mode
Current CUDA latency: 126.616096 ms | Average CUDA latency: 200.408071 ms, Average TFLOPs: 2.954707
>> VLA-Cache inference mode
Current CUDA latency: 302.746765 ms | Average CUDA latency: 200.607174 ms, Average TFLOPs: 2.954525
Average time per step: 629.9633 ms, Control Frequency: 12.70 Hz, Token Reusing Ratio (Primary): 33.11 %, , Token Reusing Ratio (Wrist): 33.11 %
Saved rollout MP4 at path ./rollouts/2026_04_07/primary--2026_04_07-18_57_52--episode=36--success=True--task=put_the_bowl_on_the_stove.mp4
Saved rollout MP4 at path ./rollouts/2026_04_07/wrist--2026_04_07-18_57_52--episode=36--success=True--task=put_the_bowl_on_the_stove.mp4
04/07 [19:40:53] INFO     | >> Success: True              run_libero_eval.py:230
                 INFO     | >> # episodes completed so    run_libero_eval.py:230
                          far: 36                                               
                 INFO     | >> # successes: 35 (97.2%)    run_libero_eval.py:230

 80%|████████  | 16/20 [16:18<04:07, 61.78s/it][A                 INFO     | >>                            run_libero_eval.py:230
                          Task: put the bowl on the stove                       
                 INFO     | >> Starting episode 17...     run_libero_eval.py:230
huggingface/tokenizers: The current process just got forked, after parallelism has already been used. Disabling parallelism to avoid deadlocks...
To disable this warning, you can either:
	- Avoid using `tokenizers` before the fork if possible
	- Explicitly set the environment variable TOKENIZERS_PARALLELISM=(true | false)
huggingface/tokenizers: The current process just got forked, after parallelism has already been used. Disabling parallelism to avoid deadlocks...
To disable this warning, you can either:
	- Avoid using `tokenizers` before the fork if possible
	- Explicitly set the environment variable TOKENIZERS_PARALLELISM=(true | false)
>> VLA-Cache inference mode
Current CUDA latency: 486.181000 ms | Average CUDA latency: 201.161686 ms, Average TFLOPs: 2.955947
>> VLA-Cache inference mode
Current CUDA latency: 296.440216 ms | Average CUDA latency: 201.346334 ms, Average TFLOPs: 2.956006
>> VLA-Cache inference mode
Current CUDA latency: 131.713821 ms | Average CUDA latency: 201.211649 ms, Average TFLOPs: 2.956011
>> VLA-Cache inference mode
Current CUDA latency: 115.133598 ms | Average CUDA latency: 201.045475 ms, Average TFLOPs: 2.955912
>> VLA-Cache inference mode
Current CUDA latency: 144.563934 ms | Average CUDA latency: 200.936647 ms, Average TFLOPs: 2.955757
>> VLA-Cache inference mode
Current CUDA latency: 226.956039 ms | Average CUDA latency: 200.986684 ms, Average TFLOPs: 2.955421
>> VLA-Cache inference mode
Current CUDA latency: 137.186630 ms | Average CUDA latency: 200.864227 ms, Average TFLOPs: 2.955044
>> VLA-Cache inference mode
Current CUDA latency: 112.716995 ms | Average CUDA latency: 200.695363 ms, Average TFLOPs: 2.954635
>> VLA-Cache inference mode
Current CUDA latency: 118.035873 ms | Average CUDA latency: 200.537314 ms, Average TFLOPs: 2.954295
>> VLA-Cache inference mode
Current CUDA latency: 349.585449 ms | Average CUDA latency: 200.821757 ms, Average TFLOPs: 2.954074
>> VLA-Cache inference mode
Current CUDA latency: 223.258499 ms | Average CUDA latency: 200.864494 ms, Average TFLOPs: 2.953949
Average time per step: 632.4719 ms, Control Frequency: 12.65 Hz, Token Reusing Ratio (Primary): 33.08 %, , Token Reusing Ratio (Wrist): 33.10 %
Saved rollout MP4 at path ./rollouts/2026_04_07/primary--2026_04_07-18_57_52--episode=37--success=True--task=put_the_bowl_on_the_stove.mp4
Saved rollout MP4 at path ./rollouts/2026_04_07/wrist--2026_04_07-18_57_52--episode=37--success=True--task=put_the_bowl_on_the_stove.mp4
04/07 [19:41:52] INFO     | >> Success: True              run_libero_eval.py:230
                 INFO     | >> # episodes completed so    run_libero_eval.py:230
                          far: 37                                               
                 INFO     | >> # successes: 36 (97.3%)    run_libero_eval.py:230

 85%|████████▌ | 17/20 [17:18<03:03, 61.04s/it][A                 INFO     | >>                            run_libero_eval.py:230
                          Task: put the bowl on the stove                       
                 INFO     | >> Starting episode 18...     run_libero_eval.py:230
huggingface/tokenizers: The current process just got forked, after parallelism has already been used. Disabling parallelism to avoid deadlocks...
To disable this warning, you can either:
	- Avoid using `tokenizers` before the fork if possible
	- Explicitly set the environment variable TOKENIZERS_PARALLELISM=(true | false)
huggingface/tokenizers: The current process just got forked, after parallelism has already been used. Disabling parallelism to avoid deadlocks...
To disable this warning, you can either:
	- Avoid using `tokenizers` before the fork if possible
	- Explicitly set the environment variable TOKENIZERS_PARALLELISM=(true | false)
>> VLA-Cache inference mode
Current CUDA latency: 430.222656 ms | Average CUDA latency: 201.300536 ms, Average TFLOPs: 2.955342
>> VLA-Cache inference mode
Current CUDA latency: 354.555695 ms | Average CUDA latency: 201.591343 ms, Average TFLOPs: 2.955391
>> VLA-Cache inference mode
Current CUDA latency: 132.423035 ms | Average CUDA latency: 201.460342 ms, Average TFLOPs: 2.955363
>> VLA-Cache inference mode
Current CUDA latency: 126.894653 ms | Average CUDA latency: 201.319386 ms, Average TFLOPs: 2.955343
>> VLA-Cache inference mode
Current CUDA latency: 108.320259 ms | Average CUDA latency: 201.143916 ms, Average TFLOPs: 2.955292
>> VLA-Cache inference mode
Current CUDA latency: 135.872955 ms | Average CUDA latency: 201.020995 ms, Average TFLOPs: 2.955059
>> VLA-Cache inference mode
Current CUDA latency: 192.395737 ms | Average CUDA latency: 201.004783 ms, Average TFLOPs: 2.954718
>> VLA-Cache inference mode
Current CUDA latency: 226.187546 ms | Average CUDA latency: 201.052030 ms, Average TFLOPs: 2.954344
>> VLA-Cache inference mode
Current CUDA latency: 107.772797 ms | Average CUDA latency: 200.877350 ms, Average TFLOPs: 2.953920
>> VLA-Cache inference mode
Current CUDA latency: 104.766563 ms | Average CUDA latency: 200.697703 ms, Average TFLOPs: 2.953450
>> VLA-Cache inference mode
Current CUDA latency: 111.625824 ms | Average CUDA latency: 200.531524 ms, Average TFLOPs: 2.953148
>> VLA-Cache inference mode
Current CUDA latency: 215.508102 ms | Average CUDA latency: 200.559414 ms, Average TFLOPs: 2.952970
Average time per step: 631.5230 ms, Control Frequency: 12.67 Hz, Token Reusing Ratio (Primary): 33.11 %, , Token Reusing Ratio (Wrist): 33.09 %
Saved rollout MP4 at path ./rollouts/2026_04_07/primary--2026_04_07-18_57_52--episode=38--success=True--task=put_the_bowl_on_the_stove.mp4
Saved rollout MP4 at path ./rollouts/2026_04_07/wrist--2026_04_07-18_57_52--episode=38--success=True--task=put_the_bowl_on_the_stove.mp4
04/07 [19:42:54] INFO     | >> Success: True              run_libero_eval.py:230
                 INFO     | >> # episodes completed so    run_libero_eval.py:230
                          far: 38                                               
                 INFO     | >> # successes: 37 (97.4%)    run_libero_eval.py:230

 90%|█████████ | 18/20 [18:20<02:02, 61.43s/it][A                 INFO     | >>                            run_libero_eval.py:230
                          Task: put the bowl on the stove                       
                 INFO     | >> Starting episode 19...     run_libero_eval.py:230
huggingface/tokenizers: The current process just got forked, after parallelism has already been used. Disabling parallelism to avoid deadlocks...
To disable this warning, you can either:
	- Avoid using `tokenizers` before the fork if possible
	- Explicitly set the environment variable TOKENIZERS_PARALLELISM=(true | false)
huggingface/tokenizers: The current process just got forked, after parallelism has already been used. Disabling parallelism to avoid deadlocks...
To disable this warning, you can either:
	- Avoid using `tokenizers` before the fork if possible
	- Explicitly set the environment variable TOKENIZERS_PARALLELISM=(true | false)
>> VLA-Cache inference mode
Current CUDA latency: 463.448639 ms | Average CUDA latency: 201.048055 ms, Average TFLOPs: 2.954334
>> VLA-Cache inference mode
Current CUDA latency: 379.812958 ms | Average CUDA latency: 201.379716 ms, Average TFLOPs: 2.954343
>> VLA-Cache inference mode
Current CUDA latency: 114.934303 ms | Average CUDA latency: 201.219632 ms, Average TFLOPs: 2.954341
>> VLA-Cache inference mode
Current CUDA latency: 135.126083 ms | Average CUDA latency: 201.097462 ms, Average TFLOPs: 2.954274
>> VLA-Cache inference mode
Current CUDA latency: 106.182945 ms | Average CUDA latency: 200.922343 ms, Average TFLOPs: 2.954102
>> VLA-Cache inference mode
Current CUDA latency: 130.342041 ms | Average CUDA latency: 200.792361 ms, Average TFLOPs: 2.953815
>> VLA-Cache inference mode
Current CUDA latency: 215.041473 ms | Average CUDA latency: 200.818554 ms, Average TFLOPs: 2.953555
>> VLA-Cache inference mode
Current CUDA latency: 137.672638 ms | Average CUDA latency: 200.702690 ms, Average TFLOPs: 2.953019
>> VLA-Cache inference mode
Current CUDA latency: 110.543037 ms | Average CUDA latency: 200.537563 ms, Average TFLOPs: 2.952527
>> VLA-Cache inference mode
Current CUDA latency: 103.995010 ms | Average CUDA latency: 200.361068 ms, Average TFLOPs: 2.952051
>> VLA-Cache inference mode
Current CUDA latency: 152.893021 ms | Average CUDA latency: 200.274448 ms, Average TFLOPs: 2.951709
>> VLA-Cache inference mode
Current CUDA latency: 229.706528 ms | Average CUDA latency: 200.328058 ms, Average TFLOPs: 2.951459
Average time per step: 631.1101 ms, Control Frequency: 12.68 Hz, Token Reusing Ratio (Primary): 33.24 %, , Token Reusing Ratio (Wrist): 33.14 %
Saved rollout MP4 at path ./rollouts/2026_04_07/primary--2026_04_07-18_57_52--episode=39--success=True--task=put_the_bowl_on_the_stove.mp4
Saved rollout MP4 at path ./rollouts/2026_04_07/wrist--2026_04_07-18_57_52--episode=39--success=True--task=put_the_bowl_on_the_stove.mp4
04/07 [19:43:57] INFO     | >> Success: True              run_libero_eval.py:230
                 INFO     | >> # episodes completed so    run_libero_eval.py:230
                          far: 39                                               
                 INFO     | >> # successes: 38 (97.4%)    run_libero_eval.py:230

 95%|█████████▌| 19/20 [19:22<01:01, 61.71s/it][A                 INFO     | >>                            run_libero_eval.py:230
                          Task: put the bowl on the stove                       
                 INFO     | >> Starting episode 20...     run_libero_eval.py:230
huggingface/tokenizers: The current process just got forked, after parallelism has already been used. Disabling parallelism to avoid deadlocks...
To disable this warning, you can either:
	- Avoid using `tokenizers` before the fork if possible
	- Explicitly set the environment variable TOKENIZERS_PARALLELISM=(true | false)
huggingface/tokenizers: The current process just got forked, after parallelism has already been used. Disabling parallelism to avoid deadlocks...
To disable this warning, you can either:
	- Avoid using `tokenizers` before the fork if possible
	- Explicitly set the environment variable TOKENIZERS_PARALLELISM=(true | false)
>> VLA-Cache inference mode
Current CUDA latency: 379.761627 ms | Average CUDA latency: 200.654301 ms, Average TFLOPs: 2.952796
>> VLA-Cache inference mode
Current CUDA latency: 360.884735 ms | Average CUDA latency: 200.945100 ms, Average TFLOPs: 2.952806
>> VLA-Cache inference mode
Current CUDA latency: 139.826981 ms | Average CUDA latency: 200.834379 ms, Average TFLOPs: 2.952702
>> VLA-Cache inference mode
Current CUDA latency: 259.315826 ms | Average CUDA latency: 200.940132 ms, Average TFLOPs: 2.952648
>> VLA-Cache inference mode
Current CUDA latency: 223.257187 ms | Average CUDA latency: 200.980415 ms, Average TFLOPs: 2.952555
>> VLA-Cache inference mode
Current CUDA latency: 158.927429 ms | Average CUDA latency: 200.904644 ms, Average TFLOPs: 2.952259
>> VLA-Cache inference mode
Current CUDA latency: 109.588387 ms | Average CUDA latency: 200.740406 ms, Average TFLOPs: 2.951932
>> VLA-Cache inference mode
Current CUDA latency: 307.411804 ms | Average CUDA latency: 200.931917 ms, Average TFLOPs: 2.951618
>> VLA-Cache inference mode
Current CUDA latency: 364.376709 ms | Average CUDA latency: 201.224829 ms, Average TFLOPs: 2.951265
>> VLA-Cache inference mode
Current CUDA latency: 131.525848 ms | Average CUDA latency: 201.100144 ms, Average TFLOPs: 2.951028
>> VLA-Cache inference mode
Current CUDA latency: 106.951454 ms | Average CUDA latency: 200.932021 ms, Average TFLOPs: 2.950713
>> VLA-Cache inference mode
Current CUDA latency: 107.503357 ms | Average CUDA latency: 200.765482 ms, Average TFLOPs: 2.950479
Average time per step: 631.9016 ms, Control Frequency: 12.66 Hz, Token Reusing Ratio (Primary): 33.30 %, , Token Reusing Ratio (Wrist): 33.13 %
Saved rollout MP4 at path ./rollouts/2026_04_07/primary--2026_04_07-18_57_52--episode=40--success=True--task=put_the_bowl_on_the_stove.mp4
Saved rollout MP4 at path ./rollouts/2026_04_07/wrist--2026_04_07-18_57_52--episode=40--success=True--task=put_the_bowl_on_the_stove.mp4
04/07 [19:44:59] INFO     | >> Success: True              run_libero_eval.py:230
                 INFO     | >> # episodes completed so    run_libero_eval.py:230
                          far: 40                                               
                 INFO     | >> # successes: 39 (97.5%)    run_libero_eval.py:230

100%|██████████| 20/20 [20:24<00:00, 61.76s/it][A100%|██████████| 20/20 [20:24<00:00, 61.24s/it]
                 INFO     | >> Current task success rate: run_libero_eval.py:230
                          1.0                                                   
                 INFO     | >> Current total success      run_libero_eval.py:230
                          rate: 0.975                                           
 20%|██        | 2/10 [46:51<3:03:13, 1374.25s/it][Warning]: datasets path /root/sj-tmp/workspace/LIBERO/libero/libero/../datasets does not exist!
                 INFO     | >> Using default initial      run_libero_eval.py:230
                          states                                                
[Warning]: datasets path /root/sj-tmp/workspace/LIBERO/libero/libero/../datasets does not exist!

  0%|          | 0/20 [00:00<?, ?it/s][A04/07 [19:45:01] INFO     | >>                            run_libero_eval.py:230
                          Task: put the wine bottle on                          
                          top of the cabinet                                    
                 INFO     | >> Starting episode 1...      run_libero_eval.py:230
huggingface/tokenizers: The current process just got forked, after parallelism has already been used. Disabling parallelism to avoid deadlocks...
To disable this warning, you can either:
	- Avoid using `tokenizers` before the fork if possible
	- Explicitly set the environment variable TOKENIZERS_PARALLELISM=(true | false)
huggingface/tokenizers: The current process just got forked, after parallelism has already been used. Disabling parallelism to avoid deadlocks...
To disable this warning, you can either:
	- Avoid using `tokenizers` before the fork if possible
	- Explicitly set the environment variable TOKENIZERS_PARALLELISM=(true | false)
>> VLA-Cache inference mode
Current CUDA latency: 461.048981 ms | Average CUDA latency: 201.228619 ms, Average TFLOPs: 2.951812
>> VLA-Cache inference mode
Current CUDA latency: 308.021515 ms | Average CUDA latency: 201.418305 ms, Average TFLOPs: 2.951845
>> VLA-Cache inference mode
Current CUDA latency: 116.885796 ms | Average CUDA latency: 201.268425 ms, Average TFLOPs: 2.951855
>> VLA-Cache inference mode
Current CUDA latency: 119.034180 ms | Average CUDA latency: 201.122877 ms, Average TFLOPs: 2.951834
>> VLA-Cache inference mode
Current CUDA latency: 114.683266 ms | Average CUDA latency: 200.970157 ms, Average TFLOPs: 2.951733
>> VLA-Cache inference mode
Current CUDA latency: 107.507362 ms | Average CUDA latency: 200.805320 ms, Average TFLOPs: 2.951515
>> VLA-Cache inference mode
Current CUDA latency: 108.938721 ms | Average CUDA latency: 200.643583 ms, Average TFLOPs: 2.951305
>> VLA-Cache inference mode
Current CUDA latency: 127.887100 ms | Average CUDA latency: 200.515715 ms, Average TFLOPs: 2.950990
>> VLA-Cache inference mode
Current CUDA latency: 251.733063 ms | Average CUDA latency: 200.605570 ms, Average TFLOPs: 2.950679
>> VLA-Cache inference mode
Current CUDA latency: 145.591034 ms | Average CUDA latency: 200.509223 ms, Average TFLOPs: 2.950458
Average time per step: 603.5649 ms, Control Frequency: 13.25 Hz, Token Reusing Ratio (Primary): 31.05 %, , Token Reusing Ratio (Wrist): 33.63 %
Saved rollout MP4 at path ./rollouts/2026_04_07/primary--2026_04_07-18_57_52--episode=41--success=True--task=put_the_wine_bottle_on_top_of_the_cabinet.mp4
Saved rollout MP4 at path ./rollouts/2026_04_07/wrist--2026_04_07-18_57_52--episode=41--success=True--task=put_the_wine_bottle_on_top_of_the_cabinet.mp4
04/07 [19:45:57] INFO     | >> Success: True              run_libero_eval.py:230
                 INFO     | >> # episodes completed so    run_libero_eval.py:230
                          far: 41                                               
                 INFO     | >> # successes: 40 (97.6%)    run_libero_eval.py:230

  5%|▌         | 1/20 [00:55<17:40, 55.80s/it][A                 INFO     | >>                            run_libero_eval.py:230
                          Task: put the wine bottle on                          
                          top of the cabinet                                    
                 INFO     | >> Starting episode 2...      run_libero_eval.py:230
huggingface/tokenizers: The current process just got forked, after parallelism has already been used. Disabling parallelism to avoid deadlocks...
To disable this warning, you can either:
	- Avoid using `tokenizers` before the fork if possible
	- Explicitly set the environment variable TOKENIZERS_PARALLELISM=(true | false)
huggingface/tokenizers: The current process just got forked, after parallelism has already been used. Disabling parallelism to avoid deadlocks...
To disable this warning, you can either:
	- Avoid using `tokenizers` before the fork if possible
	- Explicitly set the environment variable TOKENIZERS_PARALLELISM=(true | false)
>> VLA-Cache inference mode
Current CUDA latency: 333.693481 ms | Average CUDA latency: 200.742062 ms, Average TFLOPs: 2.951768
>> VLA-Cache inference mode
Current CUDA latency: 290.240967 ms | Average CUDA latency: 200.898256 ms, Average TFLOPs: 2.951851
>> VLA-Cache inference mode
Current CUDA latency: 219.641891 ms | Average CUDA latency: 200.930910 ms, Average TFLOPs: 2.951774
>> VLA-Cache inference mode
Current CUDA latency: 131.951431 ms | Average CUDA latency: 200.810946 ms, Average TFLOPs: 2.951787
>> VLA-Cache inference mode
Current CUDA latency: 249.749054 ms | Average CUDA latency: 200.895908 ms, Average TFLOPs: 2.951743
>> VLA-Cache inference mode
Current CUDA latency: 156.868484 ms | Average CUDA latency: 200.819604 ms, Average TFLOPs: 2.951632
>> VLA-Cache inference mode
Current CUDA latency: 151.643677 ms | Average CUDA latency: 200.734525 ms, Average TFLOPs: 2.951399
>> VLA-Cache inference mode
Current CUDA latency: 263.556061 ms | Average CUDA latency: 200.843025 ms, Average TFLOPs: 2.951237
>> VLA-Cache inference mode
Current CUDA latency: 131.916122 ms | Average CUDA latency: 200.724185 ms, Average TFLOPs: 2.951008
>> VLA-Cache inference mode
Current CUDA latency: 109.048515 ms | Average CUDA latency: 200.566396 ms, Average TFLOPs: 2.950812
>> VLA-Cache inference mode
Current CUDA latency: 120.280098 ms | Average CUDA latency: 200.428447 ms, Average TFLOPs: 2.950558
>> VLA-Cache inference mode
Current CUDA latency: 107.934814 ms | Average CUDA latency: 200.269796 ms, Average TFLOPs: 2.950302
Average time per step: 602.5226 ms, Control Frequency: 13.28 Hz, Token Reusing Ratio (Primary): 31.89 %, , Token Reusing Ratio (Wrist): 33.40 %
Saved rollout MP4 at path ./rollouts/2026_04_07/primary--2026_04_07-18_57_52--episode=42--success=True--task=put_the_wine_bottle_on_top_of_the_cabinet.mp4
Saved rollout MP4 at path ./rollouts/2026_04_07/wrist--2026_04_07-18_57_52--episode=42--success=True--task=put_the_wine_bottle_on_top_of_the_cabinet.mp4
04/07 [19:47:02] INFO     | >> Success: True              run_libero_eval.py:230
                 INFO     | >> # episodes completed so    run_libero_eval.py:230
                          far: 42                                               
                 INFO     | >> # successes: 41 (97.6%)    run_libero_eval.py:230

 10%|█         | 2/20 [02:01<18:26, 61.45s/it][A                 INFO     | >>                            run_libero_eval.py:230
                          Task: put the wine bottle on                          
                          top of the cabinet                                    
                 INFO     | >> Starting episode 3...      run_libero_eval.py:230
huggingface/tokenizers: The current process just got forked, after parallelism has already been used. Disabling parallelism to avoid deadlocks...
To disable this warning, you can either:
	- Avoid using `tokenizers` before the fork if possible
	- Explicitly set the environment variable TOKENIZERS_PARALLELISM=(true | false)
huggingface/tokenizers: The current process just got forked, after parallelism has already been used. Disabling parallelism to avoid deadlocks...
To disable this warning, you can either:
	- Avoid using `tokenizers` before the fork if possible
	- Explicitly set the environment variable TOKENIZERS_PARALLELISM=(true | false)
>> VLA-Cache inference mode
Current CUDA latency: 314.690918 ms | Average CUDA latency: 200.465722 ms, Average TFLOPs: 2.951585
>> VLA-Cache inference mode
Current CUDA latency: 336.649170 ms | Average CUDA latency: 200.698514 ms, Average TFLOPs: 2.951610
>> VLA-Cache inference mode
Current CUDA latency: 125.556610 ms | Average CUDA latency: 200.570286 ms, Average TFLOPs: 2.951564
>> VLA-Cache inference mode
Current CUDA latency: 116.783745 ms | Average CUDA latency: 200.427549 ms, Average TFLOPs: 2.951585
>> VLA-Cache inference mode
Current CUDA latency: 109.903778 ms | Average CUDA latency: 200.273597 ms, Average TFLOPs: 2.951566
>> VLA-Cache inference mode
Current CUDA latency: 109.131042 ms | Average CUDA latency: 200.118856 ms, Average TFLOPs: 2.951449
>> VLA-Cache inference mode
Current CUDA latency: 113.499199 ms | Average CUDA latency: 199.972043 ms, Average TFLOPs: 2.951242
>> VLA-Cache inference mode
Current CUDA latency: 107.627708 ms | Average CUDA latency: 199.815792 ms, Average TFLOPs: 2.951120
>> VLA-Cache inference mode
Current CUDA latency: 135.716766 ms | Average CUDA latency: 199.707516 ms, Average TFLOPs: 2.950898
>> VLA-Cache inference mode
Current CUDA latency: 212.508743 ms | Average CUDA latency: 199.729104 ms, Average TFLOPs: 2.950656
>> VLA-Cache inference mode
Current CUDA latency: 135.477020 ms | Average CUDA latency: 199.620935 ms, Average TFLOPs: 2.950425
>> VLA-Cache inference mode
Current CUDA latency: 138.659271 ms | Average CUDA latency: 199.518479 ms, Average TFLOPs: 2.950253
Average time per step: 582.0698 ms, Control Frequency: 13.74 Hz, Token Reusing Ratio (Primary): 31.96 %, , Token Reusing Ratio (Wrist): 33.19 %
Saved rollout MP4 at path ./rollouts/2026_04_07/primary--2026_04_07-18_57_52--episode=43--success=True--task=put_the_wine_bottle_on_top_of_the_cabinet.mp4
Saved rollout MP4 at path ./rollouts/2026_04_07/wrist--2026_04_07-18_57_52--episode=43--success=True--task=put_the_wine_bottle_on_top_of_the_cabinet.mp4
04/07 [19:48:01] INFO     | >> Success: True              run_libero_eval.py:230
                 INFO     | >> # episodes completed so    run_libero_eval.py:230
                          far: 43                                               
                 INFO     | >> # successes: 42 (97.7%)    run_libero_eval.py:230

 15%|█▌        | 3/20 [03:00<17:05, 60.34s/it][A                 INFO     | >>                            run_libero_eval.py:230
                          Task: put the wine bottle on                          
                          top of the cabinet                                    
                 INFO     | >> Starting episode 4...      run_libero_eval.py:230
huggingface/tokenizers: The current process just got forked, after parallelism has already been used. Disabling parallelism to avoid deadlocks...
To disable this warning, you can either:
	- Avoid using `tokenizers` before the fork if possible
	- Explicitly set the environment variable TOKENIZERS_PARALLELISM=(true | false)
huggingface/tokenizers: The current process just got forked, after parallelism has already been used. Disabling parallelism to avoid deadlocks...
To disable this warning, you can either:
	- Avoid using `tokenizers` before the fork if possible
	- Explicitly set the environment variable TOKENIZERS_PARALLELISM=(true | false)
>> VLA-Cache inference mode
Current CUDA latency: 326.395477 ms | Average CUDA latency: 199.731359 ms, Average TFLOPs: 2.951510
>> VLA-Cache inference mode
Current CUDA latency: 271.115295 ms | Average CUDA latency: 199.850931 ms, Average TFLOPs: 2.951469
>> VLA-Cache inference mode
Current CUDA latency: 118.014206 ms | Average CUDA latency: 199.714080 ms, Average TFLOPs: 2.951484
>> VLA-Cache inference mode
Current CUDA latency: 179.608444 ms | Average CUDA latency: 199.680514 ms, Average TFLOPs: 2.951478
>> VLA-Cache inference mode
Current CUDA latency: 213.238754 ms | Average CUDA latency: 199.703112 ms, Average TFLOPs: 2.951360
>> VLA-Cache inference mode
Current CUDA latency: 120.557312 ms | Average CUDA latency: 199.571421 ms, Average TFLOPs: 2.951283
>> VLA-Cache inference mode
Current CUDA latency: 136.347961 ms | Average CUDA latency: 199.466399 ms, Average TFLOPs: 2.951103
>> VLA-Cache inference mode
Current CUDA latency: 122.598526 ms | Average CUDA latency: 199.338923 ms, Average TFLOPs: 2.950947
>> VLA-Cache inference mode
Current CUDA latency: 114.468002 ms | Average CUDA latency: 199.198409 ms, Average TFLOPs: 2.950755
>> VLA-Cache inference mode
Current CUDA latency: 428.547455 ms | Average CUDA latency: 199.577498 ms, Average TFLOPs: 2.950460
>> VLA-Cache inference mode
Current CUDA latency: 276.100006 ms | Average CUDA latency: 199.703773 ms, Average TFLOPs: 2.950250
Average time per step: 591.7277 ms, Control Frequency: 13.52 Hz, Token Reusing Ratio (Primary): 32.01 %, , Token Reusing Ratio (Wrist): 32.98 %
Saved rollout MP4 at path ./rollouts/2026_04_07/primary--2026_04_07-18_57_52--episode=44--success=True--task=put_the_wine_bottle_on_top_of_the_cabinet.mp4
Saved rollout MP4 at path ./rollouts/2026_04_07/wrist--2026_04_07-18_57_52--episode=44--success=True--task=put_the_wine_bottle_on_top_of_the_cabinet.mp4
04/07 [19:48:59] INFO     | >> Success: True              run_libero_eval.py:230
                 INFO     | >> # episodes completed so    run_libero_eval.py:230
                          far: 44                                               
                 INFO     | >> # successes: 43 (97.7%)    run_libero_eval.py:230

 20%|██        | 4/20 [03:58<15:49, 59.36s/it][A                 INFO     | >>                            run_libero_eval.py:230
                          Task: put the wine bottle on                          
                          top of the cabinet                                    
                 INFO     | >> Starting episode 5...      run_libero_eval.py:230
huggingface/tokenizers: The current process just got forked, after parallelism has already been used. Disabling parallelism to avoid deadlocks...
To disable this warning, you can either:
	- Avoid using `tokenizers` before the fork if possible
	- Explicitly set the environment variable TOKENIZERS_PARALLELISM=(true | false)
huggingface/tokenizers: The current process just got forked, after parallelism has already been used. Disabling parallelism to avoid deadlocks...
To disable this warning, you can either:
	- Avoid using `tokenizers` before the fork if possible
	- Explicitly set the environment variable TOKENIZERS_PARALLELISM=(true | false)
>> VLA-Cache inference mode
Current CUDA latency: 388.328186 ms | Average CUDA latency: 200.014521 ms, Average TFLOPs: 2.951484
>> VLA-Cache inference mode
Current CUDA latency: 394.897156 ms | Average CUDA latency: 200.335052 ms, Average TFLOPs: 2.951516
>> VLA-Cache inference mode
Current CUDA latency: 132.812927 ms | Average CUDA latency: 200.224178 ms, Average TFLOPs: 2.951581
>> VLA-Cache inference mode
Current CUDA latency: 115.365601 ms | Average CUDA latency: 200.085066 ms, Average TFLOPs: 2.951591
>> VLA-Cache inference mode
Current CUDA latency: 115.831360 ms | Average CUDA latency: 199.947171 ms, Average TFLOPs: 2.951539
>> VLA-Cache inference mode
Current CUDA latency: 126.907455 ms | Average CUDA latency: 199.827825 ms, Average TFLOPs: 2.951333
>> VLA-Cache inference mode
Current CUDA latency: 110.152000 ms | Average CUDA latency: 199.681535 ms, Average TFLOPs: 2.951214
>> VLA-Cache inference mode
Current CUDA latency: 102.800636 ms | Average CUDA latency: 199.523748 ms, Average TFLOPs: 2.951059
>> VLA-Cache inference mode
Current CUDA latency: 107.917282 ms | Average CUDA latency: 199.374795 ms, Average TFLOPs: 2.950868
>> VLA-Cache inference mode
Current CUDA latency: 130.404510 ms | Average CUDA latency: 199.262830 ms, Average TFLOPs: 2.950640
>> VLA-Cache inference mode
Current CUDA latency: 245.082947 ms | Average CUDA latency: 199.337093 ms, Average TFLOPs: 2.950484
Average time per step: 585.5830 ms, Control Frequency: 13.66 Hz, Token Reusing Ratio (Primary): 31.88 %, , Token Reusing Ratio (Wrist): 32.83 %
Saved rollout MP4 at path ./rollouts/2026_04_07/primary--2026_04_07-18_57_52--episode=45--success=True--task=put_the_wine_bottle_on_top_of_the_cabinet.mp4
Saved rollout MP4 at path ./rollouts/2026_04_07/wrist--2026_04_07-18_57_52--episode=45--success=True--task=put_the_wine_bottle_on_top_of_the_cabinet.mp4
04/07 [19:49:58] INFO     | >> Success: True              run_libero_eval.py:230
                 INFO     | >> # episodes completed so    run_libero_eval.py:230
                          far: 45                                               
                 INFO     | >> # successes: 44 (97.8%)    run_libero_eval.py:230

 25%|██▌       | 5/20 [04:56<14:47, 59.15s/it][A                 INFO     | >>                            run_libero_eval.py:230
                          Task: put the wine bottle on                          
                          top of the cabinet                                    
                 INFO     | >> Starting episode 6...      run_libero_eval.py:230
huggingface/tokenizers: The current process just got forked, after parallelism has already been used. Disabling parallelism to avoid deadlocks...
To disable this warning, you can either:
	- Avoid using `tokenizers` before the fork if possible
	- Explicitly set the environment variable TOKENIZERS_PARALLELISM=(true | false)
huggingface/tokenizers: The current process just got forked, after parallelism has already been used. Disabling parallelism to avoid deadlocks...
To disable this warning, you can either:
	- Avoid using `tokenizers` before the fork if possible
	- Explicitly set the environment variable TOKENIZERS_PARALLELISM=(true | false)
>> VLA-Cache inference mode
Current CUDA latency: 368.385620 ms | Average CUDA latency: 199.610634 ms, Average TFLOPs: 2.951696
>> VLA-Cache inference mode
Current CUDA latency: 271.030121 ms | Average CUDA latency: 199.726013 ms, Average TFLOPs: 2.951738
>> VLA-Cache inference mode
Current CUDA latency: 122.740349 ms | Average CUDA latency: 199.601842 ms, Average TFLOPs: 2.951758
>> VLA-Cache inference mode
Current CUDA latency: 112.680031 ms | Average CUDA latency: 199.461872 ms, Average TFLOPs: 2.951722
>> VLA-Cache inference mode
Current CUDA latency: 115.689217 ms | Average CUDA latency: 199.327189 ms, Average TFLOPs: 2.951679
>> VLA-Cache inference mode
Current CUDA latency: 211.342010 ms | Average CUDA latency: 199.346474 ms, Average TFLOPs: 2.951488
>> VLA-Cache inference mode
Current CUDA latency: 203.205765 ms | Average CUDA latency: 199.352659 ms, Average TFLOPs: 2.951375
>> VLA-Cache inference mode
Current CUDA latency: 115.959778 ms | Average CUDA latency: 199.219231 ms, Average TFLOPs: 2.951218
>> VLA-Cache inference mode
Current CUDA latency: 146.734329 ms | Average CUDA latency: 199.135389 ms, Average TFLOPs: 2.951131
>> VLA-Cache inference mode
Current CUDA latency: 122.576546 ms | Average CUDA latency: 199.013286 ms, Average TFLOPs: 2.951132
>> VLA-Cache inference mode
Current CUDA latency: 282.685638 ms | Average CUDA latency: 199.146522 ms, Average TFLOPs: 2.951070
>> VLA-Cache inference mode
Current CUDA latency: 334.800964 ms | Average CUDA latency: 199.362189 ms, Average TFLOPs: 2.950972
>> VLA-Cache inference mode
Current CUDA latency: 152.270981 ms | Average CUDA latency: 199.287441 ms, Average TFLOPs: 2.950821
>> VLA-Cache inference mode
Current CUDA latency: 103.829056 ms | Average CUDA latency: 199.136160 ms, Average TFLOPs: 2.950686
>> VLA-Cache inference mode
Current CUDA latency: 163.894653 ms | Average CUDA latency: 199.080398 ms, Average TFLOPs: 2.950561
>> VLA-Cache inference mode
Current CUDA latency: 158.105576 ms | Average CUDA latency: 199.015666 ms, Average TFLOPs: 2.950522
>> VLA-Cache inference mode
Current CUDA latency: 115.230400 ms | Average CUDA latency: 198.883513 ms, Average TFLOPs: 2.950475
>> VLA-Cache inference mode
Current CUDA latency: 116.810783 ms | Average CUDA latency: 198.754265 ms, Average TFLOPs: 2.950426
>> VLA-Cache inference mode
Current CUDA latency: 184.030884 ms | Average CUDA latency: 198.731115 ms, Average TFLOPs: 2.950283
>> VLA-Cache inference mode
Current CUDA latency: 209.387909 ms | Average CUDA latency: 198.747844 ms, Average TFLOPs: 2.950035
>> VLA-Cache inference mode
Current CUDA latency: 281.642273 ms | Average CUDA latency: 198.877773 ms, Average TFLOPs: 2.949897
>> VLA-Cache inference mode
Current CUDA latency: 124.447517 ms | Average CUDA latency: 198.761294 ms, Average TFLOPs: 2.949730
>> VLA-Cache inference mode
Current CUDA latency: 105.246147 ms | Average CUDA latency: 198.615176 ms, Average TFLOPs: 2.949606
>> VLA-Cache inference mode
Current CUDA latency: 174.719009 ms | Average CUDA latency: 198.577897 ms, Average TFLOPs: 2.949665
>> VLA-Cache inference mode
Current CUDA latency: 118.424065 ms | Average CUDA latency: 198.453047 ms, Average TFLOPs: 2.949704
>> VLA-Cache inference mode
Current CUDA latency: 185.248199 ms | Average CUDA latency: 198.432510 ms, Average TFLOPs: 2.949653
>> VLA-Cache inference mode
Current CUDA latency: 111.143997 ms | Average CUDA latency: 198.296969 ms, Average TFLOPs: 2.949544
>> VLA-Cache inference mode
Current CUDA latency: 184.611679 ms | Average CUDA latency: 198.275752 ms, Average TFLOPs: 2.949443
>> VLA-Cache inference mode
Current CUDA latency: 162.807907 ms | Average CUDA latency: 198.220848 ms, Average TFLOPs: 2.949394
>> VLA-Cache inference mode
Current CUDA latency: 199.226685 ms | Average CUDA latency: 198.222402 ms, Average TFLOPs: 2.949368
>> VLA-Cache inference mode
Current CUDA latency: 175.388474 ms | Average CUDA latency: 198.187165 ms, Average TFLOPs: 2.949446
>> VLA-Cache inference mode
Current CUDA latency: 221.611069 ms | Average CUDA latency: 198.223257 ms, Average TFLOPs: 2.949294
>> VLA-Cache inference mode
Current CUDA latency: 188.663483 ms | Average CUDA latency: 198.208550 ms, Average TFLOPs: 2.949141
>> VLA-Cache inference mode
Current CUDA latency: 258.257782 ms | Average CUDA latency: 198.300791 ms, Average TFLOPs: 2.949084
>> VLA-Cache inference mode
Current CUDA latency: 195.134048 ms | Average CUDA latency: 198.295934 ms, Average TFLOPs: 2.949116
>> VLA-Cache inference mode
Current CUDA latency: 161.121094 ms | Average CUDA latency: 198.239005 ms, Average TFLOPs: 2.949191
>> VLA-Cache inference mode
Current CUDA latency: 116.871101 ms | Average CUDA latency: 198.114589 ms, Average TFLOPs: 2.949208
>> VLA-Cache inference mode
Current CUDA latency: 190.758041 ms | Average CUDA latency: 198.103358 ms, Average TFLOPs: 2.949161
Average time per step: 586.3456 ms, Control Frequency: 13.64 Hz, Token Reusing Ratio (Primary): 32.73 %, , Token Reusing Ratio (Wrist): 34.73 %
Saved rollout MP4 at path ./rollouts/2026_04_07/primary--2026_04_07-18_57_52--episode=46--success=False--task=put_the_wine_bottle_on_top_of_the_cabinet.mp4
Saved rollout MP4 at path ./rollouts/2026_04_07/wrist--2026_04_07-18_57_52--episode=46--success=False--task=put_the_wine_bottle_on_top_of_the_cabinet.mp4
04/07 [19:53:01] INFO     | >> Success: False             run_libero_eval.py:230
                 INFO     | >> # episodes completed so    run_libero_eval.py:230
                          far: 46                                               
                 INFO     | >> # successes: 44 (95.7%)    run_libero_eval.py:230

 30%|███       | 6/20 [08:00<23:40, 101.49s/it][A                 INFO     | >>                            run_libero_eval.py:230
                          Task: put the wine bottle on                          
                          top of the cabinet                                    
                 INFO     | >> Starting episode 7...      run_libero_eval.py:230
huggingface/tokenizers: The current process just got forked, after parallelism has already been used. Disabling parallelism to avoid deadlocks...
To disable this warning, you can either:
	- Avoid using `tokenizers` before the fork if possible
	- Explicitly set the environment variable TOKENIZERS_PARALLELISM=(true | false)
huggingface/tokenizers: The current process just got forked, after parallelism has already been used. Disabling parallelism to avoid deadlocks...
To disable this warning, you can either:
	- Avoid using `tokenizers` before the fork if possible
	- Explicitly set the environment variable TOKENIZERS_PARALLELISM=(true | false)
>> VLA-Cache inference mode
Current CUDA latency: 329.617706 ms | Average CUDA latency: 198.303837 ms, Average TFLOPs: 2.950304
>> VLA-Cache inference mode
Current CUDA latency: 323.580200 ms | Average CUDA latency: 198.494517 ms, Average TFLOPs: 2.950283
>> VLA-Cache inference mode
Current CUDA latency: 123.404060 ms | Average CUDA latency: 198.380397 ms, Average TFLOPs: 2.950296
>> VLA-Cache inference mode
Current CUDA latency: 118.696861 ms | Average CUDA latency: 198.259481 ms, Average TFLOPs: 2.950276
>> VLA-Cache inference mode
Current CUDA latency: 116.394241 ms | Average CUDA latency: 198.135443 ms, Average TFLOPs: 2.950265
>> VLA-Cache inference mode
Current CUDA latency: 117.071327 ms | Average CUDA latency: 198.012805 ms, Average TFLOPs: 2.950144
>> VLA-Cache inference mode
Current CUDA latency: 115.936768 ms | Average CUDA latency: 197.888823 ms, Average TFLOPs: 2.949991
>> VLA-Cache inference mode
Current CUDA latency: 108.656639 ms | Average CUDA latency: 197.754234 ms, Average TFLOPs: 2.949851
>> VLA-Cache inference mode
Current CUDA latency: 145.195328 ms | Average CUDA latency: 197.675079 ms, Average TFLOPs: 2.949627
>> VLA-Cache inference mode
Current CUDA latency: 102.144669 ms | Average CUDA latency: 197.531424 ms, Average TFLOPs: 2.949393
>> VLA-Cache inference mode
Current CUDA latency: 108.173187 ms | Average CUDA latency: 197.397253 ms, Average TFLOPs: 2.949228
>> VLA-Cache inference mode
Current CUDA latency: 102.476768 ms | Average CUDA latency: 197.254943 ms, Average TFLOPs: 2.949006
Average time per step: 586.5560 ms, Control Frequency: 13.64 Hz, Token Reusing Ratio (Primary): 32.64 %, , Token Reusing Ratio (Wrist): 34.58 %
Saved rollout MP4 at path ./rollouts/2026_04_07/primary--2026_04_07-18_57_52--episode=47--success=True--task=put_the_wine_bottle_on_top_of_the_cabinet.mp4
Saved rollout MP4 at path ./rollouts/2026_04_07/wrist--2026_04_07-18_57_52--episode=47--success=True--task=put_the_wine_bottle_on_top_of_the_cabinet.mp4
04/07 [19:53:59] INFO     | >> Success: True              run_libero_eval.py:230
                 INFO     | >> # episodes completed so    run_libero_eval.py:230
                          far: 47                                               
                 INFO     | >> # successes: 45 (95.7%)    run_libero_eval.py:230

 35%|███▌      | 7/20 [08:58<18:54, 87.25s/it] [A                 INFO     | >>                            run_libero_eval.py:230
                          Task: put the wine bottle on                          
                          top of the cabinet                                    
                 INFO     | >> Starting episode 8...      run_libero_eval.py:230
huggingface/tokenizers: The current process just got forked, after parallelism has already been used. Disabling parallelism to avoid deadlocks...
To disable this warning, you can either:
	- Avoid using `tokenizers` before the fork if possible
	- Explicitly set the environment variable TOKENIZERS_PARALLELISM=(true | false)
huggingface/tokenizers: The current process just got forked, after parallelism has already been used. Disabling parallelism to avoid deadlocks...
To disable this warning, you can either:
	- Avoid using `tokenizers` before the fork if possible
	- Explicitly set the environment variable TOKENIZERS_PARALLELISM=(true | false)
>> VLA-Cache inference mode
Current CUDA latency: 350.841522 ms | Average CUDA latency: 197.484863 ms, Average TFLOPs: 2.950130
>> VLA-Cache inference mode
Current CUDA latency: 324.819885 ms | Average CUDA latency: 197.675200 ms, Average TFLOPs: 2.950162
>> VLA-Cache inference mode
Current CUDA latency: 119.474365 ms | Average CUDA latency: 197.558482 ms, Average TFLOPs: 2.950152
>> VLA-Cache inference mode
Current CUDA latency: 113.883041 ms | Average CUDA latency: 197.433779 ms, Average TFLOPs: 2.950139
>> VLA-Cache inference mode
Current CUDA latency: 109.611870 ms | Average CUDA latency: 197.303092 ms, Average TFLOPs: 2.950168
>> VLA-Cache inference mode
Current CUDA latency: 121.043999 ms | Average CUDA latency: 197.189780 ms, Average TFLOPs: 2.950089
>> VLA-Cache inference mode
Current CUDA latency: 119.657890 ms | Average CUDA latency: 197.074747 ms, Average TFLOPs: 2.949888
>> VLA-Cache inference mode
Current CUDA latency: 103.147583 ms | Average CUDA latency: 196.935596 ms, Average TFLOPs: 2.949717
>> VLA-Cache inference mode
Current CUDA latency: 102.634300 ms | Average CUDA latency: 196.796097 ms, Average TFLOPs: 2.949537
>> VLA-Cache inference mode
Current CUDA latency: 110.118210 ms | Average CUDA latency: 196.668065 ms, Average TFLOPs: 2.949337
>> VLA-Cache inference mode
Current CUDA latency: 106.996964 ms | Average CUDA latency: 196.535807 ms, Average TFLOPs: 2.949135
>> VLA-Cache inference mode
Current CUDA latency: 172.899612 ms | Average CUDA latency: 196.500996 ms, Average TFLOPs: 2.948910
>> VLA-Cache inference mode
Current CUDA latency: 161.660965 ms | Average CUDA latency: 196.449761 ms, Average TFLOPs: 2.948693
Average time per step: 584.4590 ms, Control Frequency: 13.69 Hz, Token Reusing Ratio (Primary): 32.73 %, , Token Reusing Ratio (Wrist): 34.42 %
Saved rollout MP4 at path ./rollouts/2026_04_07/primary--2026_04_07-18_57_52--episode=48--success=True--task=put_the_wine_bottle_on_top_of_the_cabinet.mp4
Saved rollout MP4 at path ./rollouts/2026_04_07/wrist--2026_04_07-18_57_52--episode=48--success=True--task=put_the_wine_bottle_on_top_of_the_cabinet.mp4
04/07 [19:55:01] INFO     | >> Success: True              run_libero_eval.py:230
                 INFO     | >> # episodes completed so    run_libero_eval.py:230
                          far: 48                                               
04/07 [19:55:02] INFO     | >> # successes: 46 (95.8%)    run_libero_eval.py:230

 40%|████      | 8/20 [10:00<15:51, 79.29s/it][A                 INFO     | >>                            run_libero_eval.py:230
                          Task: put the wine bottle on                          
                          top of the cabinet                                    
                 INFO     | >> Starting episode 9...      run_libero_eval.py:230
huggingface/tokenizers: The current process just got forked, after parallelism has already been used. Disabling parallelism to avoid deadlocks...
To disable this warning, you can either:
	- Avoid using `tokenizers` before the fork if possible
	- Explicitly set the environment variable TOKENIZERS_PARALLELISM=(true | false)
huggingface/tokenizers: The current process just got forked, after parallelism has already been used. Disabling parallelism to avoid deadlocks...
To disable this warning, you can either:
	- Avoid using `tokenizers` before the fork if possible
	- Explicitly set the environment variable TOKENIZERS_PARALLELISM=(true | false)
>> VLA-Cache inference mode
Current CUDA latency: 340.210175 ms | Average CUDA latency: 196.660863 ms, Average TFLOPs: 2.949795
>> VLA-Cache inference mode
Current CUDA latency: 256.527893 ms | Average CUDA latency: 196.748644 ms, Average TFLOPs: 2.949845
>> VLA-Cache inference mode
Current CUDA latency: 142.508514 ms | Average CUDA latency: 196.669230 ms, Average TFLOPs: 2.949869
>> VLA-Cache inference mode
Current CUDA latency: 234.471909 ms | Average CUDA latency: 196.724497 ms, Average TFLOPs: 2.949874
>> VLA-Cache inference mode
Current CUDA latency: 145.613663 ms | Average CUDA latency: 196.649883 ms, Average TFLOPs: 2.949837
>> VLA-Cache inference mode
Current CUDA latency: 121.432701 ms | Average CUDA latency: 196.540237 ms, Average TFLOPs: 2.949767
>> VLA-Cache inference mode
Current CUDA latency: 131.971008 ms | Average CUDA latency: 196.446249 ms, Average TFLOPs: 2.949586
>> VLA-Cache inference mode
Current CUDA latency: 119.538078 ms | Average CUDA latency: 196.334464 ms, Average TFLOPs: 2.949376
>> VLA-Cache inference mode
Current CUDA latency: 326.378235 ms | Average CUDA latency: 196.523207 ms, Average TFLOPs: 2.949234
>> VLA-Cache inference mode
Current CUDA latency: 291.965118 ms | Average CUDA latency: 196.661529 ms, Average TFLOPs: 2.948996
>> VLA-Cache inference mode
Current CUDA latency: 130.579681 ms | Average CUDA latency: 196.565896 ms, Average TFLOPs: 2.948774
>> VLA-Cache inference mode
Current CUDA latency: 109.421661 ms | Average CUDA latency: 196.439965 ms, Average TFLOPs: 2.948596
Average time per step: 587.0632 ms, Control Frequency: 13.63 Hz, Token Reusing Ratio (Primary): 32.73 %, , Token Reusing Ratio (Wrist): 34.24 %
Saved rollout MP4 at path ./rollouts/2026_04_07/primary--2026_04_07-18_57_52--episode=49--success=True--task=put_the_wine_bottle_on_top_of_the_cabinet.mp4
Saved rollout MP4 at path ./rollouts/2026_04_07/wrist--2026_04_07-18_57_52--episode=49--success=True--task=put_the_wine_bottle_on_top_of_the_cabinet.mp4
04/07 [19:56:03] INFO     | >> Success: True              run_libero_eval.py:230
                 INFO     | >> # episodes completed so    run_libero_eval.py:230
                          far: 49                                               
                 INFO     | >> # successes: 47 (95.9%)    run_libero_eval.py:230

 45%|████▌     | 9/20 [11:02<13:30, 73.67s/it][A                 INFO     | >>                            run_libero_eval.py:230
                          Task: put the wine bottle on                          
                          top of the cabinet                                    
                 INFO     | >> Starting episode 10...     run_libero_eval.py:230
huggingface/tokenizers: The current process just got forked, after parallelism has already been used. Disabling parallelism to avoid deadlocks...
To disable this warning, you can either:
	- Avoid using `tokenizers` before the fork if possible
	- Explicitly set the environment variable TOKENIZERS_PARALLELISM=(true | false)
huggingface/tokenizers: The current process just got forked, after parallelism has already been used. Disabling parallelism to avoid deadlocks...
To disable this warning, you can either:
	- Avoid using `tokenizers` before the fork if possible
	- Explicitly set the environment variable TOKENIZERS_PARALLELISM=(true | false)
>> VLA-Cache inference mode
Current CUDA latency: 373.599365 ms | Average CUDA latency: 196.695607 ms, Average TFLOPs: 2.949679
>> VLA-Cache inference mode
Current CUDA latency: 288.726593 ms | Average CUDA latency: 196.828216 ms, Average TFLOPs: 2.949717
>> VLA-Cache inference mode
Current CUDA latency: 191.316284 ms | Average CUDA latency: 196.820285 ms, Average TFLOPs: 2.949778
>> VLA-Cache inference mode
Current CUDA latency: 163.285797 ms | Average CUDA latency: 196.772104 ms, Average TFLOPs: 2.949780
>> VLA-Cache inference mode
Current CUDA latency: 127.128548 ms | Average CUDA latency: 196.672185 ms, Average TFLOPs: 2.949670
>> VLA-Cache inference mode
Current CUDA latency: 113.960030 ms | Average CUDA latency: 196.553686 ms, Average TFLOPs: 2.949434
>> VLA-Cache inference mode
Current CUDA latency: 120.619774 ms | Average CUDA latency: 196.445054 ms, Average TFLOPs: 2.949226
>> VLA-Cache inference mode
Current CUDA latency: 108.810402 ms | Average CUDA latency: 196.319861 ms, Average TFLOPs: 2.948994
>> VLA-Cache inference mode
Current CUDA latency: 110.313858 ms | Average CUDA latency: 196.197171 ms, Average TFLOPs: 2.948808
>> VLA-Cache inference mode
Current CUDA latency: 183.515076 ms | Average CUDA latency: 196.179105 ms, Average TFLOPs: 2.948621
>> VLA-Cache inference mode
Current CUDA latency: 404.124786 ms | Average CUDA latency: 196.474903 ms, Average TFLOPs: 2.948427
>> VLA-Cache inference mode
Current CUDA latency: 167.621796 ms | Average CUDA latency: 196.433918 ms, Average TFLOPs: 2.948330
Average time per step: 590.7648 ms, Control Frequency: 13.54 Hz, Token Reusing Ratio (Primary): 32.76 %, , Token Reusing Ratio (Wrist): 34.13 %
Saved rollout MP4 at path ./rollouts/2026_04_07/primary--2026_04_07-18_57_52--episode=50--success=True--task=put_the_wine_bottle_on_top_of_the_cabinet.mp4
Saved rollout MP4 at path ./rollouts/2026_04_07/wrist--2026_04_07-18_57_52--episode=50--success=True--task=put_the_wine_bottle_on_top_of_the_cabinet.mp4
04/07 [19:57:01] INFO     | >> Success: True              run_libero_eval.py:230
                 INFO     | >> # episodes completed so    run_libero_eval.py:230
                          far: 50                                               
                 INFO     | >> # successes: 48 (96.0%)    run_libero_eval.py:230

 50%|█████     | 10/20 [12:00<11:30, 69.02s/it][A                 INFO     | >>                            run_libero_eval.py:230
                          Task: put the wine bottle on                          
                          top of the cabinet                                    
                 INFO     | >> Starting episode 11...     run_libero_eval.py:230
huggingface/tokenizers: The current process just got forked, after parallelism has already been used. Disabling parallelism to avoid deadlocks...
To disable this warning, you can either:
	- Avoid using `tokenizers` before the fork if possible
	- Explicitly set the environment variable TOKENIZERS_PARALLELISM=(true | false)
huggingface/tokenizers: The current process just got forked, after parallelism has already been used. Disabling parallelism to avoid deadlocks...
To disable this warning, you can either:
	- Avoid using `tokenizers` before the fork if possible
	- Explicitly set the environment variable TOKENIZERS_PARALLELISM=(true | false)
>> VLA-Cache inference mode
Current CUDA latency: 459.289459 ms | Average CUDA latency: 196.806763 ms, Average TFLOPs: 2.949396
>> VLA-Cache inference mode
Current CUDA latency: 383.046692 ms | Average CUDA latency: 197.070559 ms, Average TFLOPs: 2.949403
>> VLA-Cache inference mode
Current CUDA latency: 162.022110 ms | Average CUDA latency: 197.020985 ms, Average TFLOPs: 2.949330
>> VLA-Cache inference mode
Current CUDA latency: 111.477180 ms | Average CUDA latency: 196.900161 ms, Average TFLOPs: 2.949318
>> VLA-Cache inference mode
Current CUDA latency: 111.612129 ms | Average CUDA latency: 196.779867 ms, Average TFLOPs: 2.949318
>> VLA-Cache inference mode
Current CUDA latency: 103.175133 ms | Average CUDA latency: 196.648030 ms, Average TFLOPs: 2.949183
>> VLA-Cache inference mode
Current CUDA latency: 104.640610 ms | Average CUDA latency: 196.518624 ms, Average TFLOPs: 2.949041
>> VLA-Cache inference mode
Current CUDA latency: 117.704285 ms | Average CUDA latency: 196.407930 ms, Average TFLOPs: 2.948848
>> VLA-Cache inference mode
Current CUDA latency: 102.460320 ms | Average CUDA latency: 196.276166 ms, Average TFLOPs: 2.948658
>> VLA-Cache inference mode
Current CUDA latency: 113.368126 ms | Average CUDA latency: 196.160048 ms, Average TFLOPs: 2.948454
>> VLA-Cache inference mode
Current CUDA latency: 104.043747 ms | Average CUDA latency: 196.031214 ms, Average TFLOPs: 2.948283
Average time per step: 587.5928 ms, Control Frequency: 13.61 Hz, Token Reusing Ratio (Primary): 32.77 %, , Token Reusing Ratio (Wrist): 33.98 %
Saved rollout MP4 at path ./rollouts/2026_04_07/primary--2026_04_07-18_57_52--episode=51--success=True--task=put_the_wine_bottle_on_top_of_the_cabinet.mp4
Saved rollout MP4 at path ./rollouts/2026_04_07/wrist--2026_04_07-18_57_52--episode=51--success=True--task=put_the_wine_bottle_on_top_of_the_cabinet.mp4
04/07 [19:57:56] INFO     | >> Success: True              run_libero_eval.py:230
                 INFO     | >> # episodes completed so    run_libero_eval.py:230
                          far: 51                                               
                 INFO     | >> # successes: 49 (96.1%)    run_libero_eval.py:230

 55%|█████▌    | 11/20 [12:55<09:41, 64.62s/it][A                 INFO     | >>                            run_libero_eval.py:230
                          Task: put the wine bottle on                          
                          top of the cabinet                                    
                 INFO     | >> Starting episode 12...     run_libero_eval.py:230
huggingface/tokenizers: The current process just got forked, after parallelism has already been used. Disabling parallelism to avoid deadlocks...
To disable this warning, you can either:
	- Avoid using `tokenizers` before the fork if possible
	- Explicitly set the environment variable TOKENIZERS_PARALLELISM=(true | false)
huggingface/tokenizers: The current process just got forked, after parallelism has already been used. Disabling parallelism to avoid deadlocks...
To disable this warning, you can either:
	- Avoid using `tokenizers` before the fork if possible
	- Explicitly set the environment variable TOKENIZERS_PARALLELISM=(true | false)
>> VLA-Cache inference mode
Current CUDA latency: 339.157684 ms | Average CUDA latency: 196.231111 ms, Average TFLOPs: 2.949332
>> VLA-Cache inference mode
Current CUDA latency: 348.138245 ms | Average CUDA latency: 196.442976 ms, Average TFLOPs: 2.949236
>> VLA-Cache inference mode
Current CUDA latency: 158.219330 ms | Average CUDA latency: 196.389740 ms, Average TFLOPs: 2.949138
>> VLA-Cache inference mode
Current CUDA latency: 110.319618 ms | Average CUDA latency: 196.270032 ms, Average TFLOPs: 2.949079
>> VLA-Cache inference mode
Current CUDA latency: 110.258911 ms | Average CUDA latency: 196.150572 ms, Average TFLOPs: 2.949052
>> VLA-Cache inference mode
Current CUDA latency: 110.239677 ms | Average CUDA latency: 196.031417 ms, Average TFLOPs: 2.948816
>> VLA-Cache inference mode
Current CUDA latency: 106.582436 ms | Average CUDA latency: 195.907526 ms, Average TFLOPs: 2.948616
>> VLA-Cache inference mode
Current CUDA latency: 105.054817 ms | Average CUDA latency: 195.781866 ms, Average TFLOPs: 2.948411
>> VLA-Cache inference mode
Current CUDA latency: 102.185181 ms | Average CUDA latency: 195.652588 ms, Average TFLOPs: 2.948202
>> VLA-Cache inference mode
Current CUDA latency: 113.214943 ms | Average CUDA latency: 195.538881 ms, Average TFLOPs: 2.948084
>> VLA-Cache inference mode
Current CUDA latency: 236.669022 ms | Average CUDA latency: 195.595534 ms, Average TFLOPs: 2.947835
Average time per step: 585.7859 ms, Control Frequency: 13.66 Hz, Token Reusing Ratio (Primary): 32.76 %, , Token Reusing Ratio (Wrist): 34.00 %
Saved rollout MP4 at path ./rollouts/2026_04_07/primary--2026_04_07-18_57_52--episode=52--success=True--task=put_the_wine_bottle_on_top_of_the_cabinet.mp4
Saved rollout MP4 at path ./rollouts/2026_04_07/wrist--2026_04_07-18_57_52--episode=52--success=True--task=put_the_wine_bottle_on_top_of_the_cabinet.mp4
04/07 [19:58:52] INFO     | >> Success: True              run_libero_eval.py:230
                 INFO     | >> # episodes completed so    run_libero_eval.py:230
                          far: 52                                               
                 INFO     | >> # successes: 50 (96.2%)    run_libero_eval.py:230

 60%|██████    | 12/20 [13:51<08:16, 62.11s/it][A                 INFO     | >>                            run_libero_eval.py:230
                          Task: put the wine bottle on                          
                          top of the cabinet                                    
                 INFO     | >> Starting episode 13...     run_libero_eval.py:230
huggingface/tokenizers: The current process just got forked, after parallelism has already been used. Disabling parallelism to avoid deadlocks...
To disable this warning, you can either:
	- Avoid using `tokenizers` before the fork if possible
	- Explicitly set the environment variable TOKENIZERS_PARALLELISM=(true | false)
huggingface/tokenizers: The current process just got forked, after parallelism has already been used. Disabling parallelism to avoid deadlocks...
To disable this warning, you can either:
	- Avoid using `tokenizers` before the fork if possible
	- Explicitly set the environment variable TOKENIZERS_PARALLELISM=(true | false)
>> VLA-Cache inference mode
Current CUDA latency: 321.994263 ms | Average CUDA latency: 195.769398 ms, Average TFLOPs: 2.948869
>> VLA-Cache inference mode
Current CUDA latency: 283.591553 ms | Average CUDA latency: 195.890033 ms, Average TFLOPs: 2.948846
>> VLA-Cache inference mode
Current CUDA latency: 110.605148 ms | Average CUDA latency: 195.773044 ms, Average TFLOPs: 2.948860
>> VLA-Cache inference mode
Current CUDA latency: 114.971039 ms | Average CUDA latency: 195.662356 ms, Average TFLOPs: 2.948843
>> VLA-Cache inference mode
Current CUDA latency: 117.420258 ms | Average CUDA latency: 195.555322 ms, Average TFLOPs: 2.948827
>> VLA-Cache inference mode
Current CUDA latency: 111.116508 ms | Average CUDA latency: 195.439968 ms, Average TFLOPs: 2.948774
>> VLA-Cache inference mode
Current CUDA latency: 204.313477 ms | Average CUDA latency: 195.452074 ms, Average TFLOPs: 2.948675
>> VLA-Cache inference mode
Current CUDA latency: 211.871719 ms | Average CUDA latency: 195.474444 ms, Average TFLOPs: 2.948508
>> VLA-Cache inference mode
Current CUDA latency: 116.196320 ms | Average CUDA latency: 195.366583 ms, Average TFLOPs: 2.948316
>> VLA-Cache inference mode
Current CUDA latency: 118.672478 ms | Average CUDA latency: 195.262379 ms, Average TFLOPs: 2.948124
>> VLA-Cache inference mode
Current CUDA latency: 129.108551 ms | Average CUDA latency: 195.172618 ms, Average TFLOPs: 2.948001
Average time per step: 584.7139 ms, Control Frequency: 13.68 Hz, Token Reusing Ratio (Primary): 32.71 %, , Token Reusing Ratio (Wrist): 33.87 %
Saved rollout MP4 at path ./rollouts/2026_04_07/primary--2026_04_07-18_57_52--episode=53--success=True--task=put_the_wine_bottle_on_top_of_the_cabinet.mp4
Saved rollout MP4 at path ./rollouts/2026_04_07/wrist--2026_04_07-18_57_52--episode=53--success=True--task=put_the_wine_bottle_on_top_of_the_cabinet.mp4
04/07 [19:59:47] INFO     | >> Success: True              run_libero_eval.py:230
                 INFO     | >> # episodes completed so    run_libero_eval.py:230
                          far: 53                                               
                 INFO     | >> # successes: 51 (96.2%)    run_libero_eval.py:230

 65%|██████▌   | 13/20 [14:46<06:58, 59.83s/it][A                 INFO     | >>                            run_libero_eval.py:230
                          Task: put the wine bottle on                          
                          top of the cabinet                                    
                 INFO     | >> Starting episode 14...     run_libero_eval.py:230
huggingface/tokenizers: The current process just got forked, after parallelism has already been used. Disabling parallelism to avoid deadlocks...
To disable this warning, you can either:
	- Avoid using `tokenizers` before the fork if possible
	- Explicitly set the environment variable TOKENIZERS_PARALLELISM=(true | false)
huggingface/tokenizers: The current process just got forked, after parallelism has already been used. Disabling parallelism to avoid deadlocks...
To disable this warning, you can either:
	- Avoid using `tokenizers` before the fork if possible
	- Explicitly set the environment variable TOKENIZERS_PARALLELISM=(true | false)
>> VLA-Cache inference mode
Current CUDA latency: 422.549164 ms | Average CUDA latency: 195.480716 ms, Average TFLOPs: 2.949019
>> VLA-Cache inference mode
Current CUDA latency: 415.288971 ms | Average CUDA latency: 195.778156 ms, Average TFLOPs: 2.949013
>> VLA-Cache inference mode
Current CUDA latency: 120.678368 ms | Average CUDA latency: 195.676670 ms, Average TFLOPs: 2.948982
>> VLA-Cache inference mode
Current CUDA latency: 130.196793 ms | Average CUDA latency: 195.588303 ms, Average TFLOPs: 2.948987
>> VLA-Cache inference mode
Current CUDA latency: 228.205948 ms | Average CUDA latency: 195.632262 ms, Average TFLOPs: 2.949009
>> VLA-Cache inference mode
Current CUDA latency: 156.805817 ms | Average CUDA latency: 195.580006 ms, Average TFLOPs: 2.948994
>> VLA-Cache inference mode
Current CUDA latency: 136.032028 ms | Average CUDA latency: 195.499968 ms, Average TFLOPs: 2.948925
>> VLA-Cache inference mode
Current CUDA latency: 275.897522 ms | Average CUDA latency: 195.607884 ms, Average TFLOPs: 2.948760
>> VLA-Cache inference mode
Current CUDA latency: 337.974060 ms | Average CUDA latency: 195.798724 ms, Average TFLOPs: 2.948690
>> VLA-Cache inference mode
Current CUDA latency: 120.952576 ms | Average CUDA latency: 195.698528 ms, Average TFLOPs: 2.948481
>> VLA-Cache inference mode
Current CUDA latency: 106.248993 ms | Average CUDA latency: 195.578943 ms, Average TFLOPs: 2.948293
>> VLA-Cache inference mode
Current CUDA latency: 109.259422 ms | Average CUDA latency: 195.463697 ms, Average TFLOPs: 2.948089
>> VLA-Cache inference mode
Current CUDA latency: 123.789246 ms | Average CUDA latency: 195.368131 ms, Average TFLOPs: 2.947917
Average time per step: 587.9380 ms, Control Frequency: 13.61 Hz, Token Reusing Ratio (Primary): 32.70 %, , Token Reusing Ratio (Wrist): 33.81 %
Saved rollout MP4 at path ./rollouts/2026_04_07/primary--2026_04_07-18_57_52--episode=54--success=True--task=put_the_wine_bottle_on_top_of_the_cabinet.mp4
Saved rollout MP4 at path ./rollouts/2026_04_07/wrist--2026_04_07-18_57_52--episode=54--success=True--task=put_the_wine_bottle_on_top_of_the_cabinet.mp4
04/07 [20:00:58] INFO     | >> Success: True              run_libero_eval.py:230
                 INFO     | >> # episodes completed so    run_libero_eval.py:230
                          far: 54                                               
                 INFO     | >> # successes: 52 (96.3%)    run_libero_eval.py:230

 70%|███████   | 14/20 [15:57<06:20, 63.34s/it][A                 INFO     | >>                            run_libero_eval.py:230
                          Task: put the wine bottle on                          
                          top of the cabinet                                    
                 INFO     | >> Starting episode 15...     run_libero_eval.py:230
huggingface/tokenizers: The current process just got forked, after parallelism has already been used. Disabling parallelism to avoid deadlocks...
To disable this warning, you can either:
	- Avoid using `tokenizers` before the fork if possible
	- Explicitly set the environment variable TOKENIZERS_PARALLELISM=(true | false)
huggingface/tokenizers: The current process just got forked, after parallelism has already been used. Disabling parallelism to avoid deadlocks...
To disable this warning, you can either:
	- Avoid using `tokenizers` before the fork if possible
	- Explicitly set the environment variable TOKENIZERS_PARALLELISM=(true | false)
>> VLA-Cache inference mode
Current CUDA latency: 362.846130 ms | Average CUDA latency: 195.591138 ms, Average TFLOPs: 2.948918
>> VLA-Cache inference mode
Current CUDA latency: 283.837006 ms | Average CUDA latency: 195.708486 ms, Average TFLOPs: 2.948970
>> VLA-Cache inference mode
Current CUDA latency: 132.306534 ms | Average CUDA latency: 195.624287 ms, Average TFLOPs: 2.948968
>> VLA-Cache inference mode
Current CUDA latency: 110.782013 ms | Average CUDA latency: 195.511764 ms, Average TFLOPs: 2.949001
>> VLA-Cache inference mode
Current CUDA latency: 113.264320 ms | Average CUDA latency: 195.402827 ms, Average TFLOPs: 2.948976
>> VLA-Cache inference mode
Current CUDA latency: 109.800865 ms | Average CUDA latency: 195.289597 ms, Average TFLOPs: 2.948836
>> VLA-Cache inference mode
Current CUDA latency: 120.953278 ms | Average CUDA latency: 195.191398 ms, Average TFLOPs: 2.948716
>> VLA-Cache inference mode
Current CUDA latency: 211.316025 ms | Average CUDA latency: 195.212671 ms, Average TFLOPs: 2.948558
>> VLA-Cache inference mode
Current CUDA latency: 198.617279 ms | Average CUDA latency: 195.217156 ms, Average TFLOPs: 2.948403
>> VLA-Cache inference mode
Current CUDA latency: 142.249191 ms | Average CUDA latency: 195.147462 ms, Average TFLOPs: 2.948228
>> VLA-Cache inference mode
Current CUDA latency: 127.832672 ms | Average CUDA latency: 195.059006 ms, Average TFLOPs: 2.948089
>> VLA-Cache inference mode
Current CUDA latency: 120.211235 ms | Average CUDA latency: 194.960781 ms, Average TFLOPs: 2.948041
Average time per step: 587.9979 ms, Control Frequency: 13.61 Hz, Token Reusing Ratio (Primary): 32.68 %, , Token Reusing Ratio (Wrist): 33.75 %
Saved rollout MP4 at path ./rollouts/2026_04_07/primary--2026_04_07-18_57_52--episode=55--success=True--task=put_the_wine_bottle_on_top_of_the_cabinet.mp4
Saved rollout MP4 at path ./rollouts/2026_04_07/wrist--2026_04_07-18_57_52--episode=55--success=True--task=put_the_wine_bottle_on_top_of_the_cabinet.mp4
04/07 [20:02:00] INFO     | >> Success: True              run_libero_eval.py:230
                 INFO     | >> # episodes completed so    run_libero_eval.py:230
                          far: 55                                               
                 INFO     | >> # successes: 53 (96.4%)    run_libero_eval.py:230

 75%|███████▌  | 15/20 [16:59<05:14, 62.81s/it][A                 INFO     | >>                            run_libero_eval.py:230
                          Task: put the wine bottle on                          
                          top of the cabinet                                    
                 INFO     | >> Starting episode 16...     run_libero_eval.py:230
huggingface/tokenizers: The current process just got forked, after parallelism has already been used. Disabling parallelism to avoid deadlocks...
To disable this warning, you can either:
	- Avoid using `tokenizers` before the fork if possible
	- Explicitly set the environment variable TOKENIZERS_PARALLELISM=(true | false)
huggingface/tokenizers: The current process just got forked, after parallelism has already been used. Disabling parallelism to avoid deadlocks...
To disable this warning, you can either:
	- Avoid using `tokenizers` before the fork if possible
	- Explicitly set the environment variable TOKENIZERS_PARALLELISM=(true | false)
>> VLA-Cache inference mode
Current CUDA latency: 415.578400 ms | Average CUDA latency: 195.249926 ms, Average TFLOPs: 2.949025
>> VLA-Cache inference mode
Current CUDA latency: 325.172668 ms | Average CUDA latency: 195.419981 ms, Average TFLOPs: 2.949017
>> VLA-Cache inference mode
Current CUDA latency: 136.690628 ms | Average CUDA latency: 195.343211 ms, Average TFLOPs: 2.948994
>> VLA-Cache inference mode
Current CUDA latency: 113.327263 ms | Average CUDA latency: 195.236141 ms, Average TFLOPs: 2.949006
>> VLA-Cache inference mode
Current CUDA latency: 114.362915 ms | Average CUDA latency: 195.130700 ms, Average TFLOPs: 2.948981
>> VLA-Cache inference mode
Current CUDA latency: 117.778114 ms | Average CUDA latency: 195.029980 ms, Average TFLOPs: 2.948891
>> VLA-Cache inference mode
Current CUDA latency: 152.037216 ms | Average CUDA latency: 194.974073 ms, Average TFLOPs: 2.948604
>> VLA-Cache inference mode
Current CUDA latency: 219.749222 ms | Average CUDA latency: 195.006248 ms, Average TFLOPs: 2.948389
>> VLA-Cache inference mode
Current CUDA latency: 233.602341 ms | Average CUDA latency: 195.056308 ms, Average TFLOPs: 2.948263
>> VLA-Cache inference mode
Current CUDA latency: 135.222183 ms | Average CUDA latency: 194.978803 ms, Average TFLOPs: 2.948154
>> VLA-Cache inference mode
Current CUDA latency: 111.336739 ms | Average CUDA latency: 194.870598 ms, Average TFLOPs: 2.947994
>> VLA-Cache inference mode
Current CUDA latency: 126.574692 ms | Average CUDA latency: 194.782361 ms, Average TFLOPs: 2.947792
Average time per step: 587.7627 ms, Control Frequency: 13.61 Hz, Token Reusing Ratio (Primary): 32.67 %, , Token Reusing Ratio (Wrist): 33.74 %
Saved rollout MP4 at path ./rollouts/2026_04_07/primary--2026_04_07-18_57_52--episode=56--success=True--task=put_the_wine_bottle_on_top_of_the_cabinet.mp4
Saved rollout MP4 at path ./rollouts/2026_04_07/wrist--2026_04_07-18_57_52--episode=56--success=True--task=put_the_wine_bottle_on_top_of_the_cabinet.mp4
04/07 [20:03:03] INFO     | >> Success: True              run_libero_eval.py:230
                 INFO     | >> # episodes completed so    run_libero_eval.py:230
                          far: 56                                               
                 INFO     | >> # successes: 54 (96.4%)    run_libero_eval.py:230

 80%|████████  | 16/20 [18:02<04:11, 62.84s/it][A                 INFO     | >>                            run_libero_eval.py:230
                          Task: put the wine bottle on                          
                          top of the cabinet                                    
                 INFO     | >> Starting episode 17...     run_libero_eval.py:230
huggingface/tokenizers: The current process just got forked, after parallelism has already been used. Disabling parallelism to avoid deadlocks...
To disable this warning, you can either:
	- Avoid using `tokenizers` before the fork if possible
	- Explicitly set the environment variable TOKENIZERS_PARALLELISM=(true | false)
huggingface/tokenizers: The current process just got forked, after parallelism has already been used. Disabling parallelism to avoid deadlocks...
To disable this warning, you can either:
	- Avoid using `tokenizers` before the fork if possible
	- Explicitly set the environment variable TOKENIZERS_PARALLELISM=(true | false)
>> VLA-Cache inference mode
Current CUDA latency: 352.725250 ms | Average CUDA latency: 194.986158 ms, Average TFLOPs: 2.948762
>> VLA-Cache inference mode
Current CUDA latency: 324.193329 ms | Average CUDA latency: 195.152662 ms, Average TFLOPs: 2.948827
>> VLA-Cache inference mode
Current CUDA latency: 221.517441 ms | Average CUDA latency: 195.186594 ms, Average TFLOPs: 2.948890
>> VLA-Cache inference mode
Current CUDA latency: 122.263901 ms | Average CUDA latency: 195.092863 ms, Average TFLOPs: 2.948909
>> VLA-Cache inference mode
Current CUDA latency: 116.673508 ms | Average CUDA latency: 194.992196 ms, Average TFLOPs: 2.948907
>> VLA-Cache inference mode
Current CUDA latency: 112.941727 ms | Average CUDA latency: 194.887003 ms, Average TFLOPs: 2.948891
>> VLA-Cache inference mode
Current CUDA latency: 168.891647 ms | Average CUDA latency: 194.853718 ms, Average TFLOPs: 2.948770
>> VLA-Cache inference mode
Current CUDA latency: 360.148926 ms | Average CUDA latency: 195.065093 ms, Average TFLOPs: 2.948637
>> VLA-Cache inference mode
Current CUDA latency: 130.652832 ms | Average CUDA latency: 194.982830 ms, Average TFLOPs: 2.948490
>> VLA-Cache inference mode
Current CUDA latency: 117.371902 ms | Average CUDA latency: 194.883836 ms, Average TFLOPs: 2.948365
>> VLA-Cache inference mode
Current CUDA latency: 153.203262 ms | Average CUDA latency: 194.830740 ms, Average TFLOPs: 2.948268
>> VLA-Cache inference mode
Current CUDA latency: 110.590340 ms | Average CUDA latency: 194.723564 ms, Average TFLOPs: 2.948224
Average time per step: 585.9528 ms, Control Frequency: 13.65 Hz, Token Reusing Ratio (Primary): 32.55 %, , Token Reusing Ratio (Wrist): 33.67 %
Saved rollout MP4 at path ./rollouts/2026_04_07/primary--2026_04_07-18_57_52--episode=57--success=True--task=put_the_wine_bottle_on_top_of_the_cabinet.mp4
Saved rollout MP4 at path ./rollouts/2026_04_07/wrist--2026_04_07-18_57_52--episode=57--success=True--task=put_the_wine_bottle_on_top_of_the_cabinet.mp4
04/07 [20:04:02] INFO     | >> Success: True              run_libero_eval.py:230
                 INFO     | >> # episodes completed so    run_libero_eval.py:230
                          far: 57                                               
                 INFO     | >> # successes: 55 (96.5%)    run_libero_eval.py:230

 85%|████████▌ | 17/20 [19:01<03:05, 61.75s/it][A                 INFO     | >>                            run_libero_eval.py:230
                          Task: put the wine bottle on                          
                          top of the cabinet                                    
                 INFO     | >> Starting episode 18...     run_libero_eval.py:230
huggingface/tokenizers: The current process just got forked, after parallelism has already been used. Disabling parallelism to avoid deadlocks...
To disable this warning, you can either:
	- Avoid using `tokenizers` before the fork if possible
	- Explicitly set the environment variable TOKENIZERS_PARALLELISM=(true | false)
huggingface/tokenizers: The current process just got forked, after parallelism has already been used. Disabling parallelism to avoid deadlocks...
To disable this warning, you can either:
	- Avoid using `tokenizers` before the fork if possible
	- Explicitly set the environment variable TOKENIZERS_PARALLELISM=(true | false)
>> VLA-Cache inference mode
Current CUDA latency: 353.202423 ms | Average CUDA latency: 194.924935 ms, Average TFLOPs: 2.949178
>> VLA-Cache inference mode
Current CUDA latency: 411.721863 ms | Average CUDA latency: 195.200058 ms, Average TFLOPs: 2.949228
>> VLA-Cache inference mode
Current CUDA latency: 186.908356 ms | Average CUDA latency: 195.189549 ms, Average TFLOPs: 2.949272
>> VLA-Cache inference mode
Current CUDA latency: 132.498779 ms | Average CUDA latency: 195.110193 ms, Average TFLOPs: 2.949322
>> VLA-Cache inference mode
Current CUDA latency: 137.667068 ms | Average CUDA latency: 195.037572 ms, Average TFLOPs: 2.949334
>> VLA-Cache inference mode
Current CUDA latency: 113.716866 ms | Average CUDA latency: 194.934895 ms, Average TFLOPs: 2.949348
>> VLA-Cache inference mode
Current CUDA latency: 138.704575 ms | Average CUDA latency: 194.863986 ms, Average TFLOPs: 2.949229
>> VLA-Cache inference mode
Current CUDA latency: 122.366531 ms | Average CUDA latency: 194.772680 ms, Average TFLOPs: 2.949084
>> VLA-Cache inference mode
Current CUDA latency: 135.831329 ms | Average CUDA latency: 194.698540 ms, Average TFLOPs: 2.948991
>> VLA-Cache inference mode
Current CUDA latency: 193.360001 ms | Average CUDA latency: 194.696858 ms, Average TFLOPs: 2.948917
>> VLA-Cache inference mode
Current CUDA latency: 252.588409 ms | Average CUDA latency: 194.769495 ms, Average TFLOPs: 2.948782
Average time per step: 585.1779 ms, Control Frequency: 13.67 Hz, Token Reusing Ratio (Primary): 32.43 %, , Token Reusing Ratio (Wrist): 33.59 %
Saved rollout MP4 at path ./rollouts/2026_04_07/primary--2026_04_07-18_57_52--episode=58--success=True--task=put_the_wine_bottle_on_top_of_the_cabinet.mp4
Saved rollout MP4 at path ./rollouts/2026_04_07/wrist--2026_04_07-18_57_52--episode=58--success=True--task=put_the_wine_bottle_on_top_of_the_cabinet.mp4
04/07 [20:05:00] INFO     | >> Success: True              run_libero_eval.py:230
                 INFO     | >> # episodes completed so    run_libero_eval.py:230
                          far: 58                                               
                 INFO     | >> # successes: 56 (96.6%)    run_libero_eval.py:230

 90%|█████████ | 18/20 [19:59<02:01, 60.59s/it][A                 INFO     | >>                            run_libero_eval.py:230
                          Task: put the wine bottle on                          
                          top of the cabinet                                    
                 INFO     | >> Starting episode 19...     run_libero_eval.py:230
huggingface/tokenizers: The current process just got forked, after parallelism has already been used. Disabling parallelism to avoid deadlocks...
To disable this warning, you can either:
	- Avoid using `tokenizers` before the fork if possible
	- Explicitly set the environment variable TOKENIZERS_PARALLELISM=(true | false)
huggingface/tokenizers: The current process just got forked, after parallelism has already been used. Disabling parallelism to avoid deadlocks...
To disable this warning, you can either:
	- Avoid using `tokenizers` before the fork if possible
	- Explicitly set the environment variable TOKENIZERS_PARALLELISM=(true | false)
>> VLA-Cache inference mode
Current CUDA latency: 332.927490 ms | Average CUDA latency: 194.942625 ms, Average TFLOPs: 2.949723
>> VLA-Cache inference mode
Current CUDA latency: 235.761124 ms | Average CUDA latency: 194.993712 ms, Average TFLOPs: 2.949743
>> VLA-Cache inference mode
Current CUDA latency: 155.491974 ms | Average CUDA latency: 194.944335 ms, Average TFLOPs: 2.949727
>> VLA-Cache inference mode
Current CUDA latency: 214.316956 ms | Average CUDA latency: 194.968521 ms, Average TFLOPs: 2.949730
>> VLA-Cache inference mode
Current CUDA latency: 151.522018 ms | Average CUDA latency: 194.914348 ms, Average TFLOPs: 2.949679
>> VLA-Cache inference mode
Current CUDA latency: 137.421951 ms | Average CUDA latency: 194.842751 ms, Average TFLOPs: 2.949592
>> VLA-Cache inference mode
Current CUDA latency: 120.844444 ms | Average CUDA latency: 194.750713 ms, Average TFLOPs: 2.949395
>> VLA-Cache inference mode
Current CUDA latency: 113.926529 ms | Average CUDA latency: 194.650310 ms, Average TFLOPs: 2.949209
>> VLA-Cache inference mode
Current CUDA latency: 102.962883 ms | Average CUDA latency: 194.536554 ms, Average TFLOPs: 2.949108
>> VLA-Cache inference mode
Current CUDA latency: 111.401794 ms | Average CUDA latency: 194.433537 ms, Average TFLOPs: 2.948973
>> VLA-Cache inference mode
Current CUDA latency: 101.705025 ms | Average CUDA latency: 194.318774 ms, Average TFLOPs: 2.948824
>> VLA-Cache inference mode
Current CUDA latency: 108.420959 ms | Average CUDA latency: 194.212596 ms, Average TFLOPs: 2.948711
Average time per step: 583.7131 ms, Control Frequency: 13.71 Hz, Token Reusing Ratio (Primary): 32.43 %, , Token Reusing Ratio (Wrist): 33.55 %
Saved rollout MP4 at path ./rollouts/2026_04_07/primary--2026_04_07-18_57_52--episode=59--success=True--task=put_the_wine_bottle_on_top_of_the_cabinet.mp4
Saved rollout MP4 at path ./rollouts/2026_04_07/wrist--2026_04_07-18_57_52--episode=59--success=True--task=put_the_wine_bottle_on_top_of_the_cabinet.mp4
04/07 [20:06:00] INFO     | >> Success: True              run_libero_eval.py:230
                 INFO     | >> # episodes completed so    run_libero_eval.py:230
                          far: 59                                               
                 INFO     | >> # successes: 57 (96.6%)    run_libero_eval.py:230

 95%|█████████▌| 19/20 [20:58<01:00, 60.27s/it][A                 INFO     | >>                            run_libero_eval.py:230
                          Task: put the wine bottle on                          
                          top of the cabinet                                    
                 INFO     | >> Starting episode 20...     run_libero_eval.py:230
huggingface/tokenizers: The current process just got forked, after parallelism has already been used. Disabling parallelism to avoid deadlocks...
To disable this warning, you can either:
	- Avoid using `tokenizers` before the fork if possible
	- Explicitly set the environment variable TOKENIZERS_PARALLELISM=(true | false)
huggingface/tokenizers: The current process just got forked, after parallelism has already been used. Disabling parallelism to avoid deadlocks...
To disable this warning, you can either:
	- Avoid using `tokenizers` before the fork if possible
	- Explicitly set the environment variable TOKENIZERS_PARALLELISM=(true | false)
>> VLA-Cache inference mode
Current CUDA latency: 584.919983 ms | Average CUDA latency: 194.694951 ms, Average TFLOPs: 2.949638
>> VLA-Cache inference mode
Current CUDA latency: 474.747437 ms | Average CUDA latency: 195.040269 ms, Average TFLOPs: 2.949643
>> VLA-Cache inference mode
Current CUDA latency: 108.513634 ms | Average CUDA latency: 194.933709 ms, Average TFLOPs: 2.949674
>> VLA-Cache inference mode
Current CUDA latency: 115.638847 ms | Average CUDA latency: 194.836175 ms, Average TFLOPs: 2.949606
>> VLA-Cache inference mode
Current CUDA latency: 113.612160 ms | Average CUDA latency: 194.736391 ms, Average TFLOPs: 2.949520
>> VLA-Cache inference mode
Current CUDA latency: 110.794174 ms | Average CUDA latency: 194.633395 ms, Average TFLOPs: 2.949375
>> VLA-Cache inference mode
Current CUDA latency: 132.231110 ms | Average CUDA latency: 194.556921 ms, Average TFLOPs: 2.949240
>> VLA-Cache inference mode
Current CUDA latency: 218.366882 ms | Average CUDA latency: 194.586065 ms, Average TFLOPs: 2.949112
>> VLA-Cache inference mode
Current CUDA latency: 137.272614 ms | Average CUDA latency: 194.515999 ms, Average TFLOPs: 2.948965
>> VLA-Cache inference mode
Current CUDA latency: 150.693985 ms | Average CUDA latency: 194.462493 ms, Average TFLOPs: 2.948786
>> VLA-Cache inference mode
Current CUDA latency: 129.833572 ms | Average CUDA latency: 194.383677 ms, Average TFLOPs: 2.948631
Average time per step: 585.2798 ms, Control Frequency: 13.67 Hz, Token Reusing Ratio (Primary): 32.41 %, , Token Reusing Ratio (Wrist): 33.53 %
Saved rollout MP4 at path ./rollouts/2026_04_07/primary--2026_04_07-18_57_52--episode=60--success=True--task=put_the_wine_bottle_on_top_of_the_cabinet.mp4
Saved rollout MP4 at path ./rollouts/2026_04_07/wrist--2026_04_07-18_57_52--episode=60--success=True--task=put_the_wine_bottle_on_top_of_the_cabinet.mp4
04/07 [20:07:00] INFO     | >> Success: True              run_libero_eval.py:230
                 INFO     | >> # episodes completed so    run_libero_eval.py:230
                          far: 60                                               
                 INFO     | >> # successes: 58 (96.7%)    run_libero_eval.py:230

100%|██████████| 20/20 [21:59<00:00, 60.34s/it][A100%|██████████| 20/20 [21:59<00:00, 65.97s/it]
                 INFO     | >> Current task success rate: run_libero_eval.py:230
                          0.95                                                  
                 INFO     | >> Current total success      run_libero_eval.py:230
                          rate: 0.9666666666666667                              
 30%|███       | 3/10 [1:08:53<2:37:31, 1350.16s/it][Warning]: datasets path /root/sj-tmp/workspace/LIBERO/libero/libero/../datasets does not exist!
                 INFO     | >> Using default initial      run_libero_eval.py:230
                          states                                                
[Warning]: datasets path /root/sj-tmp/workspace/LIBERO/libero/libero/../datasets does not exist!

  0%|          | 0/20 [00:00<?, ?it/s][A04/07 [20:07:03] INFO     | >>                            run_libero_eval.py:230
                          Task: open the top drawer and                         
                          put the bowl inside                                   
                 INFO     | >> Starting episode 1...      run_libero_eval.py:230
huggingface/tokenizers: The current process just got forked, after parallelism has already been used. Disabling parallelism to avoid deadlocks...
To disable this warning, you can either:
	- Avoid using `tokenizers` before the fork if possible
	- Explicitly set the environment variable TOKENIZERS_PARALLELISM=(true | false)
huggingface/tokenizers: The current process just got forked, after parallelism has already been used. Disabling parallelism to avoid deadlocks...
To disable this warning, you can either:
	- Avoid using `tokenizers` before the fork if possible
	- Explicitly set the environment variable TOKENIZERS_PARALLELISM=(true | false)
>> VLA-Cache inference mode
Current CUDA latency: 400.234375 ms | Average CUDA latency: 194.634408 ms, Average TFLOPs: 2.949553
>> VLA-Cache inference mode
Current CUDA latency: 285.438690 ms | Average CUDA latency: 194.744876 ms, Average TFLOPs: 2.949561
>> VLA-Cache inference mode
Current CUDA latency: 114.881790 ms | Average CUDA latency: 194.647837 ms, Average TFLOPs: 2.949569
>> VLA-Cache inference mode
Current CUDA latency: 164.324326 ms | Average CUDA latency: 194.611037 ms, Average TFLOPs: 2.949589
>> VLA-Cache inference mode
Current CUDA latency: 232.767197 ms | Average CUDA latency: 194.657286 ms, Average TFLOPs: 2.949498
>> VLA-Cache inference mode
Current CUDA latency: 127.861092 ms | Average CUDA latency: 194.576419 ms, Average TFLOPs: 2.949400
>> VLA-Cache inference mode
Current CUDA latency: 145.375290 ms | Average CUDA latency: 194.516926 ms, Average TFLOPs: 2.949315
>> VLA-Cache inference mode
Current CUDA latency: 109.591805 ms | Average CUDA latency: 194.414359 ms, Average TFLOPs: 2.949231
>> VLA-Cache inference mode
Current CUDA latency: 114.915009 ms | Average CUDA latency: 194.318461 ms, Average TFLOPs: 2.949133
>> VLA-Cache inference mode
Current CUDA latency: 118.744003 ms | Average CUDA latency: 194.227408 ms, Average TFLOPs: 2.948940
>> VLA-Cache inference mode
Current CUDA latency: 147.665665 ms | Average CUDA latency: 194.171377 ms, Average TFLOPs: 2.948750
>> VLA-Cache inference mode
Current CUDA latency: 308.341339 ms | Average CUDA latency: 194.308600 ms, Average TFLOPs: 2.948578
>> VLA-Cache inference mode
Current CUDA latency: 411.946594 ms | Average CUDA latency: 194.569871 ms, Average TFLOPs: 2.948479
>> VLA-Cache inference mode
Current CUDA latency: 177.302139 ms | Average CUDA latency: 194.549166 ms, Average TFLOPs: 2.948472
>> VLA-Cache inference mode
Current CUDA latency: 117.357246 ms | Average CUDA latency: 194.456720 ms, Average TFLOPs: 2.948443
>> VLA-Cache inference mode
Current CUDA latency: 108.514626 ms | Average CUDA latency: 194.353919 ms, Average TFLOPs: 2.948430
>> VLA-Cache inference mode
Current CUDA latency: 124.192703 ms | Average CUDA latency: 194.270094 ms, Average TFLOPs: 2.948321
>> VLA-Cache inference mode
Current CUDA latency: 102.988068 ms | Average CUDA latency: 194.161166 ms, Average TFLOPs: 2.948178
>> VLA-Cache inference mode
Current CUDA latency: 105.888733 ms | Average CUDA latency: 194.055954 ms, Average TFLOPs: 2.948016
>> VLA-Cache inference mode
Current CUDA latency: 105.669060 ms | Average CUDA latency: 193.950732 ms, Average TFLOPs: 2.947834
>> VLA-Cache inference mode
Current CUDA latency: 186.050751 ms | Average CUDA latency: 193.941338 ms, Average TFLOPs: 2.947614
>> VLA-Cache inference mode
Current CUDA latency: 192.972931 ms | Average CUDA latency: 193.940188 ms, Average TFLOPs: 2.947454
>> VLA-Cache inference mode
Current CUDA latency: 170.703934 ms | Average CUDA latency: 193.912624 ms, Average TFLOPs: 2.947308
>> VLA-Cache inference mode
Current CUDA latency: 109.961922 ms | Average CUDA latency: 193.813157 ms, Average TFLOPs: 2.947169
>> VLA-Cache inference mode
Current CUDA latency: 121.510880 ms | Average CUDA latency: 193.727592 ms, Average TFLOPs: 2.946945
>> VLA-Cache inference mode
Current CUDA latency: 318.270081 ms | Average CUDA latency: 193.874805 ms, Average TFLOPs: 2.946763
>> VLA-Cache inference mode
Current CUDA latency: 279.232422 ms | Average CUDA latency: 193.975582 ms, Average TFLOPs: 2.946519
>> VLA-Cache inference mode
Current CUDA latency: 134.854401 ms | Average CUDA latency: 193.905863 ms, Average TFLOPs: 2.946320
>> VLA-Cache inference mode
Current CUDA latency: 244.058182 ms | Average CUDA latency: 193.964935 ms, Average TFLOPs: 2.946186
>> VLA-Cache inference mode
Current CUDA latency: 117.892067 ms | Average CUDA latency: 193.875438 ms, Average TFLOPs: 2.946009
>> VLA-Cache inference mode
Current CUDA latency: 137.923996 ms | Average CUDA latency: 193.809690 ms, Average TFLOPs: 2.945851
>> VLA-Cache inference mode
Current CUDA latency: 153.899582 ms | Average CUDA latency: 193.762847 ms, Average TFLOPs: 2.945724
>> VLA-Cache inference mode
Current CUDA latency: 167.422974 ms | Average CUDA latency: 193.731968 ms, Average TFLOPs: 2.945611
>> VLA-Cache inference mode
Current CUDA latency: 103.371773 ms | Average CUDA latency: 193.626160 ms, Average TFLOPs: 2.945452
>> VLA-Cache inference mode
Current CUDA latency: 147.070297 ms | Average CUDA latency: 193.571709 ms, Average TFLOPs: 2.945282
>> VLA-Cache inference mode
Current CUDA latency: 198.717117 ms | Average CUDA latency: 193.577720 ms, Average TFLOPs: 2.945134
>> VLA-Cache inference mode
Current CUDA latency: 243.677826 ms | Average CUDA latency: 193.636180 ms, Average TFLOPs: 2.944977
>> VLA-Cache inference mode
Current CUDA latency: 224.495041 ms | Average CUDA latency: 193.672146 ms, Average TFLOPs: 2.944936
Average time per step: 584.7326 ms, Control Frequency: 13.68 Hz, Token Reusing Ratio (Primary): 35.71 %, , Token Reusing Ratio (Wrist): 36.92 %
Saved rollout MP4 at path ./rollouts/2026_04_07/primary--2026_04_07-18_57_52--episode=61--success=False--task=open_the_top_drawer_and_put_the_bowl_inside.mp4
Saved rollout MP4 at path ./rollouts/2026_04_07/wrist--2026_04_07-18_57_52--episode=61--success=False--task=open_the_top_drawer_and_put_the_bowl_inside.mp4
04/07 [20:10:10] INFO     | >> Success: False             run_libero_eval.py:230
                 INFO     | >> # episodes completed so    run_libero_eval.py:230
                          far: 61                                               
                 INFO     | >> # successes: 58 (95.1%)    run_libero_eval.py:230

  5%|▌         | 1/20 [03:07<59:27, 187.78s/it][A                 INFO     | >>                            run_libero_eval.py:230
                          Task: open the top drawer and                         
                          put the bowl inside                                   
                 INFO     | >> Starting episode 2...      run_libero_eval.py:230
huggingface/tokenizers: The current process just got forked, after parallelism has already been used. Disabling parallelism to avoid deadlocks...
To disable this warning, you can either:
	- Avoid using `tokenizers` before the fork if possible
	- Explicitly set the environment variable TOKENIZERS_PARALLELISM=(true | false)
huggingface/tokenizers: The current process just got forked, after parallelism has already been used. Disabling parallelism to avoid deadlocks...
To disable this warning, you can either:
	- Avoid using `tokenizers` before the fork if possible
	- Explicitly set the environment variable TOKENIZERS_PARALLELISM=(true | false)
>> VLA-Cache inference mode
Current CUDA latency: 374.346527 ms | Average CUDA latency: 193.882477 ms, Average TFLOPs: 2.945822
>> VLA-Cache inference mode
Current CUDA latency: 261.853333 ms | Average CUDA latency: 193.961512 ms, Average TFLOPs: 2.945892
>> VLA-Cache inference mode
Current CUDA latency: 125.146751 ms | Average CUDA latency: 193.881588 ms, Average TFLOPs: 2.945927
>> VLA-Cache inference mode
Current CUDA latency: 112.315453 ms | Average CUDA latency: 193.786964 ms, Average TFLOPs: 2.945936
>> VLA-Cache inference mode
Current CUDA latency: 127.777855 ms | Average CUDA latency: 193.710476 ms, Average TFLOPs: 2.945840
>> VLA-Cache inference mode
Current CUDA latency: 117.131264 ms | Average CUDA latency: 193.621843 ms, Average TFLOPs: 2.945726
>> VLA-Cache inference mode
Current CUDA latency: 164.444550 ms | Average CUDA latency: 193.588112 ms, Average TFLOPs: 2.945656
>> VLA-Cache inference mode
Current CUDA latency: 182.035751 ms | Average CUDA latency: 193.574772 ms, Average TFLOPs: 2.945512
>> VLA-Cache inference mode
Current CUDA latency: 159.257050 ms | Average CUDA latency: 193.535190 ms, Average TFLOPs: 2.945389
>> VLA-Cache inference mode
Current CUDA latency: 128.122681 ms | Average CUDA latency: 193.459830 ms, Average TFLOPs: 2.945253
>> VLA-Cache inference mode
Current CUDA latency: 112.153152 ms | Average CUDA latency: 193.366266 ms, Average TFLOPs: 2.945125
>> VLA-Cache inference mode
Current CUDA latency: 123.957123 ms | Average CUDA latency: 193.286485 ms, Average TFLOPs: 2.945054
>> VLA-Cache inference mode
Current CUDA latency: 180.463486 ms | Average CUDA latency: 193.271763 ms, Average TFLOPs: 2.945062
>> VLA-Cache inference mode
Current CUDA latency: 111.297661 ms | Average CUDA latency: 193.177756 ms, Average TFLOPs: 2.945044
>> VLA-Cache inference mode
Current CUDA latency: 108.735970 ms | Average CUDA latency: 193.081030 ms, Average TFLOPs: 2.944975
>> VLA-Cache inference mode
Current CUDA latency: 112.124191 ms | Average CUDA latency: 192.988402 ms, Average TFLOPs: 2.944854
>> VLA-Cache inference mode
Current CUDA latency: 102.770973 ms | Average CUDA latency: 192.885297 ms, Average TFLOPs: 2.944702
>> VLA-Cache inference mode
Current CUDA latency: 109.727776 ms | Average CUDA latency: 192.790368 ms, Average TFLOPs: 2.944575
>> VLA-Cache inference mode
Current CUDA latency: 108.887619 ms | Average CUDA latency: 192.694698 ms, Average TFLOPs: 2.944479
>> VLA-Cache inference mode
Current CUDA latency: 268.932251 ms | Average CUDA latency: 192.781529 ms, Average TFLOPs: 2.944390
>> VLA-Cache inference mode
Current CUDA latency: 330.630463 ms | Average CUDA latency: 192.938354 ms, Average TFLOPs: 2.944318
>> VLA-Cache inference mode
Current CUDA latency: 230.836761 ms | Average CUDA latency: 192.981420 ms, Average TFLOPs: 2.944295
Average time per step: 582.9637 ms, Control Frequency: 13.72 Hz, Token Reusing Ratio (Primary): 35.04 %, , Token Reusing Ratio (Wrist): 36.10 %
Saved rollout MP4 at path ./rollouts/2026_04_07/primary--2026_04_07-18_57_52--episode=62--success=True--task=open_the_top_drawer_and_put_the_bowl_inside.mp4
Saved rollout MP4 at path ./rollouts/2026_04_07/wrist--2026_04_07-18_57_52--episode=62--success=True--task=open_the_top_drawer_and_put_the_bowl_inside.mp4
04/07 [20:11:55] INFO     | >> Success: True              run_libero_eval.py:230
                 INFO     | >> # episodes completed so    run_libero_eval.py:230
                          far: 62                                               
                 INFO     | >> # successes: 59 (95.2%)    run_libero_eval.py:230

 10%|█         | 2/20 [04:52<41:45, 139.17s/it][A                 INFO     | >>                            run_libero_eval.py:230
                          Task: open the top drawer and                         
                          put the bowl inside                                   
                 INFO     | >> Starting episode 3...      run_libero_eval.py:230
huggingface/tokenizers: The current process just got forked, after parallelism has already been used. Disabling parallelism to avoid deadlocks...
To disable this warning, you can either:
	- Avoid using `tokenizers` before the fork if possible
	- Explicitly set the environment variable TOKENIZERS_PARALLELISM=(true | false)
huggingface/tokenizers: The current process just got forked, after parallelism has already been used. Disabling parallelism to avoid deadlocks...
To disable this warning, you can either:
	- Avoid using `tokenizers` before the fork if possible
	- Explicitly set the environment variable TOKENIZERS_PARALLELISM=(true | false)
>> VLA-Cache inference mode
Current CUDA latency: 405.099976 ms | Average CUDA latency: 193.222190 ms, Average TFLOPs: 2.945159
>> VLA-Cache inference mode
Current CUDA latency: 315.457031 ms | Average CUDA latency: 193.360778 ms, Average TFLOPs: 2.945152
>> VLA-Cache inference mode
Current CUDA latency: 166.644089 ms | Average CUDA latency: 193.330522 ms, Average TFLOPs: 2.945130
>> VLA-Cache inference mode
Current CUDA latency: 199.793503 ms | Average CUDA latency: 193.337833 ms, Average TFLOPs: 2.945095
>> VLA-Cache inference mode
Current CUDA latency: 119.537186 ms | Average CUDA latency: 193.254442 ms, Average TFLOPs: 2.945060
>> VLA-Cache inference mode
Current CUDA latency: 120.343361 ms | Average CUDA latency: 193.172150 ms, Average TFLOPs: 2.945012
>> VLA-Cache inference mode
Current CUDA latency: 111.963646 ms | Average CUDA latency: 193.080596 ms, Average TFLOPs: 2.944964
>> VLA-Cache inference mode
Current CUDA latency: 138.501251 ms | Average CUDA latency: 193.019132 ms, Average TFLOPs: 2.944837
>> VLA-Cache inference mode
Current CUDA latency: 128.640610 ms | Average CUDA latency: 192.946716 ms, Average TFLOPs: 2.944712
>> VLA-Cache inference mode
Current CUDA latency: 111.545952 ms | Average CUDA latency: 192.855254 ms, Average TFLOPs: 2.944606
>> VLA-Cache inference mode
Current CUDA latency: 144.468445 ms | Average CUDA latency: 192.800948 ms, Average TFLOPs: 2.944445
>> VLA-Cache inference mode
Current CUDA latency: 102.689247 ms | Average CUDA latency: 192.699926 ms, Average TFLOPs: 2.944349
>> VLA-Cache inference mode
Current CUDA latency: 130.558563 ms | Average CUDA latency: 192.630339 ms, Average TFLOPs: 2.944329
>> VLA-Cache inference mode
Current CUDA latency: 109.539070 ms | Average CUDA latency: 192.537395 ms, Average TFLOPs: 2.944290
>> VLA-Cache inference mode
Current CUDA latency: 230.248291 ms | Average CUDA latency: 192.579530 ms, Average TFLOPs: 2.944251
>> VLA-Cache inference mode
Current CUDA latency: 329.443329 ms | Average CUDA latency: 192.732280 ms, Average TFLOPs: 2.944119
>> VLA-Cache inference mode
Current CUDA latency: 142.835587 ms | Average CUDA latency: 192.676654 ms, Average TFLOPs: 2.943994
>> VLA-Cache inference mode
Current CUDA latency: 120.983200 ms | Average CUDA latency: 192.596817 ms, Average TFLOPs: 2.943937
>> VLA-Cache inference mode
Current CUDA latency: 112.144226 ms | Average CUDA latency: 192.507326 ms, Average TFLOPs: 2.943852
>> VLA-Cache inference mode
Current CUDA latency: 104.826721 ms | Average CUDA latency: 192.409903 ms, Average TFLOPs: 2.943713
>> VLA-Cache inference mode
Current CUDA latency: 103.106659 ms | Average CUDA latency: 192.310787 ms, Average TFLOPs: 2.943598
>> VLA-Cache inference mode
Current CUDA latency: 103.778786 ms | Average CUDA latency: 192.212637 ms, Average TFLOPs: 2.943487
Average time per step: 584.6993 ms, Control Frequency: 13.68 Hz, Token Reusing Ratio (Primary): 34.89 %, , Token Reusing Ratio (Wrist): 35.78 %
Saved rollout MP4 at path ./rollouts/2026_04_07/primary--2026_04_07-18_57_52--episode=63--success=True--task=open_the_top_drawer_and_put_the_bowl_inside.mp4
Saved rollout MP4 at path ./rollouts/2026_04_07/wrist--2026_04_07-18_57_52--episode=63--success=True--task=open_the_top_drawer_and_put_the_bowl_inside.mp4
04/07 [20:13:45] INFO     | >> Success: True              run_libero_eval.py:230
                 INFO     | >> # episodes completed so    run_libero_eval.py:230
                          far: 63                                               
                 INFO     | >> # successes: 60 (95.2%)    run_libero_eval.py:230

 15%|█▌        | 3/20 [06:42<35:35, 125.60s/it][A                 INFO     | >>                            run_libero_eval.py:230
                          Task: open the top drawer and                         
                          put the bowl inside                                   
                 INFO     | >> Starting episode 4...      run_libero_eval.py:230
huggingface/tokenizers: The current process just got forked, after parallelism has already been used. Disabling parallelism to avoid deadlocks...
To disable this warning, you can either:
	- Avoid using `tokenizers` before the fork if possible
	- Explicitly set the environment variable TOKENIZERS_PARALLELISM=(true | false)
huggingface/tokenizers: The current process just got forked, after parallelism has already been used. Disabling parallelism to avoid deadlocks...
To disable this warning, you can either:
	- Avoid using `tokenizers` before the fork if possible
	- Explicitly set the environment variable TOKENIZERS_PARALLELISM=(true | false)
>> VLA-Cache inference mode
Current CUDA latency: 390.343658 ms | Average CUDA latency: 192.432051 ms, Average TFLOPs: 2.944331
>> VLA-Cache inference mode
Current CUDA latency: 320.292511 ms | Average CUDA latency: 192.573489 ms, Average TFLOPs: 2.944388
>> VLA-Cache inference mode
Current CUDA latency: 119.635201 ms | Average CUDA latency: 192.492895 ms, Average TFLOPs: 2.944392
>> VLA-Cache inference mode
Current CUDA latency: 116.780258 ms | Average CUDA latency: 192.409327 ms, Average TFLOPs: 2.944396
>> VLA-Cache inference mode
Current CUDA latency: 112.409821 ms | Average CUDA latency: 192.321124 ms, Average TFLOPs: 2.944418
>> VLA-Cache inference mode
Current CUDA latency: 121.405762 ms | Average CUDA latency: 192.243024 ms, Average TFLOPs: 2.944358
>> VLA-Cache inference mode
Current CUDA latency: 124.698845 ms | Average CUDA latency: 192.168718 ms, Average TFLOPs: 2.944247
>> VLA-Cache inference mode
Current CUDA latency: 111.996513 ms | Average CUDA latency: 192.080616 ms, Average TFLOPs: 2.944154
>> VLA-Cache inference mode
Current CUDA latency: 109.509056 ms | Average CUDA latency: 191.989978 ms, Average TFLOPs: 2.944031
>> VLA-Cache inference mode
Current CUDA latency: 120.856033 ms | Average CUDA latency: 191.911980 ms, Average TFLOPs: 2.943885
>> VLA-Cache inference mode
Current CUDA latency: 107.180771 ms | Average CUDA latency: 191.819175 ms, Average TFLOPs: 2.943735
>> VLA-Cache inference mode
Current CUDA latency: 105.328735 ms | Average CUDA latency: 191.724546 ms, Average TFLOPs: 2.943628
>> VLA-Cache inference mode
Current CUDA latency: 145.777512 ms | Average CUDA latency: 191.674331 ms, Average TFLOPs: 2.943584
>> VLA-Cache inference mode
Current CUDA latency: 285.023010 ms | Average CUDA latency: 191.776240 ms, Average TFLOPs: 2.943548
>> VLA-Cache inference mode
Current CUDA latency: 228.970978 ms | Average CUDA latency: 191.816801 ms, Average TFLOPs: 2.943482
>> VLA-Cache inference mode
Current CUDA latency: 169.416260 ms | Average CUDA latency: 191.792400 ms, Average TFLOPs: 2.943334
>> VLA-Cache inference mode
Current CUDA latency: 160.675293 ms | Average CUDA latency: 191.758540 ms, Average TFLOPs: 2.943139
>> VLA-Cache inference mode
Current CUDA latency: 106.055328 ms | Average CUDA latency: 191.665385 ms, Average TFLOPs: 2.943004
>> VLA-Cache inference mode
Current CUDA latency: 114.304001 ms | Average CUDA latency: 191.581387 ms, Average TFLOPs: 2.942867
>> VLA-Cache inference mode
Current CUDA latency: 101.248131 ms | Average CUDA latency: 191.483412 ms, Average TFLOPs: 2.942716
>> VLA-Cache inference mode
Current CUDA latency: 196.170502 ms | Average CUDA latency: 191.488490 ms, Average TFLOPs: 2.942619
>> VLA-Cache inference mode
Current CUDA latency: 205.619995 ms | Average CUDA latency: 191.503784 ms, Average TFLOPs: 2.942507
>> VLA-Cache inference mode
Current CUDA latency: 127.855934 ms | Average CUDA latency: 191.434976 ms, Average TFLOPs: 2.942383
>> VLA-Cache inference mode
Current CUDA latency: 135.013885 ms | Average CUDA latency: 191.374046 ms, Average TFLOPs: 2.942253
>> VLA-Cache inference mode
Current CUDA latency: 115.452095 ms | Average CUDA latency: 191.292145 ms, Average TFLOPs: 2.942145
>> VLA-Cache inference mode
Current CUDA latency: 252.150375 ms | Average CUDA latency: 191.357725 ms, Average TFLOPs: 2.942050
>> VLA-Cache inference mode
Current CUDA latency: 196.463898 ms | Average CUDA latency: 191.363221 ms, Average TFLOPs: 2.942006
>> VLA-Cache inference mode
Current CUDA latency: 115.408195 ms | Average CUDA latency: 191.281549 ms, Average TFLOPs: 2.941930
>> VLA-Cache inference mode
Current CUDA latency: 141.014145 ms | Average CUDA latency: 191.227556 ms, Average TFLOPs: 2.941894
>> VLA-Cache inference mode
Current CUDA latency: 141.153534 ms | Average CUDA latency: 191.173829 ms, Average TFLOPs: 2.941867
>> VLA-Cache inference mode
Current CUDA latency: 134.266464 ms | Average CUDA latency: 191.112835 ms, Average TFLOPs: 2.941839
>> VLA-Cache inference mode
Current CUDA latency: 206.571899 ms | Average CUDA latency: 191.129386 ms, Average TFLOPs: 2.941806
>> VLA-Cache inference mode
Current CUDA latency: 266.754761 ms | Average CUDA latency: 191.210269 ms, Average TFLOPs: 2.941755
>> VLA-Cache inference mode
Current CUDA latency: 382.597717 ms | Average CUDA latency: 191.414743 ms, Average TFLOPs: 2.941733
>> VLA-Cache inference mode
Current CUDA latency: 123.055618 ms | Average CUDA latency: 191.341788 ms, Average TFLOPs: 2.941675
>> VLA-Cache inference mode
Current CUDA latency: 130.250565 ms | Average CUDA latency: 191.276658 ms, Average TFLOPs: 2.941611
>> VLA-Cache inference mode
Current CUDA latency: 128.462204 ms | Average CUDA latency: 191.209763 ms, Average TFLOPs: 2.941566
>> VLA-Cache inference mode
Current CUDA latency: 115.765732 ms | Average CUDA latency: 191.129504 ms, Average TFLOPs: 2.941479
Average time per step: 583.9905 ms, Control Frequency: 13.70 Hz, Token Reusing Ratio (Primary): 35.24 %, , Token Reusing Ratio (Wrist): 36.02 %
Saved rollout MP4 at path ./rollouts/2026_04_07/primary--2026_04_07-18_57_52--episode=64--success=False--task=open_the_top_drawer_and_put_the_bowl_inside.mp4
Saved rollout MP4 at path ./rollouts/2026_04_07/wrist--2026_04_07-18_57_52--episode=64--success=False--task=open_the_top_drawer_and_put_the_bowl_inside.mp4
04/07 [20:16:46] INFO     | >> Success: False             run_libero_eval.py:230
                 INFO     | >> # episodes completed so    run_libero_eval.py:230
                          far: 64                                               
                 INFO     | >> # successes: 60 (93.8%)    run_libero_eval.py:230

 20%|██        | 4/20 [09:43<39:21, 147.62s/it][A                 INFO     | >>                            run_libero_eval.py:230
                          Task: open the top drawer and                         
                          put the bowl inside                                   
                 INFO     | >> Starting episode 5...      run_libero_eval.py:230
huggingface/tokenizers: The current process just got forked, after parallelism has already been used. Disabling parallelism to avoid deadlocks...
To disable this warning, you can either:
	- Avoid using `tokenizers` before the fork if possible
	- Explicitly set the environment variable TOKENIZERS_PARALLELISM=(true | false)
huggingface/tokenizers: The current process just got forked, after parallelism has already been used. Disabling parallelism to avoid deadlocks...
To disable this warning, you can either:
	- Avoid using `tokenizers` before the fork if possible
	- Explicitly set the environment variable TOKENIZERS_PARALLELISM=(true | false)
>> VLA-Cache inference mode
Current CUDA latency: 368.304199 ms | Average CUDA latency: 191.317787 ms, Average TFLOPs: 2.942291
>> VLA-Cache inference mode
Current CUDA latency: 317.570496 ms | Average CUDA latency: 191.451813 ms, Average TFLOPs: 2.942347
>> VLA-Cache inference mode
Current CUDA latency: 237.745407 ms | Average CUDA latency: 191.500905 ms, Average TFLOPs: 2.942389
>> VLA-Cache inference mode
Current CUDA latency: 139.667328 ms | Average CUDA latency: 191.445997 ms, Average TFLOPs: 2.942369
>> VLA-Cache inference mode
Current CUDA latency: 132.820923 ms | Average CUDA latency: 191.383960 ms, Average TFLOPs: 2.942320
>> VLA-Cache inference mode
Current CUDA latency: 104.243202 ms | Average CUDA latency: 191.291845 ms, Average TFLOPs: 2.942235
>> VLA-Cache inference mode
Current CUDA latency: 183.319580 ms | Average CUDA latency: 191.283426 ms, Average TFLOPs: 2.942101
>> VLA-Cache inference mode
Current CUDA latency: 227.856003 ms | Average CUDA latency: 191.322005 ms, Average TFLOPs: 2.942009
>> VLA-Cache inference mode
Current CUDA latency: 180.636963 ms | Average CUDA latency: 191.310746 ms, Average TFLOPs: 2.941922
>> VLA-Cache inference mode
Current CUDA latency: 116.615517 ms | Average CUDA latency: 191.232119 ms, Average TFLOPs: 2.941832
>> VLA-Cache inference mode
Current CUDA latency: 104.580254 ms | Average CUDA latency: 191.141002 ms, Average TFLOPs: 2.941732
>> VLA-Cache inference mode
Current CUDA latency: 109.050270 ms | Average CUDA latency: 191.054773 ms, Average TFLOPs: 2.941661
>> VLA-Cache inference mode
Current CUDA latency: 147.834076 ms | Average CUDA latency: 191.009420 ms, Average TFLOPs: 2.941637
>> VLA-Cache inference mode
Current CUDA latency: 121.375107 ms | Average CUDA latency: 190.936428 ms, Average TFLOPs: 2.941600
>> VLA-Cache inference mode
Current CUDA latency: 152.124481 ms | Average CUDA latency: 190.895788 ms, Average TFLOPs: 2.941561
>> VLA-Cache inference mode
Current CUDA latency: 171.265854 ms | Average CUDA latency: 190.875254 ms, Average TFLOPs: 2.941492
>> VLA-Cache inference mode
Current CUDA latency: 147.741989 ms | Average CUDA latency: 190.830183 ms, Average TFLOPs: 2.941383
>> VLA-Cache inference mode
Current CUDA latency: 120.636574 ms | Average CUDA latency: 190.756912 ms, Average TFLOPs: 2.941241
>> VLA-Cache inference mode
Current CUDA latency: 122.683327 ms | Average CUDA latency: 190.685928 ms, Average TFLOPs: 2.941170
>> VLA-Cache inference mode
Current CUDA latency: 109.541023 ms | Average CUDA latency: 190.601402 ms, Average TFLOPs: 2.941062
>> VLA-Cache inference mode
Current CUDA latency: 110.172798 ms | Average CUDA latency: 190.517709 ms, Average TFLOPs: 2.940991
>> VLA-Cache inference mode
Current CUDA latency: 109.422592 ms | Average CUDA latency: 190.433411 ms, Average TFLOPs: 2.940914
>> VLA-Cache inference mode
Current CUDA latency: 146.858078 ms | Average CUDA latency: 190.388161 ms, Average TFLOPs: 2.940913
>> VLA-Cache inference mode
Current CUDA latency: 133.785049 ms | Average CUDA latency: 190.329445 ms, Average TFLOPs: 2.940894
Average time per step: 582.7956 ms, Control Frequency: 13.73 Hz, Token Reusing Ratio (Primary): 35.00 %, , Token Reusing Ratio (Wrist): 35.83 %
Saved rollout MP4 at path ./rollouts/2026_04_07/primary--2026_04_07-18_57_52--episode=65--success=True--task=open_the_top_drawer_and_put_the_bowl_inside.mp4
Saved rollout MP4 at path ./rollouts/2026_04_07/wrist--2026_04_07-18_57_52--episode=65--success=True--task=open_the_top_drawer_and_put_the_bowl_inside.mp4
04/07 [20:18:42] INFO     | >> Success: True              run_libero_eval.py:230
                 INFO     | >> # episodes completed so    run_libero_eval.py:230
                          far: 65                                               
                 INFO     | >> # successes: 61 (93.8%)    run_libero_eval.py:230

 25%|██▌       | 5/20 [11:39<34:01, 136.10s/it][A                 INFO     | >>                            run_libero_eval.py:230
                          Task: open the top drawer and                         
                          put the bowl inside                                   
                 INFO     | >> Starting episode 6...      run_libero_eval.py:230
huggingface/tokenizers: The current process just got forked, after parallelism has already been used. Disabling parallelism to avoid deadlocks...
To disable this warning, you can either:
	- Avoid using `tokenizers` before the fork if possible
	- Explicitly set the environment variable TOKENIZERS_PARALLELISM=(true | false)
huggingface/tokenizers: The current process just got forked, after parallelism has already been used. Disabling parallelism to avoid deadlocks...
To disable this warning, you can either:
	- Avoid using `tokenizers` before the fork if possible
	- Explicitly set the environment variable TOKENIZERS_PARALLELISM=(true | false)
>> VLA-Cache inference mode
Current CUDA latency: 361.434357 ms | Average CUDA latency: 190.506755 ms, Average TFLOPs: 2.941686
>> VLA-Cache inference mode
Current CUDA latency: 318.292236 ms | Average CUDA latency: 190.639038 ms, Average TFLOPs: 2.941712
>> VLA-Cache inference mode
Current CUDA latency: 177.784637 ms | Average CUDA latency: 190.625745 ms, Average TFLOPs: 2.941713
>> VLA-Cache inference mode
Current CUDA latency: 157.862778 ms | Average CUDA latency: 190.591899 ms, Average TFLOPs: 2.941715
>> VLA-Cache inference mode
Current CUDA latency: 116.949791 ms | Average CUDA latency: 190.515901 ms, Average TFLOPs: 2.941646
>> VLA-Cache inference mode
Current CUDA latency: 113.660065 ms | Average CUDA latency: 190.436668 ms, Average TFLOPs: 2.941536
>> VLA-Cache inference mode
Current CUDA latency: 110.553955 ms | Average CUDA latency: 190.354400 ms, Average TFLOPs: 2.941479
>> VLA-Cache inference mode
Current CUDA latency: 116.754845 ms | Average CUDA latency: 190.278680 ms, Average TFLOPs: 2.941438
>> VLA-Cache inference mode
Current CUDA latency: 104.358017 ms | Average CUDA latency: 190.190375 ms, Average TFLOPs: 2.941339
>> VLA-Cache inference mode
Current CUDA latency: 110.410110 ms | Average CUDA latency: 190.108465 ms, Average TFLOPs: 2.941222
>> VLA-Cache inference mode
Current CUDA latency: 127.707069 ms | Average CUDA latency: 190.044464 ms, Average TFLOPs: 2.941095
>> VLA-Cache inference mode
Current CUDA latency: 105.049088 ms | Average CUDA latency: 189.957379 ms, Average TFLOPs: 2.940959
>> VLA-Cache inference mode
Current CUDA latency: 115.856163 ms | Average CUDA latency: 189.881533 ms, Average TFLOPs: 2.940920
>> VLA-Cache inference mode
Current CUDA latency: 134.097672 ms | Average CUDA latency: 189.824494 ms, Average TFLOPs: 2.940889
>> VLA-Cache inference mode
Current CUDA latency: 137.697021 ms | Average CUDA latency: 189.771249 ms, Average TFLOPs: 2.940889
>> VLA-Cache inference mode
Current CUDA latency: 191.733185 ms | Average CUDA latency: 189.773251 ms, Average TFLOPs: 2.940834
>> VLA-Cache inference mode
Current CUDA latency: 345.437134 ms | Average CUDA latency: 189.931929 ms, Average TFLOPs: 2.940685
>> VLA-Cache inference mode
Current CUDA latency: 120.453918 ms | Average CUDA latency: 189.861178 ms, Average TFLOPs: 2.940597
>> VLA-Cache inference mode
Current CUDA latency: 138.086075 ms | Average CUDA latency: 189.808507 ms, Average TFLOPs: 2.940512
>> VLA-Cache inference mode
Current CUDA latency: 119.738976 ms | Average CUDA latency: 189.737298 ms, Average TFLOPs: 2.940397
>> VLA-Cache inference mode
Current CUDA latency: 113.143997 ms | Average CUDA latency: 189.659539 ms, Average TFLOPs: 2.940260
>> VLA-Cache inference mode
Current CUDA latency: 108.011230 ms | Average CUDA latency: 189.576731 ms, Average TFLOPs: 2.940174
>> VLA-Cache inference mode
Current CUDA latency: 159.613754 ms | Average CUDA latency: 189.546373 ms, Average TFLOPs: 2.940096
Average time per step: 584.0651 ms, Control Frequency: 13.70 Hz, Token Reusing Ratio (Primary): 35.05 %, , Token Reusing Ratio (Wrist): 35.63 %
Saved rollout MP4 at path ./rollouts/2026_04_07/primary--2026_04_07-18_57_52--episode=66--success=True--task=open_the_top_drawer_and_put_the_bowl_inside.mp4
Saved rollout MP4 at path ./rollouts/2026_04_07/wrist--2026_04_07-18_57_52--episode=66--success=True--task=open_the_top_drawer_and_put_the_bowl_inside.mp4
04/07 [20:20:43] INFO     | >> Success: True              run_libero_eval.py:230
                 INFO     | >> # episodes completed so    run_libero_eval.py:230
                          far: 66                                               
                 INFO     | >> # successes: 62 (93.9%)    run_libero_eval.py:230

 30%|███       | 6/20 [13:40<30:32, 130.88s/it][A                 INFO     | >>                            run_libero_eval.py:230
                          Task: open the top drawer and                         
                          put the bowl inside                                   
                 INFO     | >> Starting episode 7...      run_libero_eval.py:230
huggingface/tokenizers: The current process just got forked, after parallelism has already been used. Disabling parallelism to avoid deadlocks...
To disable this warning, you can either:
	- Avoid using `tokenizers` before the fork if possible
	- Explicitly set the environment variable TOKENIZERS_PARALLELISM=(true | false)
huggingface/tokenizers: The current process just got forked, after parallelism has already been used. Disabling parallelism to avoid deadlocks...
To disable this warning, you can either:
	- Avoid using `tokenizers` before the fork if possible
	- Explicitly set the environment variable TOKENIZERS_PARALLELISM=(true | false)
>> VLA-Cache inference mode
Current CUDA latency: 394.430786 ms | Average CUDA latency: 189.753746 ms, Average TFLOPs: 2.940871
>> VLA-Cache inference mode
Current CUDA latency: 308.626740 ms | Average CUDA latency: 189.873941 ms, Average TFLOPs: 2.940864
>> VLA-Cache inference mode
Current CUDA latency: 124.057793 ms | Average CUDA latency: 189.807461 ms, Average TFLOPs: 2.940877
>> VLA-Cache inference mode
Current CUDA latency: 117.057632 ms | Average CUDA latency: 189.734050 ms, Average TFLOPs: 2.940902
>> VLA-Cache inference mode
Current CUDA latency: 110.749985 ms | Average CUDA latency: 189.654429 ms, Average TFLOPs: 2.940899
>> VLA-Cache inference mode
Current CUDA latency: 142.634247 ms | Average CUDA latency: 189.607077 ms, Average TFLOPs: 2.940868
>> VLA-Cache inference mode
Current CUDA latency: 157.312225 ms | Average CUDA latency: 189.574588 ms, Average TFLOPs: 2.940794
>> VLA-Cache inference mode
Current CUDA latency: 211.549698 ms | Average CUDA latency: 189.596673 ms, Average TFLOPs: 2.940691
>> VLA-Cache inference mode
Current CUDA latency: 165.393021 ms | Average CUDA latency: 189.572372 ms, Average TFLOPs: 2.940623
>> VLA-Cache inference mode
Current CUDA latency: 115.337059 ms | Average CUDA latency: 189.497914 ms, Average TFLOPs: 2.940538
>> VLA-Cache inference mode
Current CUDA latency: 118.257088 ms | Average CUDA latency: 189.426530 ms, Average TFLOPs: 2.940480
>> VLA-Cache inference mode
Current CUDA latency: 111.883873 ms | Average CUDA latency: 189.348910 ms, Average TFLOPs: 2.940417
>> VLA-Cache inference mode
Current CUDA latency: 325.903992 ms | Average CUDA latency: 189.485465 ms, Average TFLOPs: 2.940428
>> VLA-Cache inference mode
Current CUDA latency: 365.956116 ms | Average CUDA latency: 189.661759 ms, Average TFLOPs: 2.940459
>> VLA-Cache inference mode
Current CUDA latency: 134.937820 ms | Average CUDA latency: 189.607144 ms, Average TFLOPs: 2.940417
>> VLA-Cache inference mode
Current CUDA latency: 158.742401 ms | Average CUDA latency: 189.576372 ms, Average TFLOPs: 2.940279
>> VLA-Cache inference mode
Current CUDA latency: 134.040985 ms | Average CUDA latency: 189.521058 ms, Average TFLOPs: 2.940151
>> VLA-Cache inference mode
Current CUDA latency: 106.110207 ms | Average CUDA latency: 189.438062 ms, Average TFLOPs: 2.940076
>> VLA-Cache inference mode
Current CUDA latency: 162.565796 ms | Average CUDA latency: 189.411350 ms, Average TFLOPs: 2.939998
>> VLA-Cache inference mode
Current CUDA latency: 194.290787 ms | Average CUDA latency: 189.416195 ms, Average TFLOPs: 2.939936
>> VLA-Cache inference mode
Current CUDA latency: 173.278183 ms | Average CUDA latency: 189.400186 ms, Average TFLOPs: 2.939924
>> VLA-Cache inference mode
Current CUDA latency: 163.256378 ms | Average CUDA latency: 189.374275 ms, Average TFLOPs: 2.939869
Average time per step: 587.5897 ms, Control Frequency: 13.61 Hz, Token Reusing Ratio (Primary): 34.91 %, , Token Reusing Ratio (Wrist): 35.41 %
Saved rollout MP4 at path ./rollouts/2026_04_07/primary--2026_04_07-18_57_52--episode=67--success=True--task=open_the_top_drawer_and_put_the_bowl_inside.mp4
Saved rollout MP4 at path ./rollouts/2026_04_07/wrist--2026_04_07-18_57_52--episode=67--success=True--task=open_the_top_drawer_and_put_the_bowl_inside.mp4
04/07 [20:22:30] INFO     | >> Success: True              run_libero_eval.py:230
                 INFO     | >> # episodes completed so    run_libero_eval.py:230
                          far: 67                                               
                 INFO     | >> # successes: 63 (94.0%)    run_libero_eval.py:230

 35%|███▌      | 7/20 [15:27<26:39, 123.07s/it][A                 INFO     | >>                            run_libero_eval.py:230
                          Task: open the top drawer and                         
                          put the bowl inside                                   
                 INFO     | >> Starting episode 8...      run_libero_eval.py:230
huggingface/tokenizers: The current process just got forked, after parallelism has already been used. Disabling parallelism to avoid deadlocks...
To disable this warning, you can either:
	- Avoid using `tokenizers` before the fork if possible
	- Explicitly set the environment variable TOKENIZERS_PARALLELISM=(true | false)
huggingface/tokenizers: The current process just got forked, after parallelism has already been used. Disabling parallelism to avoid deadlocks...
To disable this warning, you can either:
	- Avoid using `tokenizers` before the fork if possible
	- Explicitly set the environment variable TOKENIZERS_PARALLELISM=(true | false)
>> VLA-Cache inference mode
Current CUDA latency: 339.004608 ms | Average CUDA latency: 189.522424 ms, Average TFLOPs: 2.940627
>> VLA-Cache inference mode
Current CUDA latency: 248.946426 ms | Average CUDA latency: 189.581201 ms, Average TFLOPs: 2.940631
>> VLA-Cache inference mode
Current CUDA latency: 133.853561 ms | Average CUDA latency: 189.526134 ms, Average TFLOPs: 2.940656
>> VLA-Cache inference mode
Current CUDA latency: 169.114716 ms | Average CUDA latency: 189.505985 ms, Average TFLOPs: 2.940675
>> VLA-Cache inference mode
Current CUDA latency: 280.844055 ms | Average CUDA latency: 189.596062 ms, Average TFLOPs: 2.940639
>> VLA-Cache inference mode
Current CUDA latency: 169.533249 ms | Average CUDA latency: 189.576296 ms, Average TFLOPs: 2.940607
>> VLA-Cache inference mode
Current CUDA latency: 141.624069 ms | Average CUDA latency: 189.529099 ms, Average TFLOPs: 2.940523
>> VLA-Cache inference mode
Current CUDA latency: 118.018913 ms | Average CUDA latency: 189.458784 ms, Average TFLOPs: 2.940418
>> VLA-Cache inference mode
Current CUDA latency: 135.681351 ms | Average CUDA latency: 189.405957 ms, Average TFLOPs: 2.940262
>> VLA-Cache inference mode
Current CUDA latency: 103.607681 ms | Average CUDA latency: 189.321759 ms, Average TFLOPs: 2.940141
>> VLA-Cache inference mode
Current CUDA latency: 112.089500 ms | Average CUDA latency: 189.246041 ms, Average TFLOPs: 2.940028
>> VLA-Cache inference mode
Current CUDA latency: 106.061279 ms | Average CUDA latency: 189.164567 ms, Average TFLOPs: 2.939949
>> VLA-Cache inference mode
Current CUDA latency: 109.349503 ms | Average CUDA latency: 189.086470 ms, Average TFLOPs: 2.939957
>> VLA-Cache inference mode
Current CUDA latency: 144.734299 ms | Average CUDA latency: 189.043115 ms, Average TFLOPs: 2.939960
>> VLA-Cache inference mode
Current CUDA latency: 108.568130 ms | Average CUDA latency: 188.964526 ms, Average TFLOPs: 2.939892
>> VLA-Cache inference mode
Current CUDA latency: 123.449661 ms | Average CUDA latency: 188.900609 ms, Average TFLOPs: 2.939754
>> VLA-Cache inference mode
Current CUDA latency: 193.510727 ms | Average CUDA latency: 188.905102 ms, Average TFLOPs: 2.939595
>> VLA-Cache inference mode
Current CUDA latency: 236.306625 ms | Average CUDA latency: 188.951258 ms, Average TFLOPs: 2.939509
>> VLA-Cache inference mode
Current CUDA latency: 114.549309 ms | Average CUDA latency: 188.878882 ms, Average TFLOPs: 2.939376
>> VLA-Cache inference mode
Current CUDA latency: 101.914658 ms | Average CUDA latency: 188.794369 ms, Average TFLOPs: 2.939256
>> VLA-Cache inference mode
Current CUDA latency: 147.991943 ms | Average CUDA latency: 188.754755 ms, Average TFLOPs: 2.939150
>> VLA-Cache inference mode
Current CUDA latency: 150.769989 ms | Average CUDA latency: 188.717912 ms, Average TFLOPs: 2.939058
>> VLA-Cache inference mode
Current CUDA latency: 225.262497 ms | Average CUDA latency: 188.753324 ms, Average TFLOPs: 2.938991
Average time per step: 587.4930 ms, Control Frequency: 13.62 Hz, Token Reusing Ratio (Primary): 34.96 %, , Token Reusing Ratio (Wrist): 35.27 %
Saved rollout MP4 at path ./rollouts/2026_04_07/primary--2026_04_07-18_57_52--episode=68--success=True--task=open_the_top_drawer_and_put_the_bowl_inside.mp4
Saved rollout MP4 at path ./rollouts/2026_04_07/wrist--2026_04_07-18_57_52--episode=68--success=True--task=open_the_top_drawer_and_put_the_bowl_inside.mp4
04/07 [20:24:25] INFO     | >> Success: True              run_libero_eval.py:230
                 INFO     | >> # episodes completed so    run_libero_eval.py:230
                          far: 68                                               
                 INFO     | >> # successes: 64 (94.1%)    run_libero_eval.py:230

 40%|████      | 8/20 [17:22<24:05, 120.48s/it][A                 INFO     | >>                            run_libero_eval.py:230
                          Task: open the top drawer and                         
                          put the bowl inside                                   
                 INFO     | >> Starting episode 9...      run_libero_eval.py:230
huggingface/tokenizers: The current process just got forked, after parallelism has already been used. Disabling parallelism to avoid deadlocks...
To disable this warning, you can either:
	- Avoid using `tokenizers` before the fork if possible
	- Explicitly set the environment variable TOKENIZERS_PARALLELISM=(true | false)
huggingface/tokenizers: The current process just got forked, after parallelism has already been used. Disabling parallelism to avoid deadlocks...
To disable this warning, you can either:
	- Avoid using `tokenizers` before the fork if possible
	- Explicitly set the environment variable TOKENIZERS_PARALLELISM=(true | false)
>> VLA-Cache inference mode
Current CUDA latency: 343.292725 ms | Average CUDA latency: 188.902926 ms, Average TFLOPs: 2.939733
>> VLA-Cache inference mode
Current CUDA latency: 259.229095 ms | Average CUDA latency: 188.970940 ms, Average TFLOPs: 2.939760
>> VLA-Cache inference mode
Current CUDA latency: 118.703903 ms | Average CUDA latency: 188.903049 ms, Average TFLOPs: 2.939768
>> VLA-Cache inference mode
Current CUDA latency: 131.563034 ms | Average CUDA latency: 188.847702 ms, Average TFLOPs: 2.939721
>> VLA-Cache inference mode
Current CUDA latency: 112.582436 ms | Average CUDA latency: 188.774158 ms, Average TFLOPs: 2.939756
>> VLA-Cache inference mode
Current CUDA latency: 109.470558 ms | Average CUDA latency: 188.697757 ms, Average TFLOPs: 2.939744
>> VLA-Cache inference mode
Current CUDA latency: 121.081726 ms | Average CUDA latency: 188.632679 ms, Average TFLOPs: 2.939714
>> VLA-Cache inference mode
Current CUDA latency: 114.865730 ms | Average CUDA latency: 188.561749 ms, Average TFLOPs: 2.939612
>> VLA-Cache inference mode
Current CUDA latency: 151.425568 ms | Average CUDA latency: 188.526076 ms, Average TFLOPs: 2.939483
>> VLA-Cache inference mode
Current CUDA latency: 187.291077 ms | Average CUDA latency: 188.524891 ms, Average TFLOPs: 2.939371
>> VLA-Cache inference mode
Current CUDA latency: 175.581863 ms | Average CUDA latency: 188.512481 ms, Average TFLOPs: 2.939254
>> VLA-Cache inference mode
Current CUDA latency: 171.256485 ms | Average CUDA latency: 188.495952 ms, Average TFLOPs: 2.939229
>> VLA-Cache inference mode
Current CUDA latency: 136.372314 ms | Average CUDA latency: 188.446073 ms, Average TFLOPs: 2.939199
>> VLA-Cache inference mode
Current CUDA latency: 114.757538 ms | Average CUDA latency: 188.375625 ms, Average TFLOPs: 2.939170
>> VLA-Cache inference mode
Current CUDA latency: 134.497375 ms | Average CUDA latency: 188.324166 ms, Average TFLOPs: 2.939169
>> VLA-Cache inference mode
Current CUDA latency: 140.604355 ms | Average CUDA latency: 188.278632 ms, Average TFLOPs: 2.939159
>> VLA-Cache inference mode
Current CUDA latency: 256.915833 ms | Average CUDA latency: 188.344063 ms, Average TFLOPs: 2.939100
>> VLA-Cache inference mode
Current CUDA latency: 405.505341 ms | Average CUDA latency: 188.550883 ms, Average TFLOPs: 2.938959
>> VLA-Cache inference mode
Current CUDA latency: 147.493469 ms | Average CUDA latency: 188.511818 ms, Average TFLOPs: 2.938826
>> VLA-Cache inference mode
Current CUDA latency: 185.154907 ms | Average CUDA latency: 188.508627 ms, Average TFLOPs: 2.938691
>> VLA-Cache inference mode
Current CUDA latency: 124.962624 ms | Average CUDA latency: 188.448279 ms, Average TFLOPs: 2.938611
>> VLA-Cache inference mode
Current CUDA latency: 120.771614 ms | Average CUDA latency: 188.384070 ms, Average TFLOPs: 2.938524
>> VLA-Cache inference mode
Current CUDA latency: 123.658081 ms | Average CUDA latency: 188.322718 ms, Average TFLOPs: 2.938512
>> VLA-Cache inference mode
Current CUDA latency: 138.367676 ms | Average CUDA latency: 188.275412 ms, Average TFLOPs: 2.938494
Average time per step: 587.3304 ms, Control Frequency: 13.62 Hz, Token Reusing Ratio (Primary): 34.94 %, , Token Reusing Ratio (Wrist): 35.22 %
Saved rollout MP4 at path ./rollouts/2026_04_07/primary--2026_04_07-18_57_52--episode=69--success=True--task=open_the_top_drawer_and_put_the_bowl_inside.mp4
Saved rollout MP4 at path ./rollouts/2026_04_07/wrist--2026_04_07-18_57_52--episode=69--success=True--task=open_the_top_drawer_and_put_the_bowl_inside.mp4
04/07 [20:26:27] INFO     | >> Success: True              run_libero_eval.py:230
                 INFO     | >> # episodes completed so    run_libero_eval.py:230
                          far: 69                                               
                 INFO     | >> # successes: 65 (94.2%)    run_libero_eval.py:230

 45%|████▌     | 9/20 [19:24<22:10, 120.98s/it][A                 INFO     | >>                            run_libero_eval.py:230
                          Task: open the top drawer and                         
                          put the bowl inside                                   
                 INFO     | >> Starting episode 10...     run_libero_eval.py:230
huggingface/tokenizers: The current process just got forked, after parallelism has already been used. Disabling parallelism to avoid deadlocks...
To disable this warning, you can either:
	- Avoid using `tokenizers` before the fork if possible
	- Explicitly set the environment variable TOKENIZERS_PARALLELISM=(true | false)
huggingface/tokenizers: The current process just got forked, after parallelism has already been used. Disabling parallelism to avoid deadlocks...
To disable this warning, you can either:
	- Avoid using `tokenizers` before the fork if possible
	- Explicitly set the environment variable TOKENIZERS_PARALLELISM=(true | false)
>> VLA-Cache inference mode
Current CUDA latency: 347.341583 ms | Average CUDA latency: 188.425901 ms, Average TFLOPs: 2.939220
>> VLA-Cache inference mode
Current CUDA latency: 275.888214 ms | Average CUDA latency: 188.508568 ms, Average TFLOPs: 2.939235
>> VLA-Cache inference mode
Current CUDA latency: 110.813469 ms | Average CUDA latency: 188.435202 ms, Average TFLOPs: 2.939243
>> VLA-Cache inference mode
Current CUDA latency: 120.356834 ms | Average CUDA latency: 188.370977 ms, Average TFLOPs: 2.939213
>> VLA-Cache inference mode
Current CUDA latency: 118.968124 ms | Average CUDA latency: 188.305564 ms, Average TFLOPs: 2.939125
>> VLA-Cache inference mode
Current CUDA latency: 103.454590 ms | Average CUDA latency: 188.225667 ms, Average TFLOPs: 2.939059
>> VLA-Cache inference mode
Current CUDA latency: 102.923965 ms | Average CUDA latency: 188.145421 ms, Average TFLOPs: 2.938985
>> VLA-Cache inference mode
Current CUDA latency: 153.575073 ms | Average CUDA latency: 188.112930 ms, Average TFLOPs: 2.938832
>> VLA-Cache inference mode
Current CUDA latency: 108.558594 ms | Average CUDA latency: 188.038231 ms, Average TFLOPs: 2.938747
>> VLA-Cache inference mode
Current CUDA latency: 134.378784 ms | Average CUDA latency: 187.987894 ms, Average TFLOPs: 2.938637
>> VLA-Cache inference mode
Current CUDA latency: 216.022369 ms | Average CUDA latency: 188.014168 ms, Average TFLOPs: 2.938496
>> VLA-Cache inference mode
Current CUDA latency: 148.938950 ms | Average CUDA latency: 187.977581 ms, Average TFLOPs: 2.938404
>> VLA-Cache inference mode
Current CUDA latency: 140.669922 ms | Average CUDA latency: 187.933326 ms, Average TFLOPs: 2.938359
>> VLA-Cache inference mode
Current CUDA latency: 121.982399 ms | Average CUDA latency: 187.871690 ms, Average TFLOPs: 2.938362
>> VLA-Cache inference mode
Current CUDA latency: 108.928482 ms | Average CUDA latency: 187.797980 ms, Average TFLOPs: 2.938349
>> VLA-Cache inference mode
Current CUDA latency: 133.270950 ms | Average CUDA latency: 187.747115 ms, Average TFLOPs: 2.938291
>> VLA-Cache inference mode
Current CUDA latency: 230.573593 ms | Average CUDA latency: 187.787028 ms, Average TFLOPs: 2.938122
>> VLA-Cache inference mode
Current CUDA latency: 183.368958 ms | Average CUDA latency: 187.782915 ms, Average TFLOPs: 2.937971
>> VLA-Cache inference mode
Current CUDA latency: 130.779099 ms | Average CUDA latency: 187.729888 ms, Average TFLOPs: 2.937829
>> VLA-Cache inference mode
Current CUDA latency: 149.227737 ms | Average CUDA latency: 187.694105 ms, Average TFLOPs: 2.937757
>> VLA-Cache inference mode
Current CUDA latency: 134.759903 ms | Average CUDA latency: 187.644956 ms, Average TFLOPs: 2.937674
>> VLA-Cache inference mode
Current CUDA latency: 129.545059 ms | Average CUDA latency: 187.591060 ms, Average TFLOPs: 2.937601
>> VLA-Cache inference mode
Current CUDA latency: 103.437599 ms | Average CUDA latency: 187.513067 ms, Average TFLOPs: 2.937510
>> VLA-Cache inference mode
Current CUDA latency: 209.161285 ms | Average CUDA latency: 187.533112 ms, Average TFLOPs: 2.937366
>> VLA-Cache inference mode
Current CUDA latency: 272.063599 ms | Average CUDA latency: 187.611309 ms, Average TFLOPs: 2.937233
>> VLA-Cache inference mode
Current CUDA latency: 185.110336 ms | Average CUDA latency: 187.608997 ms, Average TFLOPs: 2.937143
>> VLA-Cache inference mode
Current CUDA latency: 124.779808 ms | Average CUDA latency: 187.550983 ms, Average TFLOPs: 2.937021
>> VLA-Cache inference mode
Current CUDA latency: 108.576958 ms | Average CUDA latency: 187.478129 ms, Average TFLOPs: 2.936916
>> VLA-Cache inference mode
Current CUDA latency: 103.061310 ms | Average CUDA latency: 187.400325 ms, Average TFLOPs: 2.936811
>> VLA-Cache inference mode
Current CUDA latency: 118.994781 ms | Average CUDA latency: 187.337337 ms, Average TFLOPs: 2.936756
Average time per step: 586.7854 ms, Control Frequency: 13.63 Hz, Token Reusing Ratio (Primary): 35.10 %, , Token Reusing Ratio (Wrist): 35.27 %
Saved rollout MP4 at path ./rollouts/2026_04_07/primary--2026_04_07-18_57_52--episode=70--success=True--task=open_the_top_drawer_and_put_the_bowl_inside.mp4
Saved rollout MP4 at path ./rollouts/2026_04_07/wrist--2026_04_07-18_57_52--episode=70--success=True--task=open_the_top_drawer_and_put_the_bowl_inside.mp4
04/07 [20:28:57] INFO     | >> Success: True              run_libero_eval.py:230
                 INFO     | >> # episodes completed so    run_libero_eval.py:230
                          far: 70                                               
                 INFO     | >> # successes: 66 (94.3%)    run_libero_eval.py:230

 50%|█████     | 10/20 [21:54<21:40, 130.03s/it][A                 INFO     | >>                            run_libero_eval.py:230
                          Task: open the top drawer and                         
                          put the bowl inside                                   
                 INFO     | >> Starting episode 11...     run_libero_eval.py:230
huggingface/tokenizers: The current process just got forked, after parallelism has already been used. Disabling parallelism to avoid deadlocks...
To disable this warning, you can either:
	- Avoid using `tokenizers` before the fork if possible
	- Explicitly set the environment variable TOKENIZERS_PARALLELISM=(true | false)
huggingface/tokenizers: The current process just got forked, after parallelism has already been used. Disabling parallelism to avoid deadlocks...
To disable this warning, you can either:
	- Avoid using `tokenizers` before the fork if possible
	- Explicitly set the environment variable TOKENIZERS_PARALLELISM=(true | false)
>> VLA-Cache inference mode
Current CUDA latency: 359.799377 ms | Average CUDA latency: 187.495996 ms, Average TFLOPs: 2.937464
>> VLA-Cache inference mode
Current CUDA latency: 248.588867 ms | Average CUDA latency: 187.552147 ms, Average TFLOPs: 2.937485
>> VLA-Cache inference mode
Current CUDA latency: 207.912704 ms | Average CUDA latency: 187.570844 ms, Average TFLOPs: 2.937490
>> VLA-Cache inference mode
Current CUDA latency: 253.777374 ms | Average CUDA latency: 187.631584 ms, Average TFLOPs: 2.937532
>> VLA-Cache inference mode
Current CUDA latency: 190.432953 ms | Average CUDA latency: 187.634151 ms, Average TFLOPs: 2.937542
>> VLA-Cache inference mode
Current CUDA latency: 125.400414 ms | Average CUDA latency: 187.577161 ms, Average TFLOPs: 2.937504
>> VLA-Cache inference mode
Current CUDA latency: 108.078941 ms | Average CUDA latency: 187.504427 ms, Average TFLOPs: 2.937440
>> VLA-Cache inference mode
Current CUDA latency: 120.340897 ms | Average CUDA latency: 187.443034 ms, Average TFLOPs: 2.937345
>> VLA-Cache inference mode
Current CUDA latency: 118.753021 ms | Average CUDA latency: 187.380304 ms, Average TFLOPs: 2.937244
>> VLA-Cache inference mode
Current CUDA latency: 116.284927 ms | Average CUDA latency: 187.315435 ms, Average TFLOPs: 2.937110
>> VLA-Cache inference mode
Current CUDA latency: 105.123650 ms | Average CUDA latency: 187.240511 ms, Average TFLOPs: 2.937024
>> VLA-Cache inference mode
Current CUDA latency: 104.084419 ms | Average CUDA latency: 187.164777 ms, Average TFLOPs: 2.936922
>> VLA-Cache inference mode
Current CUDA latency: 129.830338 ms | Average CUDA latency: 187.112608 ms, Average TFLOPs: 2.936902
>> VLA-Cache inference mode
Current CUDA latency: 189.747772 ms | Average CUDA latency: 187.115003 ms, Average TFLOPs: 2.936882
>> VLA-Cache inference mode
Current CUDA latency: 170.216934 ms | Average CUDA latency: 187.099655 ms, Average TFLOPs: 2.936868
>> VLA-Cache inference mode
Current CUDA latency: 145.116898 ms | Average CUDA latency: 187.061558 ms, Average TFLOPs: 2.936812
>> VLA-Cache inference mode
Current CUDA latency: 147.359680 ms | Average CUDA latency: 187.025564 ms, Average TFLOPs: 2.936710
>> VLA-Cache inference mode
Current CUDA latency: 113.936066 ms | Average CUDA latency: 186.959360 ms, Average TFLOPs: 2.936596
>> VLA-Cache inference mode
Current CUDA latency: 105.892700 ms | Average CUDA latency: 186.885996 ms, Average TFLOPs: 2.936490
>> VLA-Cache inference mode
Current CUDA latency: 109.441475 ms | Average CUDA latency: 186.815974 ms, Average TFLOPs: 2.936398
>> VLA-Cache inference mode
Current CUDA latency: 167.796738 ms | Average CUDA latency: 186.798793 ms, Average TFLOPs: 2.936356
>> VLA-Cache inference mode
Current CUDA latency: 336.135284 ms | Average CUDA latency: 186.933573 ms, Average TFLOPs: 2.936270
>> VLA-Cache inference mode
Current CUDA latency: 301.183685 ms | Average CUDA latency: 187.036594 ms, Average TFLOPs: 2.936251
Average time per step: 587.0190 ms, Control Frequency: 13.63 Hz, Token Reusing Ratio (Primary): 35.04 %, , Token Reusing Ratio (Wrist): 35.24 %
Saved rollout MP4 at path ./rollouts/2026_04_07/primary--2026_04_07-18_57_52--episode=71--success=True--task=open_the_top_drawer_and_put_the_bowl_inside.mp4
Saved rollout MP4 at path ./rollouts/2026_04_07/wrist--2026_04_07-18_57_52--episode=71--success=True--task=open_the_top_drawer_and_put_the_bowl_inside.mp4
04/07 [20:30:52] INFO     | >> Success: True              run_libero_eval.py:230
                 INFO     | >> # episodes completed so    run_libero_eval.py:230
                          far: 71                                               
                 INFO     | >> # successes: 67 (94.4%)    run_libero_eval.py:230

 55%|█████▌    | 11/20 [23:49<18:48, 125.43s/it][A                 INFO     | >>                            run_libero_eval.py:230
                          Task: open the top drawer and                         
                          put the bowl inside                                   
                 INFO     | >> Starting episode 12...     run_libero_eval.py:230
huggingface/tokenizers: The current process just got forked, after parallelism has already been used. Disabling parallelism to avoid deadlocks...
To disable this warning, you can either:
	- Avoid using `tokenizers` before the fork if possible
	- Explicitly set the environment variable TOKENIZERS_PARALLELISM=(true | false)
huggingface/tokenizers: The current process just got forked, after parallelism has already been used. Disabling parallelism to avoid deadlocks...
To disable this warning, you can either:
	- Avoid using `tokenizers` before the fork if possible
	- Explicitly set the environment variable TOKENIZERS_PARALLELISM=(true | false)
>> VLA-Cache inference mode
Current CUDA latency: 315.512787 ms | Average CUDA latency: 187.152338 ms, Average TFLOPs: 2.936945
>> VLA-Cache inference mode
Current CUDA latency: 330.929535 ms | Average CUDA latency: 187.281751 ms, Average TFLOPs: 2.936981
>> VLA-Cache inference mode
Current CUDA latency: 113.455711 ms | Average CUDA latency: 187.215361 ms, Average TFLOPs: 2.936981
>> VLA-Cache inference mode
Current CUDA latency: 114.746819 ms | Average CUDA latency: 187.150250 ms, Average TFLOPs: 2.937002
>> VLA-Cache inference mode
Current CUDA latency: 146.118011 ms | Average CUDA latency: 187.113416 ms, Average TFLOPs: 2.936931
>> VLA-Cache inference mode
Current CUDA latency: 105.831940 ms | Average CUDA latency: 187.040518 ms, Average TFLOPs: 2.936859
>> VLA-Cache inference mode
Current CUDA latency: 178.368668 ms | Average CUDA latency: 187.032748 ms, Average TFLOPs: 2.936751
>> VLA-Cache inference mode
Current CUDA latency: 185.159485 ms | Average CUDA latency: 187.031071 ms, Average TFLOPs: 2.936666
>> VLA-Cache inference mode
Current CUDA latency: 250.314560 ms | Average CUDA latency: 187.087675 ms, Average TFLOPs: 2.936623
>> VLA-Cache inference mode
Current CUDA latency: 210.838715 ms | Average CUDA latency: 187.108900 ms, Average TFLOPs: 2.936516
>> VLA-Cache inference mode
Current CUDA latency: 151.636093 ms | Average CUDA latency: 187.077228 ms, Average TFLOPs: 2.936399
>> VLA-Cache inference mode
Current CUDA latency: 121.371040 ms | Average CUDA latency: 187.018614 ms, Average TFLOPs: 2.936367
>> VLA-Cache inference mode
Current CUDA latency: 141.172226 ms | Average CUDA latency: 186.977753 ms, Average TFLOPs: 2.936352
>> VLA-Cache inference mode
Current CUDA latency: 109.088989 ms | Average CUDA latency: 186.908395 ms, Average TFLOPs: 2.936342
>> VLA-Cache inference mode
Current CUDA latency: 103.934212 ms | Average CUDA latency: 186.834574 ms, Average TFLOPs: 2.936261
>> VLA-Cache inference mode
Current CUDA latency: 101.592766 ms | Average CUDA latency: 186.758804 ms, Average TFLOPs: 2.936175
>> VLA-Cache inference mode
Current CUDA latency: 106.055328 ms | Average CUDA latency: 186.687131 ms, Average TFLOPs: 2.936003
>> VLA-Cache inference mode
Current CUDA latency: 108.312798 ms | Average CUDA latency: 186.617589 ms, Average TFLOPs: 2.935896
>> VLA-Cache inference mode
Current CUDA latency: 108.518242 ms | Average CUDA latency: 186.548352 ms, Average TFLOPs: 2.935848
>> VLA-Cache inference mode
Current CUDA latency: 105.971169 ms | Average CUDA latency: 186.476981 ms, Average TFLOPs: 2.935766
>> VLA-Cache inference mode
Current CUDA latency: 129.339325 ms | Average CUDA latency: 186.426417 ms, Average TFLOPs: 2.935689
>> VLA-Cache inference mode
Current CUDA latency: 212.525665 ms | Average CUDA latency: 186.449493 ms, Average TFLOPs: 2.935634
Average time per step: 582.7341 ms, Control Frequency: 13.73 Hz, Token Reusing Ratio (Primary): 35.06 %, , Token Reusing Ratio (Wrist): 35.18 %
Saved rollout MP4 at path ./rollouts/2026_04_07/primary--2026_04_07-18_57_52--episode=72--success=True--task=open_the_top_drawer_and_put_the_bowl_inside.mp4
Saved rollout MP4 at path ./rollouts/2026_04_07/wrist--2026_04_07-18_57_52--episode=72--success=True--task=open_the_top_drawer_and_put_the_bowl_inside.mp4
04/07 [20:32:37] INFO     | >> Success: True              run_libero_eval.py:230
                 INFO     | >> # episodes completed so    run_libero_eval.py:230
                          far: 72                                               
                 INFO     | >> # successes: 68 (94.4%)    run_libero_eval.py:230

 60%|██████    | 12/20 [25:33<15:52, 119.06s/it][A                 INFO     | >>                            run_libero_eval.py:230
                          Task: open the top drawer and                         
                          put the bowl inside                                   
                 INFO     | >> Starting episode 13...     run_libero_eval.py:230
huggingface/tokenizers: The current process just got forked, after parallelism has already been used. Disabling parallelism to avoid deadlocks...
To disable this warning, you can either:
	- Avoid using `tokenizers` before the fork if possible
	- Explicitly set the environment variable TOKENIZERS_PARALLELISM=(true | false)
huggingface/tokenizers: The current process just got forked, after parallelism has already been used. Disabling parallelism to avoid deadlocks...
To disable this warning, you can either:
	- Avoid using `tokenizers` before the fork if possible
	- Explicitly set the environment variable TOKENIZERS_PARALLELISM=(true | false)
>> VLA-Cache inference mode
Current CUDA latency: 345.026855 ms | Average CUDA latency: 186.589579 ms, Average TFLOPs: 2.936315
>> VLA-Cache inference mode
Current CUDA latency: 240.733337 ms | Average CUDA latency: 186.637367 ms, Average TFLOPs: 2.936332
>> VLA-Cache inference mode
Current CUDA latency: 112.509117 ms | Average CUDA latency: 186.571999 ms, Average TFLOPs: 2.936352
>> VLA-Cache inference mode
Current CUDA latency: 111.405121 ms | Average CUDA latency: 186.505772 ms, Average TFLOPs: 2.936377
>> VLA-Cache inference mode
Current CUDA latency: 120.626015 ms | Average CUDA latency: 186.447779 ms, Average TFLOPs: 2.936348
>> VLA-Cache inference mode
Current CUDA latency: 118.602692 ms | Average CUDA latency: 186.388109 ms, Average TFLOPs: 2.936319
>> VLA-Cache inference mode
Current CUDA latency: 113.908669 ms | Average CUDA latency: 186.324419 ms, Average TFLOPs: 2.936248
>> VLA-Cache inference mode
Current CUDA latency: 102.975967 ms | Average CUDA latency: 186.251242 ms, Average TFLOPs: 2.936186
>> VLA-Cache inference mode
Current CUDA latency: 132.402908 ms | Average CUDA latency: 186.204007 ms, Average TFLOPs: 2.936095
>> VLA-Cache inference mode
Current CUDA latency: 125.047073 ms | Average CUDA latency: 186.150407 ms, Average TFLOPs: 2.935986
>> VLA-Cache inference mode
Current CUDA latency: 107.613342 ms | Average CUDA latency: 186.081636 ms, Average TFLOPs: 2.935913
>> VLA-Cache inference mode
Current CUDA latency: 170.748291 ms | Average CUDA latency: 186.068221 ms, Average TFLOPs: 2.935874
>> VLA-Cache inference mode
Current CUDA latency: 175.675842 ms | Average CUDA latency: 186.059137 ms, Average TFLOPs: 2.935834
>> VLA-Cache inference mode
Current CUDA latency: 192.402435 ms | Average CUDA latency: 186.064677 ms, Average TFLOPs: 2.935819
>> VLA-Cache inference mode
Current CUDA latency: 114.688866 ms | Average CUDA latency: 186.002394 ms, Average TFLOPs: 2.935774
>> VLA-Cache inference mode
Current CUDA latency: 161.802917 ms | Average CUDA latency: 185.981296 ms, Average TFLOPs: 2.935635
>> VLA-Cache inference mode
Current CUDA latency: 123.382301 ms | Average CUDA latency: 185.926767 ms, Average TFLOPs: 2.935525
>> VLA-Cache inference mode
Current CUDA latency: 112.181473 ms | Average CUDA latency: 185.862585 ms, Average TFLOPs: 2.935435
>> VLA-Cache inference mode
Current CUDA latency: 123.821472 ms | Average CUDA latency: 185.808636 ms, Average TFLOPs: 2.935377
>> VLA-Cache inference mode
Current CUDA latency: 367.863159 ms | Average CUDA latency: 185.966807 ms, Average TFLOPs: 2.935291
>> VLA-Cache inference mode
Current CUDA latency: 317.734741 ms | Average CUDA latency: 186.081189 ms, Average TFLOPs: 2.935206
>> VLA-Cache inference mode
Current CUDA latency: 109.285828 ms | Average CUDA latency: 186.014584 ms, Average TFLOPs: 2.935149
Average time per step: 578.8752 ms, Control Frequency: 13.82 Hz, Token Reusing Ratio (Primary): 35.04 %, , Token Reusing Ratio (Wrist): 35.10 %
Saved rollout MP4 at path ./rollouts/2026_04_07/primary--2026_04_07-18_57_52--episode=73--success=True--task=open_the_top_drawer_and_put_the_bowl_inside.mp4
Saved rollout MP4 at path ./rollouts/2026_04_07/wrist--2026_04_07-18_57_52--episode=73--success=True--task=open_the_top_drawer_and_put_the_bowl_inside.mp4
04/07 [20:34:21] INFO     | >> Success: True              run_libero_eval.py:230
                 INFO     | >> # episodes completed so    run_libero_eval.py:230
                          far: 73                                               
                 INFO     | >> # successes: 69 (94.5%)    run_libero_eval.py:230

 65%|██████▌   | 13/20 [27:18<13:23, 114.79s/it][A04/07 [20:34:22] INFO     | >>                            run_libero_eval.py:230
                          Task: open the top drawer and                         
                          put the bowl inside                                   
                 INFO     | >> Starting episode 14...     run_libero_eval.py:230
huggingface/tokenizers: The current process just got forked, after parallelism has already been used. Disabling parallelism to avoid deadlocks...
To disable this warning, you can either:
	- Avoid using `tokenizers` before the fork if possible
	- Explicitly set the environment variable TOKENIZERS_PARALLELISM=(true | false)
huggingface/tokenizers: The current process just got forked, after parallelism has already been used. Disabling parallelism to avoid deadlocks...
To disable this warning, you can either:
	- Avoid using `tokenizers` before the fork if possible
	- Explicitly set the environment variable TOKENIZERS_PARALLELISM=(true | false)
>> VLA-Cache inference mode
Current CUDA latency: 410.453918 ms | Average CUDA latency: 186.209072 ms, Average TFLOPs: 2.935817
>> VLA-Cache inference mode
Current CUDA latency: 276.360931 ms | Average CUDA latency: 186.287126 ms, Average TFLOPs: 2.935844
>> VLA-Cache inference mode
Current CUDA latency: 108.753471 ms | Average CUDA latency: 186.220055 ms, Average TFLOPs: 2.935851
>> VLA-Cache inference mode
Current CUDA latency: 112.658623 ms | Average CUDA latency: 186.156476 ms, Average TFLOPs: 2.935842
>> VLA-Cache inference mode
Current CUDA latency: 154.048965 ms | Average CUDA latency: 186.128749 ms, Average TFLOPs: 2.935829
>> VLA-Cache inference mode
Current CUDA latency: 231.309082 ms | Average CUDA latency: 186.167731 ms, Average TFLOPs: 2.935770
>> VLA-Cache inference mode
Current CUDA latency: 264.289459 ms | Average CUDA latency: 186.235077 ms, Average TFLOPs: 2.935730
>> VLA-Cache inference mode
Current CUDA latency: 116.357216 ms | Average CUDA latency: 186.174890 ms, Average TFLOPs: 2.935640
>> VLA-Cache inference mode
Current CUDA latency: 141.053497 ms | Average CUDA latency: 186.136059 ms, Average TFLOPs: 2.935536
>> VLA-Cache inference mode
Current CUDA latency: 148.775803 ms | Average CUDA latency: 186.103935 ms, Average TFLOPs: 2.935413
>> VLA-Cache inference mode
Current CUDA latency: 101.101440 ms | Average CUDA latency: 186.030909 ms, Average TFLOPs: 2.935293
>> VLA-Cache inference mode
Current CUDA latency: 102.536285 ms | Average CUDA latency: 185.959240 ms, Average TFLOPs: 2.935194
>> VLA-Cache inference mode
Current CUDA latency: 118.120094 ms | Average CUDA latency: 185.901059 ms, Average TFLOPs: 2.935125
>> VLA-Cache inference mode
Current CUDA latency: 129.504700 ms | Average CUDA latency: 185.852733 ms, Average TFLOPs: 2.935112
>> VLA-Cache inference mode
Current CUDA latency: 151.181152 ms | Average CUDA latency: 185.823048 ms, Average TFLOPs: 2.935084
>> VLA-Cache inference mode
Current CUDA latency: 310.967865 ms | Average CUDA latency: 185.930101 ms, Average TFLOPs: 2.935004
>> VLA-Cache inference mode
Current CUDA latency: 255.639175 ms | Average CUDA latency: 185.989681 ms, Average TFLOPs: 2.934856
>> VLA-Cache inference mode
Current CUDA latency: 107.305885 ms | Average CUDA latency: 185.922488 ms, Average TFLOPs: 2.934732
>> VLA-Cache inference mode
Current CUDA latency: 177.594559 ms | Average CUDA latency: 185.915382 ms, Average TFLOPs: 2.934652
>> VLA-Cache inference mode
Current CUDA latency: 146.607483 ms | Average CUDA latency: 185.881871 ms, Average TFLOPs: 2.934575
>> VLA-Cache inference mode
Current CUDA latency: 109.566307 ms | Average CUDA latency: 185.816867 ms, Average TFLOPs: 2.934499
>> VLA-Cache inference mode
Current CUDA latency: 108.430847 ms | Average CUDA latency: 185.751006 ms, Average TFLOPs: 2.934451
>> VLA-Cache inference mode
Current CUDA latency: 113.923294 ms | Average CUDA latency: 185.689928 ms, Average TFLOPs: 2.934390
Average time per step: 577.4949 ms, Control Frequency: 13.85 Hz, Token Reusing Ratio (Primary): 35.08 %, , Token Reusing Ratio (Wrist): 35.08 %
Saved rollout MP4 at path ./rollouts/2026_04_07/primary--2026_04_07-18_57_52--episode=74--success=True--task=open_the_top_drawer_and_put_the_bowl_inside.mp4
Saved rollout MP4 at path ./rollouts/2026_04_07/wrist--2026_04_07-18_57_52--episode=74--success=True--task=open_the_top_drawer_and_put_the_bowl_inside.mp4
04/07 [20:36:15] INFO     | >> Success: True              run_libero_eval.py:230
                 INFO     | >> # episodes completed so    run_libero_eval.py:230
                          far: 74                                               
                 INFO     | >> # successes: 70 (94.6%)    run_libero_eval.py:230

 70%|███████   | 14/20 [29:12<11:26, 114.35s/it][A                 INFO     | >>                            run_libero_eval.py:230
                          Task: open the top drawer and                         
                          put the bowl inside                                   
                 INFO     | >> Starting episode 15...     run_libero_eval.py:230
huggingface/tokenizers: The current process just got forked, after parallelism has already been used. Disabling parallelism to avoid deadlocks...
To disable this warning, you can either:
	- Avoid using `tokenizers` before the fork if possible
	- Explicitly set the environment variable TOKENIZERS_PARALLELISM=(true | false)
huggingface/tokenizers: The current process just got forked, after parallelism has already been used. Disabling parallelism to avoid deadlocks...
To disable this warning, you can either:
	- Avoid using `tokenizers` before the fork if possible
	- Explicitly set the environment variable TOKENIZERS_PARALLELISM=(true | false)
>> VLA-Cache inference mode
Current CUDA latency: 445.567841 ms | Average CUDA latency: 185.910725 ms, Average TFLOPs: 2.935046
>> VLA-Cache inference mode
Current CUDA latency: 337.464203 ms | Average CUDA latency: 186.039378 ms, Average TFLOPs: 2.935067
>> VLA-Cache inference mode
Current CUDA latency: 144.709213 ms | Average CUDA latency: 186.004323 ms, Average TFLOPs: 2.935050
>> VLA-Cache inference mode
Current CUDA latency: 113.500671 ms | Average CUDA latency: 185.942879 ms, Average TFLOPs: 2.935072
>> VLA-Cache inference mode
Current CUDA latency: 103.943008 ms | Average CUDA latency: 185.873447 ms, Average TFLOPs: 2.935018
>> VLA-Cache inference mode
Current CUDA latency: 102.152832 ms | Average CUDA latency: 185.802617 ms, Average TFLOPs: 2.934949
>> VLA-Cache inference mode
Current CUDA latency: 127.552002 ms | Average CUDA latency: 185.753377 ms, Average TFLOPs: 2.934897
>> VLA-Cache inference mode
Current CUDA latency: 102.534531 ms | Average CUDA latency: 185.683091 ms, Average TFLOPs: 2.934820
>> VLA-Cache inference mode
Current CUDA latency: 161.486053 ms | Average CUDA latency: 185.662672 ms, Average TFLOPs: 2.934730
>> VLA-Cache inference mode
Current CUDA latency: 252.396545 ms | Average CUDA latency: 185.718940 ms, Average TFLOPs: 2.934609
>> VLA-Cache inference mode
Current CUDA latency: 169.194458 ms | Average CUDA latency: 185.705018 ms, Average TFLOPs: 2.934547
>> VLA-Cache inference mode
Current CUDA latency: 131.717087 ms | Average CUDA latency: 185.659574 ms, Average TFLOPs: 2.934489
>> VLA-Cache inference mode
Current CUDA latency: 112.435074 ms | Average CUDA latency: 185.597989 ms, Average TFLOPs: 2.934479
>> VLA-Cache inference mode
Current CUDA latency: 119.068413 ms | Average CUDA latency: 185.542082 ms, Average TFLOPs: 2.934439
>> VLA-Cache inference mode
Current CUDA latency: 111.141212 ms | Average CUDA latency: 185.479613 ms, Average TFLOPs: 2.934369
>> VLA-Cache inference mode
Current CUDA latency: 152.052322 ms | Average CUDA latency: 185.451570 ms, Average TFLOPs: 2.934224
>> VLA-Cache inference mode
Current CUDA latency: 303.931183 ms | Average CUDA latency: 185.550882 ms, Average TFLOPs: 2.934111
>> VLA-Cache inference mode
Current CUDA latency: 155.381439 ms | Average CUDA latency: 185.525614 ms, Average TFLOPs: 2.933997
>> VLA-Cache inference mode
Current CUDA latency: 208.245148 ms | Average CUDA latency: 185.544627 ms, Average TFLOPs: 2.933907
>> VLA-Cache inference mode
Current CUDA latency: 104.228706 ms | Average CUDA latency: 185.476637 ms, Average TFLOPs: 2.933818
>> VLA-Cache inference mode
Current CUDA latency: 115.247299 ms | Average CUDA latency: 185.417966 ms, Average TFLOPs: 2.933750
Average time per step: 575.9735 ms, Control Frequency: 13.89 Hz, Token Reusing Ratio (Primary): 35.06 %, , Token Reusing Ratio (Wrist): 35.10 %
Saved rollout MP4 at path ./rollouts/2026_04_07/primary--2026_04_07-18_57_52--episode=75--success=True--task=open_the_top_drawer_and_put_the_bowl_inside.mp4
Saved rollout MP4 at path ./rollouts/2026_04_07/wrist--2026_04_07-18_57_52--episode=75--success=True--task=open_the_top_drawer_and_put_the_bowl_inside.mp4
04/07 [20:38:04] INFO     | >> Success: True              run_libero_eval.py:230
                 INFO     | >> # episodes completed so    run_libero_eval.py:230
                          far: 75                                               
                 INFO     | >> # successes: 71 (94.7%)    run_libero_eval.py:230

 75%|███████▌  | 15/20 [31:01<09:24, 112.81s/it][A                 INFO     | >>                            run_libero_eval.py:230
                          Task: open the top drawer and                         
                          put the bowl inside                                   
                 INFO     | >> Starting episode 16...     run_libero_eval.py:230
huggingface/tokenizers: The current process just got forked, after parallelism has already been used. Disabling parallelism to avoid deadlocks...
To disable this warning, you can either:
	- Avoid using `tokenizers` before the fork if possible
	- Explicitly set the environment variable TOKENIZERS_PARALLELISM=(true | false)
huggingface/tokenizers: The current process just got forked, after parallelism has already been used. Disabling parallelism to avoid deadlocks...
To disable this warning, you can either:
	- Avoid using `tokenizers` before the fork if possible
	- Explicitly set the environment variable TOKENIZERS_PARALLELISM=(true | false)
>> VLA-Cache inference mode
Current CUDA latency: 310.393463 ms | Average CUDA latency: 185.522286 ms, Average TFLOPs: 2.934395
>> VLA-Cache inference mode
Current CUDA latency: 278.832703 ms | Average CUDA latency: 185.600109 ms, Average TFLOPs: 2.934403
>> VLA-Cache inference mode
Current CUDA latency: 122.787521 ms | Average CUDA latency: 185.547765 ms, Average TFLOPs: 2.934424
>> VLA-Cache inference mode
Current CUDA latency: 121.433731 ms | Average CUDA latency: 185.494381 ms, Average TFLOPs: 2.934421
>> VLA-Cache inference mode
Current CUDA latency: 165.673889 ms | Average CUDA latency: 185.477892 ms, Average TFLOPs: 2.934375
>> VLA-Cache inference mode
Current CUDA latency: 180.252960 ms | Average CUDA latency: 185.473549 ms, Average TFLOPs: 2.934339
>> VLA-Cache inference mode
Current CUDA latency: 132.002686 ms | Average CUDA latency: 185.429138 ms, Average TFLOPs: 2.934311
>> VLA-Cache inference mode
Current CUDA latency: 125.857117 ms | Average CUDA latency: 185.379700 ms, Average TFLOPs: 2.934272
>> VLA-Cache inference mode
Current CUDA latency: 111.586624 ms | Average CUDA latency: 185.318512 ms, Average TFLOPs: 2.934216
>> VLA-Cache inference mode
Current CUDA latency: 126.477180 ms | Average CUDA latency: 185.269762 ms, Average TFLOPs: 2.934135
>> VLA-Cache inference mode
Current CUDA latency: 162.678268 ms | Average CUDA latency: 185.251060 ms, Average TFLOPs: 2.934031
>> VLA-Cache inference mode
Current CUDA latency: 116.587326 ms | Average CUDA latency: 185.194267 ms, Average TFLOPs: 2.933988
>> VLA-Cache inference mode
Current CUDA latency: 157.504639 ms | Average CUDA latency: 185.171383 ms, Average TFLOPs: 2.933963
>> VLA-Cache inference mode
Current CUDA latency: 129.795074 ms | Average CUDA latency: 185.125655 ms, Average TFLOPs: 2.933951
>> VLA-Cache inference mode
Current CUDA latency: 147.359238 ms | Average CUDA latency: 185.094494 ms, Average TFLOPs: 2.933927
>> VLA-Cache inference mode
Current CUDA latency: 248.075806 ms | Average CUDA latency: 185.146416 ms, Average TFLOPs: 2.933836
>> VLA-Cache inference mode
Current CUDA latency: 187.956161 ms | Average CUDA latency: 185.148731 ms, Average TFLOPs: 2.933686
>> VLA-Cache inference mode
Current CUDA latency: 111.458145 ms | Average CUDA latency: 185.088080 ms, Average TFLOPs: 2.933595
>> VLA-Cache inference mode
Current CUDA latency: 140.103455 ms | Average CUDA latency: 185.051086 ms, Average TFLOPs: 2.933537
>> VLA-Cache inference mode
Current CUDA latency: 107.376259 ms | Average CUDA latency: 184.987261 ms, Average TFLOPs: 2.933472
>> VLA-Cache inference mode
Current CUDA latency: 103.144547 ms | Average CUDA latency: 184.920067 ms, Average TFLOPs: 2.933409
>> VLA-Cache inference mode
Current CUDA latency: 104.524284 ms | Average CUDA latency: 184.854115 ms, Average TFLOPs: 2.933353
Average time per step: 574.8058 ms, Control Frequency: 13.92 Hz, Token Reusing Ratio (Primary): 35.06 %, , Token Reusing Ratio (Wrist): 35.05 %
Saved rollout MP4 at path ./rollouts/2026_04_07/primary--2026_04_07-18_57_52--episode=76--success=True--task=open_the_top_drawer_and_put_the_bowl_inside.mp4
Saved rollout MP4 at path ./rollouts/2026_04_07/wrist--2026_04_07-18_57_52--episode=76--success=True--task=open_the_top_drawer_and_put_the_bowl_inside.mp4
04/07 [20:39:49] INFO     | >> Success: True              run_libero_eval.py:230
                 INFO     | >> # episodes completed so    run_libero_eval.py:230
                          far: 76                                               
                 INFO     | >> # successes: 72 (94.7%)    run_libero_eval.py:230

 80%|████████  | 16/20 [32:46<07:21, 110.50s/it][A                 INFO     | >>                            run_libero_eval.py:230
                          Task: open the top drawer and                         
                          put the bowl inside                                   
                 INFO     | >> Starting episode 17...     run_libero_eval.py:230
huggingface/tokenizers: The current process just got forked, after parallelism has already been used. Disabling parallelism to avoid deadlocks...
To disable this warning, you can either:
	- Avoid using `tokenizers` before the fork if possible
	- Explicitly set the environment variable TOKENIZERS_PARALLELISM=(true | false)
huggingface/tokenizers: The current process just got forked, after parallelism has already been used. Disabling parallelism to avoid deadlocks...
To disable this warning, you can either:
	- Avoid using `tokenizers` before the fork if possible
	- Explicitly set the environment variable TOKENIZERS_PARALLELISM=(true | false)
>> VLA-Cache inference mode
Current CUDA latency: 318.035736 ms | Average CUDA latency: 184.963280 ms, Average TFLOPs: 2.933986
>> VLA-Cache inference mode
Current CUDA latency: 270.228607 ms | Average CUDA latency: 185.033112 ms, Average TFLOPs: 2.934022
>> VLA-Cache inference mode
Current CUDA latency: 212.063354 ms | Average CUDA latency: 185.055232 ms, Average TFLOPs: 2.934063
>> VLA-Cache inference mode
Current CUDA latency: 227.724350 ms | Average CUDA latency: 185.090121 ms, Average TFLOPs: 2.934070
>> VLA-Cache inference mode
Current CUDA latency: 120.237694 ms | Average CUDA latency: 185.037137 ms, Average TFLOPs: 2.934083
>> VLA-Cache inference mode
Current CUDA latency: 122.873123 ms | Average CUDA latency: 184.986391 ms, Average TFLOPs: 2.934047
>> VLA-Cache inference mode
Current CUDA latency: 126.599327 ms | Average CUDA latency: 184.938767 ms, Average TFLOPs: 2.933965
>> VLA-Cache inference mode
Current CUDA latency: 116.562340 ms | Average CUDA latency: 184.883040 ms, Average TFLOPs: 2.933865
>> VLA-Cache inference mode
Current CUDA latency: 115.928764 ms | Average CUDA latency: 184.826889 ms, Average TFLOPs: 2.933782
>> VLA-Cache inference mode
Current CUDA latency: 128.454819 ms | Average CUDA latency: 184.781020 ms, Average TFLOPs: 2.933659
>> VLA-Cache inference mode
Current CUDA latency: 110.307587 ms | Average CUDA latency: 184.720473 ms, Average TFLOPs: 2.933547
>> VLA-Cache inference mode
Current CUDA latency: 110.153664 ms | Average CUDA latency: 184.659899 ms, Average TFLOPs: 2.933455
>> VLA-Cache inference mode
Current CUDA latency: 116.770592 ms | Average CUDA latency: 184.604794 ms, Average TFLOPs: 2.933394
>> VLA-Cache inference mode
Current CUDA latency: 310.596191 ms | Average CUDA latency: 184.706976 ms, Average TFLOPs: 2.933362
>> VLA-Cache inference mode
Current CUDA latency: 275.115967 ms | Average CUDA latency: 184.780241 ms, Average TFLOPs: 2.933303
>> VLA-Cache inference mode
Current CUDA latency: 154.984131 ms | Average CUDA latency: 184.756115 ms, Average TFLOPs: 2.933281
>> VLA-Cache inference mode
Current CUDA latency: 118.850014 ms | Average CUDA latency: 184.702793 ms, Average TFLOPs: 2.933296
>> VLA-Cache inference mode
Current CUDA latency: 110.325439 ms | Average CUDA latency: 184.642666 ms, Average TFLOPs: 2.933232
>> VLA-Cache inference mode
Current CUDA latency: 139.305634 ms | Average CUDA latency: 184.606045 ms, Average TFLOPs: 2.933096
>> VLA-Cache inference mode
Current CUDA latency: 125.715614 ms | Average CUDA latency: 184.558514 ms, Average TFLOPs: 2.932998
>> VLA-Cache inference mode
Current CUDA latency: 125.658302 ms | Average CUDA latency: 184.511014 ms, Average TFLOPs: 2.932905
>> VLA-Cache inference mode
Current CUDA latency: 102.352547 ms | Average CUDA latency: 184.444810 ms, Average TFLOPs: 2.932820
>> VLA-Cache inference mode
Current CUDA latency: 112.526787 ms | Average CUDA latency: 184.386905 ms, Average TFLOPs: 2.932733
>> VLA-Cache inference mode
Current CUDA latency: 127.901985 ms | Average CUDA latency: 184.341463 ms, Average TFLOPs: 2.932643
>> VLA-Cache inference mode
Current CUDA latency: 340.647125 ms | Average CUDA latency: 184.467111 ms, Average TFLOPs: 2.932602
Average time per step: 573.3110 ms, Control Frequency: 13.95 Hz, Token Reusing Ratio (Primary): 35.05 %, , Token Reusing Ratio (Wrist): 35.10 %
Saved rollout MP4 at path ./rollouts/2026_04_07/primary--2026_04_07-18_57_52--episode=77--success=True--task=open_the_top_drawer_and_put_the_bowl_inside.mp4
Saved rollout MP4 at path ./rollouts/2026_04_07/wrist--2026_04_07-18_57_52--episode=77--success=True--task=open_the_top_drawer_and_put_the_bowl_inside.mp4
04/07 [20:41:53] INFO     | >> Success: True              run_libero_eval.py:230
                 INFO     | >> # episodes completed so    run_libero_eval.py:230
                          far: 77                                               
                 INFO     | >> # successes: 73 (94.8%)    run_libero_eval.py:230

 85%|████████▌ | 17/20 [34:50<05:43, 114.44s/it][A                 INFO     | >>                            run_libero_eval.py:230
                          Task: open the top drawer and                         
                          put the bowl inside                                   
                 INFO     | >> Starting episode 18...     run_libero_eval.py:230
huggingface/tokenizers: The current process just got forked, after parallelism has already been used. Disabling parallelism to avoid deadlocks...
To disable this warning, you can either:
	- Avoid using `tokenizers` before the fork if possible
	- Explicitly set the environment variable TOKENIZERS_PARALLELISM=(true | false)
huggingface/tokenizers: The current process just got forked, after parallelism has already been used. Disabling parallelism to avoid deadlocks...
To disable this warning, you can either:
	- Avoid using `tokenizers` before the fork if possible
	- Explicitly set the environment variable TOKENIZERS_PARALLELISM=(true | false)
>> VLA-Cache inference mode
Current CUDA latency: 339.870300 ms | Average CUDA latency: 184.591932 ms, Average TFLOPs: 2.933223
>> VLA-Cache inference mode
Current CUDA latency: 273.795074 ms | Average CUDA latency: 184.663524 ms, Average TFLOPs: 2.933218
>> VLA-Cache inference mode
Current CUDA latency: 116.977341 ms | Average CUDA latency: 184.609245 ms, Average TFLOPs: 2.933230
>> VLA-Cache inference mode
Current CUDA latency: 120.722046 ms | Average CUDA latency: 184.558053 ms, Average TFLOPs: 2.933241
>> VLA-Cache inference mode
Current CUDA latency: 111.073631 ms | Average CUDA latency: 184.499218 ms, Average TFLOPs: 2.933225
>> VLA-Cache inference mode
Current CUDA latency: 160.688507 ms | Average CUDA latency: 184.480170 ms, Average TFLOPs: 2.933144
>> VLA-Cache inference mode
Current CUDA latency: 105.437187 ms | Average CUDA latency: 184.416986 ms, Average TFLOPs: 2.933077
>> VLA-Cache inference mode
Current CUDA latency: 128.666458 ms | Average CUDA latency: 184.372457 ms, Average TFLOPs: 2.932954
>> VLA-Cache inference mode
Current CUDA latency: 137.595169 ms | Average CUDA latency: 184.335125 ms, Average TFLOPs: 2.932898
>> VLA-Cache inference mode
Current CUDA latency: 291.626099 ms | Average CUDA latency: 184.420684 ms, Average TFLOPs: 2.932806
>> VLA-Cache inference mode
Current CUDA latency: 159.481766 ms | Average CUDA latency: 184.400812 ms, Average TFLOPs: 2.932741
>> VLA-Cache inference mode
Current CUDA latency: 143.805923 ms | Average CUDA latency: 184.368491 ms, Average TFLOPs: 2.932650
>> VLA-Cache inference mode
Current CUDA latency: 108.816483 ms | Average CUDA latency: 184.308386 ms, Average TFLOPs: 2.932563
>> VLA-Cache inference mode
Current CUDA latency: 125.465919 ms | Average CUDA latency: 184.261612 ms, Average TFLOPs: 2.932459
>> VLA-Cache inference mode
Current CUDA latency: 102.030243 ms | Average CUDA latency: 184.196297 ms, Average TFLOPs: 2.932350
>> VLA-Cache inference mode
Current CUDA latency: 131.412476 ms | Average CUDA latency: 184.154405 ms, Average TFLOPs: 2.932192
>> VLA-Cache inference mode
Current CUDA latency: 111.303459 ms | Average CUDA latency: 184.096633 ms, Average TFLOPs: 2.932034
>> VLA-Cache inference mode
Current CUDA latency: 127.908897 ms | Average CUDA latency: 184.052110 ms, Average TFLOPs: 2.931889
>> VLA-Cache inference mode
Current CUDA latency: 270.900482 ms | Average CUDA latency: 184.120873 ms, Average TFLOPs: 2.931773
>> VLA-Cache inference mode
Current CUDA latency: 240.238815 ms | Average CUDA latency: 184.165270 ms, Average TFLOPs: 2.931689
>> VLA-Cache inference mode
Current CUDA latency: 187.886169 ms | Average CUDA latency: 184.168212 ms, Average TFLOPs: 2.931605
>> VLA-Cache inference mode
Current CUDA latency: 117.889404 ms | Average CUDA latency: 184.115859 ms, Average TFLOPs: 2.931460
>> VLA-Cache inference mode
Current CUDA latency: 104.024414 ms | Average CUDA latency: 184.052645 ms, Average TFLOPs: 2.931403
>> VLA-Cache inference mode
Current CUDA latency: 257.633514 ms | Average CUDA latency: 184.110675 ms, Average TFLOPs: 2.931385
>> VLA-Cache inference mode
Current CUDA latency: 289.542725 ms | Average CUDA latency: 184.193757 ms, Average TFLOPs: 2.931299
>> VLA-Cache inference mode
Current CUDA latency: 139.788635 ms | Average CUDA latency: 184.158793 ms, Average TFLOPs: 2.931249
>> VLA-Cache inference mode
Current CUDA latency: 157.901474 ms | Average CUDA latency: 184.138134 ms, Average TFLOPs: 2.931182
>> VLA-Cache inference mode
Current CUDA latency: 103.350975 ms | Average CUDA latency: 184.074622 ms, Average TFLOPs: 2.931115
>> VLA-Cache inference mode
Current CUDA latency: 118.226524 ms | Average CUDA latency: 184.022895 ms, Average TFLOPs: 2.931082
>> VLA-Cache inference mode
Current CUDA latency: 198.133316 ms | Average CUDA latency: 184.033971 ms, Average TFLOPs: 2.931061
>> VLA-Cache inference mode
Current CUDA latency: 243.756165 ms | Average CUDA latency: 184.080812 ms, Average TFLOPs: 2.931023
>> VLA-Cache inference mode
Current CUDA latency: 259.921570 ms | Average CUDA latency: 184.140248 ms, Average TFLOPs: 2.930972
>> VLA-Cache inference mode
Current CUDA latency: 158.538879 ms | Average CUDA latency: 184.120200 ms, Average TFLOPs: 2.930944
>> VLA-Cache inference mode
Current CUDA latency: 173.754333 ms | Average CUDA latency: 184.112089 ms, Average TFLOPs: 2.930958
>> VLA-Cache inference mode
Current CUDA latency: 120.432449 ms | Average CUDA latency: 184.062300 ms, Average TFLOPs: 2.930971
>> VLA-Cache inference mode
Current CUDA latency: 109.557762 ms | Average CUDA latency: 184.004094 ms, Average TFLOPs: 2.930972
>> VLA-Cache inference mode
Current CUDA latency: 103.742210 ms | Average CUDA latency: 183.941438 ms, Average TFLOPs: 2.930923
>> VLA-Cache inference mode
Current CUDA latency: 110.952477 ms | Average CUDA latency: 183.884505 ms, Average TFLOPs: 2.930924
Average time per step: 572.3317 ms, Control Frequency: 13.98 Hz, Token Reusing Ratio (Primary): 35.10 %, , Token Reusing Ratio (Wrist): 35.29 %
Saved rollout MP4 at path ./rollouts/2026_04_07/primary--2026_04_07-18_57_52--episode=78--success=False--task=open_the_top_drawer_and_put_the_bowl_inside.mp4
Saved rollout MP4 at path ./rollouts/2026_04_07/wrist--2026_04_07-18_57_52--episode=78--success=False--task=open_the_top_drawer_and_put_the_bowl_inside.mp4
04/07 [20:44:56] INFO     | >> Success: False             run_libero_eval.py:230
                 INFO     | >> # episodes completed so    run_libero_eval.py:230
                          far: 78                                               
                 INFO     | >> # successes: 73 (93.6%)    run_libero_eval.py:230

 90%|█████████ | 18/20 [37:53<04:30, 135.15s/it][A                 INFO     | >>                            run_libero_eval.py:230
                          Task: open the top drawer and                         
                          put the bowl inside                                   
                 INFO     | >> Starting episode 19...     run_libero_eval.py:230
huggingface/tokenizers: The current process just got forked, after parallelism has already been used. Disabling parallelism to avoid deadlocks...
To disable this warning, you can either:
	- Avoid using `tokenizers` before the fork if possible
	- Explicitly set the environment variable TOKENIZERS_PARALLELISM=(true | false)
huggingface/tokenizers: The current process just got forked, after parallelism has already been used. Disabling parallelism to avoid deadlocks...
To disable this warning, you can either:
	- Avoid using `tokenizers` before the fork if possible
	- Explicitly set the environment variable TOKENIZERS_PARALLELISM=(true | false)
>> VLA-Cache inference mode
Current CUDA latency: 346.442535 ms | Average CUDA latency: 184.011206 ms, Average TFLOPs: 2.931528
>> VLA-Cache inference mode
Current CUDA latency: 283.256256 ms | Average CUDA latency: 184.088500 ms, Average TFLOPs: 2.931537
>> VLA-Cache inference mode
Current CUDA latency: 275.957672 ms | Average CUDA latency: 184.159993 ms, Average TFLOPs: 2.931525
>> VLA-Cache inference mode
Current CUDA latency: 198.428284 ms | Average CUDA latency: 184.171088 ms, Average TFLOPs: 2.931533
>> VLA-Cache inference mode
Current CUDA latency: 156.319550 ms | Average CUDA latency: 184.149448 ms, Average TFLOPs: 2.931541
>> VLA-Cache inference mode
Current CUDA latency: 129.821472 ms | Average CUDA latency: 184.107268 ms, Average TFLOPs: 2.931511
>> VLA-Cache inference mode
Current CUDA latency: 111.502563 ms | Average CUDA latency: 184.050941 ms, Average TFLOPs: 2.931493
>> VLA-Cache inference mode
Current CUDA latency: 110.838943 ms | Average CUDA latency: 183.994188 ms, Average TFLOPs: 2.931465
>> VLA-Cache inference mode
Current CUDA latency: 190.203003 ms | Average CUDA latency: 183.998997 ms, Average TFLOPs: 2.931375
>> VLA-Cache inference mode
Current CUDA latency: 124.394051 ms | Average CUDA latency: 183.952863 ms, Average TFLOPs: 2.931273
>> VLA-Cache inference mode
Current CUDA latency: 102.557472 ms | Average CUDA latency: 183.889912 ms, Average TFLOPs: 2.931172
>> VLA-Cache inference mode
Current CUDA latency: 105.626175 ms | Average CUDA latency: 183.829430 ms, Average TFLOPs: 2.931119
>> VLA-Cache inference mode
Current CUDA latency: 115.464157 ms | Average CUDA latency: 183.776639 ms, Average TFLOPs: 2.931111
>> VLA-Cache inference mode
Current CUDA latency: 111.238304 ms | Average CUDA latency: 183.720668 ms, Average TFLOPs: 2.931082
>> VLA-Cache inference mode
Current CUDA latency: 318.058716 ms | Average CUDA latency: 183.824244 ms, Average TFLOPs: 2.931067
>> VLA-Cache inference mode
Current CUDA latency: 284.401001 ms | Average CUDA latency: 183.901730 ms, Average TFLOPs: 2.931022
>> VLA-Cache inference mode
Current CUDA latency: 231.358109 ms | Average CUDA latency: 183.938263 ms, Average TFLOPs: 2.930911
>> VLA-Cache inference mode
Current CUDA latency: 113.732193 ms | Average CUDA latency: 183.884258 ms, Average TFLOPs: 2.930792
>> VLA-Cache inference mode
Current CUDA latency: 139.064163 ms | Average CUDA latency: 183.849807 ms, Average TFLOPs: 2.930718
>> VLA-Cache inference mode
Current CUDA latency: 146.531387 ms | Average CUDA latency: 183.821145 ms, Average TFLOPs: 2.930640
>> VLA-Cache inference mode
Current CUDA latency: 262.387360 ms | Average CUDA latency: 183.881441 ms, Average TFLOPs: 2.930537
>> VLA-Cache inference mode
Current CUDA latency: 148.522141 ms | Average CUDA latency: 183.854325 ms, Average TFLOPs: 2.930447
>> VLA-Cache inference mode
Current CUDA latency: 157.529083 ms | Average CUDA latency: 183.834153 ms, Average TFLOPs: 2.930359
Average time per step: 571.6123 ms, Control Frequency: 14.00 Hz, Token Reusing Ratio (Primary): 35.15 %, , Token Reusing Ratio (Wrist): 35.26 %
Saved rollout MP4 at path ./rollouts/2026_04_07/primary--2026_04_07-18_57_52--episode=79--success=True--task=open_the_top_drawer_and_put_the_bowl_inside.mp4
Saved rollout MP4 at path ./rollouts/2026_04_07/wrist--2026_04_07-18_57_52--episode=79--success=True--task=open_the_top_drawer_and_put_the_bowl_inside.mp4
04/07 [20:46:54] INFO     | >> Success: True              run_libero_eval.py:230
                 INFO     | >> # episodes completed so    run_libero_eval.py:230
                          far: 79                                               
                 INFO     | >> # successes: 74 (93.7%)    run_libero_eval.py:230

 95%|█████████▌| 19/20 [39:51<02:10, 130.06s/it][A                 INFO     | >>                            run_libero_eval.py:230
                          Task: open the top drawer and                         
                          put the bowl inside                                   
                 INFO     | >> Starting episode 20...     run_libero_eval.py:230
huggingface/tokenizers: The current process just got forked, after parallelism has already been used. Disabling parallelism to avoid deadlocks...
To disable this warning, you can either:
	- Avoid using `tokenizers` before the fork if possible
	- Explicitly set the environment variable TOKENIZERS_PARALLELISM=(true | false)
huggingface/tokenizers: The current process just got forked, after parallelism has already been used. Disabling parallelism to avoid deadlocks...
To disable this warning, you can either:
	- Avoid using `tokenizers` before the fork if possible
	- Explicitly set the environment variable TOKENIZERS_PARALLELISM=(true | false)
>> VLA-Cache inference mode
Current CUDA latency: 332.601501 ms | Average CUDA latency: 183.948063 ms, Average TFLOPs: 2.930953
>> VLA-Cache inference mode
Current CUDA latency: 328.130798 ms | Average CUDA latency: 184.058379 ms, Average TFLOPs: 2.930989
>> VLA-Cache inference mode
Current CUDA latency: 362.673981 ms | Average CUDA latency: 184.194936 ms, Average TFLOPs: 2.930995
>> VLA-Cache inference mode
Current CUDA latency: 171.813309 ms | Average CUDA latency: 184.185477 ms, Average TFLOPs: 2.931008
>> VLA-Cache inference mode
Current CUDA latency: 113.629921 ms | Average CUDA latency: 184.131617 ms, Average TFLOPs: 2.931042
>> VLA-Cache inference mode
Current CUDA latency: 113.569183 ms | Average CUDA latency: 184.077794 ms, Average TFLOPs: 2.931045
>> VLA-Cache inference mode
Current CUDA latency: 130.647781 ms | Average CUDA latency: 184.037070 ms, Average TFLOPs: 2.931001
>> VLA-Cache inference mode
Current CUDA latency: 109.660896 ms | Average CUDA latency: 183.980424 ms, Average TFLOPs: 2.930956
>> VLA-Cache inference mode
Current CUDA latency: 120.079651 ms | Average CUDA latency: 183.931793 ms, Average TFLOPs: 2.930881
>> VLA-Cache inference mode
Current CUDA latency: 110.943108 ms | Average CUDA latency: 183.876289 ms, Average TFLOPs: 2.930802
>> VLA-Cache inference mode
Current CUDA latency: 109.443069 ms | Average CUDA latency: 183.819728 ms, Average TFLOPs: 2.930736
>> VLA-Cache inference mode
Current CUDA latency: 114.204353 ms | Average CUDA latency: 183.766869 ms, Average TFLOPs: 2.930675
>> VLA-Cache inference mode
Current CUDA latency: 188.291138 ms | Average CUDA latency: 183.770302 ms, Average TFLOPs: 2.930665
>> VLA-Cache inference mode
Current CUDA latency: 244.958908 ms | Average CUDA latency: 183.816692 ms, Average TFLOPs: 2.930656
>> VLA-Cache inference mode
Current CUDA latency: 241.934784 ms | Average CUDA latency: 183.860721 ms, Average TFLOPs: 2.930648
>> VLA-Cache inference mode
Current CUDA latency: 116.081856 ms | Average CUDA latency: 183.809412 ms, Average TFLOPs: 2.930652
>> VLA-Cache inference mode
Current CUDA latency: 190.086304 ms | Average CUDA latency: 183.814160 ms, Average TFLOPs: 2.930550
>> VLA-Cache inference mode
Current CUDA latency: 104.362686 ms | Average CUDA latency: 183.754106 ms, Average TFLOPs: 2.930435
>> VLA-Cache inference mode
Current CUDA latency: 113.484703 ms | Average CUDA latency: 183.701033 ms, Average TFLOPs: 2.930360
>> VLA-Cache inference mode
Current CUDA latency: 271.461517 ms | Average CUDA latency: 183.767267 ms, Average TFLOPs: 2.930277
>> VLA-Cache inference mode
Current CUDA latency: 277.425049 ms | Average CUDA latency: 183.837899 ms, Average TFLOPs: 2.930155
>> VLA-Cache inference mode
Current CUDA latency: 120.591522 ms | Average CUDA latency: 183.790238 ms, Average TFLOPs: 2.930060
>> VLA-Cache inference mode
Current CUDA latency: 199.399033 ms | Average CUDA latency: 183.801991 ms, Average TFLOPs: 2.930009
>> VLA-Cache inference mode
Current CUDA latency: 110.037788 ms | Average CUDA latency: 183.746488 ms, Average TFLOPs: 2.929968
>> VLA-Cache inference mode
Current CUDA latency: 163.979996 ms | Average CUDA latency: 183.731626 ms, Average TFLOPs: 2.929925
Average time per step: 571.3777 ms, Control Frequency: 14.00 Hz, Token Reusing Ratio (Primary): 35.15 %, , Token Reusing Ratio (Wrist): 35.20 %
Saved rollout MP4 at path ./rollouts/2026_04_07/primary--2026_04_07-18_57_52--episode=80--success=True--task=open_the_top_drawer_and_put_the_bowl_inside.mp4
Saved rollout MP4 at path ./rollouts/2026_04_07/wrist--2026_04_07-18_57_52--episode=80--success=True--task=open_the_top_drawer_and_put_the_bowl_inside.mp4
04/07 [20:49:00] INFO     | >> Success: True              run_libero_eval.py:230
                 INFO     | >> # episodes completed so    run_libero_eval.py:230
                          far: 80                                               
                 INFO     | >> # successes: 75 (93.8%)    run_libero_eval.py:230

100%|██████████| 20/20 [41:57<00:00, 128.60s/it][A100%|██████████| 20/20 [41:57<00:00, 125.85s/it]
                 INFO     | >> Current task success rate: run_libero_eval.py:230
                          0.85                                                  
                 INFO     | >> Current total success      run_libero_eval.py:230
                          rate: 0.9375                                          
 40%|████      | 4/10 [1:50:52<3:01:10, 1811.79s/it][Warning]: datasets path /root/sj-tmp/workspace/LIBERO/libero/libero/../datasets does not exist!
                 INFO     | >> Using default initial      run_libero_eval.py:230
                          states                                                
[Warning]: datasets path /root/sj-tmp/workspace/LIBERO/libero/libero/../datasets does not exist!

  0%|          | 0/20 [00:00<?, ?it/s][A04/07 [20:49:02] INFO     | >>                            run_libero_eval.py:230
                          Task: put the bowl on top of                          
                          the cabinet                                           
                 INFO     | >> Starting episode 1...      run_libero_eval.py:230
huggingface/tokenizers: The current process just got forked, after parallelism has already been used. Disabling parallelism to avoid deadlocks...
To disable this warning, you can either:
	- Avoid using `tokenizers` before the fork if possible
	- Explicitly set the environment variable TOKENIZERS_PARALLELISM=(true | false)
huggingface/tokenizers: The current process just got forked, after parallelism has already been used. Disabling parallelism to avoid deadlocks...
To disable this warning, you can either:
	- Avoid using `tokenizers` before the fork if possible
	- Explicitly set the environment variable TOKENIZERS_PARALLELISM=(true | false)
>> VLA-Cache inference mode
Current CUDA latency: 324.241760 ms | Average CUDA latency: 183.837193 ms, Average TFLOPs: 2.930498
>> VLA-Cache inference mode
Current CUDA latency: 232.628250 ms | Average CUDA latency: 183.873823 ms, Average TFLOPs: 2.930516
>> VLA-Cache inference mode
Current CUDA latency: 111.480286 ms | Average CUDA latency: 183.819514 ms, Average TFLOPs: 2.930542
>> VLA-Cache inference mode
Current CUDA latency: 112.356384 ms | Average CUDA latency: 183.765944 ms, Average TFLOPs: 2.930575
>> VLA-Cache inference mode
Current CUDA latency: 117.722755 ms | Average CUDA latency: 183.716473 ms, Average TFLOPs: 2.930551
>> VLA-Cache inference mode
Current CUDA latency: 104.393219 ms | Average CUDA latency: 183.657099 ms, Average TFLOPs: 2.930493
>> VLA-Cache inference mode
Current CUDA latency: 114.430878 ms | Average CUDA latency: 183.605322 ms, Average TFLOPs: 2.930394
>> VLA-Cache inference mode
Current CUDA latency: 108.398781 ms | Average CUDA latency: 183.549114 ms, Average TFLOPs: 2.930286
>> VLA-Cache inference mode
Current CUDA latency: 171.588730 ms | Average CUDA latency: 183.540182 ms, Average TFLOPs: 2.930204
>> VLA-Cache inference mode
Current CUDA latency: 222.080612 ms | Average CUDA latency: 183.568943 ms, Average TFLOPs: 2.930136
>> VLA-Cache inference mode
Current CUDA latency: 143.230972 ms | Average CUDA latency: 183.538863 ms, Average TFLOPs: 2.930067
Average time per step: 545.1443 ms, Control Frequency: 14.68 Hz, Token Reusing Ratio (Primary): 32.03 %, , Token Reusing Ratio (Wrist): 33.10 %
Saved rollout MP4 at path ./rollouts/2026_04_07/primary--2026_04_07-18_57_52--episode=81--success=True--task=put_the_bowl_on_top_of_the_cabinet.mp4
Saved rollout MP4 at path ./rollouts/2026_04_07/wrist--2026_04_07-18_57_52--episode=81--success=True--task=put_the_bowl_on_top_of_the_cabinet.mp4
04/07 [20:50:00] INFO     | >> Success: True              run_libero_eval.py:230
                 INFO     | >> # episodes completed so    run_libero_eval.py:230
                          far: 81                                               
                 INFO     | >> # successes: 76 (93.8%)    run_libero_eval.py:230

  5%|▌         | 1/20 [00:58<18:30, 58.44s/it][A                 INFO     | >>                            run_libero_eval.py:230
                          Task: put the bowl on top of                          
                          the cabinet                                           
                 INFO     | >> Starting episode 2...      run_libero_eval.py:230
huggingface/tokenizers: The current process just got forked, after parallelism has already been used. Disabling parallelism to avoid deadlocks...
To disable this warning, you can either:
	- Avoid using `tokenizers` before the fork if possible
	- Explicitly set the environment variable TOKENIZERS_PARALLELISM=(true | false)
huggingface/tokenizers: The current process just got forked, after parallelism has already been used. Disabling parallelism to avoid deadlocks...
To disable this warning, you can either:
	- Avoid using `tokenizers` before the fork if possible
	- Explicitly set the environment variable TOKENIZERS_PARALLELISM=(true | false)
>> VLA-Cache inference mode
Current CUDA latency: 320.597412 ms | Average CUDA latency: 183.640993 ms, Average TFLOPs: 2.930635
>> VLA-Cache inference mode
Current CUDA latency: 284.689789 ms | Average CUDA latency: 183.716234 ms, Average TFLOPs: 2.930695
>> VLA-Cache inference mode
Current CUDA latency: 140.409760 ms | Average CUDA latency: 183.684012 ms, Average TFLOPs: 2.930736
>> VLA-Cache inference mode
Current CUDA latency: 437.753235 ms | Average CUDA latency: 183.872911 ms, Average TFLOPs: 2.930743
>> VLA-Cache inference mode
Current CUDA latency: 127.265854 ms | Average CUDA latency: 183.830855 ms, Average TFLOPs: 2.930725
>> VLA-Cache inference mode
Current CUDA latency: 118.294205 ms | Average CUDA latency: 183.782201 ms, Average TFLOPs: 2.930635
>> VLA-Cache inference mode
Current CUDA latency: 136.968063 ms | Average CUDA latency: 183.747473 ms, Average TFLOPs: 2.930546
>> VLA-Cache inference mode
Current CUDA latency: 239.906174 ms | Average CUDA latency: 183.789103 ms, Average TFLOPs: 2.930473
>> VLA-Cache inference mode
Current CUDA latency: 140.986938 ms | Average CUDA latency: 183.757397 ms, Average TFLOPs: 2.930398
>> VLA-Cache inference mode
Current CUDA latency: 103.952354 ms | Average CUDA latency: 183.698326 ms, Average TFLOPs: 2.930335
>> VLA-Cache inference mode
Current CUDA latency: 167.918777 ms | Average CUDA latency: 183.686655 ms, Average TFLOPs: 2.930242
Average time per step: 609.7775 ms, Control Frequency: 13.12 Hz, Token Reusing Ratio (Primary): 32.19 %, , Token Reusing Ratio (Wrist): 32.32 %
Saved rollout MP4 at path ./rollouts/2026_04_07/primary--2026_04_07-18_57_52--episode=82--success=True--task=put_the_bowl_on_top_of_the_cabinet.mp4
Saved rollout MP4 at path ./rollouts/2026_04_07/wrist--2026_04_07-18_57_52--episode=82--success=True--task=put_the_bowl_on_top_of_the_cabinet.mp4
04/07 [20:51:04] INFO     | >> Success: True              run_libero_eval.py:230
                 INFO     | >> # episodes completed so    run_libero_eval.py:230
                          far: 82                                               
                 INFO     | >> # successes: 77 (93.9%)    run_libero_eval.py:230

 10%|█         | 2/20 [02:02<18:29, 61.64s/it][A                 INFO     | >>                            run_libero_eval.py:230
                          Task: put the bowl on top of                          
                          the cabinet                                           
                 INFO     | >> Starting episode 3...      run_libero_eval.py:230
huggingface/tokenizers: The current process just got forked, after parallelism has already been used. Disabling parallelism to avoid deadlocks...
To disable this warning, you can either:
	- Avoid using `tokenizers` before the fork if possible
	- Explicitly set the environment variable TOKENIZERS_PARALLELISM=(true | false)
huggingface/tokenizers: The current process just got forked, after parallelism has already been used. Disabling parallelism to avoid deadlocks...
To disable this warning, you can either:
	- Avoid using `tokenizers` before the fork if possible
	- Explicitly set the environment variable TOKENIZERS_PARALLELISM=(true | false)
>> VLA-Cache inference mode
Current CUDA latency: 432.465027 ms | Average CUDA latency: 183.870527 ms, Average TFLOPs: 2.930806
>> VLA-Cache inference mode
Current CUDA latency: 287.813873 ms | Average CUDA latency: 183.947294 ms, Average TFLOPs: 2.930848
>> VLA-Cache inference mode
Current CUDA latency: 133.028381 ms | Average CUDA latency: 183.909716 ms, Average TFLOPs: 2.930827
>> VLA-Cache inference mode
Current CUDA latency: 112.592194 ms | Average CUDA latency: 183.857122 ms, Average TFLOPs: 2.930854
>> VLA-Cache inference mode
Current CUDA latency: 115.664513 ms | Average CUDA latency: 183.806869 ms, Average TFLOPs: 2.930848
>> VLA-Cache inference mode
Current CUDA latency: 124.349251 ms | Average CUDA latency: 183.763086 ms, Average TFLOPs: 2.930755
>> VLA-Cache inference mode
Current CUDA latency: 145.212540 ms | Average CUDA latency: 183.734719 ms, Average TFLOPs: 2.930635
>> VLA-Cache inference mode
Current CUDA latency: 243.028763 ms | Average CUDA latency: 183.778318 ms, Average TFLOPs: 2.930516
>> VLA-Cache inference mode
Current CUDA latency: 148.620926 ms | Average CUDA latency: 183.752486 ms, Average TFLOPs: 2.930402
>> VLA-Cache inference mode
Current CUDA latency: 119.266365 ms | Average CUDA latency: 183.705139 ms, Average TFLOPs: 2.930289
>> VLA-Cache inference mode
Current CUDA latency: 121.885597 ms | Average CUDA latency: 183.659783 ms, Average TFLOPs: 2.930192
Average time per step: 603.3176 ms, Control Frequency: 13.26 Hz, Token Reusing Ratio (Primary): 32.37 %, , Token Reusing Ratio (Wrist): 32.63 %
Saved rollout MP4 at path ./rollouts/2026_04_07/primary--2026_04_07-18_57_52--episode=83--success=True--task=put_the_bowl_on_top_of_the_cabinet.mp4
Saved rollout MP4 at path ./rollouts/2026_04_07/wrist--2026_04_07-18_57_52--episode=83--success=True--task=put_the_bowl_on_top_of_the_cabinet.mp4
04/07 [20:52:02] INFO     | >> Success: True              run_libero_eval.py:230
                 INFO     | >> # episodes completed so    run_libero_eval.py:230
                          far: 83                                               
                 INFO     | >> # successes: 78 (94.0%)    run_libero_eval.py:230

 15%|█▌        | 3/20 [02:59<16:55, 59.74s/it][A                 INFO     | >>                            run_libero_eval.py:230
                          Task: put the bowl on top of                          
                          the cabinet                                           
                 INFO     | >> Starting episode 4...      run_libero_eval.py:230
huggingface/tokenizers: The current process just got forked, after parallelism has already been used. Disabling parallelism to avoid deadlocks...
To disable this warning, you can either:
	- Avoid using `tokenizers` before the fork if possible
	- Explicitly set the environment variable TOKENIZERS_PARALLELISM=(true | false)
huggingface/tokenizers: The current process just got forked, after parallelism has already been used. Disabling parallelism to avoid deadlocks...
To disable this warning, you can either:
	- Avoid using `tokenizers` before the fork if possible
	- Explicitly set the environment variable TOKENIZERS_PARALLELISM=(true | false)
>> VLA-Cache inference mode
Current CUDA latency: 325.804749 ms | Average CUDA latency: 183.763995 ms, Average TFLOPs: 2.930751
>> VLA-Cache inference mode
Current CUDA latency: 336.026093 ms | Average CUDA latency: 183.875543 ms, Average TFLOPs: 2.930793
>> VLA-Cache inference mode
Current CUDA latency: 205.704636 ms | Average CUDA latency: 183.891523 ms, Average TFLOPs: 2.930805
>> VLA-Cache inference mode
Current CUDA latency: 156.769089 ms | Average CUDA latency: 183.871682 ms, Average TFLOPs: 2.930846
>> VLA-Cache inference mode
Current CUDA latency: 120.913116 ms | Average CUDA latency: 183.825660 ms, Average TFLOPs: 2.930819
>> VLA-Cache inference mode
Current CUDA latency: 105.830208 ms | Average CUDA latency: 183.768687 ms, Average TFLOPs: 2.930760
>> VLA-Cache inference mode
Current CUDA latency: 133.455521 ms | Average CUDA latency: 183.731962 ms, Average TFLOPs: 2.930642
>> VLA-Cache inference mode
Current CUDA latency: 332.257202 ms | Average CUDA latency: 183.840296 ms, Average TFLOPs: 2.930541
>> VLA-Cache inference mode
Current CUDA latency: 159.814148 ms | Average CUDA latency: 183.822784 ms, Average TFLOPs: 2.930451
>> VLA-Cache inference mode
Current CUDA latency: 131.167770 ms | Average CUDA latency: 183.784434 ms, Average TFLOPs: 2.930376
>> VLA-Cache inference mode
Current CUDA latency: 118.112511 ms | Average CUDA latency: 183.736637 ms, Average TFLOPs: 2.930297
Average time per step: 608.5380 ms, Control Frequency: 13.15 Hz, Token Reusing Ratio (Primary): 32.25 %, , Token Reusing Ratio (Wrist): 32.68 %
Saved rollout MP4 at path ./rollouts/2026_04_07/primary--2026_04_07-18_57_52--episode=84--success=True--task=put_the_bowl_on_top_of_the_cabinet.mp4
Saved rollout MP4 at path ./rollouts/2026_04_07/wrist--2026_04_07-18_57_52--episode=84--success=True--task=put_the_bowl_on_top_of_the_cabinet.mp4
04/07 [20:52:59] INFO     | >> Success: True              run_libero_eval.py:230
                 INFO     | >> # episodes completed so    run_libero_eval.py:230
                          far: 84                                               
                 INFO     | >> # successes: 79 (94.0%)    run_libero_eval.py:230

 20%|██        | 4/20 [03:57<15:43, 58.96s/it][A                 INFO     | >>                            run_libero_eval.py:230
                          Task: put the bowl on top of                          
                          the cabinet                                           
                 INFO     | >> Starting episode 5...      run_libero_eval.py:230
huggingface/tokenizers: The current process just got forked, after parallelism has already been used. Disabling parallelism to avoid deadlocks...
To disable this warning, you can either:
	- Avoid using `tokenizers` before the fork if possible
	- Explicitly set the environment variable TOKENIZERS_PARALLELISM=(true | false)
huggingface/tokenizers: The current process just got forked, after parallelism has already been used. Disabling parallelism to avoid deadlocks...
To disable this warning, you can either:
	- Avoid using `tokenizers` before the fork if possible
	- Explicitly set the environment variable TOKENIZERS_PARALLELISM=(true | false)
>> VLA-Cache inference mode
Current CUDA latency: 340.759338 ms | Average CUDA latency: 183.850836 ms, Average TFLOPs: 2.930851
>> VLA-Cache inference mode
Current CUDA latency: 478.934540 ms | Average CUDA latency: 184.065286 ms, Average TFLOPs: 2.930876
>> VLA-Cache inference mode
Current CUDA latency: 240.587738 ms | Average CUDA latency: 184.106334 ms, Average TFLOPs: 2.930883
>> VLA-Cache inference mode
Current CUDA latency: 117.160515 ms | Average CUDA latency: 184.057752 ms, Average TFLOPs: 2.930904
>> VLA-Cache inference mode
Current CUDA latency: 114.700989 ms | Average CUDA latency: 184.007457 ms, Average TFLOPs: 2.930867
>> VLA-Cache inference mode
Current CUDA latency: 114.090302 ms | Average CUDA latency: 183.956792 ms, Average TFLOPs: 2.930784
>> VLA-Cache inference mode
Current CUDA latency: 114.818367 ms | Average CUDA latency: 183.906728 ms, Average TFLOPs: 2.930659
>> VLA-Cache inference mode
Current CUDA latency: 102.870880 ms | Average CUDA latency: 183.848092 ms, Average TFLOPs: 2.930576
>> VLA-Cache inference mode
Current CUDA latency: 111.398460 ms | Average CUDA latency: 183.795706 ms, Average TFLOPs: 2.930483
>> VLA-Cache inference mode
Current CUDA latency: 273.858673 ms | Average CUDA latency: 183.860780 ms, Average TFLOPs: 2.930394
>> VLA-Cache inference mode
Current CUDA latency: 134.688538 ms | Average CUDA latency: 183.825277 ms, Average TFLOPs: 2.930313
>> VLA-Cache inference mode
Current CUDA latency: 103.862045 ms | Average CUDA latency: 183.767583 ms, Average TFLOPs: 2.930233
Average time per step: 606.4344 ms, Control Frequency: 13.19 Hz, Token Reusing Ratio (Primary): 32.46 %, , Token Reusing Ratio (Wrist): 32.83 %
Saved rollout MP4 at path ./rollouts/2026_04_07/primary--2026_04_07-18_57_52--episode=85--success=True--task=put_the_bowl_on_top_of_the_cabinet.mp4
Saved rollout MP4 at path ./rollouts/2026_04_07/wrist--2026_04_07-18_57_52--episode=85--success=True--task=put_the_bowl_on_top_of_the_cabinet.mp4
04/07 [20:54:02] INFO     | >> Success: True              run_libero_eval.py:230
                 INFO     | >> # episodes completed so    run_libero_eval.py:230
                          far: 85                                               
                 INFO     | >> # successes: 80 (94.1%)    run_libero_eval.py:230

 25%|██▌       | 5/20 [05:00<15:04, 60.30s/it][A                 INFO     | >>                            run_libero_eval.py:230
                          Task: put the bowl on top of                          
                          the cabinet                                           
                 INFO     | >> Starting episode 6...      run_libero_eval.py:230
huggingface/tokenizers: The current process just got forked, after parallelism has already been used. Disabling parallelism to avoid deadlocks...
To disable this warning, you can either:
	- Avoid using `tokenizers` before the fork if possible
	- Explicitly set the environment variable TOKENIZERS_PARALLELISM=(true | false)
huggingface/tokenizers: The current process just got forked, after parallelism has already been used. Disabling parallelism to avoid deadlocks...
To disable this warning, you can either:
	- Avoid using `tokenizers` before the fork if possible
	- Explicitly set the environment variable TOKENIZERS_PARALLELISM=(true | false)
>> VLA-Cache inference mode
Current CUDA latency: 339.761566 ms | Average CUDA latency: 183.880052 ms, Average TFLOPs: 2.930783
>> VLA-Cache inference mode
Current CUDA latency: 257.390442 ms | Average CUDA latency: 183.933013 ms, Average TFLOPs: 2.930828
>> VLA-Cache inference mode
Current CUDA latency: 117.437729 ms | Average CUDA latency: 183.885140 ms, Average TFLOPs: 2.930837
>> VLA-Cache inference mode
Current CUDA latency: 121.355934 ms | Average CUDA latency: 183.840155 ms, Average TFLOPs: 2.930845
>> VLA-Cache inference mode
Current CUDA latency: 283.466003 ms | Average CUDA latency: 183.911777 ms, Average TFLOPs: 2.930849
>> VLA-Cache inference mode
Current CUDA latency: 160.164825 ms | Average CUDA latency: 183.894717 ms, Average TFLOPs: 2.930775
>> VLA-Cache inference mode
Current CUDA latency: 126.864861 ms | Average CUDA latency: 183.853777 ms, Average TFLOPs: 2.930680
>> VLA-Cache inference mode
Current CUDA latency: 117.801216 ms | Average CUDA latency: 183.806394 ms, Average TFLOPs: 2.930546
>> VLA-Cache inference mode
Current CUDA latency: 104.483040 ms | Average CUDA latency: 183.749531 ms, Average TFLOPs: 2.930473
>> VLA-Cache inference mode
Current CUDA latency: 103.886528 ms | Average CUDA latency: 183.692323 ms, Average TFLOPs: 2.930408
Average time per step: 594.8868 ms, Control Frequency: 13.45 Hz, Token Reusing Ratio (Primary): 32.39 %, , Token Reusing Ratio (Wrist): 32.59 %
Saved rollout MP4 at path ./rollouts/2026_04_07/primary--2026_04_07-18_57_52--episode=86--success=True--task=put_the_bowl_on_top_of_the_cabinet.mp4
Saved rollout MP4 at path ./rollouts/2026_04_07/wrist--2026_04_07-18_57_52--episode=86--success=True--task=put_the_bowl_on_top_of_the_cabinet.mp4
04/07 [20:54:56] INFO     | >> Success: True              run_libero_eval.py:230
                 INFO     | >> # episodes completed so    run_libero_eval.py:230
                          far: 86                                               
                 INFO     | >> # successes: 81 (94.2%)    run_libero_eval.py:230

 30%|███       | 6/20 [05:53<13:32, 58.05s/it][A                 INFO     | >>                            run_libero_eval.py:230
                          Task: put the bowl on top of                          
                          the cabinet                                           
                 INFO     | >> Starting episode 7...      run_libero_eval.py:230
huggingface/tokenizers: The current process just got forked, after parallelism has already been used. Disabling parallelism to avoid deadlocks...
To disable this warning, you can either:
	- Avoid using `tokenizers` before the fork if possible
	- Explicitly set the environment variable TOKENIZERS_PARALLELISM=(true | false)
huggingface/tokenizers: The current process just got forked, after parallelism has already been used. Disabling parallelism to avoid deadlocks...
To disable this warning, you can either:
	- Avoid using `tokenizers` before the fork if possible
	- Explicitly set the environment variable TOKENIZERS_PARALLELISM=(true | false)
>> VLA-Cache inference mode
Current CUDA latency: 320.139130 ms | Average CUDA latency: 183.789994 ms, Average TFLOPs: 2.930954
>> VLA-Cache inference mode
Current CUDA latency: 281.730072 ms | Average CUDA latency: 183.860051 ms, Average TFLOPs: 2.930971
>> VLA-Cache inference mode
Current CUDA latency: 250.943390 ms | Average CUDA latency: 183.908002 ms, Average TFLOPs: 2.930990
>> VLA-Cache inference mode
Current CUDA latency: 183.661087 ms | Average CUDA latency: 183.907826 ms, Average TFLOPs: 2.930992
>> VLA-Cache inference mode
Current CUDA latency: 119.353699 ms | Average CUDA latency: 183.861749 ms, Average TFLOPs: 2.930953
>> VLA-Cache inference mode
Current CUDA latency: 112.714462 ms | Average CUDA latency: 183.811002 ms, Average TFLOPs: 2.930915
>> VLA-Cache inference mode
Current CUDA latency: 125.919968 ms | Average CUDA latency: 183.769739 ms, Average TFLOPs: 2.930836
>> VLA-Cache inference mode
Current CUDA latency: 109.351074 ms | Average CUDA latency: 183.716735 ms, Average TFLOPs: 2.930753
>> VLA-Cache inference mode
Current CUDA latency: 227.096130 ms | Average CUDA latency: 183.747610 ms, Average TFLOPs: 2.930644
>> VLA-Cache inference mode
Current CUDA latency: 186.539398 ms | Average CUDA latency: 183.749595 ms, Average TFLOPs: 2.930559
>> VLA-Cache inference mode
Current CUDA latency: 153.509659 ms | Average CUDA latency: 183.728103 ms, Average TFLOPs: 2.930520
Average time per step: 600.0900 ms, Control Frequency: 13.33 Hz, Token Reusing Ratio (Primary): 32.36 %, , Token Reusing Ratio (Wrist): 32.56 %
Saved rollout MP4 at path ./rollouts/2026_04_07/primary--2026_04_07-18_57_52--episode=87--success=True--task=put_the_bowl_on_top_of_the_cabinet.mp4
Saved rollout MP4 at path ./rollouts/2026_04_07/wrist--2026_04_07-18_57_52--episode=87--success=True--task=put_the_bowl_on_top_of_the_cabinet.mp4
04/07 [20:55:58] INFO     | >> Success: True              run_libero_eval.py:230
                 INFO     | >> # episodes completed so    run_libero_eval.py:230
                          far: 87                                               
                 INFO     | >> # successes: 82 (94.3%)    run_libero_eval.py:230

 35%|███▌      | 7/20 [06:56<12:53, 59.52s/it][A                 INFO     | >>                            run_libero_eval.py:230
                          Task: put the bowl on top of                          
                          the cabinet                                           
                 INFO     | >> Starting episode 8...      run_libero_eval.py:230
huggingface/tokenizers: The current process just got forked, after parallelism has already been used. Disabling parallelism to avoid deadlocks...
To disable this warning, you can either:
	- Avoid using `tokenizers` before the fork if possible
	- Explicitly set the environment variable TOKENIZERS_PARALLELISM=(true | false)
huggingface/tokenizers: The current process just got forked, after parallelism has already been used. Disabling parallelism to avoid deadlocks...
To disable this warning, you can either:
	- Avoid using `tokenizers` before the fork if possible
	- Explicitly set the environment variable TOKENIZERS_PARALLELISM=(true | false)
>> VLA-Cache inference mode
Current CUDA latency: 332.377380 ms | Average CUDA latency: 183.833677 ms, Average TFLOPs: 2.931062
>> VLA-Cache inference mode
Current CUDA latency: 434.980316 ms | Average CUDA latency: 184.011922 ms, Average TFLOPs: 2.931090
>> VLA-Cache inference mode
Current CUDA latency: 179.724350 ms | Average CUDA latency: 184.008881 ms, Average TFLOPs: 2.931090
>> VLA-Cache inference mode
Current CUDA latency: 127.354813 ms | Average CUDA latency: 183.968730 ms, Average TFLOPs: 2.931092
>> VLA-Cache inference mode
Current CUDA latency: 116.598045 ms | Average CUDA latency: 183.921017 ms, Average TFLOPs: 2.931058
>> VLA-Cache inference mode
Current CUDA latency: 122.520287 ms | Average CUDA latency: 183.877562 ms, Average TFLOPs: 2.930992
>> VLA-Cache inference mode
Current CUDA latency: 127.084862 ms | Average CUDA latency: 183.837398 ms, Average TFLOPs: 2.930866
>> VLA-Cache inference mode
Current CUDA latency: 104.895363 ms | Average CUDA latency: 183.781608 ms, Average TFLOPs: 2.930710
>> VLA-Cache inference mode
Current CUDA latency: 246.879166 ms | Average CUDA latency: 183.826169 ms, Average TFLOPs: 2.930603
>> VLA-Cache inference mode
Current CUDA latency: 171.497345 ms | Average CUDA latency: 183.817468 ms, Average TFLOPs: 2.930510
>> VLA-Cache inference mode
Current CUDA latency: 103.502144 ms | Average CUDA latency: 183.760828 ms, Average TFLOPs: 2.930433
Average time per step: 602.6480 ms, Control Frequency: 13.27 Hz, Token Reusing Ratio (Primary): 32.52 %, , Token Reusing Ratio (Wrist): 32.61 %
Saved rollout MP4 at path ./rollouts/2026_04_07/primary--2026_04_07-18_57_52--episode=88--success=True--task=put_the_bowl_on_top_of_the_cabinet.mp4
Saved rollout MP4 at path ./rollouts/2026_04_07/wrist--2026_04_07-18_57_52--episode=88--success=True--task=put_the_bowl_on_top_of_the_cabinet.mp4
04/07 [20:57:00] INFO     | >> Success: True              run_libero_eval.py:230
                 INFO     | >> # episodes completed so    run_libero_eval.py:230
                          far: 88                                               
                 INFO     | >> # successes: 83 (94.3%)    run_libero_eval.py:230

 40%|████      | 8/20 [07:57<12:01, 60.15s/it][A                 INFO     | >>                            run_libero_eval.py:230
                          Task: put the bowl on top of                          
                          the cabinet                                           
                 INFO     | >> Starting episode 9...      run_libero_eval.py:230
huggingface/tokenizers: The current process just got forked, after parallelism has already been used. Disabling parallelism to avoid deadlocks...
To disable this warning, you can either:
	- Avoid using `tokenizers` before the fork if possible
	- Explicitly set the environment variable TOKENIZERS_PARALLELISM=(true | false)
huggingface/tokenizers: The current process just got forked, after parallelism has already been used. Disabling parallelism to avoid deadlocks...
To disable this warning, you can either:
	- Avoid using `tokenizers` before the fork if possible
	- Explicitly set the environment variable TOKENIZERS_PARALLELISM=(true | false)
>> VLA-Cache inference mode
Current CUDA latency: 310.827179 ms | Average CUDA latency: 183.850375 ms, Average TFLOPs: 2.930971
>> VLA-Cache inference mode
Current CUDA latency: 245.986053 ms | Average CUDA latency: 183.894132 ms, Average TFLOPs: 2.930994
>> VLA-Cache inference mode
Current CUDA latency: 140.357956 ms | Average CUDA latency: 183.863495 ms, Average TFLOPs: 2.930998
>> VLA-Cache inference mode
Current CUDA latency: 170.355423 ms | Average CUDA latency: 183.853995 ms, Average TFLOPs: 2.930986
>> VLA-Cache inference mode
Current CUDA latency: 137.524414 ms | Average CUDA latency: 183.821438 ms, Average TFLOPs: 2.930974
>> VLA-Cache inference mode
Current CUDA latency: 131.465698 ms | Average CUDA latency: 183.784671 ms, Average TFLOPs: 2.930898
>> VLA-Cache inference mode
Current CUDA latency: 114.267906 ms | Average CUDA latency: 183.735887 ms, Average TFLOPs: 2.930790
>> VLA-Cache inference mode
Current CUDA latency: 110.758530 ms | Average CUDA latency: 183.684711 ms, Average TFLOPs: 2.930703
>> VLA-Cache inference mode
Current CUDA latency: 106.974876 ms | Average CUDA latency: 183.630955 ms, Average TFLOPs: 2.930620
>> VLA-Cache inference mode
Current CUDA latency: 126.284576 ms | Average CUDA latency: 183.590796 ms, Average TFLOPs: 2.930566
>> VLA-Cache inference mode
Current CUDA latency: 300.883759 ms | Average CUDA latency: 183.672877 ms, Average TFLOPs: 2.930515
Average time per step: 609.0513 ms, Control Frequency: 13.14 Hz, Token Reusing Ratio (Primary): 32.55 %, , Token Reusing Ratio (Wrist): 32.54 %
Saved rollout MP4 at path ./rollouts/2026_04_07/primary--2026_04_07-18_57_52--episode=89--success=True--task=put_the_bowl_on_top_of_the_cabinet.mp4
Saved rollout MP4 at path ./rollouts/2026_04_07/wrist--2026_04_07-18_57_52--episode=89--success=True--task=put_the_bowl_on_top_of_the_cabinet.mp4
04/07 [20:57:56] INFO     | >> Success: True              run_libero_eval.py:230
                 INFO     | >> # episodes completed so    run_libero_eval.py:230
                          far: 89                                               
                 INFO     | >> # successes: 84 (94.4%)    run_libero_eval.py:230

 45%|████▌     | 9/20 [08:54<10:49, 59.07s/it][A                 INFO     | >>                            run_libero_eval.py:230
                          Task: put the bowl on top of                          
                          the cabinet                                           
                 INFO     | >> Starting episode 10...     run_libero_eval.py:230
huggingface/tokenizers: The current process just got forked, after parallelism has already been used. Disabling parallelism to avoid deadlocks...
To disable this warning, you can either:
	- Avoid using `tokenizers` before the fork if possible
	- Explicitly set the environment variable TOKENIZERS_PARALLELISM=(true | false)
huggingface/tokenizers: The current process just got forked, after parallelism has already been used. Disabling parallelism to avoid deadlocks...
To disable this warning, you can either:
	- Avoid using `tokenizers` before the fork if possible
	- Explicitly set the environment variable TOKENIZERS_PARALLELISM=(true | false)
>> VLA-Cache inference mode
Current CUDA latency: 352.925293 ms | Average CUDA latency: 183.791235 ms, Average TFLOPs: 2.931048
>> VLA-Cache inference mode
Current CUDA latency: 310.795288 ms | Average CUDA latency: 183.879987 ms, Average TFLOPs: 2.931076
>> VLA-Cache inference mode
Current CUDA latency: 119.731873 ms | Average CUDA latency: 183.835191 ms, Average TFLOPs: 2.931096
>> VLA-Cache inference mode
Current CUDA latency: 110.279907 ms | Average CUDA latency: 183.783861 ms, Average TFLOPs: 2.931104
>> VLA-Cache inference mode
Current CUDA latency: 163.054016 ms | Average CUDA latency: 183.769405 ms, Average TFLOPs: 2.931068
>> VLA-Cache inference mode
Current CUDA latency: 213.178589 ms | Average CUDA latency: 183.789900 ms, Average TFLOPs: 2.930989
>> VLA-Cache inference mode
Current CUDA latency: 146.913345 ms | Average CUDA latency: 183.764220 ms, Average TFLOPs: 2.930865
>> VLA-Cache inference mode
Current CUDA latency: 108.779297 ms | Average CUDA latency: 183.712038 ms, Average TFLOPs: 2.930752
>> VLA-Cache inference mode
Current CUDA latency: 141.973602 ms | Average CUDA latency: 183.683013 ms, Average TFLOPs: 2.930644
>> VLA-Cache inference mode
Current CUDA latency: 112.442467 ms | Average CUDA latency: 183.633506 ms, Average TFLOPs: 2.930567
>> VLA-Cache inference mode
Current CUDA latency: 330.272614 ms | Average CUDA latency: 183.735338 ms, Average TFLOPs: 2.930488
>> VLA-Cache inference mode
Current CUDA latency: 429.192139 ms | Average CUDA latency: 183.905676 ms, Average TFLOPs: 2.930416
Average time per step: 618.0590 ms, Control Frequency: 12.94 Hz, Token Reusing Ratio (Primary): 32.72 %, , Token Reusing Ratio (Wrist): 32.56 %
Saved rollout MP4 at path ./rollouts/2026_04_07/primary--2026_04_07-18_57_52--episode=90--success=True--task=put_the_bowl_on_top_of_the_cabinet.mp4
Saved rollout MP4 at path ./rollouts/2026_04_07/wrist--2026_04_07-18_57_52--episode=90--success=True--task=put_the_bowl_on_top_of_the_cabinet.mp4
04/07 [20:59:05] INFO     | >> Success: True              run_libero_eval.py:230
                 INFO     | >> # episodes completed so    run_libero_eval.py:230
                          far: 90                                               
                 INFO     | >> # successes: 85 (94.4%)    run_libero_eval.py:230

 50%|█████     | 10/20 [10:03<10:19, 62.00s/it][A                 INFO     | >>                            run_libero_eval.py:230
                          Task: put the bowl on top of                          
                          the cabinet                                           
                 INFO     | >> Starting episode 11...     run_libero_eval.py:230
huggingface/tokenizers: The current process just got forked, after parallelism has already been used. Disabling parallelism to avoid deadlocks...
To disable this warning, you can either:
	- Avoid using `tokenizers` before the fork if possible
	- Explicitly set the environment variable TOKENIZERS_PARALLELISM=(true | false)
huggingface/tokenizers: The current process just got forked, after parallelism has already been used. Disabling parallelism to avoid deadlocks...
To disable this warning, you can either:
	- Avoid using `tokenizers` before the fork if possible
	- Explicitly set the environment variable TOKENIZERS_PARALLELISM=(true | false)
>> VLA-Cache inference mode
Current CUDA latency: 328.714142 ms | Average CUDA latency: 184.006098 ms, Average TFLOPs: 2.930945
>> VLA-Cache inference mode
Current CUDA latency: 276.260773 ms | Average CUDA latency: 184.070031 ms, Average TFLOPs: 2.930964
>> VLA-Cache inference mode
Current CUDA latency: 115.242172 ms | Average CUDA latency: 184.022366 ms, Average TFLOPs: 2.930983
>> VLA-Cache inference mode
Current CUDA latency: 141.512512 ms | Average CUDA latency: 183.992947 ms, Average TFLOPs: 2.930981
>> VLA-Cache inference mode
Current CUDA latency: 258.609375 ms | Average CUDA latency: 184.044549 ms, Average TFLOPs: 2.930964
>> VLA-Cache inference mode
Current CUDA latency: 276.253448 ms | Average CUDA latency: 184.108274 ms, Average TFLOPs: 2.930891
>> VLA-Cache inference mode
Current CUDA latency: 115.324898 ms | Average CUDA latency: 184.060771 ms, Average TFLOPs: 2.930782
>> VLA-Cache inference mode
Current CUDA latency: 114.683556 ms | Average CUDA latency: 184.012892 ms, Average TFLOPs: 2.930699
>> VLA-Cache inference mode
Current CUDA latency: 185.040222 ms | Average CUDA latency: 184.013600 ms, Average TFLOPs: 2.930622
>> VLA-Cache inference mode
Current CUDA latency: 132.928986 ms | Average CUDA latency: 183.978394 ms, Average TFLOPs: 2.930558
>> VLA-Cache inference mode
Current CUDA latency: 108.249664 ms | Average CUDA latency: 183.926239 ms, Average TFLOPs: 2.930507
>> VLA-Cache inference mode
Current CUDA latency: 104.330048 ms | Average CUDA latency: 183.871458 ms, Average TFLOPs: 2.930454
Average time per step: 616.7927 ms, Control Frequency: 12.97 Hz, Token Reusing Ratio (Primary): 32.70 %, , Token Reusing Ratio (Wrist): 32.61 %
Saved rollout MP4 at path ./rollouts/2026_04_07/primary--2026_04_07-18_57_52--episode=91--success=True--task=put_the_bowl_on_top_of_the_cabinet.mp4
Saved rollout MP4 at path ./rollouts/2026_04_07/wrist--2026_04_07-18_57_52--episode=91--success=True--task=put_the_bowl_on_top_of_the_cabinet.mp4
04/07 [21:00:06] INFO     | >> Success: True              run_libero_eval.py:230
                 INFO     | >> # episodes completed so    run_libero_eval.py:230
                          far: 91                                               
                 INFO     | >> # successes: 86 (94.5%)    run_libero_eval.py:230

 55%|█████▌    | 11/20 [11:04<09:15, 61.71s/it][A                 INFO     | >>                            run_libero_eval.py:230
                          Task: put the bowl on top of                          
                          the cabinet                                           
                 INFO     | >> Starting episode 12...     run_libero_eval.py:230
huggingface/tokenizers: The current process just got forked, after parallelism has already been used. Disabling parallelism to avoid deadlocks...
To disable this warning, you can either:
	- Avoid using `tokenizers` before the fork if possible
	- Explicitly set the environment variable TOKENIZERS_PARALLELISM=(true | false)
huggingface/tokenizers: The current process just got forked, after parallelism has already been used. Disabling parallelism to avoid deadlocks...
To disable this warning, you can either:
	- Avoid using `tokenizers` before the fork if possible
	- Explicitly set the environment variable TOKENIZERS_PARALLELISM=(true | false)
>> VLA-Cache inference mode
Current CUDA latency: 412.709473 ms | Average CUDA latency: 184.028844 ms, Average TFLOPs: 2.930978
>> VLA-Cache inference mode
Current CUDA latency: 240.856705 ms | Average CUDA latency: 184.067901 ms, Average TFLOPs: 2.931025
>> VLA-Cache inference mode
Current CUDA latency: 194.294586 ms | Average CUDA latency: 184.074924 ms, Average TFLOPs: 2.931055
>> VLA-Cache inference mode
Current CUDA latency: 220.826920 ms | Average CUDA latency: 184.100149 ms, Average TFLOPs: 2.931074
>> VLA-Cache inference mode
Current CUDA latency: 161.792511 ms | Average CUDA latency: 184.084849 ms, Average TFLOPs: 2.931006
>> VLA-Cache inference mode
Current CUDA latency: 133.253860 ms | Average CUDA latency: 184.050009 ms, Average TFLOPs: 2.930912
>> VLA-Cache inference mode
Current CUDA latency: 106.772705 ms | Average CUDA latency: 183.997079 ms, Average TFLOPs: 2.930827
>> VLA-Cache inference mode
Current CUDA latency: 102.821472 ms | Average CUDA latency: 183.941518 ms, Average TFLOPs: 2.930736
>> VLA-Cache inference mode
Current CUDA latency: 140.124451 ms | Average CUDA latency: 183.911547 ms, Average TFLOPs: 2.930657
>> VLA-Cache inference mode
Current CUDA latency: 382.297119 ms | Average CUDA latency: 184.047149 ms, Average TFLOPs: 2.930579
>> VLA-Cache inference mode
Current CUDA latency: 145.671936 ms | Average CUDA latency: 184.020936 ms, Average TFLOPs: 2.930494
Average time per step: 619.5244 ms, Control Frequency: 12.91 Hz, Token Reusing Ratio (Primary): 32.73 %, , Token Reusing Ratio (Wrist): 32.60 %
Saved rollout MP4 at path ./rollouts/2026_04_07/primary--2026_04_07-18_57_52--episode=92--success=True--task=put_the_bowl_on_top_of_the_cabinet.mp4
Saved rollout MP4 at path ./rollouts/2026_04_07/wrist--2026_04_07-18_57_52--episode=92--success=True--task=put_the_bowl_on_top_of_the_cabinet.mp4
04/07 [21:01:05] INFO     | >> Success: True              run_libero_eval.py:230
                 INFO     | >> # episodes completed so    run_libero_eval.py:230
                          far: 92                                               
                 INFO     | >> # successes: 87 (94.6%)    run_libero_eval.py:230

 60%|██████    | 12/20 [12:02<08:05, 60.73s/it][A                 INFO     | >>                            run_libero_eval.py:230
                          Task: put the bowl on top of                          
                          the cabinet                                           
                 INFO     | >> Starting episode 13...     run_libero_eval.py:230
huggingface/tokenizers: The current process just got forked, after parallelism has already been used. Disabling parallelism to avoid deadlocks...
To disable this warning, you can either:
	- Avoid using `tokenizers` before the fork if possible
	- Explicitly set the environment variable TOKENIZERS_PARALLELISM=(true | false)
huggingface/tokenizers: The current process just got forked, after parallelism has already been used. Disabling parallelism to avoid deadlocks...
To disable this warning, you can either:
	- Avoid using `tokenizers` before the fork if possible
	- Explicitly set the environment variable TOKENIZERS_PARALLELISM=(true | false)
>> VLA-Cache inference mode
Current CUDA latency: 337.861603 ms | Average CUDA latency: 184.125947 ms, Average TFLOPs: 2.931014
>> VLA-Cache inference mode
Current CUDA latency: 254.646561 ms | Average CUDA latency: 184.174051 ms, Average TFLOPs: 2.931064
>> VLA-Cache inference mode
Current CUDA latency: 120.314880 ms | Average CUDA latency: 184.130521 ms, Average TFLOPs: 2.931079
>> VLA-Cache inference mode
Current CUDA latency: 120.658562 ms | Average CUDA latency: 184.087284 ms, Average TFLOPs: 2.931092
>> VLA-Cache inference mode
Current CUDA latency: 167.584351 ms | Average CUDA latency: 184.076050 ms, Average TFLOPs: 2.931067
>> VLA-Cache inference mode
Current CUDA latency: 178.648575 ms | Average CUDA latency: 184.072357 ms, Average TFLOPs: 2.930979
>> VLA-Cache inference mode
Current CUDA latency: 140.033188 ms | Average CUDA latency: 184.042419 ms, Average TFLOPs: 2.930865
>> VLA-Cache inference mode
Current CUDA latency: 124.004829 ms | Average CUDA latency: 184.001633 ms, Average TFLOPs: 2.930758
>> VLA-Cache inference mode
Current CUDA latency: 115.751678 ms | Average CUDA latency: 183.955299 ms, Average TFLOPs: 2.930682
>> VLA-Cache inference mode
Current CUDA latency: 104.706558 ms | Average CUDA latency: 183.901534 ms, Average TFLOPs: 2.930589
>> VLA-Cache inference mode
Current CUDA latency: 102.984032 ms | Average CUDA latency: 183.846675 ms, Average TFLOPs: 2.930503
Average time per step: 614.3665 ms, Control Frequency: 13.02 Hz, Token Reusing Ratio (Primary): 32.73 %, , Token Reusing Ratio (Wrist): 32.61 %
Saved rollout MP4 at path ./rollouts/2026_04_07/primary--2026_04_07-18_57_52--episode=93--success=True--task=put_the_bowl_on_top_of_the_cabinet.mp4
Saved rollout MP4 at path ./rollouts/2026_04_07/wrist--2026_04_07-18_57_52--episode=93--success=True--task=put_the_bowl_on_top_of_the_cabinet.mp4
04/07 [21:01:57] INFO     | >> Success: True              run_libero_eval.py:230
                 INFO     | >> # episodes completed so    run_libero_eval.py:230
                          far: 93                                               
                 INFO     | >> # successes: 88 (94.6%)    run_libero_eval.py:230

 65%|██████▌   | 13/20 [12:55<06:47, 58.17s/it][A                 INFO     | >>                            run_libero_eval.py:230
                          Task: put the bowl on top of                          
                          the cabinet                                           
                 INFO     | >> Starting episode 14...     run_libero_eval.py:230
huggingface/tokenizers: The current process just got forked, after parallelism has already been used. Disabling parallelism to avoid deadlocks...
To disable this warning, you can either:
	- Avoid using `tokenizers` before the fork if possible
	- Explicitly set the environment variable TOKENIZERS_PARALLELISM=(true | false)
huggingface/tokenizers: The current process just got forked, after parallelism has already been used. Disabling parallelism to avoid deadlocks...
To disable this warning, you can either:
	- Avoid using `tokenizers` before the fork if possible
	- Explicitly set the environment variable TOKENIZERS_PARALLELISM=(true | false)
>> VLA-Cache inference mode
Current CUDA latency: 322.497223 ms | Average CUDA latency: 183.940612 ms, Average TFLOPs: 2.931020
>> VLA-Cache inference mode
Current CUDA latency: 278.389862 ms | Average CUDA latency: 184.004558 ms, Average TFLOPs: 2.931036
>> VLA-Cache inference mode
Current CUDA latency: 166.401215 ms | Average CUDA latency: 183.992648 ms, Average TFLOPs: 2.931050
>> VLA-Cache inference mode
Current CUDA latency: 231.069794 ms | Average CUDA latency: 184.024479 ms, Average TFLOPs: 2.931045
>> VLA-Cache inference mode
Current CUDA latency: 133.723358 ms | Average CUDA latency: 183.990491 ms, Average TFLOPs: 2.930994
>> VLA-Cache inference mode
Current CUDA latency: 130.175201 ms | Average CUDA latency: 183.954154 ms, Average TFLOPs: 2.930885
>> VLA-Cache inference mode
Current CUDA latency: 109.737854 ms | Average CUDA latency: 183.904076 ms, Average TFLOPs: 2.930785
>> VLA-Cache inference mode
Current CUDA latency: 109.100159 ms | Average CUDA latency: 183.853635 ms, Average TFLOPs: 2.930674
>> VLA-Cache inference mode
Current CUDA latency: 102.252098 ms | Average CUDA latency: 183.798647 ms, Average TFLOPs: 2.930598
>> VLA-Cache inference mode
Current CUDA latency: 151.907974 ms | Average CUDA latency: 183.777172 ms, Average TFLOPs: 2.930518
>> VLA-Cache inference mode
Current CUDA latency: 459.047333 ms | Average CUDA latency: 183.962414 ms, Average TFLOPs: 2.930464
Average time per step: 615.6390 ms, Control Frequency: 12.99 Hz, Token Reusing Ratio (Primary): 32.76 %, , Token Reusing Ratio (Wrist): 32.64 %
Saved rollout MP4 at path ./rollouts/2026_04_07/primary--2026_04_07-18_57_52--episode=94--success=True--task=put_the_bowl_on_top_of_the_cabinet.mp4
Saved rollout MP4 at path ./rollouts/2026_04_07/wrist--2026_04_07-18_57_52--episode=94--success=True--task=put_the_bowl_on_top_of_the_cabinet.mp4
04/07 [21:02:53] INFO     | >> Success: True              run_libero_eval.py:230
                 INFO     | >> # episodes completed so    run_libero_eval.py:230
                          far: 94                                               
                 INFO     | >> # successes: 89 (94.7%)    run_libero_eval.py:230

 70%|███████   | 14/20 [13:50<05:44, 57.47s/it][A                 INFO     | >>                            run_libero_eval.py:230
                          Task: put the bowl on top of                          
                          the cabinet                                           
                 INFO     | >> Starting episode 15...     run_libero_eval.py:230
huggingface/tokenizers: The current process just got forked, after parallelism has already been used. Disabling parallelism to avoid deadlocks...
To disable this warning, you can either:
	- Avoid using `tokenizers` before the fork if possible
	- Explicitly set the environment variable TOKENIZERS_PARALLELISM=(true | false)
huggingface/tokenizers: The current process just got forked, after parallelism has already been used. Disabling parallelism to avoid deadlocks...
To disable this warning, you can either:
	- Avoid using `tokenizers` before the fork if possible
	- Explicitly set the environment variable TOKENIZERS_PARALLELISM=(true | false)
>> VLA-Cache inference mode
Current CUDA latency: 416.042572 ms | Average CUDA latency: 184.118487 ms, Average TFLOPs: 2.930977
>> VLA-Cache inference mode
Current CUDA latency: 279.516663 ms | Average CUDA latency: 184.182599 ms, Average TFLOPs: 2.931000
>> VLA-Cache inference mode
Current CUDA latency: 119.258209 ms | Average CUDA latency: 184.138996 ms, Average TFLOPs: 2.931016
>> VLA-Cache inference mode
Current CUDA latency: 227.352829 ms | Average CUDA latency: 184.167999 ms, Average TFLOPs: 2.931019
>> VLA-Cache inference mode
Current CUDA latency: 193.291138 ms | Average CUDA latency: 184.174117 ms, Average TFLOPs: 2.930980
>> VLA-Cache inference mode
Current CUDA latency: 149.022141 ms | Average CUDA latency: 184.150557 ms, Average TFLOPs: 2.930891
>> VLA-Cache inference mode
Current CUDA latency: 106.373314 ms | Average CUDA latency: 184.098463 ms, Average TFLOPs: 2.930784
>> VLA-Cache inference mode
Current CUDA latency: 130.966370 ms | Average CUDA latency: 184.062899 ms, Average TFLOPs: 2.930639
>> VLA-Cache inference mode
Current CUDA latency: 102.249313 ms | Average CUDA latency: 184.008174 ms, Average TFLOPs: 2.930555
>> VLA-Cache inference mode
Current CUDA latency: 108.681984 ms | Average CUDA latency: 183.957822 ms, Average TFLOPs: 2.930487
>> VLA-Cache inference mode
Current CUDA latency: 134.387878 ms | Average CUDA latency: 183.924710 ms, Average TFLOPs: 2.930431
>> VLA-Cache inference mode
Current CUDA latency: 248.365570 ms | Average CUDA latency: 183.967727 ms, Average TFLOPs: 2.930356
Average time per step: 618.3181 ms, Control Frequency: 12.94 Hz, Token Reusing Ratio (Primary): 32.83 %, , Token Reusing Ratio (Wrist): 32.69 %
Saved rollout MP4 at path ./rollouts/2026_04_07/primary--2026_04_07-18_57_52--episode=95--success=True--task=put_the_bowl_on_top_of_the_cabinet.mp4
Saved rollout MP4 at path ./rollouts/2026_04_07/wrist--2026_04_07-18_57_52--episode=95--success=True--task=put_the_bowl_on_top_of_the_cabinet.mp4
04/07 [21:03:56] INFO     | >> Success: True              run_libero_eval.py:230
                 INFO     | >> # episodes completed so    run_libero_eval.py:230
                          far: 95                                               
                 INFO     | >> # successes: 90 (94.7%)    run_libero_eval.py:230

 75%|███████▌  | 15/20 [14:54<04:56, 59.20s/it][A                 INFO     | >>                            run_libero_eval.py:230
                          Task: put the bowl on top of                          
                          the cabinet                                           
                 INFO     | >> Starting episode 16...     run_libero_eval.py:230
huggingface/tokenizers: The current process just got forked, after parallelism has already been used. Disabling parallelism to avoid deadlocks...
To disable this warning, you can either:
	- Avoid using `tokenizers` before the fork if possible
	- Explicitly set the environment variable TOKENIZERS_PARALLELISM=(true | false)
huggingface/tokenizers: The current process just got forked, after parallelism has already been used. Disabling parallelism to avoid deadlocks...
To disable this warning, you can either:
	- Avoid using `tokenizers` before the fork if possible
	- Explicitly set the environment variable TOKENIZERS_PARALLELISM=(true | false)
>> VLA-Cache inference mode
Current CUDA latency: 394.054688 ms | Average CUDA latency: 184.107879 ms, Average TFLOPs: 2.930865
>> VLA-Cache inference mode
Current CUDA latency: 361.163727 ms | Average CUDA latency: 184.225916 ms, Average TFLOPs: 2.930876
>> VLA-Cache inference mode
Current CUDA latency: 118.920830 ms | Average CUDA latency: 184.182408 ms, Average TFLOPs: 2.930888
>> VLA-Cache inference mode
Current CUDA latency: 119.763969 ms | Average CUDA latency: 184.139520 ms, Average TFLOPs: 2.930905
>> VLA-Cache inference mode
Current CUDA latency: 122.538940 ms | Average CUDA latency: 184.098535 ms, Average TFLOPs: 2.930866
>> VLA-Cache inference mode
Current CUDA latency: 120.771011 ms | Average CUDA latency: 184.056429 ms, Average TFLOPs: 2.930800
>> VLA-Cache inference mode
Current CUDA latency: 192.440994 ms | Average CUDA latency: 184.062000 ms, Average TFLOPs: 2.930718
>> VLA-Cache inference mode
Current CUDA latency: 182.132736 ms | Average CUDA latency: 184.060719 ms, Average TFLOPs: 2.930621
>> VLA-Cache inference mode
Current CUDA latency: 109.392288 ms | Average CUDA latency: 184.011171 ms, Average TFLOPs: 2.930518
>> VLA-Cache inference mode
Current CUDA latency: 120.157890 ms | Average CUDA latency: 183.968828 ms, Average TFLOPs: 2.930411
>> VLA-Cache inference mode
Current CUDA latency: 127.140610 ms | Average CUDA latency: 183.931169 ms, Average TFLOPs: 2.930326
Average time per step: 619.9769 ms, Control Frequency: 12.90 Hz, Token Reusing Ratio (Primary): 32.85 %, , Token Reusing Ratio (Wrist): 32.69 %
Saved rollout MP4 at path ./rollouts/2026_04_07/primary--2026_04_07-18_57_52--episode=96--success=True--task=put_the_bowl_on_top_of_the_cabinet.mp4
Saved rollout MP4 at path ./rollouts/2026_04_07/wrist--2026_04_07-18_57_52--episode=96--success=True--task=put_the_bowl_on_top_of_the_cabinet.mp4
04/07 [21:04:50] INFO     | >> Success: True              run_libero_eval.py:230
                 INFO     | >> # episodes completed so    run_libero_eval.py:230
                          far: 96                                               
                 INFO     | >> # successes: 91 (94.8%)    run_libero_eval.py:230

 80%|████████  | 16/20 [15:47<03:50, 57.56s/it][A                 INFO     | >>                            run_libero_eval.py:230
                          Task: put the bowl on top of                          
                          the cabinet                                           
                 INFO     | >> Starting episode 17...     run_libero_eval.py:230
huggingface/tokenizers: The current process just got forked, after parallelism has already been used. Disabling parallelism to avoid deadlocks...
To disable this warning, you can either:
	- Avoid using `tokenizers` before the fork if possible
	- Explicitly set the environment variable TOKENIZERS_PARALLELISM=(true | false)
huggingface/tokenizers: The current process just got forked, after parallelism has already been used. Disabling parallelism to avoid deadlocks...
To disable this warning, you can either:
	- Avoid using `tokenizers` before the fork if possible
	- Explicitly set the environment variable TOKENIZERS_PARALLELISM=(true | false)
>> VLA-Cache inference mode
Current CUDA latency: 524.169373 ms | Average CUDA latency: 184.156492 ms, Average TFLOPs: 2.930831
>> VLA-Cache inference mode
Current CUDA latency: 394.324615 ms | Average CUDA latency: 184.295584 ms, Average TFLOPs: 2.930850
>> VLA-Cache inference mode
Current CUDA latency: 126.477631 ms | Average CUDA latency: 184.257345 ms, Average TFLOPs: 2.930871
>> VLA-Cache inference mode
Current CUDA latency: 226.908859 ms | Average CUDA latency: 184.285535 ms, Average TFLOPs: 2.930880
>> VLA-Cache inference mode
Current CUDA latency: 173.635010 ms | Average CUDA latency: 184.278500 ms, Average TFLOPs: 2.930860
>> VLA-Cache inference mode
Current CUDA latency: 166.012451 ms | Average CUDA latency: 184.266443 ms, Average TFLOPs: 2.930743
>> VLA-Cache inference mode
Current CUDA latency: 144.870087 ms | Average CUDA latency: 184.240456 ms, Average TFLOPs: 2.930665
>> VLA-Cache inference mode
Current CUDA latency: 101.969086 ms | Average CUDA latency: 184.186223 ms, Average TFLOPs: 2.930578
>> VLA-Cache inference mode
Current CUDA latency: 136.183868 ms | Average CUDA latency: 184.154601 ms, Average TFLOPs: 2.930524
>> VLA-Cache inference mode
Current CUDA latency: 329.363281 ms | Average CUDA latency: 184.250196 ms, Average TFLOPs: 2.930451
>> VLA-Cache inference mode
Current CUDA latency: 176.272217 ms | Average CUDA latency: 184.244947 ms, Average TFLOPs: 2.930350
>> VLA-Cache inference mode
Current CUDA latency: 112.944771 ms | Average CUDA latency: 184.198070 ms, Average TFLOPs: 2.930315
Average time per step: 622.2814 ms, Control Frequency: 12.86 Hz, Token Reusing Ratio (Primary): 32.85 %, , Token Reusing Ratio (Wrist): 32.67 %
Saved rollout MP4 at path ./rollouts/2026_04_07/primary--2026_04_07-18_57_52--episode=97--success=True--task=put_the_bowl_on_top_of_the_cabinet.mp4
Saved rollout MP4 at path ./rollouts/2026_04_07/wrist--2026_04_07-18_57_52--episode=97--success=True--task=put_the_bowl_on_top_of_the_cabinet.mp4
04/07 [21:06:00] INFO     | >> Success: True              run_libero_eval.py:230
                 INFO     | >> # episodes completed so    run_libero_eval.py:230
                          far: 97                                               
                 INFO     | >> # successes: 92 (94.8%)    run_libero_eval.py:230

 85%|████████▌ | 17/20 [16:58<03:04, 61.53s/it][A                 INFO     | >>                            run_libero_eval.py:230
                          Task: put the bowl on top of                          
                          the cabinet                                           
                 INFO     | >> Starting episode 18...     run_libero_eval.py:230
huggingface/tokenizers: The current process just got forked, after parallelism has already been used. Disabling parallelism to avoid deadlocks...
To disable this warning, you can either:
	- Avoid using `tokenizers` before the fork if possible
	- Explicitly set the environment variable TOKENIZERS_PARALLELISM=(true | false)
huggingface/tokenizers: The current process just got forked, after parallelism has already been used. Disabling parallelism to avoid deadlocks...
To disable this warning, you can either:
	- Avoid using `tokenizers` before the fork if possible
	- Explicitly set the environment variable TOKENIZERS_PARALLELISM=(true | false)
>> VLA-Cache inference mode
Current CUDA latency: 320.400574 ms | Average CUDA latency: 184.287559 ms, Average TFLOPs: 2.930816
>> VLA-Cache inference mode
Current CUDA latency: 270.200500 ms | Average CUDA latency: 184.343970 ms, Average TFLOPs: 2.930860
>> VLA-Cache inference mode
Current CUDA latency: 118.110527 ms | Average CUDA latency: 184.300509 ms, Average TFLOPs: 2.930868
>> VLA-Cache inference mode
Current CUDA latency: 112.093086 ms | Average CUDA latency: 184.253160 ms, Average TFLOPs: 2.930904
>> VLA-Cache inference mode
Current CUDA latency: 407.879028 ms | Average CUDA latency: 184.399704 ms, Average TFLOPs: 2.930905
>> VLA-Cache inference mode
Current CUDA latency: 176.855225 ms | Average CUDA latency: 184.394763 ms, Average TFLOPs: 2.930837
>> VLA-Cache inference mode
Current CUDA latency: 125.067619 ms | Average CUDA latency: 184.355937 ms, Average TFLOPs: 2.930735
>> VLA-Cache inference mode
Current CUDA latency: 113.056221 ms | Average CUDA latency: 184.309305 ms, Average TFLOPs: 2.930601
>> VLA-Cache inference mode
Current CUDA latency: 108.807426 ms | Average CUDA latency: 184.259957 ms, Average TFLOPs: 2.930503
>> VLA-Cache inference mode
Current CUDA latency: 107.852257 ms | Average CUDA latency: 184.210050 ms, Average TFLOPs: 2.930421
>> VLA-Cache inference mode
Current CUDA latency: 111.622787 ms | Average CUDA latency: 184.162670 ms, Average TFLOPs: 2.930361
Average time per step: 619.2076 ms, Control Frequency: 12.92 Hz, Token Reusing Ratio (Primary): 32.80 %, , Token Reusing Ratio (Wrist): 32.68 %
Saved rollout MP4 at path ./rollouts/2026_04_07/primary--2026_04_07-18_57_52--episode=98--success=True--task=put_the_bowl_on_top_of_the_cabinet.mp4
Saved rollout MP4 at path ./rollouts/2026_04_07/wrist--2026_04_07-18_57_52--episode=98--success=True--task=put_the_bowl_on_top_of_the_cabinet.mp4
04/07 [21:06:59] INFO     | >> Success: True              run_libero_eval.py:230
                 INFO     | >> # episodes completed so    run_libero_eval.py:230
                          far: 98                                               
                 INFO     | >> # successes: 93 (94.9%)    run_libero_eval.py:230

 90%|█████████ | 18/20 [17:57<02:01, 60.62s/it][A                 INFO     | >>                            run_libero_eval.py:230
                          Task: put the bowl on top of                          
                          the cabinet                                           
                 INFO     | >> Starting episode 19...     run_libero_eval.py:230
huggingface/tokenizers: The current process just got forked, after parallelism has already been used. Disabling parallelism to avoid deadlocks...
To disable this warning, you can either:
	- Avoid using `tokenizers` before the fork if possible
	- Explicitly set the environment variable TOKENIZERS_PARALLELISM=(true | false)
huggingface/tokenizers: The current process just got forked, after parallelism has already been used. Disabling parallelism to avoid deadlocks...
To disable this warning, you can either:
	- Avoid using `tokenizers` before the fork if possible
	- Explicitly set the environment variable TOKENIZERS_PARALLELISM=(true | false)
>> VLA-Cache inference mode
Current CUDA latency: 331.719849 ms | Average CUDA latency: 184.258924 ms, Average TFLOPs: 2.930858
>> VLA-Cache inference mode
Current CUDA latency: 259.657623 ms | Average CUDA latency: 184.308075 ms, Average TFLOPs: 2.930885
>> VLA-Cache inference mode
Current CUDA latency: 115.590179 ms | Average CUDA latency: 184.263308 ms, Average TFLOPs: 2.930914
>> VLA-Cache inference mode
Current CUDA latency: 113.828445 ms | Average CUDA latency: 184.217452 ms, Average TFLOPs: 2.930919
>> VLA-Cache inference mode
Current CUDA latency: 113.501472 ms | Average CUDA latency: 184.171443 ms, Average TFLOPs: 2.930888
>> VLA-Cache inference mode
Current CUDA latency: 118.829918 ms | Average CUDA latency: 184.128958 ms, Average TFLOPs: 2.930824
>> VLA-Cache inference mode
Current CUDA latency: 224.803833 ms | Average CUDA latency: 184.155387 ms, Average TFLOPs: 2.930720
>> VLA-Cache inference mode
Current CUDA latency: 196.577377 ms | Average CUDA latency: 184.163454 ms, Average TFLOPs: 2.930613
>> VLA-Cache inference mode
Current CUDA latency: 128.485535 ms | Average CUDA latency: 184.127323 ms, Average TFLOPs: 2.930520
>> VLA-Cache inference mode
Current CUDA latency: 573.282715 ms | Average CUDA latency: 184.379693 ms, Average TFLOPs: 2.930427
>> VLA-Cache inference mode
Current CUDA latency: 291.225220 ms | Average CUDA latency: 184.448938 ms, Average TFLOPs: 2.930370
>> VLA-Cache inference mode
Current CUDA latency: 161.788605 ms | Average CUDA latency: 184.434262 ms, Average TFLOPs: 2.930295
Average time per step: 620.2109 ms, Control Frequency: 12.90 Hz, Token Reusing Ratio (Primary): 32.92 %, , Token Reusing Ratio (Wrist): 32.64 %
Saved rollout MP4 at path ./rollouts/2026_04_07/primary--2026_04_07-18_57_52--episode=99--success=True--task=put_the_bowl_on_top_of_the_cabinet.mp4
Saved rollout MP4 at path ./rollouts/2026_04_07/wrist--2026_04_07-18_57_52--episode=99--success=True--task=put_the_bowl_on_top_of_the_cabinet.mp4
04/07 [21:08:04] INFO     | >> Success: True              run_libero_eval.py:230
                 INFO     | >> # episodes completed so    run_libero_eval.py:230
                          far: 99                                               
                 INFO     | >> # successes: 94 (94.9%)    run_libero_eval.py:230

 95%|█████████▌| 19/20 [19:02<01:02, 62.07s/it][A                 INFO     | >>                            run_libero_eval.py:230
                          Task: put the bowl on top of                          
                          the cabinet                                           
                 INFO     | >> Starting episode 20...     run_libero_eval.py:230
huggingface/tokenizers: The current process just got forked, after parallelism has already been used. Disabling parallelism to avoid deadlocks...
To disable this warning, you can either:
	- Avoid using `tokenizers` before the fork if possible
	- Explicitly set the environment variable TOKENIZERS_PARALLELISM=(true | false)
huggingface/tokenizers: The current process just got forked, after parallelism has already been used. Disabling parallelism to avoid deadlocks...
To disable this warning, you can either:
	- Avoid using `tokenizers` before the fork if possible
	- Explicitly set the environment variable TOKENIZERS_PARALLELISM=(true | false)
>> VLA-Cache inference mode
Current CUDA latency: 341.322174 ms | Average CUDA latency: 184.535808 ms, Average TFLOPs: 2.930789
>> VLA-Cache inference mode
Current CUDA latency: 430.554749 ms | Average CUDA latency: 184.694940 ms, Average TFLOPs: 2.930804
>> VLA-Cache inference mode
Current CUDA latency: 155.014938 ms | Average CUDA latency: 184.675755 ms, Average TFLOPs: 2.930807
>> VLA-Cache inference mode
Current CUDA latency: 119.912003 ms | Average CUDA latency: 184.633918 ms, Average TFLOPs: 2.930814
>> VLA-Cache inference mode
Current CUDA latency: 115.262398 ms | Average CUDA latency: 184.589133 ms, Average TFLOPs: 2.930788
>> VLA-Cache inference mode
Current CUDA latency: 124.300415 ms | Average CUDA latency: 184.550237 ms, Average TFLOPs: 2.930703
>> VLA-Cache inference mode
Current CUDA latency: 122.868958 ms | Average CUDA latency: 184.510468 ms, Average TFLOPs: 2.930607
>> VLA-Cache inference mode
Current CUDA latency: 101.088318 ms | Average CUDA latency: 184.456717 ms, Average TFLOPs: 2.930519
>> VLA-Cache inference mode
Current CUDA latency: 115.124931 ms | Average CUDA latency: 184.412073 ms, Average TFLOPs: 2.930454
>> VLA-Cache inference mode
Current CUDA latency: 112.225792 ms | Average CUDA latency: 184.365621 ms, Average TFLOPs: 2.930405
>> VLA-Cache inference mode
Current CUDA latency: 300.505768 ms | Average CUDA latency: 184.440309 ms, Average TFLOPs: 2.930340
Average time per step: 617.8781 ms, Control Frequency: 12.95 Hz, Token Reusing Ratio (Primary): 32.88 %, , Token Reusing Ratio (Wrist): 32.67 %
Saved rollout MP4 at path ./rollouts/2026_04_07/primary--2026_04_07-18_57_52--episode=100--success=True--task=put_the_bowl_on_top_of_the_cabinet.mp4
Saved rollout MP4 at path ./rollouts/2026_04_07/wrist--2026_04_07-18_57_52--episode=100--success=True--task=put_the_bowl_on_top_of_the_cabinet.mp4
04/07 [21:09:02] INFO     | >> Success: True              run_libero_eval.py:230
                 INFO     | >> # episodes completed so    run_libero_eval.py:230
                          far: 100                                              
                 INFO     | >> # successes: 95 (95.0%)    run_libero_eval.py:230

100%|██████████| 20/20 [20:00<00:00, 60.70s/it][A100%|██████████| 20/20 [20:00<00:00, 60.00s/it]
                 INFO     | >> Current task success rate: run_libero_eval.py:230
                          1.0                                                   
                 INFO     | >> Current total success      run_libero_eval.py:230
                          rate: 0.95                                            
 50%|█████     | 5/10 [2:10:54<2:12:39, 1591.99s/it][Warning]: datasets path /root/sj-tmp/workspace/LIBERO/libero/libero/../datasets does not exist!
                 INFO     | >> Using default initial      run_libero_eval.py:230
                          states                                                
[Warning]: datasets path /root/sj-tmp/workspace/LIBERO/libero/libero/../datasets does not exist!

  0%|          | 0/20 [00:00<?, ?it/s][A04/07 [21:09:04] INFO     | >>                            run_libero_eval.py:230
                          Task: push the plate to the                           
                          front of the stove                                    
                 INFO     | >> Starting episode 1...      run_libero_eval.py:230
huggingface/tokenizers: The current process just got forked, after parallelism has already been used. Disabling parallelism to avoid deadlocks...
To disable this warning, you can either:
	- Avoid using `tokenizers` before the fork if possible
	- Explicitly set the environment variable TOKENIZERS_PARALLELISM=(true | false)
huggingface/tokenizers: The current process just got forked, after parallelism has already been used. Disabling parallelism to avoid deadlocks...
To disable this warning, you can either:
	- Avoid using `tokenizers` before the fork if possible
	- Explicitly set the environment variable TOKENIZERS_PARALLELISM=(true | false)
>> VLA-Cache inference mode
Current CUDA latency: 352.866913 ms | Average CUDA latency: 184.548553 ms, Average TFLOPs: 2.930834
>> VLA-Cache inference mode
Current CUDA latency: 281.902313 ms | Average CUDA latency: 184.611079 ms, Average TFLOPs: 2.930871
>> VLA-Cache inference mode
Current CUDA latency: 196.533081 ms | Average CUDA latency: 184.618731 ms, Average TFLOPs: 2.930912
>> VLA-Cache inference mode
Current CUDA latency: 211.979385 ms | Average CUDA latency: 184.636281 ms, Average TFLOPs: 2.930929
>> VLA-Cache inference mode
Current CUDA latency: 127.607422 ms | Average CUDA latency: 184.599725 ms, Average TFLOPs: 2.930935
>> VLA-Cache inference mode
Current CUDA latency: 120.308098 ms | Average CUDA latency: 184.558538 ms, Average TFLOPs: 2.930896
>> VLA-Cache inference mode
Current CUDA latency: 148.883911 ms | Average CUDA latency: 184.535699 ms, Average TFLOPs: 2.930796
>> VLA-Cache inference mode
Current CUDA latency: 110.894562 ms | Average CUDA latency: 184.488584 ms, Average TFLOPs: 2.930751
>> VLA-Cache inference mode
Current CUDA latency: 245.395065 ms | Average CUDA latency: 184.527527 ms, Average TFLOPs: 2.930682
>> VLA-Cache inference mode
Current CUDA latency: 288.614349 ms | Average CUDA latency: 184.594036 ms, Average TFLOPs: 2.930621
>> VLA-Cache inference mode
Current CUDA latency: 141.339813 ms | Average CUDA latency: 184.566415 ms, Average TFLOPs: 2.930553
>> VLA-Cache inference mode
Current CUDA latency: 109.964607 ms | Average CUDA latency: 184.518807 ms, Average TFLOPs: 2.930469
>> VLA-Cache inference mode
Current CUDA latency: 140.372025 ms | Average CUDA latency: 184.490652 ms, Average TFLOPs: 2.930377
>> VLA-Cache inference mode
Current CUDA latency: 128.612762 ms | Average CUDA latency: 184.455039 ms, Average TFLOPs: 2.930307
>> VLA-Cache inference mode
Current CUDA latency: 149.349091 ms | Average CUDA latency: 184.432678 ms, Average TFLOPs: 2.930228
>> VLA-Cache inference mode
Current CUDA latency: 143.359833 ms | Average CUDA latency: 184.406534 ms, Average TFLOPs: 2.930156
>> VLA-Cache inference mode
Current CUDA latency: 285.236633 ms | Average CUDA latency: 184.470675 ms, Average TFLOPs: 2.930094
>> VLA-Cache inference mode
Current CUDA latency: 167.937408 ms | Average CUDA latency: 184.460164 ms, Average TFLOPs: 2.930032
Average time per step: 619.8584 ms, Control Frequency: 12.91 Hz, Token Reusing Ratio (Primary): 35.18 %, , Token Reusing Ratio (Wrist): 35.57 %
Saved rollout MP4 at path ./rollouts/2026_04_07/primary--2026_04_07-18_57_52--episode=101--success=True--task=push_the_plate_to_the_front_of_the_stove.mp4
Saved rollout MP4 at path ./rollouts/2026_04_07/wrist--2026_04_07-18_57_52--episode=101--success=True--task=push_the_plate_to_the_front_of_the_stove.mp4
04/07 [21:10:43] INFO     | >> Success: True              run_libero_eval.py:230
                 INFO     | >> # episodes completed so    run_libero_eval.py:230
                          far: 101                                              
                 INFO     | >> # successes: 96 (95.0%)    run_libero_eval.py:230

  5%|▌         | 1/20 [01:38<31:15, 98.72s/it][A                 INFO     | >>                            run_libero_eval.py:230
                          Task: push the plate to the                           
                          front of the stove                                    
                 INFO     | >> Starting episode 2...      run_libero_eval.py:230
huggingface/tokenizers: The current process just got forked, after parallelism has already been used. Disabling parallelism to avoid deadlocks...
To disable this warning, you can either:
	- Avoid using `tokenizers` before the fork if possible
	- Explicitly set the environment variable TOKENIZERS_PARALLELISM=(true | false)
huggingface/tokenizers: The current process just got forked, after parallelism has already been used. Disabling parallelism to avoid deadlocks...
To disable this warning, you can either:
	- Avoid using `tokenizers` before the fork if possible
	- Explicitly set the environment variable TOKENIZERS_PARALLELISM=(true | false)
>> VLA-Cache inference mode
Current CUDA latency: 321.435791 ms | Average CUDA latency: 184.547188 ms, Average TFLOPs: 2.930521
>> VLA-Cache inference mode
Current CUDA latency: 299.008362 ms | Average CUDA latency: 184.619862 ms, Average TFLOPs: 2.930562
>> VLA-Cache inference mode
Current CUDA latency: 120.205086 ms | Average CUDA latency: 184.578990 ms, Average TFLOPs: 2.930598
>> VLA-Cache inference mode
Current CUDA latency: 138.982681 ms | Average CUDA latency: 184.550076 ms, Average TFLOPs: 2.930604
>> VLA-Cache inference mode
Current CUDA latency: 303.343719 ms | Average CUDA latency: 184.625357 ms, Average TFLOPs: 2.930575
>> VLA-Cache inference mode
Current CUDA latency: 359.581543 ms | Average CUDA latency: 184.736159 ms, Average TFLOPs: 2.930537
>> VLA-Cache inference mode
Current CUDA latency: 114.288925 ms | Average CUDA latency: 184.691572 ms, Average TFLOPs: 2.930471
>> VLA-Cache inference mode
Current CUDA latency: 115.295586 ms | Average CUDA latency: 184.647679 ms, Average TFLOPs: 2.930430
>> VLA-Cache inference mode
Current CUDA latency: 123.112190 ms | Average CUDA latency: 184.608781 ms, Average TFLOPs: 2.930394
>> VLA-Cache inference mode
Current CUDA latency: 110.217026 ms | Average CUDA latency: 184.561787 ms, Average TFLOPs: 2.930342
>> VLA-Cache inference mode
Current CUDA latency: 108.925858 ms | Average CUDA latency: 184.514037 ms, Average TFLOPs: 2.930290
>> VLA-Cache inference mode
Current CUDA latency: 109.736542 ms | Average CUDA latency: 184.466859 ms, Average TFLOPs: 2.930221
>> VLA-Cache inference mode
Current CUDA latency: 135.908737 ms | Average CUDA latency: 184.436242 ms, Average TFLOPs: 2.930173
>> VLA-Cache inference mode
Current CUDA latency: 119.795715 ms | Average CUDA latency: 184.395511 ms, Average TFLOPs: 2.930068
>> VLA-Cache inference mode
Current CUDA latency: 107.602974 ms | Average CUDA latency: 184.347153 ms, Average TFLOPs: 2.930003
>> VLA-Cache inference mode
Current CUDA latency: 141.376541 ms | Average CUDA latency: 184.320111 ms, Average TFLOPs: 2.929953
>> VLA-Cache inference mode
Current CUDA latency: 241.004730 ms | Average CUDA latency: 184.355761 ms, Average TFLOPs: 2.929922
>> VLA-Cache inference mode
Current CUDA latency: 240.154236 ms | Average CUDA latency: 184.390833 ms, Average TFLOPs: 2.929876
Average time per step: 614.9187 ms, Control Frequency: 13.01 Hz, Token Reusing Ratio (Primary): 35.08 %, , Token Reusing Ratio (Wrist): 35.34 %
Saved rollout MP4 at path ./rollouts/2026_04_07/primary--2026_04_07-18_57_52--episode=102--success=True--task=push_the_plate_to_the_front_of_the_stove.mp4
Saved rollout MP4 at path ./rollouts/2026_04_07/wrist--2026_04_07-18_57_52--episode=102--success=True--task=push_the_plate_to_the_front_of_the_stove.mp4
04/07 [21:12:09] INFO     | >> Success: True              run_libero_eval.py:230
                 INFO     | >> # episodes completed so    run_libero_eval.py:230
                          far: 102                                              
                 INFO     | >> # successes: 97 (95.1%)    run_libero_eval.py:230

 10%|█         | 2/20 [03:04<27:22, 91.23s/it][A                 INFO     | >>                            run_libero_eval.py:230
                          Task: push the plate to the                           
                          front of the stove                                    
                 INFO     | >> Starting episode 3...      run_libero_eval.py:230
huggingface/tokenizers: The current process just got forked, after parallelism has already been used. Disabling parallelism to avoid deadlocks...
To disable this warning, you can either:
	- Avoid using `tokenizers` before the fork if possible
	- Explicitly set the environment variable TOKENIZERS_PARALLELISM=(true | false)
huggingface/tokenizers: The current process just got forked, after parallelism has already been used. Disabling parallelism to avoid deadlocks...
To disable this warning, you can either:
	- Avoid using `tokenizers` before the fork if possible
	- Explicitly set the environment variable TOKENIZERS_PARALLELISM=(true | false)
>> VLA-Cache inference mode
Current CUDA latency: 407.895447 ms | Average CUDA latency: 184.531225 ms, Average TFLOPs: 2.930359
>> VLA-Cache inference mode
Current CUDA latency: 293.760925 ms | Average CUDA latency: 184.599793 ms, Average TFLOPs: 2.930379
>> VLA-Cache inference mode
Current CUDA latency: 173.097946 ms | Average CUDA latency: 184.592578 ms, Average TFLOPs: 2.930382
>> VLA-Cache inference mode
Current CUDA latency: 211.568451 ms | Average CUDA latency: 184.609491 ms, Average TFLOPs: 2.930361
>> VLA-Cache inference mode
Current CUDA latency: 118.258942 ms | Average CUDA latency: 184.567918 ms, Average TFLOPs: 2.930330
>> VLA-Cache inference mode
Current CUDA latency: 132.770630 ms | Average CUDA latency: 184.535483 ms, Average TFLOPs: 2.930263
>> VLA-Cache inference mode
Current CUDA latency: 106.301758 ms | Average CUDA latency: 184.486526 ms, Average TFLOPs: 2.930194
>> VLA-Cache inference mode
Current CUDA latency: 109.586655 ms | Average CUDA latency: 184.439684 ms, Average TFLOPs: 2.930157
>> VLA-Cache inference mode
Current CUDA latency: 125.523933 ms | Average CUDA latency: 184.402862 ms, Average TFLOPs: 2.930105
>> VLA-Cache inference mode
Current CUDA latency: 128.236572 ms | Average CUDA latency: 184.367780 ms, Average TFLOPs: 2.930033
>> VLA-Cache inference mode
Current CUDA latency: 103.567329 ms | Average CUDA latency: 184.317343 ms, Average TFLOPs: 2.929954
>> VLA-Cache inference mode
Current CUDA latency: 106.118179 ms | Average CUDA latency: 184.268560 ms, Average TFLOPs: 2.929902
>> VLA-Cache inference mode
Current CUDA latency: 110.681152 ms | Average CUDA latency: 184.222682 ms, Average TFLOPs: 2.929851
>> VLA-Cache inference mode
Current CUDA latency: 109.767426 ms | Average CUDA latency: 184.176293 ms, Average TFLOPs: 2.929764
>> VLA-Cache inference mode
Current CUDA latency: 146.573853 ms | Average CUDA latency: 184.152879 ms, Average TFLOPs: 2.929687
>> VLA-Cache inference mode
Current CUDA latency: 422.458466 ms | Average CUDA latency: 184.301171 ms, Average TFLOPs: 2.929599
>> VLA-Cache inference mode
Current CUDA latency: 189.580994 ms | Average CUDA latency: 184.304455 ms, Average TFLOPs: 2.929562
Average time per step: 625.6456 ms, Control Frequency: 12.79 Hz, Token Reusing Ratio (Primary): 35.28 %, , Token Reusing Ratio (Wrist): 35.49 %
Saved rollout MP4 at path ./rollouts/2026_04_07/primary--2026_04_07-18_57_52--episode=103--success=True--task=push_the_plate_to_the_front_of_the_stove.mp4
Saved rollout MP4 at path ./rollouts/2026_04_07/wrist--2026_04_07-18_57_52--episode=103--success=True--task=push_the_plate_to_the_front_of_the_stove.mp4
04/07 [21:13:39] INFO     | >> Success: True              run_libero_eval.py:230
                 INFO     | >> # episodes completed so    run_libero_eval.py:230
                          far: 103                                              
                 INFO     | >> # successes: 98 (95.1%)    run_libero_eval.py:230

 15%|█▌        | 3/20 [04:35<25:45, 90.90s/it][A                 INFO     | >>                            run_libero_eval.py:230
                          Task: push the plate to the                           
                          front of the stove                                    
                 INFO     | >> Starting episode 4...      run_libero_eval.py:230
huggingface/tokenizers: The current process just got forked, after parallelism has already been used. Disabling parallelism to avoid deadlocks...
To disable this warning, you can either:
	- Avoid using `tokenizers` before the fork if possible
	- Explicitly set the environment variable TOKENIZERS_PARALLELISM=(true | false)
huggingface/tokenizers: The current process just got forked, after parallelism has already been used. Disabling parallelism to avoid deadlocks...
To disable this warning, you can either:
	- Avoid using `tokenizers` before the fork if possible
	- Explicitly set the environment variable TOKENIZERS_PARALLELISM=(true | false)
>> VLA-Cache inference mode
Current CUDA latency: 329.395996 ms | Average CUDA latency: 184.394630 ms, Average TFLOPs: 2.930040
>> VLA-Cache inference mode
Current CUDA latency: 303.370453 ms | Average CUDA latency: 184.468528 ms, Average TFLOPs: 2.930048
>> VLA-Cache inference mode
Current CUDA latency: 206.602905 ms | Average CUDA latency: 184.482267 ms, Average TFLOPs: 2.930055
>> VLA-Cache inference mode
Current CUDA latency: 198.140091 ms | Average CUDA latency: 184.490740 ms, Average TFLOPs: 2.930062
>> VLA-Cache inference mode
Current CUDA latency: 139.749603 ms | Average CUDA latency: 184.463002 ms, Average TFLOPs: 2.930029
>> VLA-Cache inference mode
Current CUDA latency: 111.261314 ms | Average CUDA latency: 184.417648 ms, Average TFLOPs: 2.929992
>> VLA-Cache inference mode
Current CUDA latency: 127.974495 ms | Average CUDA latency: 184.382699 ms, Average TFLOPs: 2.929935
>> VLA-Cache inference mode
Current CUDA latency: 110.768768 ms | Average CUDA latency: 184.337145 ms, Average TFLOPs: 2.929888
>> VLA-Cache inference mode
Current CUDA latency: 144.956924 ms | Average CUDA latency: 184.312792 ms, Average TFLOPs: 2.929813
>> VLA-Cache inference mode
Current CUDA latency: 116.705597 ms | Average CUDA latency: 184.271007 ms, Average TFLOPs: 2.929774
>> VLA-Cache inference mode
Current CUDA latency: 126.346786 ms | Average CUDA latency: 184.235229 ms, Average TFLOPs: 2.929717
>> VLA-Cache inference mode
Current CUDA latency: 121.466560 ms | Average CUDA latency: 184.196483 ms, Average TFLOPs: 2.929654
>> VLA-Cache inference mode
Current CUDA latency: 269.731537 ms | Average CUDA latency: 184.249250 ms, Average TFLOPs: 2.929590
>> VLA-Cache inference mode
Current CUDA latency: 126.773506 ms | Average CUDA latency: 184.213815 ms, Average TFLOPs: 2.929526
>> VLA-Cache inference mode
Current CUDA latency: 137.689377 ms | Average CUDA latency: 184.185149 ms, Average TFLOPs: 2.929449
>> VLA-Cache inference mode
Current CUDA latency: 106.354691 ms | Average CUDA latency: 184.137224 ms, Average TFLOPs: 2.929378
>> VLA-Cache inference mode
Current CUDA latency: 112.742050 ms | Average CUDA latency: 184.093289 ms, Average TFLOPs: 2.929301
Average time per step: 618.1509 ms, Control Frequency: 12.94 Hz, Token Reusing Ratio (Primary): 35.20 %, , Token Reusing Ratio (Wrist): 35.60 %
Saved rollout MP4 at path ./rollouts/2026_04_07/primary--2026_04_07-18_57_52--episode=104--success=True--task=push_the_plate_to_the_front_of_the_stove.mp4
Saved rollout MP4 at path ./rollouts/2026_04_07/wrist--2026_04_07-18_57_52--episode=104--success=True--task=push_the_plate_to_the_front_of_the_stove.mp4
04/07 [21:15:06] INFO     | >> Success: True              run_libero_eval.py:230
                 INFO     | >> # episodes completed so    run_libero_eval.py:230
                          far: 104                                              
                 INFO     | >> # successes: 99 (95.2%)    run_libero_eval.py:230

 20%|██        | 4/20 [06:02<23:50, 89.39s/it][A                 INFO     | >>                            run_libero_eval.py:230
                          Task: push the plate to the                           
                          front of the stove                                    
                 INFO     | >> Starting episode 5...      run_libero_eval.py:230
huggingface/tokenizers: The current process just got forked, after parallelism has already been used. Disabling parallelism to avoid deadlocks...
To disable this warning, you can either:
	- Avoid using `tokenizers` before the fork if possible
	- Explicitly set the environment variable TOKENIZERS_PARALLELISM=(true | false)
huggingface/tokenizers: The current process just got forked, after parallelism has already been used. Disabling parallelism to avoid deadlocks...
To disable this warning, you can either:
	- Avoid using `tokenizers` before the fork if possible
	- Explicitly set the environment variable TOKENIZERS_PARALLELISM=(true | false)
>> VLA-Cache inference mode
Current CUDA latency: 290.439667 ms | Average CUDA latency: 184.158692 ms, Average TFLOPs: 2.929775
>> VLA-Cache inference mode
Current CUDA latency: 267.584259 ms | Average CUDA latency: 184.209968 ms, Average TFLOPs: 2.929789
>> VLA-Cache inference mode
Current CUDA latency: 164.753281 ms | Average CUDA latency: 184.198017 ms, Average TFLOPs: 2.929800
>> VLA-Cache inference mode
Current CUDA latency: 173.265030 ms | Average CUDA latency: 184.191305 ms, Average TFLOPs: 2.929833
>> VLA-Cache inference mode
Current CUDA latency: 175.052414 ms | Average CUDA latency: 184.185699 ms, Average TFLOPs: 2.929833
>> VLA-Cache inference mode
Current CUDA latency: 116.937630 ms | Average CUDA latency: 184.144467 ms, Average TFLOPs: 2.929776
>> VLA-Cache inference mode
Current CUDA latency: 143.709702 ms | Average CUDA latency: 184.119691 ms, Average TFLOPs: 2.929688
>> VLA-Cache inference mode
Current CUDA latency: 117.440544 ms | Average CUDA latency: 184.078859 ms, Average TFLOPs: 2.929677
>> VLA-Cache inference mode
Current CUDA latency: 125.495872 ms | Average CUDA latency: 184.043006 ms, Average TFLOPs: 2.929616
>> VLA-Cache inference mode
Current CUDA latency: 108.544418 ms | Average CUDA latency: 183.996830 ms, Average TFLOPs: 2.929566
>> VLA-Cache inference mode
Current CUDA latency: 117.264771 ms | Average CUDA latency: 183.956040 ms, Average TFLOPs: 2.929513
>> VLA-Cache inference mode
Current CUDA latency: 110.164513 ms | Average CUDA latency: 183.910963 ms, Average TFLOPs: 2.929452
>> VLA-Cache inference mode
Current CUDA latency: 112.880577 ms | Average CUDA latency: 183.867599 ms, Average TFLOPs: 2.929390
>> VLA-Cache inference mode
Current CUDA latency: 109.310013 ms | Average CUDA latency: 183.822109 ms, Average TFLOPs: 2.929332
>> VLA-Cache inference mode
Current CUDA latency: 173.716766 ms | Average CUDA latency: 183.815947 ms, Average TFLOPs: 2.929283
>> VLA-Cache inference mode
Current CUDA latency: 133.010269 ms | Average CUDA latency: 183.784987 ms, Average TFLOPs: 2.929233
>> VLA-Cache inference mode
Current CUDA latency: 253.606842 ms | Average CUDA latency: 183.827509 ms, Average TFLOPs: 2.929207
>> VLA-Cache inference mode
Current CUDA latency: 147.687485 ms | Average CUDA latency: 183.805513 ms, Average TFLOPs: 2.929155
Average time per step: 610.9832 ms, Control Frequency: 13.09 Hz, Token Reusing Ratio (Primary): 35.11 %, , Token Reusing Ratio (Wrist): 35.61 %
Saved rollout MP4 at path ./rollouts/2026_04_07/primary--2026_04_07-18_57_52--episode=105--success=True--task=push_the_plate_to_the_front_of_the_stove.mp4
Saved rollout MP4 at path ./rollouts/2026_04_07/wrist--2026_04_07-18_57_52--episode=105--success=True--task=push_the_plate_to_the_front_of_the_stove.mp4
04/07 [21:16:31] INFO     | >> Success: True              run_libero_eval.py:230
                 INFO     | >> # episodes completed so    run_libero_eval.py:230
                          far: 105                                              
                 INFO     | >> # successes: 100 (95.2%)   run_libero_eval.py:230

 25%|██▌       | 5/20 [07:27<21:57, 87.84s/it][A                 INFO     | >>                            run_libero_eval.py:230
                          Task: push the plate to the                           
                          front of the stove                                    
                 INFO     | >> Starting episode 6...      run_libero_eval.py:230
huggingface/tokenizers: The current process just got forked, after parallelism has already been used. Disabling parallelism to avoid deadlocks...
To disable this warning, you can either:
	- Avoid using `tokenizers` before the fork if possible
	- Explicitly set the environment variable TOKENIZERS_PARALLELISM=(true | false)
huggingface/tokenizers: The current process just got forked, after parallelism has already been used. Disabling parallelism to avoid deadlocks...
To disable this warning, you can either:
	- Avoid using `tokenizers` before the fork if possible
	- Explicitly set the environment variable TOKENIZERS_PARALLELISM=(true | false)
>> VLA-Cache inference mode
Current CUDA latency: 325.282776 ms | Average CUDA latency: 183.891570 ms, Average TFLOPs: 2.929624
>> VLA-Cache inference mode
Current CUDA latency: 261.747284 ms | Average CUDA latency: 183.938899 ms, Average TFLOPs: 2.929639
>> VLA-Cache inference mode
Current CUDA latency: 130.114075 ms | Average CUDA latency: 183.906198 ms, Average TFLOPs: 2.929640
>> VLA-Cache inference mode
Current CUDA latency: 130.546722 ms | Average CUDA latency: 183.873800 ms, Average TFLOPs: 2.929614
>> VLA-Cache inference mode
Current CUDA latency: 403.252747 ms | Average CUDA latency: 184.006918 ms, Average TFLOPs: 2.929601
>> VLA-Cache inference mode
Current CUDA latency: 518.187805 ms | Average CUDA latency: 184.209575 ms, Average TFLOPs: 2.929542
>> VLA-Cache inference mode
Current CUDA latency: 144.691452 ms | Average CUDA latency: 184.185625 ms, Average TFLOPs: 2.929460
>> VLA-Cache inference mode
Current CUDA latency: 127.019997 ms | Average CUDA latency: 184.151000 ms, Average TFLOPs: 2.929366
>> VLA-Cache inference mode
Current CUDA latency: 110.334015 ms | Average CUDA latency: 184.106317 ms, Average TFLOPs: 2.929227
>> VLA-Cache inference mode
Current CUDA latency: 107.589661 ms | Average CUDA latency: 184.060027 ms, Average TFLOPs: 2.929099
>> VLA-Cache inference mode
Current CUDA latency: 105.274178 ms | Average CUDA latency: 184.012393 ms, Average TFLOPs: 2.929002
>> VLA-Cache inference mode
Current CUDA latency: 115.476868 ms | Average CUDA latency: 183.970982 ms, Average TFLOPs: 2.928950
>> VLA-Cache inference mode
Current CUDA latency: 117.753792 ms | Average CUDA latency: 183.930996 ms, Average TFLOPs: 2.928873
>> VLA-Cache inference mode
Current CUDA latency: 117.673950 ms | Average CUDA latency: 183.891010 ms, Average TFLOPs: 2.928823
>> VLA-Cache inference mode
Current CUDA latency: 241.008286 ms | Average CUDA latency: 183.925459 ms, Average TFLOPs: 2.928705
>> VLA-Cache inference mode
Current CUDA latency: 180.883270 ms | Average CUDA latency: 183.923626 ms, Average TFLOPs: 2.928632
>> VLA-Cache inference mode
Current CUDA latency: 169.939392 ms | Average CUDA latency: 183.915201 ms, Average TFLOPs: 2.928582
>> VLA-Cache inference mode
Current CUDA latency: 112.143356 ms | Average CUDA latency: 183.871991 ms, Average TFLOPs: 2.928525
>> VLA-Cache inference mode
Current CUDA latency: 111.241821 ms | Average CUDA latency: 183.828291 ms, Average TFLOPs: 2.928484
>> VLA-Cache inference mode
Current CUDA latency: 164.908798 ms | Average CUDA latency: 183.816914 ms, Average TFLOPs: 2.928443
>> VLA-Cache inference mode
Current CUDA latency: 136.566055 ms | Average CUDA latency: 183.788518 ms, Average TFLOPs: 2.928401
>> VLA-Cache inference mode
Current CUDA latency: 310.917114 ms | Average CUDA latency: 183.864872 ms, Average TFLOPs: 2.928313
>> VLA-Cache inference mode
Current CUDA latency: 182.963226 ms | Average CUDA latency: 183.864331 ms, Average TFLOPs: 2.928244
>> VLA-Cache inference mode
Current CUDA latency: 189.410141 ms | Average CUDA latency: 183.867657 ms, Average TFLOPs: 2.928206
>> VLA-Cache inference mode
Current CUDA latency: 109.221123 ms | Average CUDA latency: 183.822905 ms, Average TFLOPs: 2.928161
>> VLA-Cache inference mode
Current CUDA latency: 148.439804 ms | Average CUDA latency: 183.801705 ms, Average TFLOPs: 2.928129
>> VLA-Cache inference mode
Current CUDA latency: 103.900322 ms | Average CUDA latency: 183.753860 ms, Average TFLOPs: 2.928087
>> VLA-Cache inference mode
Current CUDA latency: 143.915298 ms | Average CUDA latency: 183.730019 ms, Average TFLOPs: 2.928078
>> VLA-Cache inference mode
Current CUDA latency: 175.479065 ms | Average CUDA latency: 183.725084 ms, Average TFLOPs: 2.928057
>> VLA-Cache inference mode
Current CUDA latency: 121.448708 ms | Average CUDA latency: 183.687860 ms, Average TFLOPs: 2.928038
>> VLA-Cache inference mode
Current CUDA latency: 197.390747 ms | Average CUDA latency: 183.696045 ms, Average TFLOPs: 2.927997
>> VLA-Cache inference mode
Current CUDA latency: 232.272827 ms | Average CUDA latency: 183.725046 ms, Average TFLOPs: 2.927970
>> VLA-Cache inference mode
Current CUDA latency: 167.474396 ms | Average CUDA latency: 183.715350 ms, Average TFLOPs: 2.927952
>> VLA-Cache inference mode
Current CUDA latency: 151.824326 ms | Average CUDA latency: 183.696334 ms, Average TFLOPs: 2.927958
>> VLA-Cache inference mode
Current CUDA latency: 154.023132 ms | Average CUDA latency: 183.678650 ms, Average TFLOPs: 2.927967
>> VLA-Cache inference mode
Current CUDA latency: 111.139137 ms | Average CUDA latency: 183.635446 ms, Average TFLOPs: 2.927959
>> VLA-Cache inference mode
Current CUDA latency: 113.540833 ms | Average CUDA latency: 183.593723 ms, Average TFLOPs: 2.927951
>> VLA-Cache inference mode
Current CUDA latency: 118.871490 ms | Average CUDA latency: 183.555221 ms, Average TFLOPs: 2.927932
Average time per step: 605.1060 ms, Control Frequency: 13.22 Hz, Token Reusing Ratio (Primary): 36.27 %, , Token Reusing Ratio (Wrist): 35.59 %
Saved rollout MP4 at path ./rollouts/2026_04_07/primary--2026_04_07-18_57_52--episode=106--success=False--task=push_the_plate_to_the_front_of_the_stove.mp4
Saved rollout MP4 at path ./rollouts/2026_04_07/wrist--2026_04_07-18_57_52--episode=106--success=False--task=push_the_plate_to_the_front_of_the_stove.mp4
04/07 [21:19:37] INFO     | >> Success: False             run_libero_eval.py:230
                 INFO     | >> # episodes completed so    run_libero_eval.py:230
                          far: 106                                              
                 INFO     | >> # successes: 100 (94.3%)   run_libero_eval.py:230

 30%|███       | 6/20 [10:33<28:15, 121.08s/it][A                 INFO     | >>                            run_libero_eval.py:230
                          Task: push the plate to the                           
                          front of the stove                                    
                 INFO     | >> Starting episode 7...      run_libero_eval.py:230
huggingface/tokenizers: The current process just got forked, after parallelism has already been used. Disabling parallelism to avoid deadlocks...
To disable this warning, you can either:
	- Avoid using `tokenizers` before the fork if possible
	- Explicitly set the environment variable TOKENIZERS_PARALLELISM=(true | false)
huggingface/tokenizers: The current process just got forked, after parallelism has already been used. Disabling parallelism to avoid deadlocks...
To disable this warning, you can either:
	- Avoid using `tokenizers` before the fork if possible
	- Explicitly set the environment variable TOKENIZERS_PARALLELISM=(true | false)
>> VLA-Cache inference mode
Current CUDA latency: 344.564575 ms | Average CUDA latency: 183.650946 ms, Average TFLOPs: 2.928391
>> VLA-Cache inference mode
Current CUDA latency: 359.294403 ms | Average CUDA latency: 183.755309 ms, Average TFLOPs: 2.928406
>> VLA-Cache inference mode
Current CUDA latency: 194.612930 ms | Average CUDA latency: 183.761756 ms, Average TFLOPs: 2.928426
>> VLA-Cache inference mode
Current CUDA latency: 124.495132 ms | Average CUDA latency: 183.726583 ms, Average TFLOPs: 2.928441
>> VLA-Cache inference mode
Current CUDA latency: 158.030426 ms | Average CUDA latency: 183.711343 ms, Average TFLOPs: 2.928407
>> VLA-Cache inference mode
Current CUDA latency: 108.507645 ms | Average CUDA latency: 183.666764 ms, Average TFLOPs: 2.928383
>> VLA-Cache inference mode
Current CUDA latency: 120.627838 ms | Average CUDA latency: 183.629419 ms, Average TFLOPs: 2.928382
>> VLA-Cache inference mode
Current CUDA latency: 120.720482 ms | Average CUDA latency: 183.592173 ms, Average TFLOPs: 2.928328
>> VLA-Cache inference mode
Current CUDA latency: 111.888382 ms | Average CUDA latency: 183.549744 ms, Average TFLOPs: 2.928279
>> VLA-Cache inference mode
Current CUDA latency: 117.739937 ms | Average CUDA latency: 183.510827 ms, Average TFLOPs: 2.928212
>> VLA-Cache inference mode
Current CUDA latency: 130.135483 ms | Average CUDA latency: 183.479281 ms, Average TFLOPs: 2.928175
>> VLA-Cache inference mode
Current CUDA latency: 232.495041 ms | Average CUDA latency: 183.508233 ms, Average TFLOPs: 2.928132
>> VLA-Cache inference mode
Current CUDA latency: 262.136536 ms | Average CUDA latency: 183.554649 ms, Average TFLOPs: 2.928075
>> VLA-Cache inference mode
Current CUDA latency: 142.197403 ms | Average CUDA latency: 183.530249 ms, Average TFLOPs: 2.928008
>> VLA-Cache inference mode
Current CUDA latency: 105.106430 ms | Average CUDA latency: 183.484009 ms, Average TFLOPs: 2.927943
>> VLA-Cache inference mode
Current CUDA latency: 105.497025 ms | Average CUDA latency: 183.438053 ms, Average TFLOPs: 2.927906
Average time per step: 606.4915 ms, Control Frequency: 13.19 Hz, Token Reusing Ratio (Primary): 35.98 %, , Token Reusing Ratio (Wrist): 35.48 %
Saved rollout MP4 at path ./rollouts/2026_04_07/primary--2026_04_07-18_57_52--episode=107--success=True--task=push_the_plate_to_the_front_of_the_stove.mp4
Saved rollout MP4 at path ./rollouts/2026_04_07/wrist--2026_04_07-18_57_52--episode=107--success=True--task=push_the_plate_to_the_front_of_the_stove.mp4
04/07 [21:21:01] INFO     | >> Success: True              run_libero_eval.py:230
                 INFO     | >> # episodes completed so    run_libero_eval.py:230
                          far: 107                                              
                 INFO     | >> # successes: 101 (94.4%)   run_libero_eval.py:230

 35%|███▌      | 7/20 [11:57<23:37, 109.04s/it][A                 INFO     | >>                            run_libero_eval.py:230
                          Task: push the plate to the                           
                          front of the stove                                    
                 INFO     | >> Starting episode 8...      run_libero_eval.py:230
huggingface/tokenizers: The current process just got forked, after parallelism has already been used. Disabling parallelism to avoid deadlocks...
To disable this warning, you can either:
	- Avoid using `tokenizers` before the fork if possible
	- Explicitly set the environment variable TOKENIZERS_PARALLELISM=(true | false)
huggingface/tokenizers: The current process just got forked, after parallelism has already been used. Disabling parallelism to avoid deadlocks...
To disable this warning, you can either:
	- Avoid using `tokenizers` before the fork if possible
	- Explicitly set the environment variable TOKENIZERS_PARALLELISM=(true | false)
>> VLA-Cache inference mode
Current CUDA latency: 418.842560 ms | Average CUDA latency: 183.576689 ms, Average TFLOPs: 2.928361
>> VLA-Cache inference mode
Current CUDA latency: 244.009796 ms | Average CUDA latency: 183.612259 ms, Average TFLOPs: 2.928380
>> VLA-Cache inference mode
Current CUDA latency: 135.406784 ms | Average CUDA latency: 183.583903 ms, Average TFLOPs: 2.928382
>> VLA-Cache inference mode
Current CUDA latency: 114.237022 ms | Average CUDA latency: 183.543135 ms, Average TFLOPs: 2.928391
>> VLA-Cache inference mode
Current CUDA latency: 155.616776 ms | Average CUDA latency: 183.526727 ms, Average TFLOPs: 2.928383
>> VLA-Cache inference mode
Current CUDA latency: 261.543457 ms | Average CUDA latency: 183.572538 ms, Average TFLOPs: 2.928383
>> VLA-Cache inference mode
Current CUDA latency: 166.939240 ms | Average CUDA latency: 183.562777 ms, Average TFLOPs: 2.928332
>> VLA-Cache inference mode
Current CUDA latency: 135.035645 ms | Average CUDA latency: 183.534315 ms, Average TFLOPs: 2.928272
>> VLA-Cache inference mode
Current CUDA latency: 103.876961 ms | Average CUDA latency: 183.487622 ms, Average TFLOPs: 2.928214
>> VLA-Cache inference mode
Current CUDA latency: 118.684860 ms | Average CUDA latency: 183.449660 ms, Average TFLOPs: 2.928147
>> VLA-Cache inference mode
Current CUDA latency: 103.465919 ms | Average CUDA latency: 183.402831 ms, Average TFLOPs: 2.928073
>> VLA-Cache inference mode
Current CUDA latency: 104.381538 ms | Average CUDA latency: 183.356592 ms, Average TFLOPs: 2.928037
>> VLA-Cache inference mode
Current CUDA latency: 156.563995 ms | Average CUDA latency: 183.340924 ms, Average TFLOPs: 2.927985
>> VLA-Cache inference mode
Current CUDA latency: 103.655487 ms | Average CUDA latency: 183.294352 ms, Average TFLOPs: 2.927939
>> VLA-Cache inference mode
Current CUDA latency: 119.627998 ms | Average CUDA latency: 183.257163 ms, Average TFLOPs: 2.927880
>> VLA-Cache inference mode
Current CUDA latency: 290.888885 ms | Average CUDA latency: 183.319996 ms, Average TFLOPs: 2.927788
>> VLA-Cache inference mode
Current CUDA latency: 140.196320 ms | Average CUDA latency: 183.294836 ms, Average TFLOPs: 2.927722
Average time per step: 610.6486 ms, Control Frequency: 13.10 Hz, Token Reusing Ratio (Primary): 35.79 %, , Token Reusing Ratio (Wrist): 35.52 %
Saved rollout MP4 at path ./rollouts/2026_04_07/primary--2026_04_07-18_57_52--episode=108--success=True--task=push_the_plate_to_the_front_of_the_stove.mp4
Saved rollout MP4 at path ./rollouts/2026_04_07/wrist--2026_04_07-18_57_52--episode=108--success=True--task=push_the_plate_to_the_front_of_the_stove.mp4
04/07 [21:22:21] INFO     | >> Success: True              run_libero_eval.py:230
                 INFO     | >> # episodes completed so    run_libero_eval.py:230
                          far: 108                                              
                 INFO     | >> # successes: 102 (94.4%)   run_libero_eval.py:230

 40%|████      | 8/20 [13:16<19:55, 99.59s/it] [A                 INFO     | >>                            run_libero_eval.py:230
                          Task: push the plate to the                           
                          front of the stove                                    
                 INFO     | >> Starting episode 9...      run_libero_eval.py:230
huggingface/tokenizers: The current process just got forked, after parallelism has already been used. Disabling parallelism to avoid deadlocks...
To disable this warning, you can either:
	- Avoid using `tokenizers` before the fork if possible
	- Explicitly set the environment variable TOKENIZERS_PARALLELISM=(true | false)
huggingface/tokenizers: The current process just got forked, after parallelism has already been used. Disabling parallelism to avoid deadlocks...
To disable this warning, you can either:
	- Avoid using `tokenizers` before the fork if possible
	- Explicitly set the environment variable TOKENIZERS_PARALLELISM=(true | false)
>> VLA-Cache inference mode
Current CUDA latency: 322.856781 ms | Average CUDA latency: 183.376213 ms, Average TFLOPs: 2.928171
>> VLA-Cache inference mode
Current CUDA latency: 298.161591 ms | Average CUDA latency: 183.443104 ms, Average TFLOPs: 2.928187
>> VLA-Cache inference mode
Current CUDA latency: 236.290375 ms | Average CUDA latency: 183.473883 ms, Average TFLOPs: 2.928192
>> VLA-Cache inference mode
Current CUDA latency: 181.650726 ms | Average CUDA latency: 183.472822 ms, Average TFLOPs: 2.928206
>> VLA-Cache inference mode
Current CUDA latency: 146.280807 ms | Average CUDA latency: 183.451186 ms, Average TFLOPs: 2.928175
>> VLA-Cache inference mode
Current CUDA latency: 112.571358 ms | Average CUDA latency: 183.409977 ms, Average TFLOPs: 2.928139
>> VLA-Cache inference mode
Current CUDA latency: 143.215393 ms | Average CUDA latency: 183.386622 ms, Average TFLOPs: 2.928073
>> VLA-Cache inference mode
Current CUDA latency: 111.412064 ms | Average CUDA latency: 183.344825 ms, Average TFLOPs: 2.928026
>> VLA-Cache inference mode
Current CUDA latency: 102.659264 ms | Average CUDA latency: 183.297996 ms, Average TFLOPs: 2.927974
>> VLA-Cache inference mode
Current CUDA latency: 105.626915 ms | Average CUDA latency: 183.252943 ms, Average TFLOPs: 2.927911
>> VLA-Cache inference mode
Current CUDA latency: 131.181595 ms | Average CUDA latency: 183.222757 ms, Average TFLOPs: 2.927852
>> VLA-Cache inference mode
Current CUDA latency: 112.007774 ms | Average CUDA latency: 183.181497 ms, Average TFLOPs: 2.927790
>> VLA-Cache inference mode
Current CUDA latency: 252.595047 ms | Average CUDA latency: 183.221690 ms, Average TFLOPs: 2.927722
>> VLA-Cache inference mode
Current CUDA latency: 322.419525 ms | Average CUDA latency: 183.302244 ms, Average TFLOPs: 2.927629
>> VLA-Cache inference mode
Current CUDA latency: 114.887581 ms | Average CUDA latency: 183.262675 ms, Average TFLOPs: 2.927533
>> VLA-Cache inference mode
Current CUDA latency: 122.077309 ms | Average CUDA latency: 183.227308 ms, Average TFLOPs: 2.927449
>> VLA-Cache inference mode
Current CUDA latency: 109.152130 ms | Average CUDA latency: 183.184515 ms, Average TFLOPs: 2.927380
>> VLA-Cache inference mode
Current CUDA latency: 108.816223 ms | Average CUDA latency: 183.141577 ms, Average TFLOPs: 2.927317
>> VLA-Cache inference mode
Current CUDA latency: 124.513054 ms | Average CUDA latency: 183.107746 ms, Average TFLOPs: 2.927272
Average time per step: 609.7211 ms, Control Frequency: 13.12 Hz, Token Reusing Ratio (Primary): 35.89 %, , Token Reusing Ratio (Wrist): 35.59 %
Saved rollout MP4 at path ./rollouts/2026_04_07/primary--2026_04_07-18_57_52--episode=109--success=True--task=push_the_plate_to_the_front_of_the_stove.mp4
Saved rollout MP4 at path ./rollouts/2026_04_07/wrist--2026_04_07-18_57_52--episode=109--success=True--task=push_the_plate_to_the_front_of_the_stove.mp4
04/07 [21:23:53] INFO     | >> Success: True              run_libero_eval.py:230
                 INFO     | >> # episodes completed so    run_libero_eval.py:230
                          far: 109                                              
                 INFO     | >> # successes: 103 (94.5%)   run_libero_eval.py:230

 45%|████▌     | 9/20 [14:48<17:49, 97.22s/it][A                 INFO     | >>                            run_libero_eval.py:230
                          Task: push the plate to the                           
                          front of the stove                                    
                 INFO     | >> Starting episode 10...     run_libero_eval.py:230
huggingface/tokenizers: The current process just got forked, after parallelism has already been used. Disabling parallelism to avoid deadlocks...
To disable this warning, you can either:
	- Avoid using `tokenizers` before the fork if possible
	- Explicitly set the environment variable TOKENIZERS_PARALLELISM=(true | false)
huggingface/tokenizers: The current process just got forked, after parallelism has already been used. Disabling parallelism to avoid deadlocks...
To disable this warning, you can either:
	- Avoid using `tokenizers` before the fork if possible
	- Explicitly set the environment variable TOKENIZERS_PARALLELISM=(true | false)
>> VLA-Cache inference mode
Current CUDA latency: 360.819275 ms | Average CUDA latency: 183.210233 ms, Average TFLOPs: 2.927718
>> VLA-Cache inference mode
Current CUDA latency: 304.358154 ms | Average CUDA latency: 183.280059 ms, Average TFLOPs: 2.927756
>> VLA-Cache inference mode
Current CUDA latency: 228.291687 ms | Average CUDA latency: 183.305987 ms, Average TFLOPs: 2.927767
>> VLA-Cache inference mode
Current CUDA latency: 129.083359 ms | Average CUDA latency: 183.274771 ms, Average TFLOPs: 2.927780
>> VLA-Cache inference mode
Current CUDA latency: 135.497925 ms | Average CUDA latency: 183.247281 ms, Average TFLOPs: 2.927777
>> VLA-Cache inference mode
Current CUDA latency: 110.356766 ms | Average CUDA latency: 183.205366 ms, Average TFLOPs: 2.927734
>> VLA-Cache inference mode
Current CUDA latency: 117.608253 ms | Average CUDA latency: 183.167667 ms, Average TFLOPs: 2.927672
>> VLA-Cache inference mode
Current CUDA latency: 116.241890 ms | Average CUDA latency: 183.129226 ms, Average TFLOPs: 2.927679
>> VLA-Cache inference mode
Current CUDA latency: 108.453987 ms | Average CUDA latency: 183.086358 ms, Average TFLOPs: 2.927629
>> VLA-Cache inference mode
Current CUDA latency: 127.847549 ms | Average CUDA latency: 183.054666 ms, Average TFLOPs: 2.927554
>> VLA-Cache inference mode
Current CUDA latency: 123.260162 ms | Average CUDA latency: 183.020380 ms, Average TFLOPs: 2.927476
>> VLA-Cache inference mode
Current CUDA latency: 308.712585 ms | Average CUDA latency: 183.092410 ms, Average TFLOPs: 2.927404
>> VLA-Cache inference mode
Current CUDA latency: 167.888763 ms | Average CUDA latency: 183.083703 ms, Average TFLOPs: 2.927336
>> VLA-Cache inference mode
Current CUDA latency: 111.457405 ms | Average CUDA latency: 183.042703 ms, Average TFLOPs: 2.927280
>> VLA-Cache inference mode
Current CUDA latency: 102.983871 ms | Average CUDA latency: 182.996903 ms, Average TFLOPs: 2.927216
>> VLA-Cache inference mode
Current CUDA latency: 107.991875 ms | Average CUDA latency: 182.954018 ms, Average TFLOPs: 2.927161
>> VLA-Cache inference mode
Current CUDA latency: 102.642975 ms | Average CUDA latency: 182.908126 ms, Average TFLOPs: 2.927090
>> VLA-Cache inference mode
Current CUDA latency: 103.812416 ms | Average CUDA latency: 182.862954 ms, Average TFLOPs: 2.927023
>> VLA-Cache inference mode
Current CUDA latency: 108.388252 ms | Average CUDA latency: 182.820446 ms, Average TFLOPs: 2.926957
Average time per step: 606.3906 ms, Control Frequency: 13.19 Hz, Token Reusing Ratio (Primary): 35.93 %, , Token Reusing Ratio (Wrist): 35.59 %
Saved rollout MP4 at path ./rollouts/2026_04_07/primary--2026_04_07-18_57_52--episode=110--success=True--task=push_the_plate_to_the_front_of_the_stove.mp4
Saved rollout MP4 at path ./rollouts/2026_04_07/wrist--2026_04_07-18_57_52--episode=110--success=True--task=push_the_plate_to_the_front_of_the_stove.mp4
04/07 [21:25:24] INFO     | >> Success: True              run_libero_eval.py:230
                 INFO     | >> # episodes completed so    run_libero_eval.py:230
                          far: 110                                              
                 INFO     | >> # successes: 104 (94.5%)   run_libero_eval.py:230

 50%|█████     | 10/20 [16:20<15:54, 95.45s/it][A                 INFO     | >>                            run_libero_eval.py:230
                          Task: push the plate to the                           
                          front of the stove                                    
                 INFO     | >> Starting episode 11...     run_libero_eval.py:230
huggingface/tokenizers: The current process just got forked, after parallelism has already been used. Disabling parallelism to avoid deadlocks...
To disable this warning, you can either:
	- Avoid using `tokenizers` before the fork if possible
	- Explicitly set the environment variable TOKENIZERS_PARALLELISM=(true | false)
huggingface/tokenizers: The current process just got forked, after parallelism has already been used. Disabling parallelism to avoid deadlocks...
To disable this warning, you can either:
	- Avoid using `tokenizers` before the fork if possible
	- Explicitly set the environment variable TOKENIZERS_PARALLELISM=(true | false)
>> VLA-Cache inference mode
Current CUDA latency: 330.961823 ms | Average CUDA latency: 182.904953 ms, Average TFLOPs: 2.927397
>> VLA-Cache inference mode
Current CUDA latency: 345.442108 ms | Average CUDA latency: 182.997620 ms, Average TFLOPs: 2.927407
>> VLA-Cache inference mode
Current CUDA latency: 225.518021 ms | Average CUDA latency: 183.021848 ms, Average TFLOPs: 2.927415
>> VLA-Cache inference mode
Current CUDA latency: 181.320831 ms | Average CUDA latency: 183.020879 ms, Average TFLOPs: 2.927409
>> VLA-Cache inference mode
Current CUDA latency: 126.589249 ms | Average CUDA latency: 182.988761 ms, Average TFLOPs: 2.927397
>> VLA-Cache inference mode
Current CUDA latency: 112.371742 ms | Average CUDA latency: 182.948592 ms, Average TFLOPs: 2.927368
>> VLA-Cache inference mode
Current CUDA latency: 110.671425 ms | Average CUDA latency: 182.907502 ms, Average TFLOPs: 2.927320
>> VLA-Cache inference mode
Current CUDA latency: 110.904770 ms | Average CUDA latency: 182.866592 ms, Average TFLOPs: 2.927289
>> VLA-Cache inference mode
Current CUDA latency: 158.656677 ms | Average CUDA latency: 182.852844 ms, Average TFLOPs: 2.927224
>> VLA-Cache inference mode
Current CUDA latency: 103.133629 ms | Average CUDA latency: 182.807600 ms, Average TFLOPs: 2.927166
>> VLA-Cache inference mode
Current CUDA latency: 189.264603 ms | Average CUDA latency: 182.811263 ms, Average TFLOPs: 2.927109
>> VLA-Cache inference mode
Current CUDA latency: 415.269318 ms | Average CUDA latency: 182.943042 ms, Average TFLOPs: 2.927023
>> VLA-Cache inference mode
Current CUDA latency: 211.913467 ms | Average CUDA latency: 182.959456 ms, Average TFLOPs: 2.926923
>> VLA-Cache inference mode
Current CUDA latency: 134.882721 ms | Average CUDA latency: 182.932232 ms, Average TFLOPs: 2.926853
>> VLA-Cache inference mode
Current CUDA latency: 109.182625 ms | Average CUDA latency: 182.890495 ms, Average TFLOPs: 2.926792
>> VLA-Cache inference mode
Current CUDA latency: 112.048836 ms | Average CUDA latency: 182.850426 ms, Average TFLOPs: 2.926753
>> VLA-Cache inference mode
Current CUDA latency: 162.325531 ms | Average CUDA latency: 182.838824 ms, Average TFLOPs: 2.926691
Average time per step: 608.4470 ms, Control Frequency: 13.15 Hz, Token Reusing Ratio (Primary): 35.95 %, , Token Reusing Ratio (Wrist): 35.59 %
Saved rollout MP4 at path ./rollouts/2026_04_07/primary--2026_04_07-18_57_52--episode=111--success=True--task=push_the_plate_to_the_front_of_the_stove.mp4
Saved rollout MP4 at path ./rollouts/2026_04_07/wrist--2026_04_07-18_57_52--episode=111--success=True--task=push_the_plate_to_the_front_of_the_stove.mp4
04/07 [21:26:53] INFO     | >> Success: True              run_libero_eval.py:230
                 INFO     | >> # episodes completed so    run_libero_eval.py:230
                          far: 111                                              
                 INFO     | >> # successes: 105 (94.6%)   run_libero_eval.py:230

 55%|█████▌    | 11/20 [17:48<13:59, 93.33s/it][A                 INFO     | >>                            run_libero_eval.py:230
                          Task: push the plate to the                           
                          front of the stove                                    
                 INFO     | >> Starting episode 12...     run_libero_eval.py:230
huggingface/tokenizers: The current process just got forked, after parallelism has already been used. Disabling parallelism to avoid deadlocks...
To disable this warning, you can either:
	- Avoid using `tokenizers` before the fork if possible
	- Explicitly set the environment variable TOKENIZERS_PARALLELISM=(true | false)
huggingface/tokenizers: The current process just got forked, after parallelism has already been used. Disabling parallelism to avoid deadlocks...
To disable this warning, you can either:
	- Avoid using `tokenizers` before the fork if possible
	- Explicitly set the environment variable TOKENIZERS_PARALLELISM=(true | false)
>> VLA-Cache inference mode
Current CUDA latency: 405.829773 ms | Average CUDA latency: 182.964807 ms, Average TFLOPs: 2.927128
>> VLA-Cache inference mode
Current CUDA latency: 273.449829 ms | Average CUDA latency: 183.015900 ms, Average TFLOPs: 2.927144
>> VLA-Cache inference mode
Current CUDA latency: 122.913597 ms | Average CUDA latency: 182.981982 ms, Average TFLOPs: 2.927139
>> VLA-Cache inference mode
Current CUDA latency: 112.385887 ms | Average CUDA latency: 182.942165 ms, Average TFLOPs: 2.927130
>> VLA-Cache inference mode
Current CUDA latency: 106.694397 ms | Average CUDA latency: 182.899184 ms, Average TFLOPs: 2.927096
>> VLA-Cache inference mode
Current CUDA latency: 118.208832 ms | Average CUDA latency: 182.862739 ms, Average TFLOPs: 2.927032
>> VLA-Cache inference mode
Current CUDA latency: 109.002655 ms | Average CUDA latency: 182.821151 ms, Average TFLOPs: 2.926985
>> VLA-Cache inference mode
Current CUDA latency: 158.025925 ms | Average CUDA latency: 182.807197 ms, Average TFLOPs: 2.926913
>> VLA-Cache inference mode
Current CUDA latency: 145.193573 ms | Average CUDA latency: 182.786042 ms, Average TFLOPs: 2.926845
>> VLA-Cache inference mode
Current CUDA latency: 107.767166 ms | Average CUDA latency: 182.743873 ms, Average TFLOPs: 2.926777
>> VLA-Cache inference mode
Current CUDA latency: 106.473885 ms | Average CUDA latency: 182.701025 ms, Average TFLOPs: 2.926700
>> VLA-Cache inference mode
Current CUDA latency: 145.772858 ms | Average CUDA latency: 182.680290 ms, Average TFLOPs: 2.926616
>> VLA-Cache inference mode
Current CUDA latency: 169.092255 ms | Average CUDA latency: 182.672665 ms, Average TFLOPs: 2.926506
>> VLA-Cache inference mode
Current CUDA latency: 129.636154 ms | Average CUDA latency: 182.642920 ms, Average TFLOPs: 2.926453
>> VLA-Cache inference mode
Current CUDA latency: 153.347198 ms | Average CUDA latency: 182.626498 ms, Average TFLOPs: 2.926401
>> VLA-Cache inference mode
Current CUDA latency: 107.996834 ms | Average CUDA latency: 182.584689 ms, Average TFLOPs: 2.926330
>> VLA-Cache inference mode
Current CUDA latency: 376.099182 ms | Average CUDA latency: 182.693040 ms, Average TFLOPs: 2.926287
>> VLA-Cache inference mode
Current CUDA latency: 262.503723 ms | Average CUDA latency: 182.737702 ms, Average TFLOPs: 2.926248
Average time per step: 606.5969 ms, Control Frequency: 13.19 Hz, Token Reusing Ratio (Primary): 36.01 %, , Token Reusing Ratio (Wrist): 35.62 %
Saved rollout MP4 at path ./rollouts/2026_04_07/primary--2026_04_07-18_57_52--episode=112--success=True--task=push_the_plate_to_the_front_of_the_stove.mp4
Saved rollout MP4 at path ./rollouts/2026_04_07/wrist--2026_04_07-18_57_52--episode=112--success=True--task=push_the_plate_to_the_front_of_the_stove.mp4
04/07 [21:28:23] INFO     | >> Success: True              run_libero_eval.py:230
                 INFO     | >> # episodes completed so    run_libero_eval.py:230
                          far: 112                                              
                 INFO     | >> # successes: 106 (94.6%)   run_libero_eval.py:230

 60%|██████    | 12/20 [19:19<12:20, 92.52s/it][A                 INFO     | >>                            run_libero_eval.py:230
                          Task: push the plate to the                           
                          front of the stove                                    
                 INFO     | >> Starting episode 13...     run_libero_eval.py:230
huggingface/tokenizers: The current process just got forked, after parallelism has already been used. Disabling parallelism to avoid deadlocks...
To disable this warning, you can either:
	- Avoid using `tokenizers` before the fork if possible
	- Explicitly set the environment variable TOKENIZERS_PARALLELISM=(true | false)
huggingface/tokenizers: The current process just got forked, after parallelism has already been used. Disabling parallelism to avoid deadlocks...
To disable this warning, you can either:
	- Avoid using `tokenizers` before the fork if possible
	- Explicitly set the environment variable TOKENIZERS_PARALLELISM=(true | false)
>> VLA-Cache inference mode
Current CUDA latency: 374.143707 ms | Average CUDA latency: 182.844752 ms, Average TFLOPs: 2.926681
>> VLA-Cache inference mode
Current CUDA latency: 381.570435 ms | Average CUDA latency: 182.955834 ms, Average TFLOPs: 2.926721
>> VLA-Cache inference mode
Current CUDA latency: 124.769661 ms | Average CUDA latency: 182.923328 ms, Average TFLOPs: 2.926745
>> VLA-Cache inference mode
Current CUDA latency: 126.571747 ms | Average CUDA latency: 182.891864 ms, Average TFLOPs: 2.926749
>> VLA-Cache inference mode
Current CUDA latency: 130.868347 ms | Average CUDA latency: 182.862833 ms, Average TFLOPs: 2.926742
>> VLA-Cache inference mode
Current CUDA latency: 142.687393 ms | Average CUDA latency: 182.840426 ms, Average TFLOPs: 2.926711
>> VLA-Cache inference mode
Current CUDA latency: 162.947495 ms | Average CUDA latency: 182.829337 ms, Average TFLOPs: 2.926674
>> VLA-Cache inference mode
Current CUDA latency: 128.299301 ms | Average CUDA latency: 182.798959 ms, Average TFLOPs: 2.926656
>> VLA-Cache inference mode
Current CUDA latency: 138.356995 ms | Average CUDA latency: 182.774214 ms, Average TFLOPs: 2.926599
>> VLA-Cache inference mode
Current CUDA latency: 108.925026 ms | Average CUDA latency: 182.733118 ms, Average TFLOPs: 2.926585
>> VLA-Cache inference mode
Current CUDA latency: 107.837631 ms | Average CUDA latency: 182.691463 ms, Average TFLOPs: 2.926543
>> VLA-Cache inference mode
Current CUDA latency: 130.670471 ms | Average CUDA latency: 182.662546 ms, Average TFLOPs: 2.926479
>> VLA-Cache inference mode
Current CUDA latency: 109.162399 ms | Average CUDA latency: 182.621713 ms, Average TFLOPs: 2.926417
>> VLA-Cache inference mode
Current CUDA latency: 155.890686 ms | Average CUDA latency: 182.606871 ms, Average TFLOPs: 2.926329
>> VLA-Cache inference mode
Current CUDA latency: 195.112289 ms | Average CUDA latency: 182.613810 ms, Average TFLOPs: 2.926256
>> VLA-Cache inference mode
Current CUDA latency: 119.927422 ms | Average CUDA latency: 182.579043 ms, Average TFLOPs: 2.926212
Average time per step: 604.1775 ms, Control Frequency: 13.24 Hz, Token Reusing Ratio (Primary): 35.84 %, , Token Reusing Ratio (Wrist): 35.59 %
Saved rollout MP4 at path ./rollouts/2026_04_07/primary--2026_04_07-18_57_52--episode=113--success=True--task=push_the_plate_to_the_front_of_the_stove.mp4
Saved rollout MP4 at path ./rollouts/2026_04_07/wrist--2026_04_07-18_57_52--episode=113--success=True--task=push_the_plate_to_the_front_of_the_stove.mp4
04/07 [21:29:41] INFO     | >> Success: True              run_libero_eval.py:230
                 INFO     | >> # episodes completed so    run_libero_eval.py:230
                          far: 113                                              
                 INFO     | >> # successes: 107 (94.7%)   run_libero_eval.py:230

 65%|██████▌   | 13/20 [20:36<10:15, 87.93s/it][A                 INFO     | >>                            run_libero_eval.py:230
                          Task: push the plate to the                           
                          front of the stove                                    
                 INFO     | >> Starting episode 14...     run_libero_eval.py:230
huggingface/tokenizers: The current process just got forked, after parallelism has already been used. Disabling parallelism to avoid deadlocks...
To disable this warning, you can either:
	- Avoid using `tokenizers` before the fork if possible
	- Explicitly set the environment variable TOKENIZERS_PARALLELISM=(true | false)
huggingface/tokenizers: The current process just got forked, after parallelism has already been used. Disabling parallelism to avoid deadlocks...
To disable this warning, you can either:
	- Avoid using `tokenizers` before the fork if possible
	- Explicitly set the environment variable TOKENIZERS_PARALLELISM=(true | false)
>> VLA-Cache inference mode
Current CUDA latency: 332.195740 ms | Average CUDA latency: 182.661979 ms, Average TFLOPs: 2.926641
>> VLA-Cache inference mode
Current CUDA latency: 325.682648 ms | Average CUDA latency: 182.741214 ms, Average TFLOPs: 2.926669
>> VLA-Cache inference mode
Current CUDA latency: 112.573120 ms | Average CUDA latency: 182.702362 ms, Average TFLOPs: 2.926656
>> VLA-Cache inference mode
Current CUDA latency: 111.966820 ms | Average CUDA latency: 182.663216 ms, Average TFLOPs: 2.926634
>> VLA-Cache inference mode
Current CUDA latency: 109.627708 ms | Average CUDA latency: 182.622821 ms, Average TFLOPs: 2.926601
>> VLA-Cache inference mode
Current CUDA latency: 111.288895 ms | Average CUDA latency: 182.583388 ms, Average TFLOPs: 2.926576
>> VLA-Cache inference mode
Current CUDA latency: 153.944229 ms | Average CUDA latency: 182.567565 ms, Average TFLOPs: 2.926520
>> VLA-Cache inference mode
Current CUDA latency: 195.504089 ms | Average CUDA latency: 182.574708 ms, Average TFLOPs: 2.926479
>> VLA-Cache inference mode
Current CUDA latency: 194.254364 ms | Average CUDA latency: 182.581154 ms, Average TFLOPs: 2.926414
>> VLA-Cache inference mode
Current CUDA latency: 110.663521 ms | Average CUDA latency: 182.541486 ms, Average TFLOPs: 2.926373
>> VLA-Cache inference mode
Current CUDA latency: 170.050461 ms | Average CUDA latency: 182.534600 ms, Average TFLOPs: 2.926289
>> VLA-Cache inference mode
Current CUDA latency: 214.127518 ms | Average CUDA latency: 182.552007 ms, Average TFLOPs: 2.926204
>> VLA-Cache inference mode
Current CUDA latency: 114.166367 ms | Average CUDA latency: 182.514350 ms, Average TFLOPs: 2.926110
>> VLA-Cache inference mode
Current CUDA latency: 183.834045 ms | Average CUDA latency: 182.515076 ms, Average TFLOPs: 2.926052
>> VLA-Cache inference mode
Current CUDA latency: 202.720871 ms | Average CUDA latency: 182.526190 ms, Average TFLOPs: 2.925978
>> VLA-Cache inference mode
Current CUDA latency: 222.990204 ms | Average CUDA latency: 182.548436 ms, Average TFLOPs: 2.925904
>> VLA-Cache inference mode
Current CUDA latency: 114.872925 ms | Average CUDA latency: 182.511251 ms, Average TFLOPs: 2.925823
>> VLA-Cache inference mode
Current CUDA latency: 118.584160 ms | Average CUDA latency: 182.476146 ms, Average TFLOPs: 2.925756
Average time per step: 601.7774 ms, Control Frequency: 13.29 Hz, Token Reusing Ratio (Primary): 35.88 %, , Token Reusing Ratio (Wrist): 35.59 %
Saved rollout MP4 at path ./rollouts/2026_04_07/primary--2026_04_07-18_57_52--episode=114--success=True--task=push_the_plate_to_the_front_of_the_stove.mp4
Saved rollout MP4 at path ./rollouts/2026_04_07/wrist--2026_04_07-18_57_52--episode=114--success=True--task=push_the_plate_to_the_front_of_the_stove.mp4
04/07 [21:31:10] INFO     | >> Success: True              run_libero_eval.py:230
                 INFO     | >> # episodes completed so    run_libero_eval.py:230
                          far: 114                                              
                 INFO     | >> # successes: 108 (94.7%)   run_libero_eval.py:230

 70%|███████   | 14/20 [22:05<08:49, 88.22s/it][A                 INFO     | >>                            run_libero_eval.py:230
                          Task: push the plate to the                           
                          front of the stove                                    
                 INFO     | >> Starting episode 15...     run_libero_eval.py:230
huggingface/tokenizers: The current process just got forked, after parallelism has already been used. Disabling parallelism to avoid deadlocks...
To disable this warning, you can either:
	- Avoid using `tokenizers` before the fork if possible
	- Explicitly set the environment variable TOKENIZERS_PARALLELISM=(true | false)
huggingface/tokenizers: The current process just got forked, after parallelism has already been used. Disabling parallelism to avoid deadlocks...
To disable this warning, you can either:
	- Avoid using `tokenizers` before the fork if possible
	- Explicitly set the environment variable TOKENIZERS_PARALLELISM=(true | false)
>> VLA-Cache inference mode
Current CUDA latency: 322.255035 ms | Average CUDA latency: 182.552863 ms, Average TFLOPs: 2.926180
>> VLA-Cache inference mode
Current CUDA latency: 286.144073 ms | Average CUDA latency: 182.609688 ms, Average TFLOPs: 2.926198
>> VLA-Cache inference mode
Current CUDA latency: 123.455101 ms | Average CUDA latency: 182.577256 ms, Average TFLOPs: 2.926231
>> VLA-Cache inference mode
Current CUDA latency: 225.583939 ms | Average CUDA latency: 182.600822 ms, Average TFLOPs: 2.926257
>> VLA-Cache inference mode
Current CUDA latency: 154.547043 ms | Average CUDA latency: 182.585458 ms, Average TFLOPs: 2.926248
>> VLA-Cache inference mode
Current CUDA latency: 186.207367 ms | Average CUDA latency: 182.587441 ms, Average TFLOPs: 2.926211
>> VLA-Cache inference mode
Current CUDA latency: 150.476379 ms | Average CUDA latency: 182.569874 ms, Average TFLOPs: 2.926198
>> VLA-Cache inference mode
Current CUDA latency: 103.340416 ms | Average CUDA latency: 182.526556 ms, Average TFLOPs: 2.926165
>> VLA-Cache inference mode
Current CUDA latency: 131.667908 ms | Average CUDA latency: 182.498764 ms, Average TFLOPs: 2.926109
>> VLA-Cache inference mode
Current CUDA latency: 118.499268 ms | Average CUDA latency: 182.463811 ms, Average TFLOPs: 2.926043
>> VLA-Cache inference mode
Current CUDA latency: 104.116547 ms | Average CUDA latency: 182.421045 ms, Average TFLOPs: 2.925986
>> VLA-Cache inference mode
Current CUDA latency: 106.690849 ms | Average CUDA latency: 182.379730 ms, Average TFLOPs: 2.925926
>> VLA-Cache inference mode
Current CUDA latency: 103.071297 ms | Average CUDA latency: 182.336487 ms, Average TFLOPs: 2.925870
>> VLA-Cache inference mode
Current CUDA latency: 101.617661 ms | Average CUDA latency: 182.292498 ms, Average TFLOPs: 2.925812
>> VLA-Cache inference mode
Current CUDA latency: 110.760803 ms | Average CUDA latency: 182.253538 ms, Average TFLOPs: 2.925772
>> VLA-Cache inference mode
Current CUDA latency: 146.375259 ms | Average CUDA latency: 182.234007 ms, Average TFLOPs: 2.925732
>> VLA-Cache inference mode
Current CUDA latency: 110.105186 ms | Average CUDA latency: 182.194764 ms, Average TFLOPs: 2.925706
Average time per step: 600.2580 ms, Control Frequency: 13.33 Hz, Token Reusing Ratio (Primary): 35.76 %, , Token Reusing Ratio (Wrist): 35.59 %
Saved rollout MP4 at path ./rollouts/2026_04_07/primary--2026_04_07-18_57_52--episode=115--success=True--task=push_the_plate_to_the_front_of_the_stove.mp4
Saved rollout MP4 at path ./rollouts/2026_04_07/wrist--2026_04_07-18_57_52--episode=115--success=True--task=push_the_plate_to_the_front_of_the_stove.mp4
04/07 [21:32:32] INFO     | >> Success: True              run_libero_eval.py:230
                 INFO     | >> # episodes completed so    run_libero_eval.py:230
                          far: 115                                              
                 INFO     | >> # successes: 109 (94.8%)   run_libero_eval.py:230

 75%|███████▌  | 15/20 [23:28<07:12, 86.52s/it][A                 INFO     | >>                            run_libero_eval.py:230
                          Task: push the plate to the                           
                          front of the stove                                    
                 INFO     | >> Starting episode 16...     run_libero_eval.py:230
huggingface/tokenizers: The current process just got forked, after parallelism has already been used. Disabling parallelism to avoid deadlocks...
To disable this warning, you can either:
	- Avoid using `tokenizers` before the fork if possible
	- Explicitly set the environment variable TOKENIZERS_PARALLELISM=(true | false)
huggingface/tokenizers: The current process just got forked, after parallelism has already been used. Disabling parallelism to avoid deadlocks...
To disable this warning, you can either:
	- Avoid using `tokenizers` before the fork if possible
	- Explicitly set the environment variable TOKENIZERS_PARALLELISM=(true | false)
>> VLA-Cache inference mode
Current CUDA latency: 403.815033 ms | Average CUDA latency: 182.315275 ms, Average TFLOPs: 2.926127
>> VLA-Cache inference mode
Current CUDA latency: 285.968353 ms | Average CUDA latency: 182.371608 ms, Average TFLOPs: 2.926130
>> VLA-Cache inference mode
Current CUDA latency: 174.073959 ms | Average CUDA latency: 182.367101 ms, Average TFLOPs: 2.926142
>> VLA-Cache inference mode
Current CUDA latency: 123.599236 ms | Average CUDA latency: 182.335197 ms, Average TFLOPs: 2.926139
>> VLA-Cache inference mode
Current CUDA latency: 115.268448 ms | Average CUDA latency: 182.298807 ms, Average TFLOPs: 2.926144
>> VLA-Cache inference mode
Current CUDA latency: 118.685760 ms | Average CUDA latency: 182.264309 ms, Average TFLOPs: 2.926117
>> VLA-Cache inference mode
Current CUDA latency: 115.819809 ms | Average CUDA latency: 182.228296 ms, Average TFLOPs: 2.926086
>> VLA-Cache inference mode
Current CUDA latency: 117.394913 ms | Average CUDA latency: 182.193175 ms, Average TFLOPs: 2.926078
>> VLA-Cache inference mode
Current CUDA latency: 123.578751 ms | Average CUDA latency: 182.161440 ms, Average TFLOPs: 2.926018
>> VLA-Cache inference mode
Current CUDA latency: 114.884415 ms | Average CUDA latency: 182.125035 ms, Average TFLOPs: 2.925944
>> VLA-Cache inference mode
Current CUDA latency: 167.609116 ms | Average CUDA latency: 182.117184 ms, Average TFLOPs: 2.925885
>> VLA-Cache inference mode
Current CUDA latency: 237.076675 ms | Average CUDA latency: 182.146892 ms, Average TFLOPs: 2.925810
>> VLA-Cache inference mode
Current CUDA latency: 114.326241 ms | Average CUDA latency: 182.110252 ms, Average TFLOPs: 2.925769
>> VLA-Cache inference mode
Current CUDA latency: 137.363449 ms | Average CUDA latency: 182.086091 ms, Average TFLOPs: 2.925724
>> VLA-Cache inference mode
Current CUDA latency: 121.176765 ms | Average CUDA latency: 182.053220 ms, Average TFLOPs: 2.925679
>> VLA-Cache inference mode
Current CUDA latency: 117.159683 ms | Average CUDA latency: 182.018218 ms, Average TFLOPs: 2.925650
>> VLA-Cache inference mode
Current CUDA latency: 118.243393 ms | Average CUDA latency: 181.983838 ms, Average TFLOPs: 2.925588
Average time per step: 599.3659 ms, Control Frequency: 13.35 Hz, Token Reusing Ratio (Primary): 35.68 %, , Token Reusing Ratio (Wrist): 35.59 %
Saved rollout MP4 at path ./rollouts/2026_04_07/primary--2026_04_07-18_57_52--episode=116--success=True--task=push_the_plate_to_the_front_of_the_stove.mp4
Saved rollout MP4 at path ./rollouts/2026_04_07/wrist--2026_04_07-18_57_52--episode=116--success=True--task=push_the_plate_to_the_front_of_the_stove.mp4
04/07 [21:33:58] INFO     | >> Success: True              run_libero_eval.py:230
                 INFO     | >> # episodes completed so    run_libero_eval.py:230
                          far: 116                                              
                 INFO     | >> # successes: 110 (94.8%)   run_libero_eval.py:230

 80%|████████  | 16/20 [24:54<05:45, 86.39s/it][A                 INFO     | >>                            run_libero_eval.py:230
                          Task: push the plate to the                           
                          front of the stove                                    
                 INFO     | >> Starting episode 17...     run_libero_eval.py:230
huggingface/tokenizers: The current process just got forked, after parallelism has already been used. Disabling parallelism to avoid deadlocks...
To disable this warning, you can either:
	- Avoid using `tokenizers` before the fork if possible
	- Explicitly set the environment variable TOKENIZERS_PARALLELISM=(true | false)
huggingface/tokenizers: The current process just got forked, after parallelism has already been used. Disabling parallelism to avoid deadlocks...
To disable this warning, you can either:
	- Avoid using `tokenizers` before the fork if possible
	- Explicitly set the environment variable TOKENIZERS_PARALLELISM=(true | false)
>> VLA-Cache inference mode
Current CUDA latency: 343.918182 ms | Average CUDA latency: 182.071087 ms, Average TFLOPs: 2.926005
>> VLA-Cache inference mode
Current CUDA latency: 293.550598 ms | Average CUDA latency: 182.131119 ms, Average TFLOPs: 2.926041
>> VLA-Cache inference mode
Current CUDA latency: 128.117981 ms | Average CUDA latency: 182.102049 ms, Average TFLOPs: 2.926060
>> VLA-Cache inference mode
Current CUDA latency: 117.329597 ms | Average CUDA latency: 182.067206 ms, Average TFLOPs: 2.926074
>> VLA-Cache inference mode
Current CUDA latency: 124.209793 ms | Average CUDA latency: 182.036100 ms, Average TFLOPs: 2.926058
>> VLA-Cache inference mode
Current CUDA latency: 111.189888 ms | Average CUDA latency: 181.998031 ms, Average TFLOPs: 2.926040
>> VLA-Cache inference mode
Current CUDA latency: 112.099777 ms | Average CUDA latency: 181.960492 ms, Average TFLOPs: 2.925998
>> VLA-Cache inference mode
Current CUDA latency: 141.824356 ms | Average CUDA latency: 181.938948 ms, Average TFLOPs: 2.925924
>> VLA-Cache inference mode
Current CUDA latency: 105.981987 ms | Average CUDA latency: 181.898198 ms, Average TFLOPs: 2.925866
>> VLA-Cache inference mode
Current CUDA latency: 126.551102 ms | Average CUDA latency: 181.868522 ms, Average TFLOPs: 2.925799
>> VLA-Cache inference mode
Current CUDA latency: 173.420578 ms | Average CUDA latency: 181.863994 ms, Average TFLOPs: 2.925767
>> VLA-Cache inference mode
Current CUDA latency: 183.949127 ms | Average CUDA latency: 181.865111 ms, Average TFLOPs: 2.925729
>> VLA-Cache inference mode
Current CUDA latency: 144.742081 ms | Average CUDA latency: 181.845238 ms, Average TFLOPs: 2.925667
>> VLA-Cache inference mode
Current CUDA latency: 106.862465 ms | Average CUDA latency: 181.805119 ms, Average TFLOPs: 2.925620
>> VLA-Cache inference mode
Current CUDA latency: 110.702782 ms | Average CUDA latency: 181.767096 ms, Average TFLOPs: 2.925550
>> VLA-Cache inference mode
Current CUDA latency: 110.716476 ms | Average CUDA latency: 181.729121 ms, Average TFLOPs: 2.925518
Average time per step: 596.8255 ms, Control Frequency: 13.40 Hz, Token Reusing Ratio (Primary): 35.58 %, , Token Reusing Ratio (Wrist): 35.56 %
Saved rollout MP4 at path ./rollouts/2026_04_07/primary--2026_04_07-18_57_52--episode=117--success=True--task=push_the_plate_to_the_front_of_the_stove.mp4
Saved rollout MP4 at path ./rollouts/2026_04_07/wrist--2026_04_07-18_57_52--episode=117--success=True--task=push_the_plate_to_the_front_of_the_stove.mp4
04/07 [21:35:17] INFO     | >> Success: True              run_libero_eval.py:230
                 INFO     | >> # episodes completed so    run_libero_eval.py:230
                          far: 117                                              
                 INFO     | >> # successes: 111 (94.9%)   run_libero_eval.py:230

 85%|████████▌ | 17/20 [26:12<04:12, 84.05s/it][A                 INFO     | >>                            run_libero_eval.py:230
                          Task: push the plate to the                           
                          front of the stove                                    
                 INFO     | >> Starting episode 18...     run_libero_eval.py:230
huggingface/tokenizers: The current process just got forked, after parallelism has already been used. Disabling parallelism to avoid deadlocks...
To disable this warning, you can either:
	- Avoid using `tokenizers` before the fork if possible
	- Explicitly set the environment variable TOKENIZERS_PARALLELISM=(true | false)
huggingface/tokenizers: The current process just got forked, after parallelism has already been used. Disabling parallelism to avoid deadlocks...
To disable this warning, you can either:
	- Avoid using `tokenizers` before the fork if possible
	- Explicitly set the environment variable TOKENIZERS_PARALLELISM=(true | false)
>> VLA-Cache inference mode
Current CUDA latency: 400.030243 ms | Average CUDA latency: 181.845735 ms, Average TFLOPs: 2.925932
>> VLA-Cache inference mode
Current CUDA latency: 315.451752 ms | Average CUDA latency: 181.917068 ms, Average TFLOPs: 2.925953
>> VLA-Cache inference mode
Current CUDA latency: 126.311996 ms | Average CUDA latency: 181.887396 ms, Average TFLOPs: 2.925949
>> VLA-Cache inference mode
Current CUDA latency: 123.694717 ms | Average CUDA latency: 181.856360 ms, Average TFLOPs: 2.925932
>> VLA-Cache inference mode
Current CUDA latency: 110.803780 ms | Average CUDA latency: 181.818485 ms, Average TFLOPs: 2.925939
>> VLA-Cache inference mode
Current CUDA latency: 160.346848 ms | Average CUDA latency: 181.807046 ms, Average TFLOPs: 2.925891
>> VLA-Cache inference mode
Current CUDA latency: 223.552383 ms | Average CUDA latency: 181.829275 ms, Average TFLOPs: 2.925810
>> VLA-Cache inference mode
Current CUDA latency: 151.174683 ms | Average CUDA latency: 181.812960 ms, Average TFLOPs: 2.925786
>> VLA-Cache inference mode
Current CUDA latency: 136.698181 ms | Average CUDA latency: 181.788963 ms, Average TFLOPs: 2.925745
>> VLA-Cache inference mode
Current CUDA latency: 148.691589 ms | Average CUDA latency: 181.771368 ms, Average TFLOPs: 2.925683
>> VLA-Cache inference mode
Current CUDA latency: 111.570366 ms | Average CUDA latency: 181.734066 ms, Average TFLOPs: 2.925649
>> VLA-Cache inference mode
Current CUDA latency: 139.316544 ms | Average CUDA latency: 181.711540 ms, Average TFLOPs: 2.925581
>> VLA-Cache inference mode
Current CUDA latency: 164.893661 ms | Average CUDA latency: 181.702613 ms, Average TFLOPs: 2.925525
>> VLA-Cache inference mode
Current CUDA latency: 121.522499 ms | Average CUDA latency: 181.670687 ms, Average TFLOPs: 2.925438
>> VLA-Cache inference mode
Current CUDA latency: 110.939743 ms | Average CUDA latency: 181.633184 ms, Average TFLOPs: 2.925391
>> VLA-Cache inference mode
Current CUDA latency: 138.612259 ms | Average CUDA latency: 181.610386 ms, Average TFLOPs: 2.925334
>> VLA-Cache inference mode
Current CUDA latency: 112.078400 ms | Average CUDA latency: 181.573557 ms, Average TFLOPs: 2.925288
Average time per step: 594.2913 ms, Control Frequency: 13.46 Hz, Token Reusing Ratio (Primary): 35.54 %, , Token Reusing Ratio (Wrist): 35.60 %
Saved rollout MP4 at path ./rollouts/2026_04_07/primary--2026_04_07-18_57_52--episode=118--success=True--task=push_the_plate_to_the_front_of_the_stove.mp4
Saved rollout MP4 at path ./rollouts/2026_04_07/wrist--2026_04_07-18_57_52--episode=118--success=True--task=push_the_plate_to_the_front_of_the_stove.mp4
04/07 [21:36:42] INFO     | >> Success: True              run_libero_eval.py:230
                 INFO     | >> # episodes completed so    run_libero_eval.py:230
                          far: 118                                              
                 INFO     | >> # successes: 112 (94.9%)   run_libero_eval.py:230

 90%|█████████ | 18/20 [27:37<02:48, 84.26s/it][A                 INFO     | >>                            run_libero_eval.py:230
                          Task: push the plate to the                           
                          front of the stove                                    
                 INFO     | >> Starting episode 19...     run_libero_eval.py:230
huggingface/tokenizers: The current process just got forked, after parallelism has already been used. Disabling parallelism to avoid deadlocks...
To disable this warning, you can either:
	- Avoid using `tokenizers` before the fork if possible
	- Explicitly set the environment variable TOKENIZERS_PARALLELISM=(true | false)
huggingface/tokenizers: The current process just got forked, after parallelism has already been used. Disabling parallelism to avoid deadlocks...
To disable this warning, you can either:
	- Avoid using `tokenizers` before the fork if possible
	- Explicitly set the environment variable TOKENIZERS_PARALLELISM=(true | false)
>> VLA-Cache inference mode
Current CUDA latency: 318.036041 ms | Average CUDA latency: 181.645798 ms, Average TFLOPs: 2.925698
>> VLA-Cache inference mode
Current CUDA latency: 220.573883 ms | Average CUDA latency: 181.666395 ms, Average TFLOPs: 2.925716
>> VLA-Cache inference mode
Current CUDA latency: 194.487366 ms | Average CUDA latency: 181.673175 ms, Average TFLOPs: 2.925730
>> VLA-Cache inference mode
Current CUDA latency: 242.810562 ms | Average CUDA latency: 181.705488 ms, Average TFLOPs: 2.925725
>> VLA-Cache inference mode
Current CUDA latency: 140.748291 ms | Average CUDA latency: 181.683852 ms, Average TFLOPs: 2.925700
>> VLA-Cache inference mode
Current CUDA latency: 117.685600 ms | Average CUDA latency: 181.650062 ms, Average TFLOPs: 2.925655
>> VLA-Cache inference mode
Current CUDA latency: 162.210663 ms | Average CUDA latency: 181.639804 ms, Average TFLOPs: 2.925579
>> VLA-Cache inference mode
Current CUDA latency: 113.970627 ms | Average CUDA latency: 181.604113 ms, Average TFLOPs: 2.925571
>> VLA-Cache inference mode
Current CUDA latency: 109.739075 ms | Average CUDA latency: 181.566230 ms, Average TFLOPs: 2.925526
>> VLA-Cache inference mode
Current CUDA latency: 110.386627 ms | Average CUDA latency: 181.528727 ms, Average TFLOPs: 2.925462
>> VLA-Cache inference mode
Current CUDA latency: 102.595840 ms | Average CUDA latency: 181.487162 ms, Average TFLOPs: 2.925392
>> VLA-Cache inference mode
Current CUDA latency: 107.232002 ms | Average CUDA latency: 181.448080 ms, Average TFLOPs: 2.925316
>> VLA-Cache inference mode
Current CUDA latency: 111.707108 ms | Average CUDA latency: 181.411394 ms, Average TFLOPs: 2.925254
>> VLA-Cache inference mode
Current CUDA latency: 173.882370 ms | Average CUDA latency: 181.407435 ms, Average TFLOPs: 2.925185
>> VLA-Cache inference mode
Current CUDA latency: 196.991547 ms | Average CUDA latency: 181.415625 ms, Average TFLOPs: 2.925114
>> VLA-Cache inference mode
Current CUDA latency: 135.019623 ms | Average CUDA latency: 181.391257 ms, Average TFLOPs: 2.925031
>> VLA-Cache inference mode
Current CUDA latency: 133.662888 ms | Average CUDA latency: 181.366203 ms, Average TFLOPs: 2.924987
>> VLA-Cache inference mode
Current CUDA latency: 129.608032 ms | Average CUDA latency: 181.339047 ms, Average TFLOPs: 2.924937
Average time per step: 589.4555 ms, Control Frequency: 13.57 Hz, Token Reusing Ratio (Primary): 35.60 %, , Token Reusing Ratio (Wrist): 35.62 %
Saved rollout MP4 at path ./rollouts/2026_04_07/primary--2026_04_07-18_57_52--episode=119--success=True--task=push_the_plate_to_the_front_of_the_stove.mp4
Saved rollout MP4 at path ./rollouts/2026_04_07/wrist--2026_04_07-18_57_52--episode=119--success=True--task=push_the_plate_to_the_front_of_the_stove.mp4
04/07 [21:38:03] INFO     | >> Success: True              run_libero_eval.py:230
                 INFO     | >> # episodes completed so    run_libero_eval.py:230
                          far: 119                                              
                 INFO     | >> # successes: 113 (95.0%)   run_libero_eval.py:230

 95%|█████████▌| 19/20 [28:58<01:23, 83.33s/it][A                 INFO     | >>                            run_libero_eval.py:230
                          Task: push the plate to the                           
                          front of the stove                                    
                 INFO     | >> Starting episode 20...     run_libero_eval.py:230
huggingface/tokenizers: The current process just got forked, after parallelism has already been used. Disabling parallelism to avoid deadlocks...
To disable this warning, you can either:
	- Avoid using `tokenizers` before the fork if possible
	- Explicitly set the environment variable TOKENIZERS_PARALLELISM=(true | false)
huggingface/tokenizers: The current process just got forked, after parallelism has already been used. Disabling parallelism to avoid deadlocks...
To disable this warning, you can either:
	- Avoid using `tokenizers` before the fork if possible
	- Explicitly set the environment variable TOKENIZERS_PARALLELISM=(true | false)
>> VLA-Cache inference mode
Current CUDA latency: 309.391174 ms | Average CUDA latency: 181.406196 ms, Average TFLOPs: 2.925343
>> VLA-Cache inference mode
Current CUDA latency: 218.359833 ms | Average CUDA latency: 181.425563 ms, Average TFLOPs: 2.925355
>> VLA-Cache inference mode
Current CUDA latency: 121.837021 ms | Average CUDA latency: 181.394349 ms, Average TFLOPs: 2.925387
>> VLA-Cache inference mode
Current CUDA latency: 116.128609 ms | Average CUDA latency: 181.360178 ms, Average TFLOPs: 2.925383
>> VLA-Cache inference mode
Current CUDA latency: 252.693344 ms | Average CUDA latency: 181.397506 ms, Average TFLOPs: 2.925373
>> VLA-Cache inference mode
Current CUDA latency: 232.821442 ms | Average CUDA latency: 181.424401 ms, Average TFLOPs: 2.925330
>> VLA-Cache inference mode
Current CUDA latency: 109.624672 ms | Average CUDA latency: 181.386869 ms, Average TFLOPs: 2.925272
>> VLA-Cache inference mode
Current CUDA latency: 115.779327 ms | Average CUDA latency: 181.352591 ms, Average TFLOPs: 2.925245
>> VLA-Cache inference mode
Current CUDA latency: 118.431618 ms | Average CUDA latency: 181.319734 ms, Average TFLOPs: 2.925210
>> VLA-Cache inference mode
Current CUDA latency: 110.906334 ms | Average CUDA latency: 181.282984 ms, Average TFLOPs: 2.925155
>> VLA-Cache inference mode
Current CUDA latency: 107.217468 ms | Average CUDA latency: 181.244348 ms, Average TFLOPs: 2.925103
>> VLA-Cache inference mode
Current CUDA latency: 109.882942 ms | Average CUDA latency: 181.207142 ms, Average TFLOPs: 2.925065
>> VLA-Cache inference mode
Current CUDA latency: 142.300186 ms | Average CUDA latency: 181.186867 ms, Average TFLOPs: 2.925029
>> VLA-Cache inference mode
Current CUDA latency: 108.713982 ms | Average CUDA latency: 181.149121 ms, Average TFLOPs: 2.924967
>> VLA-Cache inference mode
Current CUDA latency: 114.732964 ms | Average CUDA latency: 181.114547 ms, Average TFLOPs: 2.924906
>> VLA-Cache inference mode
Current CUDA latency: 136.086243 ms | Average CUDA latency: 181.091119 ms, Average TFLOPs: 2.924858
>> VLA-Cache inference mode
Current CUDA latency: 217.276001 ms | Average CUDA latency: 181.109936 ms, Average TFLOPs: 2.924833
>> VLA-Cache inference mode
Current CUDA latency: 182.441376 ms | Average CUDA latency: 181.110628 ms, Average TFLOPs: 2.924789
Average time per step: 585.5060 ms, Control Frequency: 13.66 Hz, Token Reusing Ratio (Primary): 35.60 %, , Token Reusing Ratio (Wrist): 35.61 %
Saved rollout MP4 at path ./rollouts/2026_04_07/primary--2026_04_07-18_57_52--episode=120--success=True--task=push_the_plate_to_the_front_of_the_stove.mp4
Saved rollout MP4 at path ./rollouts/2026_04_07/wrist--2026_04_07-18_57_52--episode=120--success=True--task=push_the_plate_to_the_front_of_the_stove.mp4
04/07 [21:39:25] INFO     | >> Success: True              run_libero_eval.py:230
                 INFO     | >> # episodes completed so    run_libero_eval.py:230
                          far: 120                                              
                 INFO     | >> # successes: 114 (95.0%)   run_libero_eval.py:230

100%|██████████| 20/20 [30:20<00:00, 82.97s/it][A100%|██████████| 20/20 [30:20<00:00, 91.04s/it]
                 INFO     | >> Current task success rate: run_libero_eval.py:230
                          0.95                                                  
                 INFO     | >> Current total success      run_libero_eval.py:230
                          rate: 0.95                                            
 60%|██████    | 6/10 [2:41:17<1:51:22, 1670.55s/it][Warning]: datasets path /root/sj-tmp/workspace/LIBERO/libero/libero/../datasets does not exist!
                 INFO     | >> Using default initial      run_libero_eval.py:230
                          states                                                
[Warning]: datasets path /root/sj-tmp/workspace/LIBERO/libero/libero/../datasets does not exist!

  0%|          | 0/20 [00:00<?, ?it/s][A04/07 [21:39:27] INFO     | >>                            run_libero_eval.py:230
                          Task: put the cream cheese in                         
                          the bowl                                              
                 INFO     | >> Starting episode 1...      run_libero_eval.py:230
huggingface/tokenizers: The current process just got forked, after parallelism has already been used. Disabling parallelism to avoid deadlocks...
To disable this warning, you can either:
	- Avoid using `tokenizers` before the fork if possible
	- Explicitly set the environment variable TOKENIZERS_PARALLELISM=(true | false)
huggingface/tokenizers: The current process just got forked, after parallelism has already been used. Disabling parallelism to avoid deadlocks...
To disable this warning, you can either:
	- Avoid using `tokenizers` before the fork if possible
	- Explicitly set the environment variable TOKENIZERS_PARALLELISM=(true | false)
>> VLA-Cache inference mode
Current CUDA latency: 427.355835 ms | Average CUDA latency: 181.238548 ms, Average TFLOPs: 2.925191
>> VLA-Cache inference mode
Current CUDA latency: 236.469315 ms | Average CUDA latency: 181.267224 ms, Average TFLOPs: 2.925212
>> VLA-Cache inference mode
Current CUDA latency: 133.445435 ms | Average CUDA latency: 181.242407 ms, Average TFLOPs: 2.925224
>> VLA-Cache inference mode
Current CUDA latency: 120.716415 ms | Average CUDA latency: 181.211014 ms, Average TFLOPs: 2.925227
>> VLA-Cache inference mode
Current CUDA latency: 204.253433 ms | Average CUDA latency: 181.222960 ms, Average TFLOPs: 2.925236
>> VLA-Cache inference mode
Current CUDA latency: 371.156860 ms | Average CUDA latency: 181.321371 ms, Average TFLOPs: 2.925214
>> VLA-Cache inference mode
Current CUDA latency: 138.338364 ms | Average CUDA latency: 181.299111 ms, Average TFLOPs: 2.925160
>> VLA-Cache inference mode
Current CUDA latency: 108.942017 ms | Average CUDA latency: 181.261660 ms, Average TFLOPs: 2.925075
>> VLA-Cache inference mode
Current CUDA latency: 117.401634 ms | Average CUDA latency: 181.228623 ms, Average TFLOPs: 2.924969
>> VLA-Cache inference mode
Current CUDA latency: 106.009758 ms | Average CUDA latency: 181.189730 ms, Average TFLOPs: 2.924903
>> VLA-Cache inference mode
Current CUDA latency: 108.275620 ms | Average CUDA latency: 181.152048 ms, Average TFLOPs: 2.924862
>> VLA-Cache inference mode
Current CUDA latency: 110.617661 ms | Average CUDA latency: 181.115615 ms, Average TFLOPs: 2.924819
Average time per step: 606.9671 ms, Control Frequency: 13.18 Hz, Token Reusing Ratio (Primary): 32.32 %, , Token Reusing Ratio (Wrist): 35.09 %
Saved rollout MP4 at path ./rollouts/2026_04_07/primary--2026_04_07-18_57_52--episode=121--success=True--task=put_the_cream_cheese_in_the_bowl.mp4
Saved rollout MP4 at path ./rollouts/2026_04_07/wrist--2026_04_07-18_57_52--episode=121--success=True--task=put_the_cream_cheese_in_the_bowl.mp4
04/07 [21:40:28] INFO     | >> Success: True              run_libero_eval.py:230
                 INFO     | >> # episodes completed so    run_libero_eval.py:230
                          far: 121                                              
                 INFO     | >> # successes: 115 (95.0%)   run_libero_eval.py:230

  5%|▌         | 1/20 [01:00<19:13, 60.72s/it][A                 INFO     | >>                            run_libero_eval.py:230
                          Task: put the cream cheese in                         
                          the bowl                                              
                 INFO     | >> Starting episode 2...      run_libero_eval.py:230
huggingface/tokenizers: The current process just got forked, after parallelism has already been used. Disabling parallelism to avoid deadlocks...
To disable this warning, you can either:
	- Avoid using `tokenizers` before the fork if possible
	- Explicitly set the environment variable TOKENIZERS_PARALLELISM=(true | false)
huggingface/tokenizers: The current process just got forked, after parallelism has already been used. Disabling parallelism to avoid deadlocks...
To disable this warning, you can either:
	- Avoid using `tokenizers` before the fork if possible
	- Explicitly set the environment variable TOKENIZERS_PARALLELISM=(true | false)
>> VLA-Cache inference mode
Current CUDA latency: 391.680695 ms | Average CUDA latency: 181.224322 ms, Average TFLOPs: 2.925219
>> VLA-Cache inference mode
Current CUDA latency: 305.752472 ms | Average CUDA latency: 181.288578 ms, Average TFLOPs: 2.925254
>> VLA-Cache inference mode
Current CUDA latency: 139.474243 ms | Average CUDA latency: 181.267013 ms, Average TFLOPs: 2.925266
>> VLA-Cache inference mode
Current CUDA latency: 121.269699 ms | Average CUDA latency: 181.236087 ms, Average TFLOPs: 2.925287
>> VLA-Cache inference mode
Current CUDA latency: 118.655556 ms | Average CUDA latency: 181.203845 ms, Average TFLOPs: 2.925296
>> VLA-Cache inference mode
Current CUDA latency: 114.553185 ms | Average CUDA latency: 181.169525 ms, Average TFLOPs: 2.925310
>> VLA-Cache inference mode
Current CUDA latency: 118.493790 ms | Average CUDA latency: 181.137267 ms, Average TFLOPs: 2.925259
>> VLA-Cache inference mode
Current CUDA latency: 124.979362 ms | Average CUDA latency: 181.108380 ms, Average TFLOPs: 2.925193
>> VLA-Cache inference mode
Current CUDA latency: 153.594376 ms | Average CUDA latency: 181.094234 ms, Average TFLOPs: 2.925114
>> VLA-Cache inference mode
Current CUDA latency: 222.835678 ms | Average CUDA latency: 181.115683 ms, Average TFLOPs: 2.925042
>> VLA-Cache inference mode
Current CUDA latency: 212.591522 ms | Average CUDA latency: 181.131850 ms, Average TFLOPs: 2.924982
>> VLA-Cache inference mode
Current CUDA latency: 147.237793 ms | Average CUDA latency: 181.114450 ms, Average TFLOPs: 2.924937
>> VLA-Cache inference mode
Current CUDA latency: 138.479294 ms | Average CUDA latency: 181.092575 ms, Average TFLOPs: 2.924896
Average time per step: 571.8884 ms, Control Frequency: 13.99 Hz, Token Reusing Ratio (Primary): 32.27 %, , Token Reusing Ratio (Wrist): 34.89 %
Saved rollout MP4 at path ./rollouts/2026_04_07/primary--2026_04_07-18_57_52--episode=122--success=True--task=put_the_cream_cheese_in_the_bowl.mp4
Saved rollout MP4 at path ./rollouts/2026_04_07/wrist--2026_04_07-18_57_52--episode=122--success=True--task=put_the_cream_cheese_in_the_bowl.mp4
04/07 [21:41:30] INFO     | >> Success: True              run_libero_eval.py:230
                 INFO     | >> # episodes completed so    run_libero_eval.py:230
                          far: 122                                              
                 INFO     | >> # successes: 116 (95.1%)   run_libero_eval.py:230

 10%|█         | 2/20 [02:02<18:24, 61.39s/it][A                 INFO     | >>                            run_libero_eval.py:230
                          Task: put the cream cheese in                         
                          the bowl                                              
                 INFO     | >> Starting episode 3...      run_libero_eval.py:230
huggingface/tokenizers: The current process just got forked, after parallelism has already been used. Disabling parallelism to avoid deadlocks...
To disable this warning, you can either:
	- Avoid using `tokenizers` before the fork if possible
	- Explicitly set the environment variable TOKENIZERS_PARALLELISM=(true | false)
huggingface/tokenizers: The current process just got forked, after parallelism has already been used. Disabling parallelism to avoid deadlocks...
To disable this warning, you can either:
	- Avoid using `tokenizers` before the fork if possible
	- Explicitly set the environment variable TOKENIZERS_PARALLELISM=(true | false)
>> VLA-Cache inference mode
Current CUDA latency: 292.064392 ms | Average CUDA latency: 181.149484 ms, Average TFLOPs: 2.925294
>> VLA-Cache inference mode
Current CUDA latency: 278.561554 ms | Average CUDA latency: 181.199413 ms, Average TFLOPs: 2.925340
>> VLA-Cache inference mode
Current CUDA latency: 116.770592 ms | Average CUDA latency: 181.166406 ms, Average TFLOPs: 2.925366
>> VLA-Cache inference mode
Current CUDA latency: 120.075203 ms | Average CUDA latency: 181.135126 ms, Average TFLOPs: 2.925372
>> VLA-Cache inference mode
Current CUDA latency: 154.280289 ms | Average CUDA latency: 181.121382 ms, Average TFLOPs: 2.925378
>> VLA-Cache inference mode
Current CUDA latency: 256.753204 ms | Average CUDA latency: 181.160068 ms, Average TFLOPs: 2.925365
>> VLA-Cache inference mode
Current CUDA latency: 148.110886 ms | Average CUDA latency: 181.143172 ms, Average TFLOPs: 2.925289
>> VLA-Cache inference mode
Current CUDA latency: 135.766556 ms | Average CUDA latency: 181.119985 ms, Average TFLOPs: 2.925222
>> VLA-Cache inference mode
Current CUDA latency: 113.095650 ms | Average CUDA latency: 181.085244 ms, Average TFLOPs: 2.925114
>> VLA-Cache inference mode
Current CUDA latency: 107.156860 ms | Average CUDA latency: 181.047506 ms, Average TFLOPs: 2.925031
>> VLA-Cache inference mode
Current CUDA latency: 123.383133 ms | Average CUDA latency: 181.018085 ms, Average TFLOPs: 2.924967
>> VLA-Cache inference mode
Current CUDA latency: 108.043869 ms | Average CUDA latency: 180.980872 ms, Average TFLOPs: 2.924868
>> VLA-Cache inference mode
Current CUDA latency: 115.059456 ms | Average CUDA latency: 180.947273 ms, Average TFLOPs: 2.924750
>> VLA-Cache inference mode
Current CUDA latency: 107.131874 ms | Average CUDA latency: 180.909670 ms, Average TFLOPs: 2.924681
>> VLA-Cache inference mode
Current CUDA latency: 281.179993 ms | Average CUDA latency: 180.960724 ms, Average TFLOPs: 2.924584
>> VLA-Cache inference mode
Current CUDA latency: 111.279869 ms | Average CUDA latency: 180.925263 ms, Average TFLOPs: 2.924509
>> VLA-Cache inference mode
Current CUDA latency: 146.041245 ms | Average CUDA latency: 180.907519 ms, Average TFLOPs: 2.924444
>> VLA-Cache inference mode
Current CUDA latency: 130.106018 ms | Average CUDA latency: 180.881693 ms, Average TFLOPs: 2.924386
>> VLA-Cache inference mode
Current CUDA latency: 117.137314 ms | Average CUDA latency: 180.849302 ms, Average TFLOPs: 2.924282
>> VLA-Cache inference mode
Current CUDA latency: 146.033340 ms | Average CUDA latency: 180.831620 ms, Average TFLOPs: 2.924207
>> VLA-Cache inference mode
Current CUDA latency: 247.481155 ms | Average CUDA latency: 180.865452 ms, Average TFLOPs: 2.924155
>> VLA-Cache inference mode
Current CUDA latency: 192.919128 ms | Average CUDA latency: 180.871568 ms, Average TFLOPs: 2.924099
>> VLA-Cache inference mode
Current CUDA latency: 138.874023 ms | Average CUDA latency: 180.850271 ms, Average TFLOPs: 2.924047
>> VLA-Cache inference mode
Current CUDA latency: 144.949158 ms | Average CUDA latency: 180.832075 ms, Average TFLOPs: 2.924002
>> VLA-Cache inference mode
Current CUDA latency: 120.768387 ms | Average CUDA latency: 180.801647 ms, Average TFLOPs: 2.923941
>> VLA-Cache inference mode
Current CUDA latency: 109.887619 ms | Average CUDA latency: 180.765741 ms, Average TFLOPs: 2.923893
>> VLA-Cache inference mode
Current CUDA latency: 189.336258 ms | Average CUDA latency: 180.770079 ms, Average TFLOPs: 2.923851
Average time per step: 566.2061 ms, Control Frequency: 14.13 Hz, Token Reusing Ratio (Primary): 33.66 %, , Token Reusing Ratio (Wrist): 36.48 %
Saved rollout MP4 at path ./rollouts/2026_04_07/primary--2026_04_07-18_57_52--episode=123--success=True--task=put_the_cream_cheese_in_the_bowl.mp4
Saved rollout MP4 at path ./rollouts/2026_04_07/wrist--2026_04_07-18_57_52--episode=123--success=True--task=put_the_cream_cheese_in_the_bowl.mp4
04/07 [21:43:40] INFO     | >> Success: True              run_libero_eval.py:230
                 INFO     | >> # episodes completed so    run_libero_eval.py:230
                          far: 123                                              
                 INFO     | >> # successes: 117 (95.1%)   run_libero_eval.py:230

 15%|█▌        | 3/20 [04:13<26:22, 93.08s/it][A                 INFO     | >>                            run_libero_eval.py:230
                          Task: put the cream cheese in                         
                          the bowl                                              
                 INFO     | >> Starting episode 4...      run_libero_eval.py:230
huggingface/tokenizers: The current process just got forked, after parallelism has already been used. Disabling parallelism to avoid deadlocks...
To disable this warning, you can either:
	- Avoid using `tokenizers` before the fork if possible
	- Explicitly set the environment variable TOKENIZERS_PARALLELISM=(true | false)
huggingface/tokenizers: The current process just got forked, after parallelism has already been used. Disabling parallelism to avoid deadlocks...
To disable this warning, you can either:
	- Avoid using `tokenizers` before the fork if possible
	- Explicitly set the environment variable TOKENIZERS_PARALLELISM=(true | false)
>> VLA-Cache inference mode
Current CUDA latency: 329.931488 ms | Average CUDA latency: 180.845527 ms, Average TFLOPs: 2.924243
>> VLA-Cache inference mode
Current CUDA latency: 260.958069 ms | Average CUDA latency: 180.886029 ms, Average TFLOPs: 2.924250
>> VLA-Cache inference mode
Current CUDA latency: 182.532410 ms | Average CUDA latency: 180.886861 ms, Average TFLOPs: 2.924245
>> VLA-Cache inference mode
Current CUDA latency: 241.128479 ms | Average CUDA latency: 180.917286 ms, Average TFLOPs: 2.924239
>> VLA-Cache inference mode
Current CUDA latency: 155.744965 ms | Average CUDA latency: 180.904579 ms, Average TFLOPs: 2.924207
>> VLA-Cache inference mode
Current CUDA latency: 102.078911 ms | Average CUDA latency: 180.864808 ms, Average TFLOPs: 2.924167
>> VLA-Cache inference mode
Current CUDA latency: 171.478851 ms | Average CUDA latency: 180.860075 ms, Average TFLOPs: 2.924075
>> VLA-Cache inference mode
Current CUDA latency: 128.864517 ms | Average CUDA latency: 180.833868 ms, Average TFLOPs: 2.923962
>> VLA-Cache inference mode
Current CUDA latency: 116.921120 ms | Average CUDA latency: 180.801670 ms, Average TFLOPs: 2.923888
>> VLA-Cache inference mode
Current CUDA latency: 107.586754 ms | Average CUDA latency: 180.764804 ms, Average TFLOPs: 2.923859
>> VLA-Cache inference mode
Current CUDA latency: 139.316833 ms | Average CUDA latency: 180.743945 ms, Average TFLOPs: 2.923829
>> VLA-Cache inference mode
Current CUDA latency: 106.290146 ms | Average CUDA latency: 180.706493 ms, Average TFLOPs: 2.923778
Average time per step: 563.7227 ms, Control Frequency: 14.19 Hz, Token Reusing Ratio (Primary): 33.62 %, , Token Reusing Ratio (Wrist): 36.19 %
Saved rollout MP4 at path ./rollouts/2026_04_07/primary--2026_04_07-18_57_52--episode=124--success=True--task=put_the_cream_cheese_in_the_bowl.mp4
Saved rollout MP4 at path ./rollouts/2026_04_07/wrist--2026_04_07-18_57_52--episode=124--success=True--task=put_the_cream_cheese_in_the_bowl.mp4
04/07 [21:44:39] INFO     | >> Success: True              run_libero_eval.py:230
                 INFO     | >> # episodes completed so    run_libero_eval.py:230
                          far: 124                                              
                 INFO     | >> # successes: 118 (95.2%)   run_libero_eval.py:230

 20%|██        | 4/20 [05:12<21:12, 79.53s/it][A                 INFO     | >>                            run_libero_eval.py:230
                          Task: put the cream cheese in                         
                          the bowl                                              
                 INFO     | >> Starting episode 5...      run_libero_eval.py:230
huggingface/tokenizers: The current process just got forked, after parallelism has already been used. Disabling parallelism to avoid deadlocks...
To disable this warning, you can either:
	- Avoid using `tokenizers` before the fork if possible
	- Explicitly set the environment variable TOKENIZERS_PARALLELISM=(true | false)
huggingface/tokenizers: The current process just got forked, after parallelism has already been used. Disabling parallelism to avoid deadlocks...
To disable this warning, you can either:
	- Avoid using `tokenizers` before the fork if possible
	- Explicitly set the environment variable TOKENIZERS_PARALLELISM=(true | false)
>> VLA-Cache inference mode
Current CUDA latency: 347.735352 ms | Average CUDA latency: 180.790469 ms, Average TFLOPs: 2.924168
>> VLA-Cache inference mode
Current CUDA latency: 276.394135 ms | Average CUDA latency: 180.838511 ms, Average TFLOPs: 2.924189
>> VLA-Cache inference mode
Current CUDA latency: 227.528610 ms | Average CUDA latency: 180.861962 ms, Average TFLOPs: 2.924195
>> VLA-Cache inference mode
Current CUDA latency: 186.571548 ms | Average CUDA latency: 180.864828 ms, Average TFLOPs: 2.924203
>> VLA-Cache inference mode
Current CUDA latency: 119.910851 ms | Average CUDA latency: 180.834244 ms, Average TFLOPs: 2.924191
>> VLA-Cache inference mode
Current CUDA latency: 131.449692 ms | Average CUDA latency: 180.809478 ms, Average TFLOPs: 2.924165
>> VLA-Cache inference mode
Current CUDA latency: 149.052582 ms | Average CUDA latency: 180.793559 ms, Average TFLOPs: 2.924096
>> VLA-Cache inference mode
Current CUDA latency: 122.914787 ms | Average CUDA latency: 180.764562 ms, Average TFLOPs: 2.923991
>> VLA-Cache inference mode
Current CUDA latency: 124.690910 ms | Average CUDA latency: 180.736483 ms, Average TFLOPs: 2.923923
>> VLA-Cache inference mode
Current CUDA latency: 108.184067 ms | Average CUDA latency: 180.700171 ms, Average TFLOPs: 2.923845
>> VLA-Cache inference mode
Current CUDA latency: 122.641342 ms | Average CUDA latency: 180.671127 ms, Average TFLOPs: 2.923764
>> VLA-Cache inference mode
Current CUDA latency: 106.528099 ms | Average CUDA latency: 180.634055 ms, Average TFLOPs: 2.923691
>> VLA-Cache inference mode
Current CUDA latency: 412.279510 ms | Average CUDA latency: 180.749820 ms, Average TFLOPs: 2.923604
>> VLA-Cache inference mode
Current CUDA latency: 172.035385 ms | Average CUDA latency: 180.745467 ms, Average TFLOPs: 2.923535
>> VLA-Cache inference mode
Current CUDA latency: 113.074844 ms | Average CUDA latency: 180.711682 ms, Average TFLOPs: 2.923450
>> VLA-Cache inference mode
Current CUDA latency: 109.816193 ms | Average CUDA latency: 180.676305 ms, Average TFLOPs: 2.923357
>> VLA-Cache inference mode
Current CUDA latency: 123.939873 ms | Average CUDA latency: 180.648008 ms, Average TFLOPs: 2.923284
>> VLA-Cache inference mode
Current CUDA latency: 190.492615 ms | Average CUDA latency: 180.652916 ms, Average TFLOPs: 2.923232
>> VLA-Cache inference mode
Current CUDA latency: 128.963684 ms | Average CUDA latency: 180.627161 ms, Average TFLOPs: 2.923189
>> VLA-Cache inference mode
Current CUDA latency: 108.724319 ms | Average CUDA latency: 180.591353 ms, Average TFLOPs: 2.923123
>> VLA-Cache inference mode
Current CUDA latency: 109.375069 ms | Average CUDA latency: 180.555904 ms, Average TFLOPs: 2.923061
>> VLA-Cache inference mode
Current CUDA latency: 163.974274 ms | Average CUDA latency: 180.547655 ms, Average TFLOPs: 2.923017
>> VLA-Cache inference mode
Current CUDA latency: 105.034111 ms | Average CUDA latency: 180.510104 ms, Average TFLOPs: 2.922948
>> VLA-Cache inference mode
Current CUDA latency: 223.077560 ms | Average CUDA latency: 180.531261 ms, Average TFLOPs: 2.922871
>> VLA-Cache inference mode
Current CUDA latency: 171.582458 ms | Average CUDA latency: 180.526816 ms, Average TFLOPs: 2.922802
Average time per step: 571.8686 ms, Control Frequency: 13.99 Hz, Token Reusing Ratio (Primary): 34.14 %, , Token Reusing Ratio (Wrist): 36.44 %
Saved rollout MP4 at path ./rollouts/2026_04_07/primary--2026_04_07-18_57_52--episode=125--success=True--task=put_the_cream_cheese_in_the_bowl.mp4
Saved rollout MP4 at path ./rollouts/2026_04_07/wrist--2026_04_07-18_57_52--episode=125--success=True--task=put_the_cream_cheese_in_the_bowl.mp4
04/07 [21:46:41] INFO     | >> Success: True              run_libero_eval.py:230
                 INFO     | >> # episodes completed so    run_libero_eval.py:230
                          far: 125                                              
                 INFO     | >> # successes: 119 (95.2%)   run_libero_eval.py:230

 25%|██▌       | 5/20 [07:14<23:43, 94.92s/it][A                 INFO     | >>                            run_libero_eval.py:230
                          Task: put the cream cheese in                         
                          the bowl                                              
                 INFO     | >> Starting episode 6...      run_libero_eval.py:230
huggingface/tokenizers: The current process just got forked, after parallelism has already been used. Disabling parallelism to avoid deadlocks...
To disable this warning, you can either:
	- Avoid using `tokenizers` before the fork if possible
	- Explicitly set the environment variable TOKENIZERS_PARALLELISM=(true | false)
huggingface/tokenizers: The current process just got forked, after parallelism has already been used. Disabling parallelism to avoid deadlocks...
To disable this warning, you can either:
	- Avoid using `tokenizers` before the fork if possible
	- Explicitly set the environment variable TOKENIZERS_PARALLELISM=(true | false)
>> VLA-Cache inference mode
Current CUDA latency: 323.876465 ms | Average CUDA latency: 180.597992 ms, Average TFLOPs: 2.923187
>> VLA-Cache inference mode
Current CUDA latency: 250.634308 ms | Average CUDA latency: 180.632750 ms, Average TFLOPs: 2.923217
>> VLA-Cache inference mode
Current CUDA latency: 151.895004 ms | Average CUDA latency: 180.618495 ms, Average TFLOPs: 2.923216
>> VLA-Cache inference mode
Current CUDA latency: 114.348892 ms | Average CUDA latency: 180.585639 ms, Average TFLOPs: 2.923217
>> VLA-Cache inference mode
Current CUDA latency: 110.578018 ms | Average CUDA latency: 180.550948 ms, Average TFLOPs: 2.923205
>> VLA-Cache inference mode
Current CUDA latency: 110.726303 ms | Average CUDA latency: 180.516364 ms, Average TFLOPs: 2.923179
>> VLA-Cache inference mode
Current CUDA latency: 129.569305 ms | Average CUDA latency: 180.491143 ms, Average TFLOPs: 2.923117
>> VLA-Cache inference mode
Current CUDA latency: 211.029465 ms | Average CUDA latency: 180.506253 ms, Average TFLOPs: 2.923004
>> VLA-Cache inference mode
Current CUDA latency: 163.740768 ms | Average CUDA latency: 180.497962 ms, Average TFLOPs: 2.922907
>> VLA-Cache inference mode
Current CUDA latency: 193.673508 ms | Average CUDA latency: 180.504475 ms, Average TFLOPs: 2.922814
>> VLA-Cache inference mode
Current CUDA latency: 167.079300 ms | Average CUDA latency: 180.497842 ms, Average TFLOPs: 2.922773
>> VLA-Cache inference mode
Current CUDA latency: 122.720413 ms | Average CUDA latency: 180.469310 ms, Average TFLOPs: 2.922712
Average time per step: 573.1298 ms, Control Frequency: 13.96 Hz, Token Reusing Ratio (Primary): 34.07 %, , Token Reusing Ratio (Wrist): 36.33 %
Saved rollout MP4 at path ./rollouts/2026_04_07/primary--2026_04_07-18_57_52--episode=126--success=True--task=put_the_cream_cheese_in_the_bowl.mp4
Saved rollout MP4 at path ./rollouts/2026_04_07/wrist--2026_04_07-18_57_52--episode=126--success=True--task=put_the_cream_cheese_in_the_bowl.mp4
04/07 [21:47:42] INFO     | >> Success: True              run_libero_eval.py:230
                 INFO     | >> # episodes completed so    run_libero_eval.py:230
                          far: 126                                              
                 INFO     | >> # successes: 120 (95.2%)   run_libero_eval.py:230

 30%|███       | 6/20 [08:15<19:27, 83.36s/it][A                 INFO     | >>                            run_libero_eval.py:230
                          Task: put the cream cheese in                         
                          the bowl                                              
                 INFO     | >> Starting episode 7...      run_libero_eval.py:230
huggingface/tokenizers: The current process just got forked, after parallelism has already been used. Disabling parallelism to avoid deadlocks...
To disable this warning, you can either:
	- Avoid using `tokenizers` before the fork if possible
	- Explicitly set the environment variable TOKENIZERS_PARALLELISM=(true | false)
huggingface/tokenizers: The current process just got forked, after parallelism has already been used. Disabling parallelism to avoid deadlocks...
To disable this warning, you can either:
	- Avoid using `tokenizers` before the fork if possible
	- Explicitly set the environment variable TOKENIZERS_PARALLELISM=(true | false)
>> VLA-Cache inference mode
Current CUDA latency: 319.029114 ms | Average CUDA latency: 180.537700 ms, Average TFLOPs: 2.923095
>> VLA-Cache inference mode
Current CUDA latency: 273.581390 ms | Average CUDA latency: 180.583603 ms, Average TFLOPs: 2.923108
>> VLA-Cache inference mode
Current CUDA latency: 118.532959 ms | Average CUDA latency: 180.553006 ms, Average TFLOPs: 2.923114
>> VLA-Cache inference mode
Current CUDA latency: 113.736259 ms | Average CUDA latency: 180.520075 ms, Average TFLOPs: 2.923128
>> VLA-Cache inference mode
Current CUDA latency: 114.156387 ms | Average CUDA latency: 180.487383 ms, Average TFLOPs: 2.923097
>> VLA-Cache inference mode
Current CUDA latency: 106.485725 ms | Average CUDA latency: 180.450947 ms, Average TFLOPs: 2.923056
>> VLA-Cache inference mode
Current CUDA latency: 123.478722 ms | Average CUDA latency: 180.422910 ms, Average TFLOPs: 2.922975
>> VLA-Cache inference mode
Current CUDA latency: 132.148346 ms | Average CUDA latency: 180.399164 ms, Average TFLOPs: 2.922877
>> VLA-Cache inference mode
Current CUDA latency: 286.703461 ms | Average CUDA latency: 180.451428 ms, Average TFLOPs: 2.922833
>> VLA-Cache inference mode
Current CUDA latency: 162.045120 ms | Average CUDA latency: 180.442383 ms, Average TFLOPs: 2.922794
>> VLA-Cache inference mode
Current CUDA latency: 168.960541 ms | Average CUDA latency: 180.436744 ms, Average TFLOPs: 2.922765
>> VLA-Cache inference mode
Current CUDA latency: 136.917191 ms | Average CUDA latency: 180.415379 ms, Average TFLOPs: 2.922711
Average time per step: 576.3616 ms, Control Frequency: 13.88 Hz, Token Reusing Ratio (Primary): 33.96 %, , Token Reusing Ratio (Wrist): 36.15 %
Saved rollout MP4 at path ./rollouts/2026_04_07/primary--2026_04_07-18_57_52--episode=127--success=True--task=put_the_cream_cheese_in_the_bowl.mp4
Saved rollout MP4 at path ./rollouts/2026_04_07/wrist--2026_04_07-18_57_52--episode=127--success=True--task=put_the_cream_cheese_in_the_bowl.mp4
04/07 [21:48:49] INFO     | >> Success: True              run_libero_eval.py:230
                 INFO     | >> # episodes completed so    run_libero_eval.py:230
                          far: 127                                              
                 INFO     | >> # successes: 121 (95.3%)   run_libero_eval.py:230

 35%|███▌      | 7/20 [09:21<16:50, 77.74s/it][A                 INFO     | >>                            run_libero_eval.py:230
                          Task: put the cream cheese in                         
                          the bowl                                              
                 INFO     | >> Starting episode 8...      run_libero_eval.py:230
huggingface/tokenizers: The current process just got forked, after parallelism has already been used. Disabling parallelism to avoid deadlocks...
To disable this warning, you can either:
	- Avoid using `tokenizers` before the fork if possible
	- Explicitly set the environment variable TOKENIZERS_PARALLELISM=(true | false)
huggingface/tokenizers: The current process just got forked, after parallelism has already been used. Disabling parallelism to avoid deadlocks...
To disable this warning, you can either:
	- Avoid using `tokenizers` before the fork if possible
	- Explicitly set the environment variable TOKENIZERS_PARALLELISM=(true | false)
>> VLA-Cache inference mode
Current CUDA latency: 399.083496 ms | Average CUDA latency: 180.522674 ms, Average TFLOPs: 2.923092
>> VLA-Cache inference mode
Current CUDA latency: 286.054199 ms | Average CUDA latency: 180.574431 ms, Average TFLOPs: 2.923107
>> VLA-Cache inference mode
Current CUDA latency: 133.452133 ms | Average CUDA latency: 180.551332 ms, Average TFLOPs: 2.923103
>> VLA-Cache inference mode
Current CUDA latency: 115.916100 ms | Average CUDA latency: 180.519663 ms, Average TFLOPs: 2.923098
>> VLA-Cache inference mode
Current CUDA latency: 111.224190 ms | Average CUDA latency: 180.485728 ms, Average TFLOPs: 2.923085
>> VLA-Cache inference mode
Current CUDA latency: 121.114014 ms | Average CUDA latency: 180.456667 ms, Average TFLOPs: 2.923033
>> VLA-Cache inference mode
Current CUDA latency: 222.097504 ms | Average CUDA latency: 180.477039 ms, Average TFLOPs: 2.922969
>> VLA-Cache inference mode
Current CUDA latency: 223.507965 ms | Average CUDA latency: 180.498081 ms, Average TFLOPs: 2.922869
>> VLA-Cache inference mode
Current CUDA latency: 109.029854 ms | Average CUDA latency: 180.463151 ms, Average TFLOPs: 2.922769
>> VLA-Cache inference mode
Current CUDA latency: 107.657089 ms | Average CUDA latency: 180.427584 ms, Average TFLOPs: 2.922686
>> VLA-Cache inference mode
Current CUDA latency: 143.441956 ms | Average CUDA latency: 180.409524 ms, Average TFLOPs: 2.922650
>> VLA-Cache inference mode
Current CUDA latency: 134.290375 ms | Average CUDA latency: 180.387016 ms, Average TFLOPs: 2.922596
>> VLA-Cache inference mode
Current CUDA latency: 199.884964 ms | Average CUDA latency: 180.396527 ms, Average TFLOPs: 2.922537
Average time per step: 577.8448 ms, Control Frequency: 13.84 Hz, Token Reusing Ratio (Primary): 33.95 %, , Token Reusing Ratio (Wrist): 36.11 %
Saved rollout MP4 at path ./rollouts/2026_04_07/primary--2026_04_07-18_57_52--episode=128--success=True--task=put_the_cream_cheese_in_the_bowl.mp4
Saved rollout MP4 at path ./rollouts/2026_04_07/wrist--2026_04_07-18_57_52--episode=128--success=True--task=put_the_cream_cheese_in_the_bowl.mp4
04/07 [21:49:52] INFO     | >> Success: True              run_libero_eval.py:230
                 INFO     | >> # episodes completed so    run_libero_eval.py:230
                          far: 128                                              
                 INFO     | >> # successes: 122 (95.3%)   run_libero_eval.py:230

 40%|████      | 8/20 [10:25<14:40, 73.34s/it][A                 INFO     | >>                            run_libero_eval.py:230
                          Task: put the cream cheese in                         
                          the bowl                                              
                 INFO     | >> Starting episode 9...      run_libero_eval.py:230
huggingface/tokenizers: The current process just got forked, after parallelism has already been used. Disabling parallelism to avoid deadlocks...
To disable this warning, you can either:
	- Avoid using `tokenizers` before the fork if possible
	- Explicitly set the environment variable TOKENIZERS_PARALLELISM=(true | false)
huggingface/tokenizers: The current process just got forked, after parallelism has already been used. Disabling parallelism to avoid deadlocks...
To disable this warning, you can either:
	- Avoid using `tokenizers` before the fork if possible
	- Explicitly set the environment variable TOKENIZERS_PARALLELISM=(true | false)
>> VLA-Cache inference mode
Current CUDA latency: 414.748962 ms | Average CUDA latency: 180.510790 ms, Average TFLOPs: 2.922916
>> VLA-Cache inference mode
Current CUDA latency: 257.784271 ms | Average CUDA latency: 180.548447 ms, Average TFLOPs: 2.922929
>> VLA-Cache inference mode
Current CUDA latency: 121.472160 ms | Average CUDA latency: 180.519672 ms, Average TFLOPs: 2.922947
>> VLA-Cache inference mode
Current CUDA latency: 118.834114 ms | Average CUDA latency: 180.489640 ms, Average TFLOPs: 2.922951
>> VLA-Cache inference mode
Current CUDA latency: 114.817245 ms | Average CUDA latency: 180.457683 ms, Average TFLOPs: 2.922954
>> VLA-Cache inference mode
Current CUDA latency: 116.103905 ms | Average CUDA latency: 180.426382 ms, Average TFLOPs: 2.922929
>> VLA-Cache inference mode
Current CUDA latency: 168.663452 ms | Average CUDA latency: 180.420664 ms, Average TFLOPs: 2.922878
>> VLA-Cache inference mode
Current CUDA latency: 224.354950 ms | Average CUDA latency: 180.442012 ms, Average TFLOPs: 2.922770
>> VLA-Cache inference mode
Current CUDA latency: 266.882782 ms | Average CUDA latency: 180.483994 ms, Average TFLOPs: 2.922664
>> VLA-Cache inference mode
Current CUDA latency: 144.250458 ms | Average CUDA latency: 180.466404 ms, Average TFLOPs: 2.922591
>> VLA-Cache inference mode
Current CUDA latency: 141.944611 ms | Average CUDA latency: 180.447714 ms, Average TFLOPs: 2.922547
>> VLA-Cache inference mode
Current CUDA latency: 115.651039 ms | Average CUDA latency: 180.416289 ms, Average TFLOPs: 2.922492
Average time per step: 581.0714 ms, Control Frequency: 13.77 Hz, Token Reusing Ratio (Primary): 33.94 %, , Token Reusing Ratio (Wrist): 36.00 %
Saved rollout MP4 at path ./rollouts/2026_04_07/primary--2026_04_07-18_57_52--episode=129--success=True--task=put_the_cream_cheese_in_the_bowl.mp4
Saved rollout MP4 at path ./rollouts/2026_04_07/wrist--2026_04_07-18_57_52--episode=129--success=True--task=put_the_cream_cheese_in_the_bowl.mp4
04/07 [21:50:52] INFO     | >> Success: True              run_libero_eval.py:230
                 INFO     | >> # episodes completed so    run_libero_eval.py:230
                          far: 129                                              
                 INFO     | >> # successes: 123 (95.3%)   run_libero_eval.py:230

 45%|████▌     | 9/20 [11:24<12:38, 68.94s/it][A                 INFO     | >>                            run_libero_eval.py:230
                          Task: put the cream cheese in                         
                          the bowl                                              
                 INFO     | >> Starting episode 10...     run_libero_eval.py:230
huggingface/tokenizers: The current process just got forked, after parallelism has already been used. Disabling parallelism to avoid deadlocks...
To disable this warning, you can either:
	- Avoid using `tokenizers` before the fork if possible
	- Explicitly set the environment variable TOKENIZERS_PARALLELISM=(true | false)
huggingface/tokenizers: The current process just got forked, after parallelism has already been used. Disabling parallelism to avoid deadlocks...
To disable this warning, you can either:
	- Avoid using `tokenizers` before the fork if possible
	- Explicitly set the environment variable TOKENIZERS_PARALLELISM=(true | false)
>> VLA-Cache inference mode
Current CUDA latency: 298.450104 ms | Average CUDA latency: 180.473504 ms, Average TFLOPs: 2.922868
>> VLA-Cache inference mode
Current CUDA latency: 237.726013 ms | Average CUDA latency: 180.501243 ms, Average TFLOPs: 2.922897
>> VLA-Cache inference mode
Current CUDA latency: 145.275833 ms | Average CUDA latency: 180.484184 ms, Average TFLOPs: 2.922909
>> VLA-Cache inference mode
Current CUDA latency: 195.669891 ms | Average CUDA latency: 180.491535 ms, Average TFLOPs: 2.922900
>> VLA-Cache inference mode
Current CUDA latency: 203.249817 ms | Average CUDA latency: 180.502545 ms, Average TFLOPs: 2.922863
>> VLA-Cache inference mode
Current CUDA latency: 137.243942 ms | Average CUDA latency: 180.481627 ms, Average TFLOPs: 2.922827
>> VLA-Cache inference mode
Current CUDA latency: 141.025604 ms | Average CUDA latency: 180.462557 ms, Average TFLOPs: 2.922748
>> VLA-Cache inference mode
Current CUDA latency: 113.400383 ms | Average CUDA latency: 180.430160 ms, Average TFLOPs: 2.922641
>> VLA-Cache inference mode
Current CUDA latency: 104.461823 ms | Average CUDA latency: 180.393478 ms, Average TFLOPs: 2.922549
>> VLA-Cache inference mode
Current CUDA latency: 110.016258 ms | Average CUDA latency: 180.359512 ms, Average TFLOPs: 2.922452
>> VLA-Cache inference mode
Current CUDA latency: 108.411903 ms | Average CUDA latency: 180.324805 ms, Average TFLOPs: 2.922419
>> VLA-Cache inference mode
Current CUDA latency: 117.404221 ms | Average CUDA latency: 180.294467 ms, Average TFLOPs: 2.922351
Average time per step: 579.1514 ms, Control Frequency: 13.81 Hz, Token Reusing Ratio (Primary): 33.96 %, , Token Reusing Ratio (Wrist): 35.95 %
Saved rollout MP4 at path ./rollouts/2026_04_07/primary--2026_04_07-18_57_52--episode=130--success=True--task=put_the_cream_cheese_in_the_bowl.mp4
Saved rollout MP4 at path ./rollouts/2026_04_07/wrist--2026_04_07-18_57_52--episode=130--success=True--task=put_the_cream_cheese_in_the_bowl.mp4
04/07 [21:51:49] INFO     | >> Success: True              run_libero_eval.py:230
                 INFO     | >> # episodes completed so    run_libero_eval.py:230
                          far: 130                                              
                 INFO     | >> # successes: 124 (95.4%)   run_libero_eval.py:230

 50%|█████     | 10/20 [12:22<10:54, 65.41s/it][A                 INFO     | >>                            run_libero_eval.py:230
                          Task: put the cream cheese in                         
                          the bowl                                              
                 INFO     | >> Starting episode 11...     run_libero_eval.py:230
huggingface/tokenizers: The current process just got forked, after parallelism has already been used. Disabling parallelism to avoid deadlocks...
To disable this warning, you can either:
	- Avoid using `tokenizers` before the fork if possible
	- Explicitly set the environment variable TOKENIZERS_PARALLELISM=(true | false)
huggingface/tokenizers: The current process just got forked, after parallelism has already been used. Disabling parallelism to avoid deadlocks...
To disable this warning, you can either:
	- Avoid using `tokenizers` before the fork if possible
	- Explicitly set the environment variable TOKENIZERS_PARALLELISM=(true | false)
>> VLA-Cache inference mode
Current CUDA latency: 354.436127 ms | Average CUDA latency: 180.378391 ms, Average TFLOPs: 2.922725
>> VLA-Cache inference mode
Current CUDA latency: 315.518463 ms | Average CUDA latency: 180.443487 ms, Average TFLOPs: 2.922754
>> VLA-Cache inference mode
Current CUDA latency: 169.880859 ms | Average CUDA latency: 180.438402 ms, Average TFLOPs: 2.922755
>> VLA-Cache inference mode
Current CUDA latency: 149.485062 ms | Average CUDA latency: 180.423506 ms, Average TFLOPs: 2.922751
>> VLA-Cache inference mode
Current CUDA latency: 149.076035 ms | Average CUDA latency: 180.408428 ms, Average TFLOPs: 2.922724
>> VLA-Cache inference mode
Current CUDA latency: 184.076447 ms | Average CUDA latency: 180.410191 ms, Average TFLOPs: 2.922671
>> VLA-Cache inference mode
Current CUDA latency: 122.467293 ms | Average CUDA latency: 180.382347 ms, Average TFLOPs: 2.922592
>> VLA-Cache inference mode
Current CUDA latency: 107.601570 ms | Average CUDA latency: 180.347390 ms, Average TFLOPs: 2.922521
>> VLA-Cache inference mode
Current CUDA latency: 115.168419 ms | Average CUDA latency: 180.316099 ms, Average TFLOPs: 2.922436
>> VLA-Cache inference mode
Current CUDA latency: 115.602692 ms | Average CUDA latency: 180.285047 ms, Average TFLOPs: 2.922387
>> VLA-Cache inference mode
Current CUDA latency: 199.436996 ms | Average CUDA latency: 180.294232 ms, Average TFLOPs: 2.922330
>> VLA-Cache inference mode
Current CUDA latency: 193.181351 ms | Average CUDA latency: 180.300410 ms, Average TFLOPs: 2.922284
Average time per step: 576.7414 ms, Control Frequency: 13.87 Hz, Token Reusing Ratio (Primary): 33.88 %, , Token Reusing Ratio (Wrist): 35.94 %
Saved rollout MP4 at path ./rollouts/2026_04_07/primary--2026_04_07-18_57_52--episode=131--success=True--task=put_the_cream_cheese_in_the_bowl.mp4
Saved rollout MP4 at path ./rollouts/2026_04_07/wrist--2026_04_07-18_57_52--episode=131--success=True--task=put_the_cream_cheese_in_the_bowl.mp4
04/07 [21:52:50] INFO     | >> Success: True              run_libero_eval.py:230
                 INFO     | >> # episodes completed so    run_libero_eval.py:230
                          far: 131                                              
                 INFO     | >> # successes: 125 (95.4%)   run_libero_eval.py:230

 55%|█████▌    | 11/20 [13:22<09:35, 63.92s/it][A                 INFO     | >>                            run_libero_eval.py:230
                          Task: put the cream cheese in                         
                          the bowl                                              
                 INFO     | >> Starting episode 12...     run_libero_eval.py:230
huggingface/tokenizers: The current process just got forked, after parallelism has already been used. Disabling parallelism to avoid deadlocks...
To disable this warning, you can either:
	- Avoid using `tokenizers` before the fork if possible
	- Explicitly set the environment variable TOKENIZERS_PARALLELISM=(true | false)
huggingface/tokenizers: The current process just got forked, after parallelism has already been used. Disabling parallelism to avoid deadlocks...
To disable this warning, you can either:
	- Avoid using `tokenizers` before the fork if possible
	- Explicitly set the environment variable TOKENIZERS_PARALLELISM=(true | false)
>> VLA-Cache inference mode
Current CUDA latency: 315.406494 ms | Average CUDA latency: 180.365147 ms, Average TFLOPs: 2.922656
>> VLA-Cache inference mode
Current CUDA latency: 251.184708 ms | Average CUDA latency: 180.399065 ms, Average TFLOPs: 2.922669
>> VLA-Cache inference mode
Current CUDA latency: 122.082848 ms | Average CUDA latency: 180.371149 ms, Average TFLOPs: 2.922683
>> VLA-Cache inference mode
Current CUDA latency: 118.459618 ms | Average CUDA latency: 180.341526 ms, Average TFLOPs: 2.922684
>> VLA-Cache inference mode
Current CUDA latency: 114.865501 ms | Average CUDA latency: 180.310213 ms, Average TFLOPs: 2.922660
>> VLA-Cache inference mode
Current CUDA latency: 122.720451 ms | Average CUDA latency: 180.282684 ms, Average TFLOPs: 2.922603
>> VLA-Cache inference mode
Current CUDA latency: 106.244797 ms | Average CUDA latency: 180.247310 ms, Average TFLOPs: 2.922546
>> VLA-Cache inference mode
Current CUDA latency: 229.294724 ms | Average CUDA latency: 180.270733 ms, Average TFLOPs: 2.922459
>> VLA-Cache inference mode
Current CUDA latency: 170.967163 ms | Average CUDA latency: 180.266292 ms, Average TFLOPs: 2.922366
>> VLA-Cache inference mode
Current CUDA latency: 112.688316 ms | Average CUDA latency: 180.234051 ms, Average TFLOPs: 2.922292
>> VLA-Cache inference mode
Current CUDA latency: 153.433411 ms | Average CUDA latency: 180.221270 ms, Average TFLOPs: 2.922247
>> VLA-Cache inference mode
Current CUDA latency: 153.183197 ms | Average CUDA latency: 180.208383 ms, Average TFLOPs: 2.922209
Average time per step: 572.2301 ms, Control Frequency: 13.98 Hz, Token Reusing Ratio (Primary): 33.88 %, , Token Reusing Ratio (Wrist): 35.85 %
Saved rollout MP4 at path ./rollouts/2026_04_07/primary--2026_04_07-18_57_52--episode=132--success=True--task=put_the_cream_cheese_in_the_bowl.mp4
Saved rollout MP4 at path ./rollouts/2026_04_07/wrist--2026_04_07-18_57_52--episode=132--success=True--task=put_the_cream_cheese_in_the_bowl.mp4
04/07 [21:53:46] INFO     | >> Success: True              run_libero_eval.py:230
                 INFO     | >> # episodes completed so    run_libero_eval.py:230
                          far: 132                                              
                 INFO     | >> # successes: 126 (95.5%)   run_libero_eval.py:230

 60%|██████    | 12/20 [14:18<08:11, 61.48s/it][A                 INFO     | >>                            run_libero_eval.py:230
                          Task: put the cream cheese in                         
                          the bowl                                              
                 INFO     | >> Starting episode 13...     run_libero_eval.py:230
huggingface/tokenizers: The current process just got forked, after parallelism has already been used. Disabling parallelism to avoid deadlocks...
To disable this warning, you can either:
	- Avoid using `tokenizers` before the fork if possible
	- Explicitly set the environment variable TOKENIZERS_PARALLELISM=(true | false)
huggingface/tokenizers: The current process just got forked, after parallelism has already been used. Disabling parallelism to avoid deadlocks...
To disable this warning, you can either:
	- Avoid using `tokenizers` before the fork if possible
	- Explicitly set the environment variable TOKENIZERS_PARALLELISM=(true | false)
>> VLA-Cache inference mode
Current CUDA latency: 297.372192 ms | Average CUDA latency: 180.264202 ms, Average TFLOPs: 2.922579
>> VLA-Cache inference mode
Current CUDA latency: 228.248611 ms | Average CUDA latency: 180.287051 ms, Average TFLOPs: 2.922611
>> VLA-Cache inference mode
Current CUDA latency: 121.079842 ms | Average CUDA latency: 180.258871 ms, Average TFLOPs: 2.922631
>> VLA-Cache inference mode
Current CUDA latency: 120.245026 ms | Average CUDA latency: 180.230320 ms, Average TFLOPs: 2.922643
>> VLA-Cache inference mode
Current CUDA latency: 112.142624 ms | Average CUDA latency: 180.197944 ms, Average TFLOPs: 2.922652
>> VLA-Cache inference mode
Current CUDA latency: 117.936356 ms | Average CUDA latency: 180.168352 ms, Average TFLOPs: 2.922633
>> VLA-Cache inference mode
Current CUDA latency: 111.674431 ms | Average CUDA latency: 180.135813 ms, Average TFLOPs: 2.922592
>> VLA-Cache inference mode
Current CUDA latency: 122.335327 ms | Average CUDA latency: 180.108367 ms, Average TFLOPs: 2.922504
>> VLA-Cache inference mode
Current CUDA latency: 119.764259 ms | Average CUDA latency: 180.079727 ms, Average TFLOPs: 2.922407
>> VLA-Cache inference mode
Current CUDA latency: 153.984039 ms | Average CUDA latency: 180.067348 ms, Average TFLOPs: 2.922364
>> VLA-Cache inference mode
Current CUDA latency: 236.675644 ms | Average CUDA latency: 180.094189 ms, Average TFLOPs: 2.922332
>> VLA-Cache inference mode
Current CUDA latency: 137.108032 ms | Average CUDA latency: 180.073817 ms, Average TFLOPs: 2.922298
>> VLA-Cache inference mode
Current CUDA latency: 146.507233 ms | Average CUDA latency: 180.057916 ms, Average TFLOPs: 2.922249
Average time per step: 569.2784 ms, Control Frequency: 14.05 Hz, Token Reusing Ratio (Primary): 33.77 %, , Token Reusing Ratio (Wrist): 35.81 %
Saved rollout MP4 at path ./rollouts/2026_04_07/primary--2026_04_07-18_57_52--episode=133--success=True--task=put_the_cream_cheese_in_the_bowl.mp4
Saved rollout MP4 at path ./rollouts/2026_04_07/wrist--2026_04_07-18_57_52--episode=133--success=True--task=put_the_cream_cheese_in_the_bowl.mp4
04/07 [21:54:51] INFO     | >> Success: True              run_libero_eval.py:230
                 INFO     | >> # episodes completed so    run_libero_eval.py:230
                          far: 133                                              
                 INFO     | >> # successes: 127 (95.5%)   run_libero_eval.py:230

 65%|██████▌   | 13/20 [15:23<07:18, 62.67s/it][A                 INFO     | >>                            run_libero_eval.py:230
                          Task: put the cream cheese in                         
                          the bowl                                              
                 INFO     | >> Starting episode 14...     run_libero_eval.py:230
huggingface/tokenizers: The current process just got forked, after parallelism has already been used. Disabling parallelism to avoid deadlocks...
To disable this warning, you can either:
	- Avoid using `tokenizers` before the fork if possible
	- Explicitly set the environment variable TOKENIZERS_PARALLELISM=(true | false)
huggingface/tokenizers: The current process just got forked, after parallelism has already been used. Disabling parallelism to avoid deadlocks...
To disable this warning, you can either:
	- Avoid using `tokenizers` before the fork if possible
	- Explicitly set the environment variable TOKENIZERS_PARALLELISM=(true | false)
>> VLA-Cache inference mode
Current CUDA latency: 358.524109 ms | Average CUDA latency: 180.142417 ms, Average TFLOPs: 2.922617
>> VLA-Cache inference mode
Current CUDA latency: 289.525970 ms | Average CUDA latency: 180.194184 ms, Average TFLOPs: 2.922632
>> VLA-Cache inference mode
Current CUDA latency: 148.322235 ms | Average CUDA latency: 180.179107 ms, Average TFLOPs: 2.922641
>> VLA-Cache inference mode
Current CUDA latency: 237.620865 ms | Average CUDA latency: 180.206267 ms, Average TFLOPs: 2.922621
>> VLA-Cache inference mode
Current CUDA latency: 127.809662 ms | Average CUDA latency: 180.181505 ms, Average TFLOPs: 2.922603
>> VLA-Cache inference mode
Current CUDA latency: 116.637634 ms | Average CUDA latency: 180.151489 ms, Average TFLOPs: 2.922561
>> VLA-Cache inference mode
Current CUDA latency: 256.339966 ms | Average CUDA latency: 180.187460 ms, Average TFLOPs: 2.922505
>> VLA-Cache inference mode
Current CUDA latency: 215.060516 ms | Average CUDA latency: 180.203918 ms, Average TFLOPs: 2.922412
>> VLA-Cache inference mode
Current CUDA latency: 113.932060 ms | Average CUDA latency: 180.172657 ms, Average TFLOPs: 2.922351
>> VLA-Cache inference mode
Current CUDA latency: 150.823425 ms | Average CUDA latency: 180.158820 ms, Average TFLOPs: 2.922336
>> VLA-Cache inference mode
Current CUDA latency: 250.347458 ms | Average CUDA latency: 180.191897 ms, Average TFLOPs: 2.922311
>> VLA-Cache inference mode
Current CUDA latency: 151.977859 ms | Average CUDA latency: 180.178607 ms, Average TFLOPs: 2.922275
Average time per step: 571.2134 ms, Control Frequency: 14.01 Hz, Token Reusing Ratio (Primary): 33.72 %, , Token Reusing Ratio (Wrist): 35.74 %
Saved rollout MP4 at path ./rollouts/2026_04_07/primary--2026_04_07-18_57_52--episode=134--success=True--task=put_the_cream_cheese_in_the_bowl.mp4
Saved rollout MP4 at path ./rollouts/2026_04_07/wrist--2026_04_07-18_57_52--episode=134--success=True--task=put_the_cream_cheese_in_the_bowl.mp4
04/07 [21:55:56] INFO     | >> Success: True              run_libero_eval.py:230
                 INFO     | >> # episodes completed so    run_libero_eval.py:230
                          far: 134                                              
                 INFO     | >> # successes: 128 (95.5%)   run_libero_eval.py:230

 70%|███████   | 14/20 [16:29<06:20, 63.43s/it][A                 INFO     | >>                            run_libero_eval.py:230
                          Task: put the cream cheese in                         
                          the bowl                                              
                 INFO     | >> Starting episode 15...     run_libero_eval.py:230
huggingface/tokenizers: The current process just got forked, after parallelism has already been used. Disabling parallelism to avoid deadlocks...
To disable this warning, you can either:
	- Avoid using `tokenizers` before the fork if possible
	- Explicitly set the environment variable TOKENIZERS_PARALLELISM=(true | false)
huggingface/tokenizers: The current process just got forked, after parallelism has already been used. Disabling parallelism to avoid deadlocks...
To disable this warning, you can either:
	- Avoid using `tokenizers` before the fork if possible
	- Explicitly set the environment variable TOKENIZERS_PARALLELISM=(true | false)
>> VLA-Cache inference mode
Current CUDA latency: 337.044739 ms | Average CUDA latency: 180.252461 ms, Average TFLOPs: 2.922641
>> VLA-Cache inference mode
Current CUDA latency: 409.173126 ms | Average CUDA latency: 180.360188 ms, Average TFLOPs: 2.922669
>> VLA-Cache inference mode
Current CUDA latency: 121.449440 ms | Average CUDA latency: 180.332479 ms, Average TFLOPs: 2.922681
>> VLA-Cache inference mode
Current CUDA latency: 402.276855 ms | Average CUDA latency: 180.436825 ms, Average TFLOPs: 2.922688
>> VLA-Cache inference mode
Current CUDA latency: 169.609253 ms | Average CUDA latency: 180.431737 ms, Average TFLOPs: 2.922670
>> VLA-Cache inference mode
Current CUDA latency: 128.601501 ms | Average CUDA latency: 180.407392 ms, Average TFLOPs: 2.922643
>> VLA-Cache inference mode
Current CUDA latency: 139.635941 ms | Average CUDA latency: 180.388250 ms, Average TFLOPs: 2.922562
>> VLA-Cache inference mode
Current CUDA latency: 128.080261 ms | Average CUDA latency: 180.363704 ms, Average TFLOPs: 2.922458
>> VLA-Cache inference mode
Current CUDA latency: 106.114044 ms | Average CUDA latency: 180.328878 ms, Average TFLOPs: 2.922368
>> VLA-Cache inference mode
Current CUDA latency: 111.749535 ms | Average CUDA latency: 180.296726 ms, Average TFLOPs: 2.922320
>> VLA-Cache inference mode
Current CUDA latency: 109.110626 ms | Average CUDA latency: 180.263368 ms, Average TFLOPs: 2.922281
>> VLA-Cache inference mode
Current CUDA latency: 107.053535 ms | Average CUDA latency: 180.229078 ms, Average TFLOPs: 2.922230
>> VLA-Cache inference mode
Current CUDA latency: 109.244354 ms | Average CUDA latency: 180.195845 ms, Average TFLOPs: 2.922171
Average time per step: 571.5803 ms, Control Frequency: 14.00 Hz, Token Reusing Ratio (Primary): 33.72 %, , Token Reusing Ratio (Wrist): 35.74 %
Saved rollout MP4 at path ./rollouts/2026_04_07/primary--2026_04_07-18_57_52--episode=135--success=True--task=put_the_cream_cheese_in_the_bowl.mp4
Saved rollout MP4 at path ./rollouts/2026_04_07/wrist--2026_04_07-18_57_52--episode=135--success=True--task=put_the_cream_cheese_in_the_bowl.mp4
04/07 [21:57:00] INFO     | >> Success: True              run_libero_eval.py:230
                 INFO     | >> # episodes completed so    run_libero_eval.py:230
                          far: 135                                              
                 INFO     | >> # successes: 129 (95.6%)   run_libero_eval.py:230

 75%|███████▌  | 15/20 [17:33<05:18, 63.68s/it][A                 INFO     | >>                            run_libero_eval.py:230
                          Task: put the cream cheese in                         
                          the bowl                                              
                 INFO     | >> Starting episode 16...     run_libero_eval.py:230
huggingface/tokenizers: The current process just got forked, after parallelism has already been used. Disabling parallelism to avoid deadlocks...
To disable this warning, you can either:
	- Avoid using `tokenizers` before the fork if possible
	- Explicitly set the environment variable TOKENIZERS_PARALLELISM=(true | false)
huggingface/tokenizers: The current process just got forked, after parallelism has already been used. Disabling parallelism to avoid deadlocks...
To disable this warning, you can either:
	- Avoid using `tokenizers` before the fork if possible
	- Explicitly set the environment variable TOKENIZERS_PARALLELISM=(true | false)
>> VLA-Cache inference mode
Current CUDA latency: 299.229370 ms | Average CUDA latency: 180.251547 ms, Average TFLOPs: 2.922534
>> VLA-Cache inference mode
Current CUDA latency: 284.639191 ms | Average CUDA latency: 180.300372 ms, Average TFLOPs: 2.922557
>> VLA-Cache inference mode
Current CUDA latency: 122.102592 ms | Average CUDA latency: 180.273164 ms, Average TFLOPs: 2.922570
>> VLA-Cache inference mode
Current CUDA latency: 118.073441 ms | Average CUDA latency: 180.244098 ms, Average TFLOPs: 2.922571
>> VLA-Cache inference mode
Current CUDA latency: 115.117279 ms | Average CUDA latency: 180.213679 ms, Average TFLOPs: 2.922566
>> VLA-Cache inference mode
Current CUDA latency: 106.798691 ms | Average CUDA latency: 180.179405 ms, Average TFLOPs: 2.922515
>> VLA-Cache inference mode
Current CUDA latency: 129.855774 ms | Average CUDA latency: 180.155923 ms, Average TFLOPs: 2.922447
>> VLA-Cache inference mode
Current CUDA latency: 221.712891 ms | Average CUDA latency: 180.175305 ms, Average TFLOPs: 2.922363
>> VLA-Cache inference mode
Current CUDA latency: 144.278625 ms | Average CUDA latency: 180.158570 ms, Average TFLOPs: 2.922319
>> VLA-Cache inference mode
Current CUDA latency: 156.161636 ms | Average CUDA latency: 180.147388 ms, Average TFLOPs: 2.922265
Average time per step: 573.2314 ms, Control Frequency: 13.96 Hz, Token Reusing Ratio (Primary): 33.63 %, , Token Reusing Ratio (Wrist): 35.70 %
Saved rollout MP4 at path ./rollouts/2026_04_07/primary--2026_04_07-18_57_52--episode=136--success=True--task=put_the_cream_cheese_in_the_bowl.mp4
Saved rollout MP4 at path ./rollouts/2026_04_07/wrist--2026_04_07-18_57_52--episode=136--success=True--task=put_the_cream_cheese_in_the_bowl.mp4
04/07 [21:57:53] INFO     | >> Success: True              run_libero_eval.py:230
                 INFO     | >> # episodes completed so    run_libero_eval.py:230
                          far: 136                                              
                 INFO     | >> # successes: 130 (95.6%)   run_libero_eval.py:230

 80%|████████  | 16/20 [18:25<04:00, 60.22s/it][A                 INFO     | >>                            run_libero_eval.py:230
                          Task: put the cream cheese in                         
                          the bowl                                              
                 INFO     | >> Starting episode 17...     run_libero_eval.py:230
huggingface/tokenizers: The current process just got forked, after parallelism has already been used. Disabling parallelism to avoid deadlocks...
To disable this warning, you can either:
	- Avoid using `tokenizers` before the fork if possible
	- Explicitly set the environment variable TOKENIZERS_PARALLELISM=(true | false)
huggingface/tokenizers: The current process just got forked, after parallelism has already been used. Disabling parallelism to avoid deadlocks...
To disable this warning, you can either:
	- Avoid using `tokenizers` before the fork if possible
	- Explicitly set the environment variable TOKENIZERS_PARALLELISM=(true | false)
>> VLA-Cache inference mode
Current CUDA latency: 610.177185 ms | Average CUDA latency: 180.347682 ms, Average TFLOPs: 2.922627
>> VLA-Cache inference mode
Current CUDA latency: 388.913971 ms | Average CUDA latency: 180.444779 ms, Average TFLOPs: 2.922650
>> VLA-Cache inference mode
Current CUDA latency: 137.507751 ms | Average CUDA latency: 180.424799 ms, Average TFLOPs: 2.922659
>> VLA-Cache inference mode
Current CUDA latency: 129.284485 ms | Average CUDA latency: 180.401013 ms, Average TFLOPs: 2.922671
>> VLA-Cache inference mode
Current CUDA latency: 257.930145 ms | Average CUDA latency: 180.437057 ms, Average TFLOPs: 2.922669
>> VLA-Cache inference mode
Current CUDA latency: 287.902954 ms | Average CUDA latency: 180.486994 ms, Average TFLOPs: 2.922644
>> VLA-Cache inference mode
Current CUDA latency: 130.656967 ms | Average CUDA latency: 180.463850 ms, Average TFLOPs: 2.922587
>> VLA-Cache inference mode
Current CUDA latency: 146.551163 ms | Average CUDA latency: 180.448106 ms, Average TFLOPs: 2.922486
>> VLA-Cache inference mode
Current CUDA latency: 116.813278 ms | Average CUDA latency: 180.418577 ms, Average TFLOPs: 2.922396
>> VLA-Cache inference mode
Current CUDA latency: 113.870079 ms | Average CUDA latency: 180.387710 ms, Average TFLOPs: 2.922362
>> VLA-Cache inference mode
Current CUDA latency: 182.574203 ms | Average CUDA latency: 180.388724 ms, Average TFLOPs: 2.922329
>> VLA-Cache inference mode
Current CUDA latency: 189.625793 ms | Average CUDA latency: 180.393004 ms, Average TFLOPs: 2.922288
>> VLA-Cache inference mode
Current CUDA latency: 115.322464 ms | Average CUDA latency: 180.362865 ms, Average TFLOPs: 2.922245
Average time per step: 576.4756 ms, Control Frequency: 13.88 Hz, Token Reusing Ratio (Primary): 33.62 %, , Token Reusing Ratio (Wrist): 35.62 %
Saved rollout MP4 at path ./rollouts/2026_04_07/primary--2026_04_07-18_57_52--episode=137--success=True--task=put_the_cream_cheese_in_the_bowl.mp4
Saved rollout MP4 at path ./rollouts/2026_04_07/wrist--2026_04_07-18_57_52--episode=137--success=True--task=put_the_cream_cheese_in_the_bowl.mp4
04/07 [21:59:02] INFO     | >> Success: True              run_libero_eval.py:230
                 INFO     | >> # episodes completed so    run_libero_eval.py:230
                          far: 137                                              
                 INFO     | >> # successes: 131 (95.6%)   run_libero_eval.py:230

 85%|████████▌ | 17/20 [19:35<03:09, 63.04s/it][A                 INFO     | >>                            run_libero_eval.py:230
                          Task: put the cream cheese in                         
                          the bowl                                              
                 INFO     | >> Starting episode 18...     run_libero_eval.py:230
huggingface/tokenizers: The current process just got forked, after parallelism has already been used. Disabling parallelism to avoid deadlocks...
To disable this warning, you can either:
	- Avoid using `tokenizers` before the fork if possible
	- Explicitly set the environment variable TOKENIZERS_PARALLELISM=(true | false)
huggingface/tokenizers: The current process just got forked, after parallelism has already been used. Disabling parallelism to avoid deadlocks...
To disable this warning, you can either:
	- Avoid using `tokenizers` before the fork if possible
	- Explicitly set the environment variable TOKENIZERS_PARALLELISM=(true | false)
>> VLA-Cache inference mode
Current CUDA latency: 353.865479 ms | Average CUDA latency: 180.443190 ms, Average TFLOPs: 2.922605
>> VLA-Cache inference mode
Current CUDA latency: 269.806671 ms | Average CUDA latency: 180.484543 ms, Average TFLOPs: 2.922622
>> VLA-Cache inference mode
Current CUDA latency: 205.302246 ms | Average CUDA latency: 180.496022 ms, Average TFLOPs: 2.922653
>> VLA-Cache inference mode
Current CUDA latency: 253.064163 ms | Average CUDA latency: 180.529572 ms, Average TFLOPs: 2.922681
>> VLA-Cache inference mode
Current CUDA latency: 127.089058 ms | Average CUDA latency: 180.504877 ms, Average TFLOPs: 2.922680
>> VLA-Cache inference mode
Current CUDA latency: 116.416611 ms | Average CUDA latency: 180.475275 ms, Average TFLOPs: 2.922663
>> VLA-Cache inference mode
Current CUDA latency: 108.268478 ms | Average CUDA latency: 180.441938 ms, Average TFLOPs: 2.922651
>> VLA-Cache inference mode
Current CUDA latency: 145.887909 ms | Average CUDA latency: 180.425993 ms, Average TFLOPs: 2.922588
>> VLA-Cache inference mode
Current CUDA latency: 128.367874 ms | Average CUDA latency: 180.401981 ms, Average TFLOPs: 2.922501
>> VLA-Cache inference mode
Current CUDA latency: 109.096733 ms | Average CUDA latency: 180.369106 ms, Average TFLOPs: 2.922409
>> VLA-Cache inference mode
Current CUDA latency: 107.716957 ms | Average CUDA latency: 180.335626 ms, Average TFLOPs: 2.922371
>> VLA-Cache inference mode
Current CUDA latency: 105.636833 ms | Average CUDA latency: 180.301218 ms, Average TFLOPs: 2.922345
>> VLA-Cache inference mode
Current CUDA latency: 113.977150 ms | Average CUDA latency: 180.270682 ms, Average TFLOPs: 2.922305
Average time per step: 577.4067 ms, Control Frequency: 13.86 Hz, Token Reusing Ratio (Primary): 33.55 %, , Token Reusing Ratio (Wrist): 35.59 %
Saved rollout MP4 at path ./rollouts/2026_04_07/primary--2026_04_07-18_57_52--episode=138--success=True--task=put_the_cream_cheese_in_the_bowl.mp4
Saved rollout MP4 at path ./rollouts/2026_04_07/wrist--2026_04_07-18_57_52--episode=138--success=True--task=put_the_cream_cheese_in_the_bowl.mp4
04/07 [22:00:14] INFO     | >> Success: True              run_libero_eval.py:230
                 INFO     | >> # episodes completed so    run_libero_eval.py:230
                          far: 138                                              
                 INFO     | >> # successes: 132 (95.7%)   run_libero_eval.py:230

 90%|█████████ | 18/20 [20:46<02:11, 65.60s/it][A                 INFO     | >>                            run_libero_eval.py:230
                          Task: put the cream cheese in                         
                          the bowl                                              
                 INFO     | >> Starting episode 19...     run_libero_eval.py:230
huggingface/tokenizers: The current process just got forked, after parallelism has already been used. Disabling parallelism to avoid deadlocks...
To disable this warning, you can either:
	- Avoid using `tokenizers` before the fork if possible
	- Explicitly set the environment variable TOKENIZERS_PARALLELISM=(true | false)
huggingface/tokenizers: The current process just got forked, after parallelism has already been used. Disabling parallelism to avoid deadlocks...
To disable this warning, you can either:
	- Avoid using `tokenizers` before the fork if possible
	- Explicitly set the environment variable TOKENIZERS_PARALLELISM=(true | false)
>> VLA-Cache inference mode
Current CUDA latency: 381.354675 ms | Average CUDA latency: 180.363220 ms, Average TFLOPs: 2.922662
>> VLA-Cache inference mode
Current CUDA latency: 308.239929 ms | Average CUDA latency: 180.422041 ms, Average TFLOPs: 2.922690
>> VLA-Cache inference mode
Current CUDA latency: 118.823196 ms | Average CUDA latency: 180.393719 ms, Average TFLOPs: 2.922694
>> VLA-Cache inference mode
Current CUDA latency: 115.746109 ms | Average CUDA latency: 180.364010 ms, Average TFLOPs: 2.922700
>> VLA-Cache inference mode
Current CUDA latency: 116.018684 ms | Average CUDA latency: 180.334453 ms, Average TFLOPs: 2.922684
>> VLA-Cache inference mode
Current CUDA latency: 121.610947 ms | Average CUDA latency: 180.307491 ms, Average TFLOPs: 2.922636
>> VLA-Cache inference mode
Current CUDA latency: 162.744003 ms | Average CUDA latency: 180.299431 ms, Average TFLOPs: 2.922554
>> VLA-Cache inference mode
Current CUDA latency: 233.093628 ms | Average CUDA latency: 180.323648 ms, Average TFLOPs: 2.922457
>> VLA-Cache inference mode
Current CUDA latency: 124.033089 ms | Average CUDA latency: 180.297839 ms, Average TFLOPs: 2.922365
>> VLA-Cache inference mode
Current CUDA latency: 117.972382 ms | Average CUDA latency: 180.269275 ms, Average TFLOPs: 2.922315
>> VLA-Cache inference mode
Current CUDA latency: 108.137665 ms | Average CUDA latency: 180.236233 ms, Average TFLOPs: 2.922253
Average time per step: 579.6722 ms, Control Frequency: 13.80 Hz, Token Reusing Ratio (Primary): 33.55 %, , Token Reusing Ratio (Wrist): 35.56 %
Saved rollout MP4 at path ./rollouts/2026_04_07/primary--2026_04_07-18_57_52--episode=139--success=True--task=put_the_cream_cheese_in_the_bowl.mp4
Saved rollout MP4 at path ./rollouts/2026_04_07/wrist--2026_04_07-18_57_52--episode=139--success=True--task=put_the_cream_cheese_in_the_bowl.mp4
04/07 [22:01:11] INFO     | >> Success: True              run_libero_eval.py:230
                 INFO     | >> # episodes completed so    run_libero_eval.py:230
                          far: 139                                              
                 INFO     | >> # successes: 133 (95.7%)   run_libero_eval.py:230

 95%|█████████▌| 19/20 [21:43<01:02, 62.92s/it][A                 INFO     | >>                            run_libero_eval.py:230
                          Task: put the cream cheese in                         
                          the bowl                                              
                 INFO     | >> Starting episode 20...     run_libero_eval.py:230
huggingface/tokenizers: The current process just got forked, after parallelism has already been used. Disabling parallelism to avoid deadlocks...
To disable this warning, you can either:
	- Avoid using `tokenizers` before the fork if possible
	- Explicitly set the environment variable TOKENIZERS_PARALLELISM=(true | false)
huggingface/tokenizers: The current process just got forked, after parallelism has already been used. Disabling parallelism to avoid deadlocks...
To disable this warning, you can either:
	- Avoid using `tokenizers` before the fork if possible
	- Explicitly set the environment variable TOKENIZERS_PARALLELISM=(true | false)
>> VLA-Cache inference mode
Current CUDA latency: 682.402771 ms | Average CUDA latency: 180.466162 ms, Average TFLOPs: 2.922609
>> VLA-Cache inference mode
Current CUDA latency: 522.360352 ms | Average CUDA latency: 180.622636 ms, Average TFLOPs: 2.922647
>> VLA-Cache inference mode
Current CUDA latency: 115.708611 ms | Average CUDA latency: 180.592940 ms, Average TFLOPs: 2.922656
>> VLA-Cache inference mode
Current CUDA latency: 125.120354 ms | Average CUDA latency: 180.567576 ms, Average TFLOPs: 2.922665
>> VLA-Cache inference mode
Current CUDA latency: 125.036285 ms | Average CUDA latency: 180.542196 ms, Average TFLOPs: 2.922673
>> VLA-Cache inference mode
Current CUDA latency: 141.198334 ms | Average CUDA latency: 180.524222 ms, Average TFLOPs: 2.922647
>> VLA-Cache inference mode
Current CUDA latency: 277.759949 ms | Average CUDA latency: 180.568622 ms, Average TFLOPs: 2.922565
>> VLA-Cache inference mode
Current CUDA latency: 161.381699 ms | Average CUDA latency: 180.559865 ms, Average TFLOPs: 2.922491
>> VLA-Cache inference mode
Current CUDA latency: 108.651649 ms | Average CUDA latency: 180.527060 ms, Average TFLOPs: 2.922407
>> VLA-Cache inference mode
Current CUDA latency: 105.559998 ms | Average CUDA latency: 180.492876 ms, Average TFLOPs: 2.922360
>> VLA-Cache inference mode
Current CUDA latency: 406.628082 ms | Average CUDA latency: 180.595945 ms, Average TFLOPs: 2.922314
>> VLA-Cache inference mode
Current CUDA latency: 161.664124 ms | Average CUDA latency: 180.587320 ms, Average TFLOPs: 2.922267
Average time per step: 583.7940 ms, Control Frequency: 13.70 Hz, Token Reusing Ratio (Primary): 33.50 %, , Token Reusing Ratio (Wrist): 35.53 %
Saved rollout MP4 at path ./rollouts/2026_04_07/primary--2026_04_07-18_57_52--episode=140--success=True--task=put_the_cream_cheese_in_the_bowl.mp4
Saved rollout MP4 at path ./rollouts/2026_04_07/wrist--2026_04_07-18_57_52--episode=140--success=True--task=put_the_cream_cheese_in_the_bowl.mp4
04/07 [22:02:15] INFO     | >> Success: True              run_libero_eval.py:230
                 INFO     | >> # episodes completed so    run_libero_eval.py:230
                          far: 140                                              
                 INFO     | >> # successes: 134 (95.7%)   run_libero_eval.py:230

100%|██████████| 20/20 [22:48<00:00, 63.45s/it][A100%|██████████| 20/20 [22:48<00:00, 68.41s/it]
                 INFO     | >> Current task success rate: run_libero_eval.py:230
                          1.0                                                   
                 INFO     | >> Current total success      run_libero_eval.py:230
                          rate: 0.9571428571428572                              
 70%|███████   | 7/10 [3:04:08<1:18:37, 1572.40s/it][Warning]: datasets path /root/sj-tmp/workspace/LIBERO/libero/libero/../datasets does not exist!
                 INFO     | >> Using default initial      run_libero_eval.py:230
                          states                                                
[Warning]: datasets path /root/sj-tmp/workspace/LIBERO/libero/libero/../datasets does not exist!

  0%|          | 0/20 [00:00<?, ?it/s][A04/07 [22:02:17] INFO     | >>                            run_libero_eval.py:230
                          Task: turn on the stove                               
                 INFO     | >> Starting episode 1...      run_libero_eval.py:230
huggingface/tokenizers: The current process just got forked, after parallelism has already been used. Disabling parallelism to avoid deadlocks...
To disable this warning, you can either:
	- Avoid using `tokenizers` before the fork if possible
	- Explicitly set the environment variable TOKENIZERS_PARALLELISM=(true | false)
huggingface/tokenizers: The current process just got forked, after parallelism has already been used. Disabling parallelism to avoid deadlocks...
To disable this warning, you can either:
	- Avoid using `tokenizers` before the fork if possible
	- Explicitly set the environment variable TOKENIZERS_PARALLELISM=(true | false)
>> VLA-Cache inference mode
Current CUDA latency: 338.187958 ms | Average CUDA latency: 180.659088 ms, Average TFLOPs: 2.922606
>> VLA-Cache inference mode
Current CUDA latency: 285.018219 ms | Average CUDA latency: 180.706588 ms, Average TFLOPs: 2.922622
>> VLA-Cache inference mode
Current CUDA latency: 135.685181 ms | Average CUDA latency: 180.686105 ms, Average TFLOPs: 2.922602
>> VLA-Cache inference mode
Current CUDA latency: 130.146179 ms | Average CUDA latency: 180.663122 ms, Average TFLOPs: 2.922591
>> VLA-Cache inference mode
Current CUDA latency: 111.961533 ms | Average CUDA latency: 180.631894 ms, Average TFLOPs: 2.922580
>> VLA-Cache inference mode
Current CUDA latency: 109.731552 ms | Average CUDA latency: 180.599681 ms, Average TFLOPs: 2.922556
>> VLA-Cache inference mode
Current CUDA latency: 120.238434 ms | Average CUDA latency: 180.572269 ms, Average TFLOPs: 2.922518
>> VLA-Cache inference mode
Current CUDA latency: 198.913406 ms | Average CUDA latency: 180.580595 ms, Average TFLOPs: 2.922498
>> VLA-Cache inference mode
Current CUDA latency: 239.165497 ms | Average CUDA latency: 180.607176 ms, Average TFLOPs: 2.922423
>> VLA-Cache inference mode
Current CUDA latency: 123.018143 ms | Average CUDA latency: 180.581059 ms, Average TFLOPs: 2.922412
Average time per step: 560.0784 ms, Control Frequency: 14.28 Hz, Token Reusing Ratio (Primary): 30.51 %, , Token Reusing Ratio (Wrist): 33.59 %
Saved rollout MP4 at path ./rollouts/2026_04_07/primary--2026_04_07-18_57_52--episode=141--success=True--task=turn_on_the_stove.mp4
Saved rollout MP4 at path ./rollouts/2026_04_07/wrist--2026_04_07-18_57_52--episode=141--success=True--task=turn_on_the_stove.mp4
04/07 [22:03:09] INFO     | >> Success: True              run_libero_eval.py:230
                 INFO     | >> # episodes completed so    run_libero_eval.py:230
                          far: 141                                              
                 INFO     | >> # successes: 135 (95.7%)   run_libero_eval.py:230

  5%|▌         | 1/20 [00:51<16:26, 51.94s/it][A                 INFO     | >>                            run_libero_eval.py:230
                          Task: turn on the stove                               
                 INFO     | >> Starting episode 2...      run_libero_eval.py:230
huggingface/tokenizers: The current process just got forked, after parallelism has already been used. Disabling parallelism to avoid deadlocks...
To disable this warning, you can either:
	- Avoid using `tokenizers` before the fork if possible
	- Explicitly set the environment variable TOKENIZERS_PARALLELISM=(true | false)
huggingface/tokenizers: The current process just got forked, after parallelism has already been used. Disabling parallelism to avoid deadlocks...
To disable this warning, you can either:
	- Avoid using `tokenizers` before the fork if possible
	- Explicitly set the environment variable TOKENIZERS_PARALLELISM=(true | false)
>> VLA-Cache inference mode
Current CUDA latency: 338.308197 ms | Average CUDA latency: 180.652558 ms, Average TFLOPs: 2.922750
>> VLA-Cache inference mode
Current CUDA latency: 266.042114 ms | Average CUDA latency: 180.691248 ms, Average TFLOPs: 2.922760
>> VLA-Cache inference mode
Current CUDA latency: 120.165184 ms | Average CUDA latency: 180.663836 ms, Average TFLOPs: 2.922752
>> VLA-Cache inference mode
Current CUDA latency: 194.991577 ms | Average CUDA latency: 180.670322 ms, Average TFLOPs: 2.922749
>> VLA-Cache inference mode
Current CUDA latency: 192.070267 ms | Average CUDA latency: 180.675480 ms, Average TFLOPs: 2.922722
>> VLA-Cache inference mode
Current CUDA latency: 114.936829 ms | Average CUDA latency: 180.645748 ms, Average TFLOPs: 2.922701
>> VLA-Cache inference mode
Current CUDA latency: 126.648575 ms | Average CUDA latency: 180.621337 ms, Average TFLOPs: 2.922672
>> VLA-Cache inference mode
Current CUDA latency: 116.120674 ms | Average CUDA latency: 180.592191 ms, Average TFLOPs: 2.922630
>> VLA-Cache inference mode
Current CUDA latency: 205.641403 ms | Average CUDA latency: 180.603505 ms, Average TFLOPs: 2.922614
Average time per step: 570.5719 ms, Control Frequency: 14.02 Hz, Token Reusing Ratio (Primary): 30.32 %, , Token Reusing Ratio (Wrist): 33.59 %
Saved rollout MP4 at path ./rollouts/2026_04_07/primary--2026_04_07-18_57_52--episode=142--success=True--task=turn_on_the_stove.mp4
Saved rollout MP4 at path ./rollouts/2026_04_07/wrist--2026_04_07-18_57_52--episode=142--success=True--task=turn_on_the_stove.mp4
04/07 [22:03:59] INFO     | >> Success: True              run_libero_eval.py:230
                 INFO     | >> # episodes completed so    run_libero_eval.py:230
                          far: 142                                              
                 INFO     | >> # successes: 136 (95.8%)   run_libero_eval.py:230

 10%|█         | 2/20 [01:41<15:07, 50.40s/it][A                 INFO     | >>                            run_libero_eval.py:230
                          Task: turn on the stove                               
                 INFO     | >> Starting episode 3...      run_libero_eval.py:230
huggingface/tokenizers: The current process just got forked, after parallelism has already been used. Disabling parallelism to avoid deadlocks...
To disable this warning, you can either:
	- Avoid using `tokenizers` before the fork if possible
	- Explicitly set the environment variable TOKENIZERS_PARALLELISM=(true | false)
huggingface/tokenizers: The current process just got forked, after parallelism has already been used. Disabling parallelism to avoid deadlocks...
To disable this warning, you can either:
	- Avoid using `tokenizers` before the fork if possible
	- Explicitly set the environment variable TOKENIZERS_PARALLELISM=(true | false)
>> VLA-Cache inference mode
Current CUDA latency: 307.641907 ms | Average CUDA latency: 180.660858 ms, Average TFLOPs: 2.922951
>> VLA-Cache inference mode
Current CUDA latency: 231.458649 ms | Average CUDA latency: 180.683781 ms, Average TFLOPs: 2.922948
>> VLA-Cache inference mode
Current CUDA latency: 115.547775 ms | Average CUDA latency: 180.654401 ms, Average TFLOPs: 2.922930
>> VLA-Cache inference mode
Current CUDA latency: 109.960419 ms | Average CUDA latency: 180.622528 ms, Average TFLOPs: 2.922917
>> VLA-Cache inference mode
Current CUDA latency: 134.545349 ms | Average CUDA latency: 180.601764 ms, Average TFLOPs: 2.922884
>> VLA-Cache inference mode
Current CUDA latency: 240.954651 ms | Average CUDA latency: 180.628950 ms, Average TFLOPs: 2.922841
>> VLA-Cache inference mode
Current CUDA latency: 143.423843 ms | Average CUDA latency: 180.612198 ms, Average TFLOPs: 2.922809
>> VLA-Cache inference mode
Current CUDA latency: 108.646690 ms | Average CUDA latency: 180.579810 ms, Average TFLOPs: 2.922748
>> VLA-Cache inference mode
Current CUDA latency: 127.183327 ms | Average CUDA latency: 180.555790 ms, Average TFLOPs: 2.922675
>> VLA-Cache inference mode
Current CUDA latency: 115.903519 ms | Average CUDA latency: 180.526720 ms, Average TFLOPs: 2.922660
Average time per step: 572.2614 ms, Control Frequency: 13.98 Hz, Token Reusing Ratio (Primary): 30.86 %, , Token Reusing Ratio (Wrist): 33.69 %
Saved rollout MP4 at path ./rollouts/2026_04_07/primary--2026_04_07-18_57_52--episode=143--success=True--task=turn_on_the_stove.mp4
Saved rollout MP4 at path ./rollouts/2026_04_07/wrist--2026_04_07-18_57_52--episode=143--success=True--task=turn_on_the_stove.mp4
04/07 [22:04:51] INFO     | >> Success: True              run_libero_eval.py:230
                 INFO     | >> # episodes completed so    run_libero_eval.py:230
                          far: 143                                              
                 INFO     | >> # successes: 137 (95.8%)   run_libero_eval.py:230

 15%|█▌        | 3/20 [02:33<14:33, 51.35s/it][A                 INFO     | >>                            run_libero_eval.py:230
                          Task: turn on the stove                               
                 INFO     | >> Starting episode 4...      run_libero_eval.py:230
huggingface/tokenizers: The current process just got forked, after parallelism has already been used. Disabling parallelism to avoid deadlocks...
To disable this warning, you can either:
	- Avoid using `tokenizers` before the fork if possible
	- Explicitly set the environment variable TOKENIZERS_PARALLELISM=(true | false)
huggingface/tokenizers: The current process just got forked, after parallelism has already been used. Disabling parallelism to avoid deadlocks...
To disable this warning, you can either:
	- Avoid using `tokenizers` before the fork if possible
	- Explicitly set the environment variable TOKENIZERS_PARALLELISM=(true | false)
>> VLA-Cache inference mode
Current CUDA latency: 397.043182 ms | Average CUDA latency: 180.624031 ms, Average TFLOPs: 2.922995
>> VLA-Cache inference mode
Current CUDA latency: 544.542297 ms | Average CUDA latency: 180.787516 ms, Average TFLOPs: 2.923002
>> VLA-Cache inference mode
Current CUDA latency: 111.097603 ms | Average CUDA latency: 180.756223 ms, Average TFLOPs: 2.923002
>> VLA-Cache inference mode
Current CUDA latency: 115.737251 ms | Average CUDA latency: 180.727040 ms, Average TFLOPs: 2.922973
>> VLA-Cache inference mode
Current CUDA latency: 110.231453 ms | Average CUDA latency: 180.695414 ms, Average TFLOPs: 2.922952
>> VLA-Cache inference mode
Current CUDA latency: 135.989212 ms | Average CUDA latency: 180.675366 ms, Average TFLOPs: 2.922917
>> VLA-Cache inference mode
Current CUDA latency: 139.191101 ms | Average CUDA latency: 180.656772 ms, Average TFLOPs: 2.922852
>> VLA-Cache inference mode
Current CUDA latency: 156.323257 ms | Average CUDA latency: 180.645869 ms, Average TFLOPs: 2.922804
>> VLA-Cache inference mode
Current CUDA latency: 227.233505 ms | Average CUDA latency: 180.666733 ms, Average TFLOPs: 2.922792
Average time per step: 586.8663 ms, Control Frequency: 13.63 Hz, Token Reusing Ratio (Primary): 31.01 %, , Token Reusing Ratio (Wrist): 33.34 %
Saved rollout MP4 at path ./rollouts/2026_04_07/primary--2026_04_07-18_57_52--episode=144--success=True--task=turn_on_the_stove.mp4
Saved rollout MP4 at path ./rollouts/2026_04_07/wrist--2026_04_07-18_57_52--episode=144--success=True--task=turn_on_the_stove.mp4
04/07 [22:05:38] INFO     | >> Success: True              run_libero_eval.py:230
                 INFO     | >> # episodes completed so    run_libero_eval.py:230
                          far: 144                                              
                 INFO     | >> # successes: 138 (95.8%)   run_libero_eval.py:230

 20%|██        | 4/20 [03:21<13:16, 49.77s/it][A                 INFO     | >>                            run_libero_eval.py:230
                          Task: turn on the stove                               
                 INFO     | >> Starting episode 5...      run_libero_eval.py:230
huggingface/tokenizers: The current process just got forked, after parallelism has already been used. Disabling parallelism to avoid deadlocks...
To disable this warning, you can either:
	- Avoid using `tokenizers` before the fork if possible
	- Explicitly set the environment variable TOKENIZERS_PARALLELISM=(true | false)
huggingface/tokenizers: The current process just got forked, after parallelism has already been used. Disabling parallelism to avoid deadlocks...
To disable this warning, you can either:
	- Avoid using `tokenizers` before the fork if possible
	- Explicitly set the environment variable TOKENIZERS_PARALLELISM=(true | false)
>> VLA-Cache inference mode
Current CUDA latency: 341.024963 ms | Average CUDA latency: 180.738514 ms, Average TFLOPs: 2.923125
>> VLA-Cache inference mode
Current CUDA latency: 348.124481 ms | Average CUDA latency: 180.813407 ms, Average TFLOPs: 2.923140
>> VLA-Cache inference mode
Current CUDA latency: 188.952164 ms | Average CUDA latency: 180.817046 ms, Average TFLOPs: 2.923134
>> VLA-Cache inference mode
Current CUDA latency: 163.499451 ms | Average CUDA latency: 180.809305 ms, Average TFLOPs: 2.923136
>> VLA-Cache inference mode
Current CUDA latency: 119.071938 ms | Average CUDA latency: 180.781719 ms, Average TFLOPs: 2.923113
>> VLA-Cache inference mode
Current CUDA latency: 214.838211 ms | Average CUDA latency: 180.796930 ms, Average TFLOPs: 2.923081
>> VLA-Cache inference mode
Current CUDA latency: 246.293060 ms | Average CUDA latency: 180.826169 ms, Average TFLOPs: 2.923060
>> VLA-Cache inference mode
Current CUDA latency: 144.127930 ms | Average CUDA latency: 180.809793 ms, Average TFLOPs: 2.923012
>> VLA-Cache inference mode
Current CUDA latency: 138.321060 ms | Average CUDA latency: 180.790842 ms, Average TFLOPs: 2.923020
Average time per step: 595.1659 ms, Control Frequency: 13.44 Hz, Token Reusing Ratio (Primary): 30.62 %, , Token Reusing Ratio (Wrist): 33.32 %
Saved rollout MP4 at path ./rollouts/2026_04_07/primary--2026_04_07-18_57_52--episode=145--success=True--task=turn_on_the_stove.mp4
Saved rollout MP4 at path ./rollouts/2026_04_07/wrist--2026_04_07-18_57_52--episode=145--success=True--task=turn_on_the_stove.mp4
04/07 [22:06:26] INFO     | >> Success: True              run_libero_eval.py:230
                 INFO     | >> # episodes completed so    run_libero_eval.py:230
                          far: 145                                              
                 INFO     | >> # successes: 139 (95.9%)   run_libero_eval.py:230

 25%|██▌       | 5/20 [04:08<12:16, 49.09s/it][A                 INFO     | >>                            run_libero_eval.py:230
                          Task: turn on the stove                               
                 INFO     | >> Starting episode 6...      run_libero_eval.py:230
huggingface/tokenizers: The current process just got forked, after parallelism has already been used. Disabling parallelism to avoid deadlocks...
To disable this warning, you can either:
	- Avoid using `tokenizers` before the fork if possible
	- Explicitly set the environment variable TOKENIZERS_PARALLELISM=(true | false)
huggingface/tokenizers: The current process just got forked, after parallelism has already been used. Disabling parallelism to avoid deadlocks...
To disable this warning, you can either:
	- Avoid using `tokenizers` before the fork if possible
	- Explicitly set the environment variable TOKENIZERS_PARALLELISM=(true | false)
>> VLA-Cache inference mode
Current CUDA latency: 313.564026 ms | Average CUDA latency: 180.850036 ms, Average TFLOPs: 2.923352
>> VLA-Cache inference mode
Current CUDA latency: 267.218536 ms | Average CUDA latency: 180.888525 ms, Average TFLOPs: 2.923364
>> VLA-Cache inference mode
Current CUDA latency: 228.162201 ms | Average CUDA latency: 180.909582 ms, Average TFLOPs: 2.923339
>> VLA-Cache inference mode
Current CUDA latency: 193.545349 ms | Average CUDA latency: 180.915208 ms, Average TFLOPs: 2.923312
>> VLA-Cache inference mode
Current CUDA latency: 122.140060 ms | Average CUDA latency: 180.889051 ms, Average TFLOPs: 2.923272
>> VLA-Cache inference mode
Current CUDA latency: 104.804291 ms | Average CUDA latency: 180.855205 ms, Average TFLOPs: 2.923240
>> VLA-Cache inference mode
Current CUDA latency: 148.041382 ms | Average CUDA latency: 180.840615 ms, Average TFLOPs: 2.923235
>> VLA-Cache inference mode
Current CUDA latency: 113.771133 ms | Average CUDA latency: 180.810806 ms, Average TFLOPs: 2.923216
>> VLA-Cache inference mode
Current CUDA latency: 108.310783 ms | Average CUDA latency: 180.778599 ms, Average TFLOPs: 2.923196
>> VLA-Cache inference mode
Current CUDA latency: 111.806175 ms | Average CUDA latency: 180.747971 ms, Average TFLOPs: 2.923175
Average time per step: 587.0584 ms, Control Frequency: 13.63 Hz, Token Reusing Ratio (Primary): 30.91 %, , Token Reusing Ratio (Wrist): 33.28 %
Saved rollout MP4 at path ./rollouts/2026_04_07/primary--2026_04_07-18_57_52--episode=146--success=True--task=turn_on_the_stove.mp4
Saved rollout MP4 at path ./rollouts/2026_04_07/wrist--2026_04_07-18_57_52--episode=146--success=True--task=turn_on_the_stove.mp4
04/07 [22:07:18] INFO     | >> Success: True              run_libero_eval.py:230
                 INFO     | >> # episodes completed so    run_libero_eval.py:230
                          far: 146                                              
                 INFO     | >> # successes: 140 (95.9%)   run_libero_eval.py:230

 30%|███       | 6/20 [05:01<11:41, 50.12s/it][A                 INFO     | >>                            run_libero_eval.py:230
                          Task: turn on the stove                               
                 INFO     | >> Starting episode 7...      run_libero_eval.py:230
huggingface/tokenizers: The current process just got forked, after parallelism has already been used. Disabling parallelism to avoid deadlocks...
To disable this warning, you can either:
	- Avoid using `tokenizers` before the fork if possible
	- Explicitly set the environment variable TOKENIZERS_PARALLELISM=(true | false)
huggingface/tokenizers: The current process just got forked, after parallelism has already been used. Disabling parallelism to avoid deadlocks...
To disable this warning, you can either:
	- Avoid using `tokenizers` before the fork if possible
	- Explicitly set the environment variable TOKENIZERS_PARALLELISM=(true | false)
>> VLA-Cache inference mode
Current CUDA latency: 395.471405 ms | Average CUDA latency: 180.843277 ms, Average TFLOPs: 2.923506
>> VLA-Cache inference mode
Current CUDA latency: 481.256989 ms | Average CUDA latency: 180.976557 ms, Average TFLOPs: 2.923516
>> VLA-Cache inference mode
Current CUDA latency: 113.566658 ms | Average CUDA latency: 180.946664 ms, Average TFLOPs: 2.923520
>> VLA-Cache inference mode
Current CUDA latency: 121.109444 ms | Average CUDA latency: 180.920140 ms, Average TFLOPs: 2.923527
>> VLA-Cache inference mode
Current CUDA latency: 122.477119 ms | Average CUDA latency: 180.894246 ms, Average TFLOPs: 2.923488
>> VLA-Cache inference mode
Current CUDA latency: 160.578308 ms | Average CUDA latency: 180.885249 ms, Average TFLOPs: 2.923453
>> VLA-Cache inference mode
Current CUDA latency: 151.772736 ms | Average CUDA latency: 180.872361 ms, Average TFLOPs: 2.923420
>> VLA-Cache inference mode
Current CUDA latency: 128.812225 ms | Average CUDA latency: 180.849326 ms, Average TFLOPs: 2.923401
>> VLA-Cache inference mode
Current CUDA latency: 112.760323 ms | Average CUDA latency: 180.819211 ms, Average TFLOPs: 2.923393
Average time per step: 586.8891 ms, Control Frequency: 13.63 Hz, Token Reusing Ratio (Primary): 30.75 %, , Token Reusing Ratio (Wrist): 33.25 %
Saved rollout MP4 at path ./rollouts/2026_04_07/primary--2026_04_07-18_57_52--episode=147--success=True--task=turn_on_the_stove.mp4
Saved rollout MP4 at path ./rollouts/2026_04_07/wrist--2026_04_07-18_57_52--episode=147--success=True--task=turn_on_the_stove.mp4
04/07 [22:08:06] INFO     | >> Success: True              run_libero_eval.py:230
                 INFO     | >> # episodes completed so    run_libero_eval.py:230
                          far: 147                                              
                 INFO     | >> # successes: 141 (95.9%)   run_libero_eval.py:230

 35%|███▌      | 7/20 [05:48<10:39, 49.18s/it][A                 INFO     | >>                            run_libero_eval.py:230
                          Task: turn on the stove                               
                 INFO     | >> Starting episode 8...      run_libero_eval.py:230
huggingface/tokenizers: The current process just got forked, after parallelism has already been used. Disabling parallelism to avoid deadlocks...
To disable this warning, you can either:
	- Avoid using `tokenizers` before the fork if possible
	- Explicitly set the environment variable TOKENIZERS_PARALLELISM=(true | false)
huggingface/tokenizers: The current process just got forked, after parallelism has already been used. Disabling parallelism to avoid deadlocks...
To disable this warning, you can either:
	- Avoid using `tokenizers` before the fork if possible
	- Explicitly set the environment variable TOKENIZERS_PARALLELISM=(true | false)
>> VLA-Cache inference mode
Current CUDA latency: 319.094360 ms | Average CUDA latency: 180.880341 ms, Average TFLOPs: 2.923722
>> VLA-Cache inference mode
Current CUDA latency: 248.113159 ms | Average CUDA latency: 180.910050 ms, Average TFLOPs: 2.923742
>> VLA-Cache inference mode
Current CUDA latency: 186.745377 ms | Average CUDA latency: 180.912628 ms, Average TFLOPs: 2.923741
>> VLA-Cache inference mode
Current CUDA latency: 237.003616 ms | Average CUDA latency: 180.937392 ms, Average TFLOPs: 2.923730
>> VLA-Cache inference mode
Current CUDA latency: 137.369919 ms | Average CUDA latency: 180.918166 ms, Average TFLOPs: 2.923699
>> VLA-Cache inference mode
Current CUDA latency: 110.342079 ms | Average CUDA latency: 180.887034 ms, Average TFLOPs: 2.923655
>> VLA-Cache inference mode
Current CUDA latency: 467.149811 ms | Average CUDA latency: 181.013252 ms, Average TFLOPs: 2.923633
>> VLA-Cache inference mode
Current CUDA latency: 246.920807 ms | Average CUDA latency: 181.042299 ms, Average TFLOPs: 2.923612
>> VLA-Cache inference mode
Current CUDA latency: 294.780273 ms | Average CUDA latency: 181.092404 ms, Average TFLOPs: 2.923578
>> VLA-Cache inference mode
Current CUDA latency: 115.169373 ms | Average CUDA latency: 181.063375 ms, Average TFLOPs: 2.923548
Average time per step: 594.7810 ms, Control Frequency: 13.45 Hz, Token Reusing Ratio (Primary): 30.80 %, , Token Reusing Ratio (Wrist): 33.17 %
Saved rollout MP4 at path ./rollouts/2026_04_07/primary--2026_04_07-18_57_52--episode=148--success=True--task=turn_on_the_stove.mp4
Saved rollout MP4 at path ./rollouts/2026_04_07/wrist--2026_04_07-18_57_52--episode=148--success=True--task=turn_on_the_stove.mp4
04/07 [22:08:59] INFO     | >> Success: True              run_libero_eval.py:230
                 INFO     | >> # episodes completed so    run_libero_eval.py:230
                          far: 148                                              
                 INFO     | >> # successes: 142 (95.9%)   run_libero_eval.py:230

 40%|████      | 8/20 [06:41<10:06, 50.52s/it][A                 INFO     | >>                            run_libero_eval.py:230
                          Task: turn on the stove                               
                 INFO     | >> Starting episode 9...      run_libero_eval.py:230
huggingface/tokenizers: The current process just got forked, after parallelism has already been used. Disabling parallelism to avoid deadlocks...
To disable this warning, you can either:
	- Avoid using `tokenizers` before the fork if possible
	- Explicitly set the environment variable TOKENIZERS_PARALLELISM=(true | false)
huggingface/tokenizers: The current process just got forked, after parallelism has already been used. Disabling parallelism to avoid deadlocks...
To disable this warning, you can either:
	- Avoid using `tokenizers` before the fork if possible
	- Explicitly set the environment variable TOKENIZERS_PARALLELISM=(true | false)
>> VLA-Cache inference mode
Current CUDA latency: 302.439636 ms | Average CUDA latency: 181.116798 ms, Average TFLOPs: 2.923876
>> VLA-Cache inference mode
Current CUDA latency: 295.947327 ms | Average CUDA latency: 181.167317 ms, Average TFLOPs: 2.923858
>> VLA-Cache inference mode
Current CUDA latency: 121.629761 ms | Average CUDA latency: 181.141135 ms, Average TFLOPs: 2.923853
>> VLA-Cache inference mode
Current CUDA latency: 116.055679 ms | Average CUDA latency: 181.112527 ms, Average TFLOPs: 2.923841
>> VLA-Cache inference mode
Current CUDA latency: 310.261139 ms | Average CUDA latency: 181.169270 ms, Average TFLOPs: 2.923806
>> VLA-Cache inference mode
Current CUDA latency: 362.987579 ms | Average CUDA latency: 181.249120 ms, Average TFLOPs: 2.923772
>> VLA-Cache inference mode
Current CUDA latency: 246.543167 ms | Average CUDA latency: 181.277783 ms, Average TFLOPs: 2.923746
>> VLA-Cache inference mode
Current CUDA latency: 121.331650 ms | Average CUDA latency: 181.251479 ms, Average TFLOPs: 2.923725
>> VLA-Cache inference mode
Current CUDA latency: 131.474396 ms | Average CUDA latency: 181.229647 ms, Average TFLOPs: 2.923687
>> VLA-Cache inference mode
Current CUDA latency: 108.862595 ms | Average CUDA latency: 181.197921 ms, Average TFLOPs: 2.923663
Average time per step: 603.7050 ms, Control Frequency: 13.25 Hz, Token Reusing Ratio (Primary): 30.90 %, , Token Reusing Ratio (Wrist): 33.19 %
Saved rollout MP4 at path ./rollouts/2026_04_07/primary--2026_04_07-18_57_52--episode=149--success=True--task=turn_on_the_stove.mp4
Saved rollout MP4 at path ./rollouts/2026_04_07/wrist--2026_04_07-18_57_52--episode=149--success=True--task=turn_on_the_stove.mp4
04/07 [22:09:49] INFO     | >> Success: True              run_libero_eval.py:230
                 INFO     | >> # episodes completed so    run_libero_eval.py:230
                          far: 149                                              
                 INFO     | >> # successes: 143 (96.0%)   run_libero_eval.py:230

 45%|████▌     | 9/20 [07:31<09:13, 50.36s/it][A                 INFO     | >>                            run_libero_eval.py:230
                          Task: turn on the stove                               
                 INFO     | >> Starting episode 10...     run_libero_eval.py:230
huggingface/tokenizers: The current process just got forked, after parallelism has already been used. Disabling parallelism to avoid deadlocks...
To disable this warning, you can either:
	- Avoid using `tokenizers` before the fork if possible
	- Explicitly set the environment variable TOKENIZERS_PARALLELISM=(true | false)
huggingface/tokenizers: The current process just got forked, after parallelism has already been used. Disabling parallelism to avoid deadlocks...
To disable this warning, you can either:
	- Avoid using `tokenizers` before the fork if possible
	- Explicitly set the environment variable TOKENIZERS_PARALLELISM=(true | false)
>> VLA-Cache inference mode
Current CUDA latency: 327.264343 ms | Average CUDA latency: 181.261929 ms, Average TFLOPs: 2.923989
>> VLA-Cache inference mode
Current CUDA latency: 256.432861 ms | Average CUDA latency: 181.294856 ms, Average TFLOPs: 2.923996
>> VLA-Cache inference mode
Current CUDA latency: 129.801926 ms | Average CUDA latency: 181.272311 ms, Average TFLOPs: 2.923970
>> VLA-Cache inference mode
Current CUDA latency: 128.986343 ms | Average CUDA latency: 181.249428 ms, Average TFLOPs: 2.923943
>> VLA-Cache inference mode
Current CUDA latency: 111.267998 ms | Average CUDA latency: 181.218815 ms, Average TFLOPs: 2.923906
>> VLA-Cache inference mode
Current CUDA latency: 166.418625 ms | Average CUDA latency: 181.212344 ms, Average TFLOPs: 2.923879
>> VLA-Cache inference mode
Current CUDA latency: 207.037827 ms | Average CUDA latency: 181.223631 ms, Average TFLOPs: 2.923847
>> VLA-Cache inference mode
Current CUDA latency: 139.806656 ms | Average CUDA latency: 181.205537 ms, Average TFLOPs: 2.923802
>> VLA-Cache inference mode
Current CUDA latency: 162.695969 ms | Average CUDA latency: 181.197455 ms, Average TFLOPs: 2.923790
>> VLA-Cache inference mode
Current CUDA latency: 126.398270 ms | Average CUDA latency: 181.173535 ms, Average TFLOPs: 2.923779
Average time per step: 601.5140 ms, Control Frequency: 13.30 Hz, Token Reusing Ratio (Primary): 30.97 %, , Token Reusing Ratio (Wrist): 33.25 %
Saved rollout MP4 at path ./rollouts/2026_04_07/primary--2026_04_07-18_57_52--episode=150--success=True--task=turn_on_the_stove.mp4
Saved rollout MP4 at path ./rollouts/2026_04_07/wrist--2026_04_07-18_57_52--episode=150--success=True--task=turn_on_the_stove.mp4
04/07 [22:10:42] INFO     | >> Success: True              run_libero_eval.py:230
                 INFO     | >> # episodes completed so    run_libero_eval.py:230
                          far: 150                                              
                 INFO     | >> # successes: 144 (96.0%)   run_libero_eval.py:230

 50%|█████     | 10/20 [08:24<08:32, 51.21s/it][A                 INFO     | >>                            run_libero_eval.py:230
                          Task: turn on the stove                               
                 INFO     | >> Starting episode 11...     run_libero_eval.py:230
huggingface/tokenizers: The current process just got forked, after parallelism has already been used. Disabling parallelism to avoid deadlocks...
To disable this warning, you can either:
	- Avoid using `tokenizers` before the fork if possible
	- Explicitly set the environment variable TOKENIZERS_PARALLELISM=(true | false)
huggingface/tokenizers: The current process just got forked, after parallelism has already been used. Disabling parallelism to avoid deadlocks...
To disable this warning, you can either:
	- Avoid using `tokenizers` before the fork if possible
	- Explicitly set the environment variable TOKENIZERS_PARALLELISM=(true | false)
>> VLA-Cache inference mode
Current CUDA latency: 382.930969 ms | Average CUDA latency: 181.261562 ms, Average TFLOPs: 2.924103
>> VLA-Cache inference mode
Current CUDA latency: 326.066772 ms | Average CUDA latency: 181.324713 ms, Average TFLOPs: 2.924103
>> VLA-Cache inference mode
Current CUDA latency: 119.098335 ms | Average CUDA latency: 181.297587 ms, Average TFLOPs: 2.924069
>> VLA-Cache inference mode
Current CUDA latency: 113.582527 ms | Average CUDA latency: 181.268082 ms, Average TFLOPs: 2.924056
>> VLA-Cache inference mode
Current CUDA latency: 106.755455 ms | Average CUDA latency: 181.235629 ms, Average TFLOPs: 2.924010
>> VLA-Cache inference mode
Current CUDA latency: 115.562111 ms | Average CUDA latency: 181.207038 ms, Average TFLOPs: 2.923988
>> VLA-Cache inference mode
Current CUDA latency: 140.738525 ms | Average CUDA latency: 181.189427 ms, Average TFLOPs: 2.923969
>> VLA-Cache inference mode
Current CUDA latency: 744.446472 ms | Average CUDA latency: 181.434428 ms, Average TFLOPs: 2.923936
>> VLA-Cache inference mode
Current CUDA latency: 148.360092 ms | Average CUDA latency: 181.420048 ms, Average TFLOPs: 2.923894
>> VLA-Cache inference mode
Current CUDA latency: 119.454781 ms | Average CUDA latency: 181.393118 ms, Average TFLOPs: 2.923892
Average time per step: 609.8425 ms, Control Frequency: 13.12 Hz, Token Reusing Ratio (Primary): 31.05 %, , Token Reusing Ratio (Wrist): 33.23 %
Saved rollout MP4 at path ./rollouts/2026_04_07/primary--2026_04_07-18_57_52--episode=151--success=True--task=turn_on_the_stove.mp4
Saved rollout MP4 at path ./rollouts/2026_04_07/wrist--2026_04_07-18_57_52--episode=151--success=True--task=turn_on_the_stove.mp4
04/07 [22:11:35] INFO     | >> Success: True              run_libero_eval.py:230
                 INFO     | >> # episodes completed so    run_libero_eval.py:230
                          far: 151                                              
                 INFO     | >> # successes: 145 (96.0%)   run_libero_eval.py:230

 55%|█████▌    | 11/20 [09:18<07:46, 51.84s/it][A                 INFO     | >>                            run_libero_eval.py:230
                          Task: turn on the stove                               
                 INFO     | >> Starting episode 12...     run_libero_eval.py:230
huggingface/tokenizers: The current process just got forked, after parallelism has already been used. Disabling parallelism to avoid deadlocks...
To disable this warning, you can either:
	- Avoid using `tokenizers` before the fork if possible
	- Explicitly set the environment variable TOKENIZERS_PARALLELISM=(true | false)
huggingface/tokenizers: The current process just got forked, after parallelism has already been used. Disabling parallelism to avoid deadlocks...
To disable this warning, you can either:
	- Avoid using `tokenizers` before the fork if possible
	- Explicitly set the environment variable TOKENIZERS_PARALLELISM=(true | false)
>> VLA-Cache inference mode
Current CUDA latency: 317.243469 ms | Average CUDA latency: 181.452132 ms, Average TFLOPs: 2.924215
>> VLA-Cache inference mode
Current CUDA latency: 309.669586 ms | Average CUDA latency: 181.507806 ms, Average TFLOPs: 2.924226
>> VLA-Cache inference mode
Current CUDA latency: 135.501923 ms | Average CUDA latency: 181.487839 ms, Average TFLOPs: 2.924215
>> VLA-Cache inference mode
Current CUDA latency: 120.317825 ms | Average CUDA latency: 181.461301 ms, Average TFLOPs: 2.924199
>> VLA-Cache inference mode
Current CUDA latency: 401.229248 ms | Average CUDA latency: 181.556603 ms, Average TFLOPs: 2.924161
>> VLA-Cache inference mode
Current CUDA latency: 238.499130 ms | Average CUDA latency: 181.581286 ms, Average TFLOPs: 2.924146
>> VLA-Cache inference mode
Current CUDA latency: 122.518333 ms | Average CUDA latency: 181.555695 ms, Average TFLOPs: 2.924113
>> VLA-Cache inference mode
Current CUDA latency: 110.933731 ms | Average CUDA latency: 181.525110 ms, Average TFLOPs: 2.924087
>> VLA-Cache inference mode
Current CUDA latency: 126.872574 ms | Average CUDA latency: 181.501451 ms, Average TFLOPs: 2.924022
>> VLA-Cache inference mode
Current CUDA latency: 112.119774 ms | Average CUDA latency: 181.471428 ms, Average TFLOPs: 2.924028
Average time per step: 611.3799 ms, Control Frequency: 13.09 Hz, Token Reusing Ratio (Primary): 30.99 %, , Token Reusing Ratio (Wrist): 33.24 %
Saved rollout MP4 at path ./rollouts/2026_04_07/primary--2026_04_07-18_57_52--episode=152--success=True--task=turn_on_the_stove.mp4
Saved rollout MP4 at path ./rollouts/2026_04_07/wrist--2026_04_07-18_57_52--episode=152--success=True--task=turn_on_the_stove.mp4
04/07 [22:12:34] INFO     | >> Success: True              run_libero_eval.py:230
                 INFO     | >> # episodes completed so    run_libero_eval.py:230
                          far: 152                                              
                 INFO     | >> # successes: 146 (96.1%)   run_libero_eval.py:230

 60%|██████    | 12/20 [10:16<07:10, 53.87s/it][A                 INFO     | >>                            run_libero_eval.py:230
                          Task: turn on the stove                               
                 INFO     | >> Starting episode 13...     run_libero_eval.py:230
huggingface/tokenizers: The current process just got forked, after parallelism has already been used. Disabling parallelism to avoid deadlocks...
To disable this warning, you can either:
	- Avoid using `tokenizers` before the fork if possible
	- Explicitly set the environment variable TOKENIZERS_PARALLELISM=(true | false)
huggingface/tokenizers: The current process just got forked, after parallelism has already been used. Disabling parallelism to avoid deadlocks...
To disable this warning, you can either:
	- Avoid using `tokenizers` before the fork if possible
	- Explicitly set the environment variable TOKENIZERS_PARALLELISM=(true | false)
>> VLA-Cache inference mode
Current CUDA latency: 336.412231 ms | Average CUDA latency: 181.538444 ms, Average TFLOPs: 2.924350
>> VLA-Cache inference mode
Current CUDA latency: 273.755005 ms | Average CUDA latency: 181.578313 ms, Average TFLOPs: 2.924364
>> VLA-Cache inference mode
Current CUDA latency: 118.933601 ms | Average CUDA latency: 181.551241 ms, Average TFLOPs: 2.924356
>> VLA-Cache inference mode
Current CUDA latency: 116.969406 ms | Average CUDA latency: 181.523344 ms, Average TFLOPs: 2.924356
>> VLA-Cache inference mode
Current CUDA latency: 117.647743 ms | Average CUDA latency: 181.495764 ms, Average TFLOPs: 2.924325
>> VLA-Cache inference mode
Current CUDA latency: 115.207329 ms | Average CUDA latency: 181.467154 ms, Average TFLOPs: 2.924314
>> VLA-Cache inference mode
Current CUDA latency: 131.126846 ms | Average CUDA latency: 181.445437 ms, Average TFLOPs: 2.924305
>> VLA-Cache inference mode
Current CUDA latency: 223.738464 ms | Average CUDA latency: 181.463675 ms, Average TFLOPs: 2.924262
>> VLA-Cache inference mode
Current CUDA latency: 217.581253 ms | Average CUDA latency: 181.479243 ms, Average TFLOPs: 2.924221
>> VLA-Cache inference mode
Current CUDA latency: 150.128922 ms | Average CUDA latency: 181.465735 ms, Average TFLOPs: 2.924214
Average time per step: 605.0505 ms, Control Frequency: 13.22 Hz, Token Reusing Ratio (Primary): 30.88 %, , Token Reusing Ratio (Wrist): 33.27 %
Saved rollout MP4 at path ./rollouts/2026_04_07/primary--2026_04_07-18_57_52--episode=153--success=True--task=turn_on_the_stove.mp4
Saved rollout MP4 at path ./rollouts/2026_04_07/wrist--2026_04_07-18_57_52--episode=153--success=True--task=turn_on_the_stove.mp4
04/07 [22:13:22] INFO     | >> Success: True              run_libero_eval.py:230
                 INFO     | >> # episodes completed so    run_libero_eval.py:230
                          far: 153                                              
                 INFO     | >> # successes: 147 (96.1%)   run_libero_eval.py:230

 65%|██████▌   | 13/20 [11:04<06:04, 52.01s/it][A                 INFO     | >>                            run_libero_eval.py:230
                          Task: turn on the stove                               
                 INFO     | >> Starting episode 14...     run_libero_eval.py:230
huggingface/tokenizers: The current process just got forked, after parallelism has already been used. Disabling parallelism to avoid deadlocks...
To disable this warning, you can either:
	- Avoid using `tokenizers` before the fork if possible
	- Explicitly set the environment variable TOKENIZERS_PARALLELISM=(true | false)
huggingface/tokenizers: The current process just got forked, after parallelism has already been used. Disabling parallelism to avoid deadlocks...
To disable this warning, you can either:
	- Avoid using `tokenizers` before the fork if possible
	- Explicitly set the environment variable TOKENIZERS_PARALLELISM=(true | false)
>> VLA-Cache inference mode
Current CUDA latency: 295.487579 ms | Average CUDA latency: 181.514840 ms, Average TFLOPs: 2.924534
>> VLA-Cache inference mode
Current CUDA latency: 251.416840 ms | Average CUDA latency: 181.544932 ms, Average TFLOPs: 2.924528
>> VLA-Cache inference mode
Current CUDA latency: 125.129311 ms | Average CUDA latency: 181.520656 ms, Average TFLOPs: 2.924512
>> VLA-Cache inference mode
Current CUDA latency: 181.855972 ms | Average CUDA latency: 181.520801 ms, Average TFLOPs: 2.924503
>> VLA-Cache inference mode
Current CUDA latency: 206.760986 ms | Average CUDA latency: 181.531652 ms, Average TFLOPs: 2.924460
>> VLA-Cache inference mode
Current CUDA latency: 184.623642 ms | Average CUDA latency: 181.532981 ms, Average TFLOPs: 2.924435
>> VLA-Cache inference mode
Current CUDA latency: 133.608002 ms | Average CUDA latency: 181.512394 ms, Average TFLOPs: 2.924380
>> VLA-Cache inference mode
Current CUDA latency: 112.709534 ms | Average CUDA latency: 181.482852 ms, Average TFLOPs: 2.924344
>> VLA-Cache inference mode
Current CUDA latency: 301.595551 ms | Average CUDA latency: 181.534403 ms, Average TFLOPs: 2.924337
Average time per step: 603.0861 ms, Control Frequency: 13.27 Hz, Token Reusing Ratio (Primary): 30.92 %, , Token Reusing Ratio (Wrist): 33.27 %
Saved rollout MP4 at path ./rollouts/2026_04_07/primary--2026_04_07-18_57_52--episode=154--success=True--task=turn_on_the_stove.mp4
Saved rollout MP4 at path ./rollouts/2026_04_07/wrist--2026_04_07-18_57_52--episode=154--success=True--task=turn_on_the_stove.mp4
04/07 [22:14:07] INFO     | >> Success: True              run_libero_eval.py:230
                 INFO     | >> # episodes completed so    run_libero_eval.py:230
                          far: 154                                              
                 INFO     | >> # successes: 148 (96.1%)   run_libero_eval.py:230

 70%|███████   | 14/20 [11:49<05:00, 50.06s/it][A                 INFO     | >>                            run_libero_eval.py:230
                          Task: turn on the stove                               
                 INFO     | >> Starting episode 15...     run_libero_eval.py:230
huggingface/tokenizers: The current process just got forked, after parallelism has already been used. Disabling parallelism to avoid deadlocks...
To disable this warning, you can either:
	- Avoid using `tokenizers` before the fork if possible
	- Explicitly set the environment variable TOKENIZERS_PARALLELISM=(true | false)
huggingface/tokenizers: The current process just got forked, after parallelism has already been used. Disabling parallelism to avoid deadlocks...
To disable this warning, you can either:
	- Avoid using `tokenizers` before the fork if possible
	- Explicitly set the environment variable TOKENIZERS_PARALLELISM=(true | false)
>> VLA-Cache inference mode
Current CUDA latency: 373.437012 ms | Average CUDA latency: 181.616729 ms, Average TFLOPs: 2.924655
>> VLA-Cache inference mode
Current CUDA latency: 265.208374 ms | Average CUDA latency: 181.652575 ms, Average TFLOPs: 2.924667
>> VLA-Cache inference mode
Current CUDA latency: 184.984344 ms | Average CUDA latency: 181.654003 ms, Average TFLOPs: 2.924661
>> VLA-Cache inference mode
Current CUDA latency: 127.601822 ms | Average CUDA latency: 181.630844 ms, Average TFLOPs: 2.924653
>> VLA-Cache inference mode
Current CUDA latency: 118.475426 ms | Average CUDA latency: 181.603797 ms, Average TFLOPs: 2.924640
>> VLA-Cache inference mode
Current CUDA latency: 117.591171 ms | Average CUDA latency: 181.576394 ms, Average TFLOPs: 2.924641
>> VLA-Cache inference mode
Current CUDA latency: 129.393890 ms | Average CUDA latency: 181.554065 ms, Average TFLOPs: 2.924626
>> VLA-Cache inference mode
Current CUDA latency: 108.409760 ms | Average CUDA latency: 181.522780 ms, Average TFLOPs: 2.924598
>> VLA-Cache inference mode
Current CUDA latency: 113.708672 ms | Average CUDA latency: 181.493788 ms, Average TFLOPs: 2.924580
Average time per step: 600.3222 ms, Control Frequency: 13.33 Hz, Token Reusing Ratio (Primary): 30.83 %, , Token Reusing Ratio (Wrist): 33.21 %
Saved rollout MP4 at path ./rollouts/2026_04_07/primary--2026_04_07-18_57_52--episode=155--success=True--task=turn_on_the_stove.mp4
Saved rollout MP4 at path ./rollouts/2026_04_07/wrist--2026_04_07-18_57_52--episode=155--success=True--task=turn_on_the_stove.mp4
04/07 [22:15:00] INFO     | >> Success: True              run_libero_eval.py:230
                 INFO     | >> # episodes completed so    run_libero_eval.py:230
                          far: 155                                              
                 INFO     | >> # successes: 149 (96.1%)   run_libero_eval.py:230

 75%|███████▌  | 15/20 [12:42<04:13, 50.74s/it][A                 INFO     | >>                            run_libero_eval.py:230
                          Task: turn on the stove                               
                 INFO     | >> Starting episode 16...     run_libero_eval.py:230
huggingface/tokenizers: The current process just got forked, after parallelism has already been used. Disabling parallelism to avoid deadlocks...
To disable this warning, you can either:
	- Avoid using `tokenizers` before the fork if possible
	- Explicitly set the environment variable TOKENIZERS_PARALLELISM=(true | false)
huggingface/tokenizers: The current process just got forked, after parallelism has already been used. Disabling parallelism to avoid deadlocks...
To disable this warning, you can either:
	- Avoid using `tokenizers` before the fork if possible
	- Explicitly set the environment variable TOKENIZERS_PARALLELISM=(true | false)
>> VLA-Cache inference mode
Current CUDA latency: 377.511169 ms | Average CUDA latency: 181.577556 ms, Average TFLOPs: 2.924897
>> VLA-Cache inference mode
Current CUDA latency: 332.100677 ms | Average CUDA latency: 181.641854 ms, Average TFLOPs: 2.924889
>> VLA-Cache inference mode
Current CUDA latency: 123.218941 ms | Average CUDA latency: 181.616909 ms, Average TFLOPs: 2.924881
>> VLA-Cache inference mode
Current CUDA latency: 115.109474 ms | Average CUDA latency: 181.588523 ms, Average TFLOPs: 2.924863
>> VLA-Cache inference mode
Current CUDA latency: 122.796288 ms | Average CUDA latency: 181.563441 ms, Average TFLOPs: 2.924828
>> VLA-Cache inference mode
Current CUDA latency: 113.469185 ms | Average CUDA latency: 181.534403 ms, Average TFLOPs: 2.924806
>> VLA-Cache inference mode
Current CUDA latency: 147.010406 ms | Average CUDA latency: 181.519687 ms, Average TFLOPs: 2.924809
>> VLA-Cache inference mode
Current CUDA latency: 203.682907 ms | Average CUDA latency: 181.529130 ms, Average TFLOPs: 2.924785
>> VLA-Cache inference mode
Current CUDA latency: 136.555801 ms | Average CUDA latency: 181.509976 ms, Average TFLOPs: 2.924774
Average time per step: 596.5305 ms, Control Frequency: 13.41 Hz, Token Reusing Ratio (Primary): 30.81 %, , Token Reusing Ratio (Wrist): 33.19 %
Saved rollout MP4 at path ./rollouts/2026_04_07/primary--2026_04_07-18_57_52--episode=156--success=True--task=turn_on_the_stove.mp4
Saved rollout MP4 at path ./rollouts/2026_04_07/wrist--2026_04_07-18_57_52--episode=156--success=True--task=turn_on_the_stove.mp4
04/07 [22:15:47] INFO     | >> Success: True              run_libero_eval.py:230
                 INFO     | >> # episodes completed so    run_libero_eval.py:230
                          far: 156                                              
                 INFO     | >> # successes: 150 (96.2%)   run_libero_eval.py:230

 80%|████████  | 16/20 [13:30<03:19, 49.88s/it][A                 INFO     | >>                            run_libero_eval.py:230
                          Task: turn on the stove                               
                 INFO     | >> Starting episode 17...     run_libero_eval.py:230
huggingface/tokenizers: The current process just got forked, after parallelism has already been used. Disabling parallelism to avoid deadlocks...
To disable this warning, you can either:
	- Avoid using `tokenizers` before the fork if possible
	- Explicitly set the environment variable TOKENIZERS_PARALLELISM=(true | false)
huggingface/tokenizers: The current process just got forked, after parallelism has already been used. Disabling parallelism to avoid deadlocks...
To disable this warning, you can either:
	- Avoid using `tokenizers` before the fork if possible
	- Explicitly set the environment variable TOKENIZERS_PARALLELISM=(true | false)
>> VLA-Cache inference mode
Current CUDA latency: 298.837524 ms | Average CUDA latency: 181.559924 ms, Average TFLOPs: 2.925090
>> VLA-Cache inference mode
Current CUDA latency: 280.863007 ms | Average CUDA latency: 181.602181 ms, Average TFLOPs: 2.925092
>> VLA-Cache inference mode
Current CUDA latency: 210.884445 ms | Average CUDA latency: 181.614636 ms, Average TFLOPs: 2.925093
>> VLA-Cache inference mode
Current CUDA latency: 130.573318 ms | Average CUDA latency: 181.592935 ms, Average TFLOPs: 2.925087
>> VLA-Cache inference mode
Current CUDA latency: 115.425186 ms | Average CUDA latency: 181.564814 ms, Average TFLOPs: 2.925074
>> VLA-Cache inference mode
Current CUDA latency: 131.948639 ms | Average CUDA latency: 181.543737 ms, Average TFLOPs: 2.925046
>> VLA-Cache inference mode
Current CUDA latency: 133.768188 ms | Average CUDA latency: 181.523450 ms, Average TFLOPs: 2.925021
>> VLA-Cache inference mode
Current CUDA latency: 110.992737 ms | Average CUDA latency: 181.493513 ms, Average TFLOPs: 2.924994
>> VLA-Cache inference mode
Current CUDA latency: 274.820068 ms | Average CUDA latency: 181.533109 ms, Average TFLOPs: 2.924947
>> VLA-Cache inference mode
Current CUDA latency: 187.625381 ms | Average CUDA latency: 181.535692 ms, Average TFLOPs: 2.924950
Average time per step: 595.1388 ms, Control Frequency: 13.44 Hz, Token Reusing Ratio (Primary): 30.77 %, , Token Reusing Ratio (Wrist): 33.19 %
Saved rollout MP4 at path ./rollouts/2026_04_07/primary--2026_04_07-18_57_52--episode=157--success=True--task=turn_on_the_stove.mp4
Saved rollout MP4 at path ./rollouts/2026_04_07/wrist--2026_04_07-18_57_52--episode=157--success=True--task=turn_on_the_stove.mp4
04/07 [22:16:41] INFO     | >> Success: True              run_libero_eval.py:230
                 INFO     | >> # episodes completed so    run_libero_eval.py:230
                          far: 157                                              
                 INFO     | >> # successes: 151 (96.2%)   run_libero_eval.py:230

 85%|████████▌ | 17/20 [14:23<02:32, 50.85s/it][A                 INFO     | >>                            run_libero_eval.py:230
                          Task: turn on the stove                               
                 INFO     | >> Starting episode 18...     run_libero_eval.py:230
huggingface/tokenizers: The current process just got forked, after parallelism has already been used. Disabling parallelism to avoid deadlocks...
To disable this warning, you can either:
	- Avoid using `tokenizers` before the fork if possible
	- Explicitly set the environment variable TOKENIZERS_PARALLELISM=(true | false)
huggingface/tokenizers: The current process just got forked, after parallelism has already been used. Disabling parallelism to avoid deadlocks...
To disable this warning, you can either:
	- Avoid using `tokenizers` before the fork if possible
	- Explicitly set the environment variable TOKENIZERS_PARALLELISM=(true | false)
>> VLA-Cache inference mode
Current CUDA latency: 380.018860 ms | Average CUDA latency: 181.619831 ms, Average TFLOPs: 2.925265
>> VLA-Cache inference mode
Current CUDA latency: 260.373657 ms | Average CUDA latency: 181.653201 ms, Average TFLOPs: 2.925271
>> VLA-Cache inference mode
Current CUDA latency: 139.159164 ms | Average CUDA latency: 181.635203 ms, Average TFLOPs: 2.925256
>> VLA-Cache inference mode
Current CUDA latency: 135.735428 ms | Average CUDA latency: 181.615770 ms, Average TFLOPs: 2.925250
>> VLA-Cache inference mode
Current CUDA latency: 180.263397 ms | Average CUDA latency: 181.615198 ms, Average TFLOPs: 2.925226
>> VLA-Cache inference mode
Current CUDA latency: 148.404633 ms | Average CUDA latency: 181.601150 ms, Average TFLOPs: 2.925190
>> VLA-Cache inference mode
Current CUDA latency: 113.730690 ms | Average CUDA latency: 181.572452 ms, Average TFLOPs: 2.925157
>> VLA-Cache inference mode
Current CUDA latency: 114.615425 ms | Average CUDA latency: 181.544152 ms, Average TFLOPs: 2.925110
>> VLA-Cache inference mode
Current CUDA latency: 127.190620 ms | Average CUDA latency: 181.521189 ms, Average TFLOPs: 2.925091
Average time per step: 594.8446 ms, Control Frequency: 13.45 Hz, Token Reusing Ratio (Primary): 30.75 %, , Token Reusing Ratio (Wrist): 33.21 %
Saved rollout MP4 at path ./rollouts/2026_04_07/primary--2026_04_07-18_57_52--episode=158--success=True--task=turn_on_the_stove.mp4
Saved rollout MP4 at path ./rollouts/2026_04_07/wrist--2026_04_07-18_57_52--episode=158--success=True--task=turn_on_the_stove.mp4
04/07 [22:17:28] INFO     | >> Success: True              run_libero_eval.py:230
                 INFO     | >> # episodes completed so    run_libero_eval.py:230
                          far: 158                                              
                 INFO     | >> # successes: 152 (96.2%)   run_libero_eval.py:230

 90%|█████████ | 18/20 [15:10<01:39, 49.92s/it][A                 INFO     | >>                            run_libero_eval.py:230
                          Task: turn on the stove                               
                 INFO     | >> Starting episode 19...     run_libero_eval.py:230
huggingface/tokenizers: The current process just got forked, after parallelism has already been used. Disabling parallelism to avoid deadlocks...
To disable this warning, you can either:
	- Avoid using `tokenizers` before the fork if possible
	- Explicitly set the environment variable TOKENIZERS_PARALLELISM=(true | false)
huggingface/tokenizers: The current process just got forked, after parallelism has already been used. Disabling parallelism to avoid deadlocks...
To disable this warning, you can either:
	- Avoid using `tokenizers` before the fork if possible
	- Explicitly set the environment variable TOKENIZERS_PARALLELISM=(true | false)
>> VLA-Cache inference mode
Current CUDA latency: 297.080231 ms | Average CUDA latency: 181.569989 ms, Average TFLOPs: 2.925405
>> VLA-Cache inference mode
Current CUDA latency: 261.413208 ms | Average CUDA latency: 181.603693 ms, Average TFLOPs: 2.925418
>> VLA-Cache inference mode
Current CUDA latency: 196.371033 ms | Average CUDA latency: 181.609924 ms, Average TFLOPs: 2.925414
>> VLA-Cache inference mode
Current CUDA latency: 122.966690 ms | Average CUDA latency: 181.585190 ms, Average TFLOPs: 2.925391
>> VLA-Cache inference mode
Current CUDA latency: 151.589828 ms | Average CUDA latency: 181.572545 ms, Average TFLOPs: 2.925342
>> VLA-Cache inference mode
Current CUDA latency: 110.316574 ms | Average CUDA latency: 181.542517 ms, Average TFLOPs: 2.925317
>> VLA-Cache inference mode
Current CUDA latency: 134.534470 ms | Average CUDA latency: 181.522716 ms, Average TFLOPs: 2.925291
>> VLA-Cache inference mode
Current CUDA latency: 109.192322 ms | Average CUDA latency: 181.492261 ms, Average TFLOPs: 2.925256
>> VLA-Cache inference mode
Current CUDA latency: 309.292786 ms | Average CUDA latency: 181.546049 ms, Average TFLOPs: 2.925250
Average time per step: 595.1985 ms, Control Frequency: 13.44 Hz, Token Reusing Ratio (Primary): 30.78 %, , Token Reusing Ratio (Wrist): 33.18 %
Saved rollout MP4 at path ./rollouts/2026_04_07/primary--2026_04_07-18_57_52--episode=159--success=True--task=turn_on_the_stove.mp4
Saved rollout MP4 at path ./rollouts/2026_04_07/wrist--2026_04_07-18_57_52--episode=159--success=True--task=turn_on_the_stove.mp4
04/07 [22:18:16] INFO     | >> Success: True              run_libero_eval.py:230
                 INFO     | >> # episodes completed so    run_libero_eval.py:230
                          far: 159                                              
                 INFO     | >> # successes: 153 (96.2%)   run_libero_eval.py:230

 95%|█████████▌| 19/20 [15:58<00:49, 49.16s/it][A                 INFO     | >>                            run_libero_eval.py:230
                          Task: turn on the stove                               
                 INFO     | >> Starting episode 20...     run_libero_eval.py:230
huggingface/tokenizers: The current process just got forked, after parallelism has already been used. Disabling parallelism to avoid deadlocks...
To disable this warning, you can either:
	- Avoid using `tokenizers` before the fork if possible
	- Explicitly set the environment variable TOKENIZERS_PARALLELISM=(true | false)
huggingface/tokenizers: The current process just got forked, after parallelism has already been used. Disabling parallelism to avoid deadlocks...
To disable this warning, you can either:
	- Avoid using `tokenizers` before the fork if possible
	- Explicitly set the environment variable TOKENIZERS_PARALLELISM=(true | false)
>> VLA-Cache inference mode
Current CUDA latency: 380.876373 ms | Average CUDA latency: 181.629907 ms, Average TFLOPs: 2.925563
>> VLA-Cache inference mode
Current CUDA latency: 319.097748 ms | Average CUDA latency: 181.687715 ms, Average TFLOPs: 2.925583
>> VLA-Cache inference mode
Current CUDA latency: 138.121216 ms | Average CUDA latency: 181.669402 ms, Average TFLOPs: 2.925580
>> VLA-Cache inference mode
Current CUDA latency: 109.410301 ms | Average CUDA latency: 181.639041 ms, Average TFLOPs: 2.925557
>> VLA-Cache inference mode
Current CUDA latency: 129.304062 ms | Average CUDA latency: 181.617061 ms, Average TFLOPs: 2.925520
>> VLA-Cache inference mode
Current CUDA latency: 116.717216 ms | Average CUDA latency: 181.589815 ms, Average TFLOPs: 2.925499
>> VLA-Cache inference mode
Current CUDA latency: 114.337952 ms | Average CUDA latency: 181.561593 ms, Average TFLOPs: 2.925483
>> VLA-Cache inference mode
Current CUDA latency: 110.256416 ms | Average CUDA latency: 181.531683 ms, Average TFLOPs: 2.925441
>> VLA-Cache inference mode
Current CUDA latency: 103.871452 ms | Average CUDA latency: 181.499121 ms, Average TFLOPs: 2.925409
>> VLA-Cache inference mode
Current CUDA latency: 111.963326 ms | Average CUDA latency: 181.469978 ms, Average TFLOPs: 2.925396
Average time per step: 595.7671 ms, Control Frequency: 13.43 Hz, Token Reusing Ratio (Primary): 30.79 %, , Token Reusing Ratio (Wrist): 33.19 %
Saved rollout MP4 at path ./rollouts/2026_04_07/primary--2026_04_07-18_57_52--episode=160--success=True--task=turn_on_the_stove.mp4
Saved rollout MP4 at path ./rollouts/2026_04_07/wrist--2026_04_07-18_57_52--episode=160--success=True--task=turn_on_the_stove.mp4
04/07 [22:19:10] INFO     | >> Success: True              run_libero_eval.py:230
                 INFO     | >> # episodes completed so    run_libero_eval.py:230
                          far: 160                                              
                 INFO     | >> # successes: 154 (96.2%)   run_libero_eval.py:230

100%|██████████| 20/20 [16:52<00:00, 50.75s/it][A100%|██████████| 20/20 [16:52<00:00, 50.64s/it]
                 INFO     | >> Current task success rate: run_libero_eval.py:230
                          1.0                                                   
                 INFO     | >> Current total success      run_libero_eval.py:230
                          rate: 0.9625                                          
 80%|████████  | 8/10 [3:21:03<46:29, 1394.94s/it]  [Warning]: datasets path /root/sj-tmp/workspace/LIBERO/libero/libero/../datasets does not exist!
                 INFO     | >> Using default initial      run_libero_eval.py:230
                          states                                                
[Warning]: datasets path /root/sj-tmp/workspace/LIBERO/libero/libero/../datasets does not exist!

  0%|          | 0/20 [00:00<?, ?it/s][A04/07 [22:19:12] INFO     | >>                            run_libero_eval.py:230
                          Task: put the bowl on the plate                       
                 INFO     | >> Starting episode 1...      run_libero_eval.py:230
huggingface/tokenizers: The current process just got forked, after parallelism has already been used. Disabling parallelism to avoid deadlocks...
To disable this warning, you can either:
	- Avoid using `tokenizers` before the fork if possible
	- Explicitly set the environment variable TOKENIZERS_PARALLELISM=(true | false)
huggingface/tokenizers: The current process just got forked, after parallelism has already been used. Disabling parallelism to avoid deadlocks...
To disable this warning, you can either:
	- Avoid using `tokenizers` before the fork if possible
	- Explicitly set the environment variable TOKENIZERS_PARALLELISM=(true | false)
>> VLA-Cache inference mode
Current CUDA latency: 431.066559 ms | Average CUDA latency: 181.574543 ms, Average TFLOPs: 2.925712
>> VLA-Cache inference mode
Current CUDA latency: 343.630157 ms | Average CUDA latency: 181.642406 ms, Average TFLOPs: 2.925723
>> VLA-Cache inference mode
Current CUDA latency: 123.977661 ms | Average CUDA latency: 181.618268 ms, Average TFLOPs: 2.925734
>> VLA-Cache inference mode
Current CUDA latency: 108.914848 ms | Average CUDA latency: 181.587848 ms, Average TFLOPs: 2.925744
>> VLA-Cache inference mode
Current CUDA latency: 110.609085 ms | Average CUDA latency: 181.558162 ms, Average TFLOPs: 2.925720
>> VLA-Cache inference mode
Current CUDA latency: 146.863174 ms | Average CUDA latency: 181.543658 ms, Average TFLOPs: 2.925659
>> VLA-Cache inference mode
Current CUDA latency: 118.635681 ms | Average CUDA latency: 181.517369 ms, Average TFLOPs: 2.925589
>> VLA-Cache inference mode
Current CUDA latency: 152.789383 ms | Average CUDA latency: 181.505369 ms, Average TFLOPs: 2.925540
>> VLA-Cache inference mode
Current CUDA latency: 197.676697 ms | Average CUDA latency: 181.512122 ms, Average TFLOPs: 2.925478
>> VLA-Cache inference mode
Current CUDA latency: 129.689346 ms | Average CUDA latency: 181.490493 ms, Average TFLOPs: 2.925418
>> VLA-Cache inference mode
Current CUDA latency: 113.541084 ms | Average CUDA latency: 181.462145 ms, Average TFLOPs: 2.925344
>> VLA-Cache inference mode
Current CUDA latency: 120.183167 ms | Average CUDA latency: 181.436591 ms, Average TFLOPs: 2.925264
>> VLA-Cache inference mode
Current CUDA latency: 109.350525 ms | Average CUDA latency: 181.406542 ms, Average TFLOPs: 2.925181
>> VLA-Cache inference mode
Current CUDA latency: 157.489883 ms | Average CUDA latency: 181.396577 ms, Average TFLOPs: 2.925101
>> VLA-Cache inference mode
Current CUDA latency: 157.278366 ms | Average CUDA latency: 181.386532 ms, Average TFLOPs: 2.925033
>> VLA-Cache inference mode
Current CUDA latency: 167.415421 ms | Average CUDA latency: 181.380716 ms, Average TFLOPs: 2.924944
>> VLA-Cache inference mode
Current CUDA latency: 125.113342 ms | Average CUDA latency: 181.357300 ms, Average TFLOPs: 2.924849
>> VLA-Cache inference mode
Current CUDA latency: 127.552483 ms | Average CUDA latency: 181.334919 ms, Average TFLOPs: 2.924784
>> VLA-Cache inference mode
Current CUDA latency: 137.977661 ms | Average CUDA latency: 181.316891 ms, Average TFLOPs: 2.924720
>> VLA-Cache inference mode
Current CUDA latency: 111.135773 ms | Average CUDA latency: 181.287722 ms, Average TFLOPs: 2.924677
>> VLA-Cache inference mode
Current CUDA latency: 109.254402 ms | Average CUDA latency: 181.257795 ms, Average TFLOPs: 2.924613
>> VLA-Cache inference mode
Current CUDA latency: 161.050522 ms | Average CUDA latency: 181.249403 ms, Average TFLOPs: 2.924594
>> VLA-Cache inference mode
Current CUDA latency: 103.045921 ms | Average CUDA latency: 181.216940 ms, Average TFLOPs: 2.924558
>> VLA-Cache inference mode
Current CUDA latency: 130.724197 ms | Average CUDA latency: 181.195989 ms, Average TFLOPs: 2.924523
>> VLA-Cache inference mode
Current CUDA latency: 124.371201 ms | Average CUDA latency: 181.172420 ms, Average TFLOPs: 2.924487
>> VLA-Cache inference mode
Current CUDA latency: 119.313950 ms | Average CUDA latency: 181.146774 ms, Average TFLOPs: 2.924447
>> VLA-Cache inference mode
Current CUDA latency: 217.965851 ms | Average CUDA latency: 181.162032 ms, Average TFLOPs: 2.924398
>> VLA-Cache inference mode
Current CUDA latency: 256.762909 ms | Average CUDA latency: 181.193350 ms, Average TFLOPs: 2.924321
>> VLA-Cache inference mode
Current CUDA latency: 161.543808 ms | Average CUDA latency: 181.185214 ms, Average TFLOPs: 2.924240
>> VLA-Cache inference mode
Current CUDA latency: 106.937698 ms | Average CUDA latency: 181.154482 ms, Average TFLOPs: 2.924165
>> VLA-Cache inference mode
Current CUDA latency: 141.581604 ms | Average CUDA latency: 181.138109 ms, Average TFLOPs: 2.924122
>> VLA-Cache inference mode
Current CUDA latency: 110.187614 ms | Average CUDA latency: 181.108767 ms, Average TFLOPs: 2.924068
>> VLA-Cache inference mode
Current CUDA latency: 109.337410 ms | Average CUDA latency: 181.079097 ms, Average TFLOPs: 2.924020
>> VLA-Cache inference mode
Current CUDA latency: 116.499268 ms | Average CUDA latency: 181.052411 ms, Average TFLOPs: 2.923964
>> VLA-Cache inference mode
Current CUDA latency: 103.711647 ms | Average CUDA latency: 181.020465 ms, Average TFLOPs: 2.923901
>> VLA-Cache inference mode
Current CUDA latency: 125.733185 ms | Average CUDA latency: 180.997638 ms, Average TFLOPs: 2.923827
>> VLA-Cache inference mode
Current CUDA latency: 164.251129 ms | Average CUDA latency: 180.990727 ms, Average TFLOPs: 2.923748
>> VLA-Cache inference mode
Current CUDA latency: 285.704163 ms | Average CUDA latency: 181.033925 ms, Average TFLOPs: 2.923682
Average time per step: 574.1892 ms, Control Frequency: 13.93 Hz, Token Reusing Ratio (Primary): 37.18 %, , Token Reusing Ratio (Wrist): 37.71 %
Saved rollout MP4 at path ./rollouts/2026_04_07/primary--2026_04_07-18_57_52--episode=161--success=False--task=put_the_bowl_on_the_plate.mp4
Saved rollout MP4 at path ./rollouts/2026_04_07/wrist--2026_04_07-18_57_52--episode=161--success=False--task=put_the_bowl_on_the_plate.mp4
04/07 [22:22:12] INFO     | >> Success: False             run_libero_eval.py:230
                 INFO     | >> # episodes completed so    run_libero_eval.py:230
                          far: 161                                              
                 INFO     | >> # successes: 154 (95.7%)   run_libero_eval.py:230

  5%|▌         | 1/20 [02:59<56:49, 179.45s/it][A                 INFO     | >>                            run_libero_eval.py:230
                          Task: put the bowl on the plate                       
                 INFO     | >> Starting episode 2...      run_libero_eval.py:230
huggingface/tokenizers: The current process just got forked, after parallelism has already been used. Disabling parallelism to avoid deadlocks...
To disable this warning, you can either:
	- Avoid using `tokenizers` before the fork if possible
	- Explicitly set the environment variable TOKENIZERS_PARALLELISM=(true | false)
huggingface/tokenizers: The current process just got forked, after parallelism has already been used. Disabling parallelism to avoid deadlocks...
To disable this warning, you can either:
	- Avoid using `tokenizers` before the fork if possible
	- Explicitly set the environment variable TOKENIZERS_PARALLELISM=(true | false)
>> VLA-Cache inference mode
Current CUDA latency: 400.460999 ms | Average CUDA latency: 181.124411 ms, Average TFLOPs: 2.923994
>> VLA-Cache inference mode
Current CUDA latency: 297.950684 ms | Average CUDA latency: 181.172567 ms, Average TFLOPs: 2.924015
>> VLA-Cache inference mode
Current CUDA latency: 110.388191 ms | Average CUDA latency: 181.143401 ms, Average TFLOPs: 2.924031
>> VLA-Cache inference mode
Current CUDA latency: 112.879486 ms | Average CUDA latency: 181.115286 ms, Average TFLOPs: 2.924046
>> VLA-Cache inference mode
Current CUDA latency: 148.408096 ms | Average CUDA latency: 181.101821 ms, Average TFLOPs: 2.924031
>> VLA-Cache inference mode
Current CUDA latency: 116.171425 ms | Average CUDA latency: 181.075100 ms, Average TFLOPs: 2.923994
>> VLA-Cache inference mode
Current CUDA latency: 138.845276 ms | Average CUDA latency: 181.057729 ms, Average TFLOPs: 2.923940
>> VLA-Cache inference mode
Current CUDA latency: 108.372162 ms | Average CUDA latency: 181.027842 ms, Average TFLOPs: 2.923908
>> VLA-Cache inference mode
Current CUDA latency: 123.027649 ms | Average CUDA latency: 181.004003 ms, Average TFLOPs: 2.923846
>> VLA-Cache inference mode
Current CUDA latency: 102.905891 ms | Average CUDA latency: 180.971916 ms, Average TFLOPs: 2.923792
Average time per step: 584.8633 ms, Control Frequency: 13.68 Hz, Token Reusing Ratio (Primary): 35.99 %, , Token Reusing Ratio (Wrist): 36.57 %
Saved rollout MP4 at path ./rollouts/2026_04_07/primary--2026_04_07-18_57_52--episode=162--success=True--task=put_the_bowl_on_the_plate.mp4
Saved rollout MP4 at path ./rollouts/2026_04_07/wrist--2026_04_07-18_57_52--episode=162--success=True--task=put_the_bowl_on_the_plate.mp4
04/07 [22:23:03] INFO     | >> Success: True              run_libero_eval.py:230
                 INFO     | >> # episodes completed so    run_libero_eval.py:230
                          far: 162                                              
                 INFO     | >> # successes: 155 (95.7%)   run_libero_eval.py:230

 10%|█         | 2/20 [03:50<31:07, 103.78s/it][A                 INFO     | >>                            run_libero_eval.py:230
                          Task: put the bowl on the plate                       
                 INFO     | >> Starting episode 3...      run_libero_eval.py:230
huggingface/tokenizers: The current process just got forked, after parallelism has already been used. Disabling parallelism to avoid deadlocks...
To disable this warning, you can either:
	- Avoid using `tokenizers` before the fork if possible
	- Explicitly set the environment variable TOKENIZERS_PARALLELISM=(true | false)
huggingface/tokenizers: The current process just got forked, after parallelism has already been used. Disabling parallelism to avoid deadlocks...
To disable this warning, you can either:
	- Avoid using `tokenizers` before the fork if possible
	- Explicitly set the environment variable TOKENIZERS_PARALLELISM=(true | false)
>> VLA-Cache inference mode
Current CUDA latency: 297.968170 ms | Average CUDA latency: 181.019964 ms, Average TFLOPs: 2.924102
>> VLA-Cache inference mode
Current CUDA latency: 264.327484 ms | Average CUDA latency: 181.054163 ms, Average TFLOPs: 2.924112
>> VLA-Cache inference mode
Current CUDA latency: 128.670181 ms | Average CUDA latency: 181.032667 ms, Average TFLOPs: 2.924111
>> VLA-Cache inference mode
Current CUDA latency: 110.781792 ms | Average CUDA latency: 181.003852 ms, Average TFLOPs: 2.924117
>> VLA-Cache inference mode
Current CUDA latency: 116.822144 ms | Average CUDA latency: 180.977538 ms, Average TFLOPs: 2.924084
>> VLA-Cache inference mode
Current CUDA latency: 241.320038 ms | Average CUDA latency: 181.002268 ms, Average TFLOPs: 2.924053
>> VLA-Cache inference mode
Current CUDA latency: 215.014694 ms | Average CUDA latency: 181.016202 ms, Average TFLOPs: 2.923967
>> VLA-Cache inference mode
Current CUDA latency: 182.421478 ms | Average CUDA latency: 181.016777 ms, Average TFLOPs: 2.923881
>> VLA-Cache inference mode
Current CUDA latency: 103.989281 ms | Average CUDA latency: 180.985248 ms, Average TFLOPs: 2.923819
>> VLA-Cache inference mode
Current CUDA latency: 111.036385 ms | Average CUDA latency: 180.956627 ms, Average TFLOPs: 2.923772
Average time per step: 588.7053 ms, Control Frequency: 13.59 Hz, Token Reusing Ratio (Primary): 35.45 %, , Token Reusing Ratio (Wrist): 36.02 %
Saved rollout MP4 at path ./rollouts/2026_04_07/primary--2026_04_07-18_57_52--episode=163--success=True--task=put_the_bowl_on_the_plate.mp4
Saved rollout MP4 at path ./rollouts/2026_04_07/wrist--2026_04_07-18_57_52--episode=163--success=True--task=put_the_bowl_on_the_plate.mp4
04/07 [22:23:57] INFO     | >> Success: True              run_libero_eval.py:230
                 INFO     | >> # episodes completed so    run_libero_eval.py:230
                          far: 163                                              
                 INFO     | >> # successes: 156 (95.7%)   run_libero_eval.py:230

 15%|█▌        | 3/20 [04:44<22:57, 81.02s/it] [A                 INFO     | >>                            run_libero_eval.py:230
                          Task: put the bowl on the plate                       
                 INFO     | >> Starting episode 4...      run_libero_eval.py:230
huggingface/tokenizers: The current process just got forked, after parallelism has already been used. Disabling parallelism to avoid deadlocks...
To disable this warning, you can either:
	- Avoid using `tokenizers` before the fork if possible
	- Explicitly set the environment variable TOKENIZERS_PARALLELISM=(true | false)
huggingface/tokenizers: The current process just got forked, after parallelism has already been used. Disabling parallelism to avoid deadlocks...
To disable this warning, you can either:
	- Avoid using `tokenizers` before the fork if possible
	- Explicitly set the environment variable TOKENIZERS_PARALLELISM=(true | false)
>> VLA-Cache inference mode
Current CUDA latency: 301.900909 ms | Average CUDA latency: 181.006093 ms, Average TFLOPs: 2.924081
>> VLA-Cache inference mode
Current CUDA latency: 250.822372 ms | Average CUDA latency: 181.034636 ms, Average TFLOPs: 2.924095
>> VLA-Cache inference mode
Current CUDA latency: 121.140221 ms | Average CUDA latency: 181.010159 ms, Average TFLOPs: 2.924103
>> VLA-Cache inference mode
Current CUDA latency: 118.017792 ms | Average CUDA latency: 180.984427 ms, Average TFLOPs: 2.924120
>> VLA-Cache inference mode
Current CUDA latency: 133.058426 ms | Average CUDA latency: 180.964857 ms, Average TFLOPs: 2.924100
>> VLA-Cache inference mode
Current CUDA latency: 127.073311 ms | Average CUDA latency: 180.942861 ms, Average TFLOPs: 2.924059
>> VLA-Cache inference mode
Current CUDA latency: 133.991333 ms | Average CUDA latency: 180.923705 ms, Average TFLOPs: 2.923998
>> VLA-Cache inference mode
Current CUDA latency: 243.877029 ms | Average CUDA latency: 180.949379 ms, Average TFLOPs: 2.923965
>> VLA-Cache inference mode
Current CUDA latency: 219.478363 ms | Average CUDA latency: 180.965086 ms, Average TFLOPs: 2.923927
>> VLA-Cache inference mode
Current CUDA latency: 135.015427 ms | Average CUDA latency: 180.946362 ms, Average TFLOPs: 2.923886
Average time per step: 591.0368 ms, Control Frequency: 13.54 Hz, Token Reusing Ratio (Primary): 34.99 %, , Token Reusing Ratio (Wrist): 35.36 %
Saved rollout MP4 at path ./rollouts/2026_04_07/primary--2026_04_07-18_57_52--episode=164--success=True--task=put_the_bowl_on_the_plate.mp4
Saved rollout MP4 at path ./rollouts/2026_04_07/wrist--2026_04_07-18_57_52--episode=164--success=True--task=put_the_bowl_on_the_plate.mp4
04/07 [22:24:50] INFO     | >> Success: True              run_libero_eval.py:230
                 INFO     | >> # episodes completed so    run_libero_eval.py:230
                          far: 164                                              
                 INFO     | >> # successes: 157 (95.7%)   run_libero_eval.py:230

 20%|██        | 4/20 [05:38<18:44, 70.29s/it][A                 INFO     | >>                            run_libero_eval.py:230
                          Task: put the bowl on the plate                       
                 INFO     | >> Starting episode 5...      run_libero_eval.py:230
huggingface/tokenizers: The current process just got forked, after parallelism has already been used. Disabling parallelism to avoid deadlocks...
To disable this warning, you can either:
	- Avoid using `tokenizers` before the fork if possible
	- Explicitly set the environment variable TOKENIZERS_PARALLELISM=(true | false)
huggingface/tokenizers: The current process just got forked, after parallelism has already been used. Disabling parallelism to avoid deadlocks...
To disable this warning, you can either:
	- Avoid using `tokenizers` before the fork if possible
	- Explicitly set the environment variable TOKENIZERS_PARALLELISM=(true | false)
>> VLA-Cache inference mode
Current CUDA latency: 302.995850 ms | Average CUDA latency: 180.996076 ms, Average TFLOPs: 2.924194
>> VLA-Cache inference mode
Current CUDA latency: 234.594238 ms | Average CUDA latency: 181.017900 ms, Average TFLOPs: 2.924205
>> VLA-Cache inference mode
Current CUDA latency: 156.990311 ms | Average CUDA latency: 181.008120 ms, Average TFLOPs: 2.924225
>> VLA-Cache inference mode
Current CUDA latency: 221.674759 ms | Average CUDA latency: 181.024665 ms, Average TFLOPs: 2.924217
>> VLA-Cache inference mode
Current CUDA latency: 129.139099 ms | Average CUDA latency: 181.003565 ms, Average TFLOPs: 2.924213
>> VLA-Cache inference mode
Current CUDA latency: 129.175354 ms | Average CUDA latency: 180.982496 ms, Average TFLOPs: 2.924164
>> VLA-Cache inference mode
Current CUDA latency: 227.542236 ms | Average CUDA latency: 181.001415 ms, Average TFLOPs: 2.924107
>> VLA-Cache inference mode
Current CUDA latency: 109.197182 ms | Average CUDA latency: 180.972250 ms, Average TFLOPs: 2.924055
>> VLA-Cache inference mode
Current CUDA latency: 131.551239 ms | Average CUDA latency: 180.952185 ms, Average TFLOPs: 2.924012
>> VLA-Cache inference mode
Current CUDA latency: 120.487038 ms | Average CUDA latency: 180.927646 ms, Average TFLOPs: 2.923955
Average time per step: 586.8419 ms, Control Frequency: 13.63 Hz, Token Reusing Ratio (Primary): 34.68 %, , Token Reusing Ratio (Wrist): 34.92 %
Saved rollout MP4 at path ./rollouts/2026_04_07/primary--2026_04_07-18_57_52--episode=165--success=True--task=put_the_bowl_on_the_plate.mp4
Saved rollout MP4 at path ./rollouts/2026_04_07/wrist--2026_04_07-18_57_52--episode=165--success=True--task=put_the_bowl_on_the_plate.mp4
04/07 [22:25:43] INFO     | >> Success: True              run_libero_eval.py:230
                 INFO     | >> # episodes completed so    run_libero_eval.py:230
                          far: 165                                              
                 INFO     | >> # successes: 158 (95.8%)   run_libero_eval.py:230

 25%|██▌       | 5/20 [06:31<16:01, 64.07s/it][A                 INFO     | >>                            run_libero_eval.py:230
                          Task: put the bowl on the plate                       
                 INFO     | >> Starting episode 6...      run_libero_eval.py:230
huggingface/tokenizers: The current process just got forked, after parallelism has already been used. Disabling parallelism to avoid deadlocks...
To disable this warning, you can either:
	- Avoid using `tokenizers` before the fork if possible
	- Explicitly set the environment variable TOKENIZERS_PARALLELISM=(true | false)
huggingface/tokenizers: The current process just got forked, after parallelism has already been used. Disabling parallelism to avoid deadlocks...
To disable this warning, you can either:
	- Avoid using `tokenizers` before the fork if possible
	- Explicitly set the environment variable TOKENIZERS_PARALLELISM=(true | false)
>> VLA-Cache inference mode
Current CUDA latency: 333.415283 ms | Average CUDA latency: 180.989507 ms, Average TFLOPs: 2.924262
>> VLA-Cache inference mode
Current CUDA latency: 226.907043 ms | Average CUDA latency: 181.008127 ms, Average TFLOPs: 2.924264
>> VLA-Cache inference mode
Current CUDA latency: 114.437027 ms | Average CUDA latency: 180.981142 ms, Average TFLOPs: 2.924266
>> VLA-Cache inference mode
Current CUDA latency: 117.691231 ms | Average CUDA latency: 180.955498 ms, Average TFLOPs: 2.924263
>> VLA-Cache inference mode
Current CUDA latency: 119.869598 ms | Average CUDA latency: 180.930757 ms, Average TFLOPs: 2.924246
>> VLA-Cache inference mode
Current CUDA latency: 110.123070 ms | Average CUDA latency: 180.902090 ms, Average TFLOPs: 2.924209
>> VLA-Cache inference mode
Current CUDA latency: 126.183296 ms | Average CUDA latency: 180.879945 ms, Average TFLOPs: 2.924126
>> VLA-Cache inference mode
Current CUDA latency: 155.302048 ms | Average CUDA latency: 180.869598 ms, Average TFLOPs: 2.924046
>> VLA-Cache inference mode
Current CUDA latency: 263.215118 ms | Average CUDA latency: 180.902896 ms, Average TFLOPs: 2.923975
>> VLA-Cache inference mode
Current CUDA latency: 157.774460 ms | Average CUDA latency: 180.893548 ms, Average TFLOPs: 2.923932
Average time per step: 580.6524 ms, Control Frequency: 13.78 Hz, Token Reusing Ratio (Primary): 34.53 %, , Token Reusing Ratio (Wrist): 34.66 %
Saved rollout MP4 at path ./rollouts/2026_04_07/primary--2026_04_07-18_57_52--episode=166--success=True--task=put_the_bowl_on_the_plate.mp4
Saved rollout MP4 at path ./rollouts/2026_04_07/wrist--2026_04_07-18_57_52--episode=166--success=True--task=put_the_bowl_on_the_plate.mp4
04/07 [22:26:31] INFO     | >> Success: True              run_libero_eval.py:230
                 INFO     | >> # episodes completed so    run_libero_eval.py:230
                          far: 166                                              
                 INFO     | >> # successes: 159 (95.8%)   run_libero_eval.py:230

 30%|███       | 6/20 [07:18<13:37, 58.41s/it][A                 INFO     | >>                            run_libero_eval.py:230
                          Task: put the bowl on the plate                       
                 INFO     | >> Starting episode 7...      run_libero_eval.py:230
huggingface/tokenizers: The current process just got forked, after parallelism has already been used. Disabling parallelism to avoid deadlocks...
To disable this warning, you can either:
	- Avoid using `tokenizers` before the fork if possible
	- Explicitly set the environment variable TOKENIZERS_PARALLELISM=(true | false)
huggingface/tokenizers: The current process just got forked, after parallelism has already been used. Disabling parallelism to avoid deadlocks...
To disable this warning, you can either:
	- Avoid using `tokenizers` before the fork if possible
	- Explicitly set the environment variable TOKENIZERS_PARALLELISM=(true | false)
>> VLA-Cache inference mode
Current CUDA latency: 303.876312 ms | Average CUDA latency: 180.943238 ms, Average TFLOPs: 2.924238
>> VLA-Cache inference mode
Current CUDA latency: 424.884064 ms | Average CUDA latency: 181.041760 ms, Average TFLOPs: 2.924240
>> VLA-Cache inference mode
Current CUDA latency: 202.374969 ms | Average CUDA latency: 181.050372 ms, Average TFLOPs: 2.924256
>> VLA-Cache inference mode
Current CUDA latency: 134.538849 ms | Average CUDA latency: 181.031603 ms, Average TFLOPs: 2.924274
>> VLA-Cache inference mode
Current CUDA latency: 128.689575 ms | Average CUDA latency: 181.010488 ms, Average TFLOPs: 2.924272
>> VLA-Cache inference mode
Current CUDA latency: 141.827072 ms | Average CUDA latency: 180.994689 ms, Average TFLOPs: 2.924246
>> VLA-Cache inference mode
Current CUDA latency: 190.591934 ms | Average CUDA latency: 180.998557 ms, Average TFLOPs: 2.924173
>> VLA-Cache inference mode
Current CUDA latency: 132.710022 ms | Average CUDA latency: 180.979101 ms, Average TFLOPs: 2.924105
>> VLA-Cache inference mode
Current CUDA latency: 110.458687 ms | Average CUDA latency: 180.950700 ms, Average TFLOPs: 2.924051
>> VLA-Cache inference mode
Current CUDA latency: 107.724258 ms | Average CUDA latency: 180.921221 ms, Average TFLOPs: 2.923967
Average time per step: 580.7921 ms, Control Frequency: 13.77 Hz, Token Reusing Ratio (Primary): 34.34 %, , Token Reusing Ratio (Wrist): 34.45 %
Saved rollout MP4 at path ./rollouts/2026_04_07/primary--2026_04_07-18_57_52--episode=167--success=True--task=put_the_bowl_on_the_plate.mp4
Saved rollout MP4 at path ./rollouts/2026_04_07/wrist--2026_04_07-18_57_52--episode=167--success=True--task=put_the_bowl_on_the_plate.mp4
04/07 [22:27:21] INFO     | >> Success: True              run_libero_eval.py:230
                 INFO     | >> # episodes completed so    run_libero_eval.py:230
                          far: 167                                              
                 INFO     | >> # successes: 160 (95.8%)   run_libero_eval.py:230

 35%|███▌      | 7/20 [08:08<12:03, 55.68s/it][A                 INFO     | >>                            run_libero_eval.py:230
                          Task: put the bowl on the plate                       
                 INFO     | >> Starting episode 8...      run_libero_eval.py:230
huggingface/tokenizers: The current process just got forked, after parallelism has already been used. Disabling parallelism to avoid deadlocks...
To disable this warning, you can either:
	- Avoid using `tokenizers` before the fork if possible
	- Explicitly set the environment variable TOKENIZERS_PARALLELISM=(true | false)
huggingface/tokenizers: The current process just got forked, after parallelism has already been used. Disabling parallelism to avoid deadlocks...
To disable this warning, you can either:
	- Avoid using `tokenizers` before the fork if possible
	- Explicitly set the environment variable TOKENIZERS_PARALLELISM=(true | false)
>> VLA-Cache inference mode
Current CUDA latency: 289.604523 ms | Average CUDA latency: 180.964957 ms, Average TFLOPs: 2.924272
>> VLA-Cache inference mode
Current CUDA latency: 284.201233 ms | Average CUDA latency: 181.006484 ms, Average TFLOPs: 2.924274
>> VLA-Cache inference mode
Current CUDA latency: 120.713440 ms | Average CUDA latency: 180.982240 ms, Average TFLOPs: 2.924272
>> VLA-Cache inference mode
Current CUDA latency: 122.508575 ms | Average CUDA latency: 180.958738 ms, Average TFLOPs: 2.924257
>> VLA-Cache inference mode
Current CUDA latency: 227.224792 ms | Average CUDA latency: 180.977326 ms, Average TFLOPs: 2.924236
>> VLA-Cache inference mode
Current CUDA latency: 276.430664 ms | Average CUDA latency: 181.015661 ms, Average TFLOPs: 2.924204
>> VLA-Cache inference mode
Current CUDA latency: 121.500641 ms | Average CUDA latency: 180.991769 ms, Average TFLOPs: 2.924155
>> VLA-Cache inference mode
Current CUDA latency: 127.590752 ms | Average CUDA latency: 180.970340 ms, Average TFLOPs: 2.924087
>> VLA-Cache inference mode
Current CUDA latency: 137.827133 ms | Average CUDA latency: 180.953034 ms, Average TFLOPs: 2.924012
>> VLA-Cache inference mode
Current CUDA latency: 204.958054 ms | Average CUDA latency: 180.962659 ms, Average TFLOPs: 2.923955
Average time per step: 581.4471 ms, Control Frequency: 13.76 Hz, Token Reusing Ratio (Primary): 34.23 %, , Token Reusing Ratio (Wrist): 34.34 %
Saved rollout MP4 at path ./rollouts/2026_04_07/primary--2026_04_07-18_57_52--episode=168--success=True--task=put_the_bowl_on_the_plate.mp4
Saved rollout MP4 at path ./rollouts/2026_04_07/wrist--2026_04_07-18_57_52--episode=168--success=True--task=put_the_bowl_on_the_plate.mp4
04/07 [22:28:14] INFO     | >> Success: True              run_libero_eval.py:230
                 INFO     | >> # episodes completed so    run_libero_eval.py:230
                          far: 168                                              
                 INFO     | >> # successes: 161 (95.8%)   run_libero_eval.py:230

 40%|████      | 8/20 [09:01<10:58, 54.88s/it][A                 INFO     | >>                            run_libero_eval.py:230
                          Task: put the bowl on the plate                       
                 INFO     | >> Starting episode 9...      run_libero_eval.py:230
huggingface/tokenizers: The current process just got forked, after parallelism has already been used. Disabling parallelism to avoid deadlocks...
To disable this warning, you can either:
	- Avoid using `tokenizers` before the fork if possible
	- Explicitly set the environment variable TOKENIZERS_PARALLELISM=(true | false)
huggingface/tokenizers: The current process just got forked, after parallelism has already been used. Disabling parallelism to avoid deadlocks...
To disable this warning, you can either:
	- Avoid using `tokenizers` before the fork if possible
	- Explicitly set the environment variable TOKENIZERS_PARALLELISM=(true | false)
>> VLA-Cache inference mode
Current CUDA latency: 401.300140 ms | Average CUDA latency: 181.050971 ms, Average TFLOPs: 2.924258
>> VLA-Cache inference mode
Current CUDA latency: 361.553009 ms | Average CUDA latency: 181.123287 ms, Average TFLOPs: 2.924240
>> VLA-Cache inference mode
Current CUDA latency: 121.956863 ms | Average CUDA latency: 181.099592 ms, Average TFLOPs: 2.924228
>> VLA-Cache inference mode
Current CUDA latency: 131.572861 ms | Average CUDA latency: 181.079766 ms, Average TFLOPs: 2.924233
>> VLA-Cache inference mode
Current CUDA latency: 134.275620 ms | Average CUDA latency: 181.061037 ms, Average TFLOPs: 2.924220
>> VLA-Cache inference mode
Current CUDA latency: 117.039871 ms | Average CUDA latency: 181.035428 ms, Average TFLOPs: 2.924167
>> VLA-Cache inference mode
Current CUDA latency: 231.867645 ms | Average CUDA latency: 181.055753 ms, Average TFLOPs: 2.924097
>> VLA-Cache inference mode
Current CUDA latency: 181.321091 ms | Average CUDA latency: 181.055859 ms, Average TFLOPs: 2.924047
>> VLA-Cache inference mode
Current CUDA latency: 197.628708 ms | Average CUDA latency: 181.062480 ms, Average TFLOPs: 2.923989
>> VLA-Cache inference mode
Current CUDA latency: 107.354912 ms | Average CUDA latency: 181.033044 ms, Average TFLOPs: 2.923945
Average time per step: 586.1683 ms, Control Frequency: 13.65 Hz, Token Reusing Ratio (Primary): 34.21 %, , Token Reusing Ratio (Wrist): 34.19 %
Saved rollout MP4 at path ./rollouts/2026_04_07/primary--2026_04_07-18_57_52--episode=169--success=True--task=put_the_bowl_on_the_plate.mp4
Saved rollout MP4 at path ./rollouts/2026_04_07/wrist--2026_04_07-18_57_52--episode=169--success=True--task=put_the_bowl_on_the_plate.mp4
04/07 [22:29:11] INFO     | >> Success: True              run_libero_eval.py:230
                 INFO     | >> # episodes completed so    run_libero_eval.py:230
                          far: 169                                              
                 INFO     | >> # successes: 162 (95.9%)   run_libero_eval.py:230

 45%|████▌     | 9/20 [09:58<10:10, 55.51s/it][A                 INFO     | >>                            run_libero_eval.py:230
                          Task: put the bowl on the plate                       
                 INFO     | >> Starting episode 10...     run_libero_eval.py:230
huggingface/tokenizers: The current process just got forked, after parallelism has already been used. Disabling parallelism to avoid deadlocks...
To disable this warning, you can either:
	- Avoid using `tokenizers` before the fork if possible
	- Explicitly set the environment variable TOKENIZERS_PARALLELISM=(true | false)
huggingface/tokenizers: The current process just got forked, after parallelism has already been used. Disabling parallelism to avoid deadlocks...
To disable this warning, you can either:
	- Avoid using `tokenizers` before the fork if possible
	- Explicitly set the environment variable TOKENIZERS_PARALLELISM=(true | false)
>> VLA-Cache inference mode
Current CUDA latency: 414.192169 ms | Average CUDA latency: 181.126122 ms, Average TFLOPs: 2.924247
>> VLA-Cache inference mode
Current CUDA latency: 320.876770 ms | Average CUDA latency: 181.181888 ms, Average TFLOPs: 2.924269
>> VLA-Cache inference mode
Current CUDA latency: 136.581863 ms | Average CUDA latency: 181.164098 ms, Average TFLOPs: 2.924275
>> VLA-Cache inference mode
Current CUDA latency: 117.310562 ms | Average CUDA latency: 181.138638 ms, Average TFLOPs: 2.924276
>> VLA-Cache inference mode
Current CUDA latency: 115.357796 ms | Average CUDA latency: 181.112420 ms, Average TFLOPs: 2.924269
>> VLA-Cache inference mode
Current CUDA latency: 133.471771 ms | Average CUDA latency: 181.093440 ms, Average TFLOPs: 2.924228
>> VLA-Cache inference mode
Current CUDA latency: 187.245667 ms | Average CUDA latency: 181.095890 ms, Average TFLOPs: 2.924178
>> VLA-Cache inference mode
Current CUDA latency: 231.527328 ms | Average CUDA latency: 181.115966 ms, Average TFLOPs: 2.924123
>> VLA-Cache inference mode
Current CUDA latency: 127.224190 ms | Average CUDA latency: 181.094521 ms, Average TFLOPs: 2.924073
>> VLA-Cache inference mode
Current CUDA latency: 103.328575 ms | Average CUDA latency: 181.063588 ms, Average TFLOPs: 2.924025
Average time per step: 590.5809 ms, Control Frequency: 13.55 Hz, Token Reusing Ratio (Primary): 34.13 %, , Token Reusing Ratio (Wrist): 33.99 %
Saved rollout MP4 at path ./rollouts/2026_04_07/primary--2026_04_07-18_57_52--episode=170--success=True--task=put_the_bowl_on_the_plate.mp4
Saved rollout MP4 at path ./rollouts/2026_04_07/wrist--2026_04_07-18_57_52--episode=170--success=True--task=put_the_bowl_on_the_plate.mp4
04/07 [22:30:04] INFO     | >> Success: True              run_libero_eval.py:230
                 INFO     | >> # episodes completed so    run_libero_eval.py:230
                          far: 170                                              
                 INFO     | >> # successes: 163 (95.9%)   run_libero_eval.py:230

 50%|█████     | 10/20 [10:51<09:06, 54.68s/it][A                 INFO     | >>                            run_libero_eval.py:230
                          Task: put the bowl on the plate                       
                 INFO     | >> Starting episode 11...     run_libero_eval.py:230
huggingface/tokenizers: The current process just got forked, after parallelism has already been used. Disabling parallelism to avoid deadlocks...
To disable this warning, you can either:
	- Avoid using `tokenizers` before the fork if possible
	- Explicitly set the environment variable TOKENIZERS_PARALLELISM=(true | false)
huggingface/tokenizers: The current process just got forked, after parallelism has already been used. Disabling parallelism to avoid deadlocks...
To disable this warning, you can either:
	- Avoid using `tokenizers` before the fork if possible
	- Explicitly set the environment variable TOKENIZERS_PARALLELISM=(true | false)
>> VLA-Cache inference mode
Current CUDA latency: 325.933563 ms | Average CUDA latency: 181.121190 ms, Average TFLOPs: 2.924326
>> VLA-Cache inference mode
Current CUDA latency: 352.598328 ms | Average CUDA latency: 181.189345 ms, Average TFLOPs: 2.924344
>> VLA-Cache inference mode
Current CUDA latency: 258.355133 ms | Average CUDA latency: 181.220003 ms, Average TFLOPs: 2.924343
>> VLA-Cache inference mode
Current CUDA latency: 137.201630 ms | Average CUDA latency: 181.202521 ms, Average TFLOPs: 2.924354
>> VLA-Cache inference mode
Current CUDA latency: 111.797089 ms | Average CUDA latency: 181.174968 ms, Average TFLOPs: 2.924359
>> VLA-Cache inference mode
Current CUDA latency: 114.061249 ms | Average CUDA latency: 181.148336 ms, Average TFLOPs: 2.924311
>> VLA-Cache inference mode
Current CUDA latency: 192.479355 ms | Average CUDA latency: 181.152831 ms, Average TFLOPs: 2.924234
>> VLA-Cache inference mode
Current CUDA latency: 191.144867 ms | Average CUDA latency: 181.156793 ms, Average TFLOPs: 2.924163
>> VLA-Cache inference mode
Current CUDA latency: 167.785446 ms | Average CUDA latency: 181.151493 ms, Average TFLOPs: 2.924102
>> VLA-Cache inference mode
Current CUDA latency: 109.210495 ms | Average CUDA latency: 181.122990 ms, Average TFLOPs: 2.924045
>> VLA-Cache inference mode
Current CUDA latency: 234.488602 ms | Average CUDA latency: 181.144125 ms, Average TFLOPs: 2.923965
>> VLA-Cache inference mode
Current CUDA latency: 201.975967 ms | Average CUDA latency: 181.152372 ms, Average TFLOPs: 2.923904
>> VLA-Cache inference mode
Current CUDA latency: 124.997475 ms | Average CUDA latency: 181.130150 ms, Average TFLOPs: 2.923838
>> VLA-Cache inference mode
Current CUDA latency: 109.811234 ms | Average CUDA latency: 181.101938 ms, Average TFLOPs: 2.923775
>> VLA-Cache inference mode
Current CUDA latency: 103.887520 ms | Average CUDA latency: 181.071407 ms, Average TFLOPs: 2.923711
>> VLA-Cache inference mode
Current CUDA latency: 118.712898 ms | Average CUDA latency: 181.046759 ms, Average TFLOPs: 2.923660
>> VLA-Cache inference mode
Current CUDA latency: 114.614243 ms | Average CUDA latency: 181.020512 ms, Average TFLOPs: 2.923620
Average time per step: 595.2157 ms, Control Frequency: 13.44 Hz, Token Reusing Ratio (Primary): 34.19 %, , Token Reusing Ratio (Wrist): 34.22 %
Saved rollout MP4 at path ./rollouts/2026_04_07/primary--2026_04_07-18_57_52--episode=171--success=True--task=put_the_bowl_on_the_plate.mp4
Saved rollout MP4 at path ./rollouts/2026_04_07/wrist--2026_04_07-18_57_52--episode=171--success=True--task=put_the_bowl_on_the_plate.mp4
04/07 [22:31:40] INFO     | >> Success: True              run_libero_eval.py:230
                 INFO     | >> # episodes completed so    run_libero_eval.py:230
                          far: 171                                              
                 INFO     | >> # successes: 164 (95.9%)   run_libero_eval.py:230

 55%|█████▌    | 11/20 [12:27<10:05, 67.31s/it][A                 INFO     | >>                            run_libero_eval.py:230
                          Task: put the bowl on the plate                       
                 INFO     | >> Starting episode 12...     run_libero_eval.py:230
huggingface/tokenizers: The current process just got forked, after parallelism has already been used. Disabling parallelism to avoid deadlocks...
To disable this warning, you can either:
	- Avoid using `tokenizers` before the fork if possible
	- Explicitly set the environment variable TOKENIZERS_PARALLELISM=(true | false)
huggingface/tokenizers: The current process just got forked, after parallelism has already been used. Disabling parallelism to avoid deadlocks...
To disable this warning, you can either:
	- Avoid using `tokenizers` before the fork if possible
	- Explicitly set the environment variable TOKENIZERS_PARALLELISM=(true | false)
>> VLA-Cache inference mode
Current CUDA latency: 443.550293 ms | Average CUDA latency: 181.124196 ms, Average TFLOPs: 2.923919
>> VLA-Cache inference mode
Current CUDA latency: 366.395325 ms | Average CUDA latency: 181.197339 ms, Average TFLOPs: 2.923937
>> VLA-Cache inference mode
Current CUDA latency: 122.958435 ms | Average CUDA latency: 181.174356 ms, Average TFLOPs: 2.923950
>> VLA-Cache inference mode
Current CUDA latency: 129.232544 ms | Average CUDA latency: 181.153866 ms, Average TFLOPs: 2.923957
>> VLA-Cache inference mode
Current CUDA latency: 117.692734 ms | Average CUDA latency: 181.128842 ms, Average TFLOPs: 2.923927
>> VLA-Cache inference mode
Current CUDA latency: 112.723358 ms | Average CUDA latency: 181.101879 ms, Average TFLOPs: 2.923897
>> VLA-Cache inference mode
Current CUDA latency: 121.105919 ms | Average CUDA latency: 181.078240 ms, Average TFLOPs: 2.923842
>> VLA-Cache inference mode
Current CUDA latency: 107.751457 ms | Average CUDA latency: 181.049360 ms, Average TFLOPs: 2.923777
>> VLA-Cache inference mode
Current CUDA latency: 107.596962 ms | Average CUDA latency: 181.020442 ms, Average TFLOPs: 2.923733
>> VLA-Cache inference mode
Current CUDA latency: 104.774048 ms | Average CUDA latency: 180.990435 ms, Average TFLOPs: 2.923691
Average time per step: 595.4695 ms, Control Frequency: 13.43 Hz, Token Reusing Ratio (Primary): 34.10 %, , Token Reusing Ratio (Wrist): 34.07 %
Saved rollout MP4 at path ./rollouts/2026_04_07/primary--2026_04_07-18_57_52--episode=172--success=True--task=put_the_bowl_on_the_plate.mp4
Saved rollout MP4 at path ./rollouts/2026_04_07/wrist--2026_04_07-18_57_52--episode=172--success=True--task=put_the_bowl_on_the_plate.mp4
04/07 [22:32:28] INFO     | >> Success: True              run_libero_eval.py:230
                 INFO     | >> # episodes completed so    run_libero_eval.py:230
                          far: 172                                              
                 INFO     | >> # successes: 165 (95.9%)   run_libero_eval.py:230

 60%|██████    | 12/20 [13:15<08:12, 61.59s/it][A                 INFO     | >>                            run_libero_eval.py:230
                          Task: put the bowl on the plate                       
                 INFO     | >> Starting episode 13...     run_libero_eval.py:230
huggingface/tokenizers: The current process just got forked, after parallelism has already been used. Disabling parallelism to avoid deadlocks...
To disable this warning, you can either:
	- Avoid using `tokenizers` before the fork if possible
	- Explicitly set the environment variable TOKENIZERS_PARALLELISM=(true | false)
huggingface/tokenizers: The current process just got forked, after parallelism has already been used. Disabling parallelism to avoid deadlocks...
To disable this warning, you can either:
	- Avoid using `tokenizers` before the fork if possible
	- Explicitly set the environment variable TOKENIZERS_PARALLELISM=(true | false)
>> VLA-Cache inference mode
Current CUDA latency: 282.046844 ms | Average CUDA latency: 181.030190 ms, Average TFLOPs: 2.923989
>> VLA-Cache inference mode
Current CUDA latency: 221.746750 ms | Average CUDA latency: 181.046201 ms, Average TFLOPs: 2.924009
>> VLA-Cache inference mode
Current CUDA latency: 123.483650 ms | Average CUDA latency: 181.023574 ms, Average TFLOPs: 2.924027
>> VLA-Cache inference mode
Current CUDA latency: 139.574265 ms | Average CUDA latency: 181.007288 ms, Average TFLOPs: 2.924048
>> VLA-Cache inference mode
Current CUDA latency: 218.308411 ms | Average CUDA latency: 181.021939 ms, Average TFLOPs: 2.924042
>> VLA-Cache inference mode
Current CUDA latency: 143.515686 ms | Average CUDA latency: 181.007213 ms, Average TFLOPs: 2.924001
>> VLA-Cache inference mode
Current CUDA latency: 134.820709 ms | Average CUDA latency: 180.989086 ms, Average TFLOPs: 2.923938
>> VLA-Cache inference mode
Current CUDA latency: 123.496704 ms | Average CUDA latency: 180.966532 ms, Average TFLOPs: 2.923870
>> VLA-Cache inference mode
Current CUDA latency: 107.319138 ms | Average CUDA latency: 180.937650 ms, Average TFLOPs: 2.923812
>> VLA-Cache inference mode
Current CUDA latency: 107.864258 ms | Average CUDA latency: 180.909005 ms, Average TFLOPs: 2.923769
Average time per step: 594.9095 ms, Control Frequency: 13.45 Hz, Token Reusing Ratio (Primary): 33.94 %, , Token Reusing Ratio (Wrist): 33.99 %
Saved rollout MP4 at path ./rollouts/2026_04_07/primary--2026_04_07-18_57_52--episode=173--success=True--task=put_the_bowl_on_the_plate.mp4
Saved rollout MP4 at path ./rollouts/2026_04_07/wrist--2026_04_07-18_57_52--episode=173--success=True--task=put_the_bowl_on_the_plate.mp4
04/07 [22:33:20] INFO     | >> Success: True              run_libero_eval.py:230
                 INFO     | >> # episodes completed so    run_libero_eval.py:230
                          far: 173                                              
                 INFO     | >> # successes: 166 (96.0%)   run_libero_eval.py:230

 65%|██████▌   | 13/20 [14:08<06:51, 58.74s/it][A                 INFO     | >>                            run_libero_eval.py:230
                          Task: put the bowl on the plate                       
                 INFO     | >> Starting episode 14...     run_libero_eval.py:230
huggingface/tokenizers: The current process just got forked, after parallelism has already been used. Disabling parallelism to avoid deadlocks...
To disable this warning, you can either:
	- Avoid using `tokenizers` before the fork if possible
	- Explicitly set the environment variable TOKENIZERS_PARALLELISM=(true | false)
huggingface/tokenizers: The current process just got forked, after parallelism has already been used. Disabling parallelism to avoid deadlocks...
To disable this warning, you can either:
	- Avoid using `tokenizers` before the fork if possible
	- Explicitly set the environment variable TOKENIZERS_PARALLELISM=(true | false)
>> VLA-Cache inference mode
Current CUDA latency: 298.951904 ms | Average CUDA latency: 180.955260 ms, Average TFLOPs: 2.924066
>> VLA-Cache inference mode
Current CUDA latency: 242.309402 ms | Average CUDA latency: 180.979292 ms, Average TFLOPs: 2.924065
>> VLA-Cache inference mode
Current CUDA latency: 285.223755 ms | Average CUDA latency: 181.020109 ms, Average TFLOPs: 2.924073
>> VLA-Cache inference mode
Current CUDA latency: 611.854736 ms | Average CUDA latency: 181.188733 ms, Average TFLOPs: 2.924082
>> VLA-Cache inference mode
Current CUDA latency: 133.401337 ms | Average CUDA latency: 181.170037 ms, Average TFLOPs: 2.924059
>> VLA-Cache inference mode
Current CUDA latency: 119.791428 ms | Average CUDA latency: 181.146032 ms, Average TFLOPs: 2.924012
>> VLA-Cache inference mode
Current CUDA latency: 120.245346 ms | Average CUDA latency: 181.122225 ms, Average TFLOPs: 2.923929
>> VLA-Cache inference mode
Current CUDA latency: 107.838753 ms | Average CUDA latency: 181.093587 ms, Average TFLOPs: 2.923879
>> VLA-Cache inference mode
Current CUDA latency: 107.488739 ms | Average CUDA latency: 181.064835 ms, Average TFLOPs: 2.923828
>> VLA-Cache inference mode
Current CUDA latency: 231.521851 ms | Average CUDA latency: 181.084537 ms, Average TFLOPs: 2.923779
Average time per step: 598.5642 ms, Control Frequency: 13.37 Hz, Token Reusing Ratio (Primary): 33.96 %, , Token Reusing Ratio (Wrist): 33.89 %
Saved rollout MP4 at path ./rollouts/2026_04_07/primary--2026_04_07-18_57_52--episode=174--success=True--task=put_the_bowl_on_the_plate.mp4
Saved rollout MP4 at path ./rollouts/2026_04_07/wrist--2026_04_07-18_57_52--episode=174--success=True--task=put_the_bowl_on_the_plate.mp4
04/07 [22:34:12] INFO     | >> Success: True              run_libero_eval.py:230
                 INFO     | >> # episodes completed so    run_libero_eval.py:230
                          far: 174                                              
                 INFO     | >> # successes: 167 (96.0%)   run_libero_eval.py:230

 70%|███████   | 14/20 [14:59<05:39, 56.56s/it][A                 INFO     | >>                            run_libero_eval.py:230
                          Task: put the bowl on the plate                       
                 INFO     | >> Starting episode 15...     run_libero_eval.py:230
huggingface/tokenizers: The current process just got forked, after parallelism has already been used. Disabling parallelism to avoid deadlocks...
To disable this warning, you can either:
	- Avoid using `tokenizers` before the fork if possible
	- Explicitly set the environment variable TOKENIZERS_PARALLELISM=(true | false)
huggingface/tokenizers: The current process just got forked, after parallelism has already been used. Disabling parallelism to avoid deadlocks...
To disable this warning, you can either:
	- Avoid using `tokenizers` before the fork if possible
	- Explicitly set the environment variable TOKENIZERS_PARALLELISM=(true | false)
>> VLA-Cache inference mode
Current CUDA latency: 372.477661 ms | Average CUDA latency: 181.159242 ms, Average TFLOPs: 2.924074
>> VLA-Cache inference mode
Current CUDA latency: 306.793335 ms | Average CUDA latency: 181.208260 ms, Average TFLOPs: 2.924085
>> VLA-Cache inference mode
Current CUDA latency: 234.067322 ms | Average CUDA latency: 181.228876 ms, Average TFLOPs: 2.924082
>> VLA-Cache inference mode
Current CUDA latency: 186.626053 ms | Average CUDA latency: 181.230980 ms, Average TFLOPs: 2.924090
>> VLA-Cache inference mode
Current CUDA latency: 110.749084 ms | Average CUDA latency: 181.203513 ms, Average TFLOPs: 2.924070
>> VLA-Cache inference mode
Current CUDA latency: 136.492966 ms | Average CUDA latency: 181.186095 ms, Average TFLOPs: 2.924021
>> VLA-Cache inference mode
Current CUDA latency: 107.488159 ms | Average CUDA latency: 181.157396 ms, Average TFLOPs: 2.923978
>> VLA-Cache inference mode
Current CUDA latency: 126.976990 ms | Average CUDA latency: 181.136306 ms, Average TFLOPs: 2.923912
>> VLA-Cache inference mode
Current CUDA latency: 361.165100 ms | Average CUDA latency: 181.206357 ms, Average TFLOPs: 2.923869
Average time per step: 602.7697 ms, Control Frequency: 13.27 Hz, Token Reusing Ratio (Primary): 33.88 %, , Token Reusing Ratio (Wrist): 33.79 %
Saved rollout MP4 at path ./rollouts/2026_04_07/primary--2026_04_07-18_57_52--episode=175--success=True--task=put_the_bowl_on_the_plate.mp4
Saved rollout MP4 at path ./rollouts/2026_04_07/wrist--2026_04_07-18_57_52--episode=175--success=True--task=put_the_bowl_on_the_plate.mp4
04/07 [22:35:05] INFO     | >> Success: True              run_libero_eval.py:230
                 INFO     | >> # episodes completed so    run_libero_eval.py:230
                          far: 175                                              
                 INFO     | >> # successes: 168 (96.0%)   run_libero_eval.py:230

 75%|███████▌  | 15/20 [15:52<04:37, 55.42s/it][A                 INFO     | >>                            run_libero_eval.py:230
                          Task: put the bowl on the plate                       
                 INFO     | >> Starting episode 16...     run_libero_eval.py:230
huggingface/tokenizers: The current process just got forked, after parallelism has already been used. Disabling parallelism to avoid deadlocks...
To disable this warning, you can either:
	- Avoid using `tokenizers` before the fork if possible
	- Explicitly set the environment variable TOKENIZERS_PARALLELISM=(true | false)
huggingface/tokenizers: The current process just got forked, after parallelism has already been used. Disabling parallelism to avoid deadlocks...
To disable this warning, you can either:
	- Avoid using `tokenizers` before the fork if possible
	- Explicitly set the environment variable TOKENIZERS_PARALLELISM=(true | false)
>> VLA-Cache inference mode
Current CUDA latency: 347.112457 ms | Average CUDA latency: 181.270886 ms, Average TFLOPs: 2.924163
>> VLA-Cache inference mode
Current CUDA latency: 283.552887 ms | Average CUDA latency: 181.310654 ms, Average TFLOPs: 2.924176
>> VLA-Cache inference mode
Current CUDA latency: 453.249084 ms | Average CUDA latency: 181.416343 ms, Average TFLOPs: 2.924180
>> VLA-Cache inference mode
Current CUDA latency: 156.836578 ms | Average CUDA latency: 181.406794 ms, Average TFLOPs: 2.924192
>> VLA-Cache inference mode
Current CUDA latency: 130.500229 ms | Average CUDA latency: 181.387024 ms, Average TFLOPs: 2.924164
>> VLA-Cache inference mode
Current CUDA latency: 139.591110 ms | Average CUDA latency: 181.370799 ms, Average TFLOPs: 2.924100
>> VLA-Cache inference mode
Current CUDA latency: 111.489021 ms | Average CUDA latency: 181.343682 ms, Average TFLOPs: 2.924012
>> VLA-Cache inference mode
Current CUDA latency: 130.187485 ms | Average CUDA latency: 181.323838 ms, Average TFLOPs: 2.923947
>> VLA-Cache inference mode
Current CUDA latency: 101.075523 ms | Average CUDA latency: 181.292722 ms, Average TFLOPs: 2.923881
>> VLA-Cache inference mode
Current CUDA latency: 113.435204 ms | Average CUDA latency: 181.266421 ms, Average TFLOPs: 2.923844
Average time per step: 605.5659 ms, Control Frequency: 13.21 Hz, Token Reusing Ratio (Primary): 33.84 %, , Token Reusing Ratio (Wrist): 33.75 %
Saved rollout MP4 at path ./rollouts/2026_04_07/primary--2026_04_07-18_57_52--episode=176--success=True--task=put_the_bowl_on_the_plate.mp4
Saved rollout MP4 at path ./rollouts/2026_04_07/wrist--2026_04_07-18_57_52--episode=176--success=True--task=put_the_bowl_on_the_plate.mp4
04/07 [22:36:01] INFO     | >> Success: True              run_libero_eval.py:230
                 INFO     | >> # episodes completed so    run_libero_eval.py:230
                          far: 176                                              
                 INFO     | >> # successes: 169 (96.0%)   run_libero_eval.py:230

 80%|████████  | 16/20 [16:48<03:43, 55.76s/it][A                 INFO     | >>                            run_libero_eval.py:230
                          Task: put the bowl on the plate                       
                 INFO     | >> Starting episode 17...     run_libero_eval.py:230
huggingface/tokenizers: The current process just got forked, after parallelism has already been used. Disabling parallelism to avoid deadlocks...
To disable this warning, you can either:
	- Avoid using `tokenizers` before the fork if possible
	- Explicitly set the environment variable TOKENIZERS_PARALLELISM=(true | false)
huggingface/tokenizers: The current process just got forked, after parallelism has already been used. Disabling parallelism to avoid deadlocks...
To disable this warning, you can either:
	- Avoid using `tokenizers` before the fork if possible
	- Explicitly set the environment variable TOKENIZERS_PARALLELISM=(true | false)
>> VLA-Cache inference mode
Current CUDA latency: 434.671844 ms | Average CUDA latency: 181.364602 ms, Average TFLOPs: 2.924137
>> VLA-Cache inference mode
Current CUDA latency: 335.898132 ms | Average CUDA latency: 181.424452 ms, Average TFLOPs: 2.924155
>> VLA-Cache inference mode
Current CUDA latency: 113.659103 ms | Average CUDA latency: 181.398217 ms, Average TFLOPs: 2.924170
>> VLA-Cache inference mode
Current CUDA latency: 117.738625 ms | Average CUDA latency: 181.373581 ms, Average TFLOPs: 2.924171
>> VLA-Cache inference mode
Current CUDA latency: 111.541313 ms | Average CUDA latency: 181.346567 ms, Average TFLOPs: 2.924161
>> VLA-Cache inference mode
Current CUDA latency: 120.107773 ms | Average CUDA latency: 181.322886 ms, Average TFLOPs: 2.924118
>> VLA-Cache inference mode
Current CUDA latency: 113.692451 ms | Average CUDA latency: 181.296743 ms, Average TFLOPs: 2.924077
>> VLA-Cache inference mode
Current CUDA latency: 110.225281 ms | Average CUDA latency: 181.269281 ms, Average TFLOPs: 2.924026
>> VLA-Cache inference mode
Current CUDA latency: 102.444611 ms | Average CUDA latency: 181.238835 ms, Average TFLOPs: 2.923975
>> VLA-Cache inference mode
Current CUDA latency: 105.236862 ms | Average CUDA latency: 181.209491 ms, Average TFLOPs: 2.923941
Average time per step: 606.4866 ms, Control Frequency: 13.19 Hz, Token Reusing Ratio (Primary): 33.77 %, , Token Reusing Ratio (Wrist): 33.68 %
Saved rollout MP4 at path ./rollouts/2026_04_07/primary--2026_04_07-18_57_52--episode=177--success=True--task=put_the_bowl_on_the_plate.mp4
Saved rollout MP4 at path ./rollouts/2026_04_07/wrist--2026_04_07-18_57_52--episode=177--success=True--task=put_the_bowl_on_the_plate.mp4
04/07 [22:36:55] INFO     | >> Success: True              run_libero_eval.py:230
                 INFO     | >> # episodes completed so    run_libero_eval.py:230
                          far: 177                                              
                 INFO     | >> # successes: 170 (96.0%)   run_libero_eval.py:230

 85%|████████▌ | 17/20 [17:42<02:45, 55.02s/it][A                 INFO     | >>                            run_libero_eval.py:230
                          Task: put the bowl on the plate                       
                 INFO     | >> Starting episode 18...     run_libero_eval.py:230
huggingface/tokenizers: The current process just got forked, after parallelism has already been used. Disabling parallelism to avoid deadlocks...
To disable this warning, you can either:
	- Avoid using `tokenizers` before the fork if possible
	- Explicitly set the environment variable TOKENIZERS_PARALLELISM=(true | false)
huggingface/tokenizers: The current process just got forked, after parallelism has already been used. Disabling parallelism to avoid deadlocks...
To disable this warning, you can either:
	- Avoid using `tokenizers` before the fork if possible
	- Explicitly set the environment variable TOKENIZERS_PARALLELISM=(true | false)
>> VLA-Cache inference mode
Current CUDA latency: 324.759460 ms | Average CUDA latency: 181.264894 ms, Average TFLOPs: 2.924233
>> VLA-Cache inference mode
Current CUDA latency: 271.139648 ms | Average CUDA latency: 181.299568 ms, Average TFLOPs: 2.924243
>> VLA-Cache inference mode
Current CUDA latency: 112.697853 ms | Average CUDA latency: 181.273112 ms, Average TFLOPs: 2.924247
>> VLA-Cache inference mode
Current CUDA latency: 118.990723 ms | Average CUDA latency: 181.249102 ms, Average TFLOPs: 2.924256
>> VLA-Cache inference mode
Current CUDA latency: 108.982658 ms | Average CUDA latency: 181.221253 ms, Average TFLOPs: 2.924249
>> VLA-Cache inference mode
Current CUDA latency: 124.335747 ms | Average CUDA latency: 181.199341 ms, Average TFLOPs: 2.924233
>> VLA-Cache inference mode
Current CUDA latency: 108.727524 ms | Average CUDA latency: 181.171435 ms, Average TFLOPs: 2.924200
>> VLA-Cache inference mode
Current CUDA latency: 109.951103 ms | Average CUDA latency: 181.144021 ms, Average TFLOPs: 2.924163
>> VLA-Cache inference mode
Current CUDA latency: 197.113510 ms | Average CUDA latency: 181.150165 ms, Average TFLOPs: 2.924099
>> VLA-Cache inference mode
Current CUDA latency: 224.106842 ms | Average CUDA latency: 181.166687 ms, Average TFLOPs: 2.924048
Average time per step: 607.0201 ms, Control Frequency: 13.18 Hz, Token Reusing Ratio (Primary): 33.71 %, , Token Reusing Ratio (Wrist): 33.60 %
Saved rollout MP4 at path ./rollouts/2026_04_07/primary--2026_04_07-18_57_52--episode=178--success=True--task=put_the_bowl_on_the_plate.mp4
Saved rollout MP4 at path ./rollouts/2026_04_07/wrist--2026_04_07-18_57_52--episode=178--success=True--task=put_the_bowl_on_the_plate.mp4
04/07 [22:37:48] INFO     | >> Success: True              run_libero_eval.py:230
                 INFO     | >> # episodes completed so    run_libero_eval.py:230
                          far: 178                                              
                 INFO     | >> # successes: 171 (96.1%)   run_libero_eval.py:230

 90%|█████████ | 18/20 [18:35<01:49, 54.63s/it][A                 INFO     | >>                            run_libero_eval.py:230
                          Task: put the bowl on the plate                       
                 INFO     | >> Starting episode 19...     run_libero_eval.py:230
huggingface/tokenizers: The current process just got forked, after parallelism has already been used. Disabling parallelism to avoid deadlocks...
To disable this warning, you can either:
	- Avoid using `tokenizers` before the fork if possible
	- Explicitly set the environment variable TOKENIZERS_PARALLELISM=(true | false)
huggingface/tokenizers: The current process just got forked, after parallelism has already been used. Disabling parallelism to avoid deadlocks...
To disable this warning, you can either:
	- Avoid using `tokenizers` before the fork if possible
	- Explicitly set the environment variable TOKENIZERS_PARALLELISM=(true | false)
>> VLA-Cache inference mode
Current CUDA latency: 305.442902 ms | Average CUDA latency: 181.214467 ms, Average TFLOPs: 2.924339
>> VLA-Cache inference mode
Current CUDA latency: 264.191895 ms | Average CUDA latency: 181.246357 ms, Average TFLOPs: 2.924343
>> VLA-Cache inference mode
Current CUDA latency: 296.834137 ms | Average CUDA latency: 181.290763 ms, Average TFLOPs: 2.924328
>> VLA-Cache inference mode
Current CUDA latency: 156.935577 ms | Average CUDA latency: 181.281410 ms, Average TFLOPs: 2.924305
>> VLA-Cache inference mode
Current CUDA latency: 137.434875 ms | Average CUDA latency: 181.264578 ms, Average TFLOPs: 2.924263
>> VLA-Cache inference mode
Current CUDA latency: 249.809280 ms | Average CUDA latency: 181.290881 ms, Average TFLOPs: 2.924217
>> VLA-Cache inference mode
Current CUDA latency: 175.705765 ms | Average CUDA latency: 181.288739 ms, Average TFLOPs: 2.924155
>> VLA-Cache inference mode
Current CUDA latency: 121.432480 ms | Average CUDA latency: 181.265788 ms, Average TFLOPs: 2.924082
>> VLA-Cache inference mode
Current CUDA latency: 104.049408 ms | Average CUDA latency: 181.236191 ms, Average TFLOPs: 2.924019
>> VLA-Cache inference mode
Current CUDA latency: 191.580124 ms | Average CUDA latency: 181.240155 ms, Average TFLOPs: 2.923971
>> VLA-Cache inference mode
Current CUDA latency: 301.593323 ms | Average CUDA latency: 181.286249 ms, Average TFLOPs: 2.923919
Average time per step: 612.4887 ms, Control Frequency: 13.06 Hz, Token Reusing Ratio (Primary): 33.77 %, , Token Reusing Ratio (Wrist): 33.61 %
Saved rollout MP4 at path ./rollouts/2026_04_07/primary--2026_04_07-18_57_52--episode=179--success=True--task=put_the_bowl_on_the_plate.mp4
Saved rollout MP4 at path ./rollouts/2026_04_07/wrist--2026_04_07-18_57_52--episode=179--success=True--task=put_the_bowl_on_the_plate.mp4
04/07 [22:39:00] INFO     | >> Success: True              run_libero_eval.py:230
                 INFO     | >> # episodes completed so    run_libero_eval.py:230
                          far: 179                                              
                 INFO     | >> # successes: 172 (96.1%)   run_libero_eval.py:230

 95%|█████████▌| 19/20 [19:47<00:59, 59.70s/it][A                 INFO     | >>                            run_libero_eval.py:230
                          Task: put the bowl on the plate                       
                 INFO     | >> Starting episode 20...     run_libero_eval.py:230
huggingface/tokenizers: The current process just got forked, after parallelism has already been used. Disabling parallelism to avoid deadlocks...
To disable this warning, you can either:
	- Avoid using `tokenizers` before the fork if possible
	- Explicitly set the environment variable TOKENIZERS_PARALLELISM=(true | false)
huggingface/tokenizers: The current process just got forked, after parallelism has already been used. Disabling parallelism to avoid deadlocks...
To disable this warning, you can either:
	- Avoid using `tokenizers` before the fork if possible
	- Explicitly set the environment variable TOKENIZERS_PARALLELISM=(true | false)
>> VLA-Cache inference mode
Current CUDA latency: 389.164917 ms | Average CUDA latency: 181.365835 ms, Average TFLOPs: 2.924209
>> VLA-Cache inference mode
Current CUDA latency: 353.077881 ms | Average CUDA latency: 181.431550 ms, Average TFLOPs: 2.924215
>> VLA-Cache inference mode
Current CUDA latency: 118.567902 ms | Average CUDA latency: 181.407501 ms, Average TFLOPs: 2.924226
>> VLA-Cache inference mode
Current CUDA latency: 116.823746 ms | Average CUDA latency: 181.382803 ms, Average TFLOPs: 2.924220
>> VLA-Cache inference mode
Current CUDA latency: 109.814751 ms | Average CUDA latency: 181.355446 ms, Average TFLOPs: 2.924199
>> VLA-Cache inference mode
Current CUDA latency: 115.032639 ms | Average CUDA latency: 181.330103 ms, Average TFLOPs: 2.924158
>> VLA-Cache inference mode
Current CUDA latency: 120.020828 ms | Average CUDA latency: 181.306684 ms, Average TFLOPs: 2.924084
>> VLA-Cache inference mode
Current CUDA latency: 102.776352 ms | Average CUDA latency: 181.276699 ms, Average TFLOPs: 2.924029
>> VLA-Cache inference mode
Current CUDA latency: 102.287422 ms | Average CUDA latency: 181.246551 ms, Average TFLOPs: 2.923962
>> VLA-Cache inference mode
Current CUDA latency: 102.577728 ms | Average CUDA latency: 181.216536 ms, Average TFLOPs: 2.923926
Average time per step: 614.3194 ms, Control Frequency: 13.02 Hz, Token Reusing Ratio (Primary): 33.75 %, , Token Reusing Ratio (Wrist): 33.58 %
Saved rollout MP4 at path ./rollouts/2026_04_07/primary--2026_04_07-18_57_52--episode=180--success=True--task=put_the_bowl_on_the_plate.mp4
Saved rollout MP4 at path ./rollouts/2026_04_07/wrist--2026_04_07-18_57_52--episode=180--success=True--task=put_the_bowl_on_the_plate.mp4
04/07 [22:39:52] INFO     | >> Success: True              run_libero_eval.py:230
                 INFO     | >> # episodes completed so    run_libero_eval.py:230
                          far: 180                                              
                 INFO     | >> # successes: 173 (96.1%)   run_libero_eval.py:230

100%|██████████| 20/20 [20:39<00:00, 57.35s/it][A100%|██████████| 20/20 [20:39<00:00, 61.97s/it]
                 INFO     | >> Current task success rate: run_libero_eval.py:230
                          0.95                                                  
                 INFO     | >> Current total success      run_libero_eval.py:230
                          rate: 0.9611111111111111                              
 90%|█████████ | 9/10 [3:41:44<22:26, 1346.98s/it][Warning]: datasets path /root/sj-tmp/workspace/LIBERO/libero/libero/../datasets does not exist!
                 INFO     | >> Using default initial      run_libero_eval.py:230
                          states                                                
[Warning]: datasets path /root/sj-tmp/workspace/LIBERO/libero/libero/../datasets does not exist!

  0%|          | 0/20 [00:00<?, ?it/s][A04/07 [22:39:54] INFO     | >>                            run_libero_eval.py:230
                          Task: put the wine bottle on                          
                          the rack                                              
                 INFO     | >> Starting episode 1...      run_libero_eval.py:230
huggingface/tokenizers: The current process just got forked, after parallelism has already been used. Disabling parallelism to avoid deadlocks...
To disable this warning, you can either:
	- Avoid using `tokenizers` before the fork if possible
	- Explicitly set the environment variable TOKENIZERS_PARALLELISM=(true | false)
huggingface/tokenizers: The current process just got forked, after parallelism has already been used. Disabling parallelism to avoid deadlocks...
To disable this warning, you can either:
	- Avoid using `tokenizers` before the fork if possible
	- Explicitly set the environment variable TOKENIZERS_PARALLELISM=(true | false)
>> VLA-Cache inference mode
Current CUDA latency: 364.994293 ms | Average CUDA latency: 181.286627 ms, Average TFLOPs: 2.924219
>> VLA-Cache inference mode
Current CUDA latency: 271.037811 ms | Average CUDA latency: 181.320844 ms, Average TFLOPs: 2.924241
>> VLA-Cache inference mode
Current CUDA latency: 121.947426 ms | Average CUDA latency: 181.298217 ms, Average TFLOPs: 2.924259
>> VLA-Cache inference mode
Current CUDA latency: 123.856483 ms | Average CUDA latency: 181.276334 ms, Average TFLOPs: 2.924274
>> VLA-Cache inference mode
Current CUDA latency: 111.293152 ms | Average CUDA latency: 181.249684 ms, Average TFLOPs: 2.924297
>> VLA-Cache inference mode
Current CUDA latency: 110.719971 ms | Average CUDA latency: 181.222836 ms, Average TFLOPs: 2.924321
>> VLA-Cache inference mode
Current CUDA latency: 111.574814 ms | Average CUDA latency: 181.196334 ms, Average TFLOPs: 2.924341
>> VLA-Cache inference mode
Current CUDA latency: 111.112480 ms | Average CUDA latency: 181.169676 ms, Average TFLOPs: 2.924369
>> VLA-Cache inference mode
Current CUDA latency: 138.994278 ms | Average CUDA latency: 181.153639 ms, Average TFLOPs: 2.924407
>> VLA-Cache inference mode
Current CUDA latency: 111.350883 ms | Average CUDA latency: 181.127108 ms, Average TFLOPs: 2.924432
>> VLA-Cache inference mode
Current CUDA latency: 116.061440 ms | Average CUDA latency: 181.102388 ms, Average TFLOPs: 2.924441
>> VLA-Cache inference mode
Current CUDA latency: 189.517990 ms | Average CUDA latency: 181.105584 ms, Average TFLOPs: 2.924430
>> VLA-Cache inference mode
Current CUDA latency: 216.074493 ms | Average CUDA latency: 181.118860 ms, Average TFLOPs: 2.924414
>> VLA-Cache inference mode
Current CUDA latency: 329.601715 ms | Average CUDA latency: 181.175210 ms, Average TFLOPs: 2.924385
>> VLA-Cache inference mode
Current CUDA latency: 105.214302 ms | Average CUDA latency: 181.146393 ms, Average TFLOPs: 2.924357
Average time per step: 628.5587 ms, Control Frequency: 12.73 Hz, Token Reusing Ratio (Primary): 30.94 %, , Token Reusing Ratio (Wrist): 34.79 %
Saved rollout MP4 at path ./rollouts/2026_04_07/primary--2026_04_07-18_57_52--episode=181--success=True--task=put_the_wine_bottle_on_the_rack.mp4
Saved rollout MP4 at path ./rollouts/2026_04_07/wrist--2026_04_07-18_57_52--episode=181--success=True--task=put_the_wine_bottle_on_the_rack.mp4
04/07 [22:41:12] INFO     | >> Success: True              run_libero_eval.py:230
                 INFO     | >> # episodes completed so    run_libero_eval.py:230
                          far: 181                                              
                 INFO     | >> # successes: 174 (96.1%)   run_libero_eval.py:230

  5%|▌         | 1/20 [01:17<24:39, 77.88s/it][A                 INFO     | >>                            run_libero_eval.py:230
                          Task: put the wine bottle on                          
                          the rack                                              
                 INFO     | >> Starting episode 2...      run_libero_eval.py:230
huggingface/tokenizers: The current process just got forked, after parallelism has already been used. Disabling parallelism to avoid deadlocks...
To disable this warning, you can either:
	- Avoid using `tokenizers` before the fork if possible
	- Explicitly set the environment variable TOKENIZERS_PARALLELISM=(true | false)
huggingface/tokenizers: The current process just got forked, after parallelism has already been used. Disabling parallelism to avoid deadlocks...
To disable this warning, you can either:
	- Avoid using `tokenizers` before the fork if possible
	- Explicitly set the environment variable TOKENIZERS_PARALLELISM=(true | false)
>> VLA-Cache inference mode
Current CUDA latency: 319.289703 ms | Average CUDA latency: 181.198780 ms, Average TFLOPs: 2.924648
>> VLA-Cache inference mode
Current CUDA latency: 299.092621 ms | Average CUDA latency: 181.243470 ms, Average TFLOPs: 2.924676
>> VLA-Cache inference mode
Current CUDA latency: 120.976318 ms | Average CUDA latency: 181.220633 ms, Average TFLOPs: 2.924693
>> VLA-Cache inference mode
Current CUDA latency: 111.638145 ms | Average CUDA latency: 181.194276 ms, Average TFLOPs: 2.924722
>> VLA-Cache inference mode
Current CUDA latency: 228.505127 ms | Average CUDA latency: 181.212190 ms, Average TFLOPs: 2.924747
>> VLA-Cache inference mode
Current CUDA latency: 408.884186 ms | Average CUDA latency: 181.298364 ms, Average TFLOPs: 2.924783
>> VLA-Cache inference mode
Current CUDA latency: 166.291077 ms | Average CUDA latency: 181.292686 ms, Average TFLOPs: 2.924809
>> VLA-Cache inference mode
Current CUDA latency: 147.718689 ms | Average CUDA latency: 181.279988 ms, Average TFLOPs: 2.924845
>> VLA-Cache inference mode
Current CUDA latency: 118.968124 ms | Average CUDA latency: 181.256430 ms, Average TFLOPs: 2.924880
>> VLA-Cache inference mode
Current CUDA latency: 118.616989 ms | Average CUDA latency: 181.232756 ms, Average TFLOPs: 2.924910
>> VLA-Cache inference mode
Current CUDA latency: 118.956673 ms | Average CUDA latency: 181.209229 ms, Average TFLOPs: 2.924925
>> VLA-Cache inference mode
Current CUDA latency: 133.807846 ms | Average CUDA latency: 181.191329 ms, Average TFLOPs: 2.924916
>> VLA-Cache inference mode
Current CUDA latency: 115.304062 ms | Average CUDA latency: 181.166456 ms, Average TFLOPs: 2.924902
>> VLA-Cache inference mode
Current CUDA latency: 108.777634 ms | Average CUDA latency: 181.139139 ms, Average TFLOPs: 2.924875
>> VLA-Cache inference mode
Current CUDA latency: 126.548317 ms | Average CUDA latency: 181.118547 ms, Average TFLOPs: 2.924847
>> VLA-Cache inference mode
Current CUDA latency: 175.883682 ms | Average CUDA latency: 181.116573 ms, Average TFLOPs: 2.924808
Average time per step: 592.3303 ms, Control Frequency: 13.51 Hz, Token Reusing Ratio (Primary): 30.93 %, , Token Reusing Ratio (Wrist): 34.66 %
Saved rollout MP4 at path ./rollouts/2026_04_07/primary--2026_04_07-18_57_52--episode=182--success=True--task=put_the_wine_bottle_on_the_rack.mp4
Saved rollout MP4 at path ./rollouts/2026_04_07/wrist--2026_04_07-18_57_52--episode=182--success=True--task=put_the_wine_bottle_on_the_rack.mp4
04/07 [22:42:25] INFO     | >> Success: True              run_libero_eval.py:230
                 INFO     | >> # episodes completed so    run_libero_eval.py:230
                          far: 182                                              
                 INFO     | >> # successes: 175 (96.2%)   run_libero_eval.py:230

 10%|█         | 2/20 [02:31<22:33, 75.17s/it][A                 INFO     | >>                            run_libero_eval.py:230
                          Task: put the wine bottle on                          
                          the rack                                              
                 INFO     | >> Starting episode 3...      run_libero_eval.py:230
huggingface/tokenizers: The current process just got forked, after parallelism has already been used. Disabling parallelism to avoid deadlocks...
To disable this warning, you can either:
	- Avoid using `tokenizers` before the fork if possible
	- Explicitly set the environment variable TOKENIZERS_PARALLELISM=(true | false)
huggingface/tokenizers: The current process just got forked, after parallelism has already been used. Disabling parallelism to avoid deadlocks...
To disable this warning, you can either:
	- Avoid using `tokenizers` before the fork if possible
	- Explicitly set the environment variable TOKENIZERS_PARALLELISM=(true | false)
>> VLA-Cache inference mode
Current CUDA latency: 363.128937 ms | Average CUDA latency: 181.185179 ms, Average TFLOPs: 2.925098
>> VLA-Cache inference mode
Current CUDA latency: 315.275635 ms | Average CUDA latency: 181.235703 ms, Average TFLOPs: 2.925120
>> VLA-Cache inference mode
Current CUDA latency: 117.940285 ms | Average CUDA latency: 181.211863 ms, Average TFLOPs: 2.925142
>> VLA-Cache inference mode
Current CUDA latency: 118.540451 ms | Average CUDA latency: 181.188267 ms, Average TFLOPs: 2.925146
>> VLA-Cache inference mode
Current CUDA latency: 124.202339 ms | Average CUDA latency: 181.166819 ms, Average TFLOPs: 2.925156
>> VLA-Cache inference mode
Current CUDA latency: 126.521790 ms | Average CUDA latency: 181.146261 ms, Average TFLOPs: 2.925178
>> VLA-Cache inference mode
Current CUDA latency: 143.759079 ms | Average CUDA latency: 181.132200 ms, Average TFLOPs: 2.925196
>> VLA-Cache inference mode
Current CUDA latency: 115.086044 ms | Average CUDA latency: 181.107371 ms, Average TFLOPs: 2.925204
>> VLA-Cache inference mode
Current CUDA latency: 127.972862 ms | Average CUDA latency: 181.087403 ms, Average TFLOPs: 2.925242
>> VLA-Cache inference mode
Current CUDA latency: 125.737724 ms | Average CUDA latency: 181.066610 ms, Average TFLOPs: 2.925271
>> VLA-Cache inference mode
Current CUDA latency: 117.051682 ms | Average CUDA latency: 181.042572 ms, Average TFLOPs: 2.925291
>> VLA-Cache inference mode
Current CUDA latency: 114.055588 ms | Average CUDA latency: 181.017426 ms, Average TFLOPs: 2.925264
>> VLA-Cache inference mode
Current CUDA latency: 118.966820 ms | Average CUDA latency: 180.994143 ms, Average TFLOPs: 2.925254
>> VLA-Cache inference mode
Current CUDA latency: 259.833038 ms | Average CUDA latency: 181.023715 ms, Average TFLOPs: 2.925225
>> VLA-Cache inference mode
Current CUDA latency: 602.389709 ms | Average CUDA latency: 181.181707 ms, Average TFLOPs: 2.925195
>> VLA-Cache inference mode
Current CUDA latency: 140.791550 ms | Average CUDA latency: 181.166569 ms, Average TFLOPs: 2.925162
Average time per step: 581.0698 ms, Control Frequency: 13.77 Hz, Token Reusing Ratio (Primary): 31.52 %, , Token Reusing Ratio (Wrist): 34.62 %
Saved rollout MP4 at path ./rollouts/2026_04_07/primary--2026_04_07-18_57_52--episode=183--success=True--task=put_the_wine_bottle_on_the_rack.mp4
Saved rollout MP4 at path ./rollouts/2026_04_07/wrist--2026_04_07-18_57_52--episode=183--success=True--task=put_the_wine_bottle_on_the_rack.mp4
04/07 [22:43:39] INFO     | >> Success: True              run_libero_eval.py:230
                 INFO     | >> # episodes completed so    run_libero_eval.py:230
                          far: 183                                              
                 INFO     | >> # successes: 176 (96.2%)   run_libero_eval.py:230

 15%|█▌        | 3/20 [03:45<21:11, 74.80s/it][A                 INFO     | >>                            run_libero_eval.py:230
                          Task: put the wine bottle on                          
                          the rack                                              
                 INFO     | >> Starting episode 4...      run_libero_eval.py:230
huggingface/tokenizers: The current process just got forked, after parallelism has already been used. Disabling parallelism to avoid deadlocks...
To disable this warning, you can either:
	- Avoid using `tokenizers` before the fork if possible
	- Explicitly set the environment variable TOKENIZERS_PARALLELISM=(true | false)
huggingface/tokenizers: The current process just got forked, after parallelism has already been used. Disabling parallelism to avoid deadlocks...
To disable this warning, you can either:
	- Avoid using `tokenizers` before the fork if possible
	- Explicitly set the environment variable TOKENIZERS_PARALLELISM=(true | false)
>> VLA-Cache inference mode
Current CUDA latency: 386.649475 ms | Average CUDA latency: 181.243557 ms, Average TFLOPs: 2.925450
>> VLA-Cache inference mode
Current CUDA latency: 309.850647 ms | Average CUDA latency: 181.291725 ms, Average TFLOPs: 2.925463
>> VLA-Cache inference mode
Current CUDA latency: 134.695648 ms | Average CUDA latency: 181.274280 ms, Average TFLOPs: 2.925465
>> VLA-Cache inference mode
Current CUDA latency: 117.723228 ms | Average CUDA latency: 181.250496 ms, Average TFLOPs: 2.925469
>> VLA-Cache inference mode
Current CUDA latency: 124.618752 ms | Average CUDA latency: 181.229309 ms, Average TFLOPs: 2.925482
>> VLA-Cache inference mode
Current CUDA latency: 117.675392 ms | Average CUDA latency: 181.205542 ms, Average TFLOPs: 2.925486
>> VLA-Cache inference mode
Current CUDA latency: 413.430389 ms | Average CUDA latency: 181.292355 ms, Average TFLOPs: 2.925489
>> VLA-Cache inference mode
Current CUDA latency: 310.120422 ms | Average CUDA latency: 181.340497 ms, Average TFLOPs: 2.925510
>> VLA-Cache inference mode
Current CUDA latency: 184.740997 ms | Average CUDA latency: 181.341767 ms, Average TFLOPs: 2.925540
>> VLA-Cache inference mode
Current CUDA latency: 118.373566 ms | Average CUDA latency: 181.318254 ms, Average TFLOPs: 2.925566
>> VLA-Cache inference mode
Current CUDA latency: 141.305923 ms | Average CUDA latency: 181.303318 ms, Average TFLOPs: 2.925576
>> VLA-Cache inference mode
Current CUDA latency: 162.852890 ms | Average CUDA latency: 181.296434 ms, Average TFLOPs: 2.925591
>> VLA-Cache inference mode
Current CUDA latency: 237.082458 ms | Average CUDA latency: 181.317242 ms, Average TFLOPs: 2.925592
>> VLA-Cache inference mode
Current CUDA latency: 199.023972 ms | Average CUDA latency: 181.323844 ms, Average TFLOPs: 2.925585
>> VLA-Cache inference mode
Current CUDA latency: 144.664124 ms | Average CUDA latency: 181.310180 ms, Average TFLOPs: 2.925556
>> VLA-Cache inference mode
Current CUDA latency: 282.320679 ms | Average CUDA latency: 181.347814 ms, Average TFLOPs: 2.925534
>> VLA-Cache inference mode
Current CUDA latency: 249.396133 ms | Average CUDA latency: 181.373158 ms, Average TFLOPs: 2.925506
>> VLA-Cache inference mode
Current CUDA latency: 176.085953 ms | Average CUDA latency: 181.371190 ms, Average TFLOPs: 2.925460
Average time per step: 598.4962 ms, Control Frequency: 13.37 Hz, Token Reusing Ratio (Primary): 32.07 %, , Token Reusing Ratio (Wrist): 34.72 %
Saved rollout MP4 at path ./rollouts/2026_04_07/primary--2026_04_07-18_57_52--episode=184--success=True--task=put_the_wine_bottle_on_the_rack.mp4
Saved rollout MP4 at path ./rollouts/2026_04_07/wrist--2026_04_07-18_57_52--episode=184--success=True--task=put_the_wine_bottle_on_the_rack.mp4
04/07 [22:45:14] INFO     | >> Success: True              run_libero_eval.py:230
                 INFO     | >> # episodes completed so    run_libero_eval.py:230
                          far: 184                                              
                 INFO     | >> # successes: 177 (96.2%)   run_libero_eval.py:230

 20%|██        | 4/20 [05:19<21:59, 82.49s/it][A                 INFO     | >>                            run_libero_eval.py:230
                          Task: put the wine bottle on                          
                          the rack                                              
                 INFO     | >> Starting episode 5...      run_libero_eval.py:230
huggingface/tokenizers: The current process just got forked, after parallelism has already been used. Disabling parallelism to avoid deadlocks...
To disable this warning, you can either:
	- Avoid using `tokenizers` before the fork if possible
	- Explicitly set the environment variable TOKENIZERS_PARALLELISM=(true | false)
huggingface/tokenizers: The current process just got forked, after parallelism has already been used. Disabling parallelism to avoid deadlocks...
To disable this warning, you can either:
	- Avoid using `tokenizers` before the fork if possible
	- Explicitly set the environment variable TOKENIZERS_PARALLELISM=(true | false)
>> VLA-Cache inference mode
Current CUDA latency: 305.058136 ms | Average CUDA latency: 181.417221 ms, Average TFLOPs: 2.925746
>> VLA-Cache inference mode
Current CUDA latency: 269.289917 ms | Average CUDA latency: 181.449912 ms, Average TFLOPs: 2.925765
>> VLA-Cache inference mode
Current CUDA latency: 129.930527 ms | Average CUDA latency: 181.430753 ms, Average TFLOPs: 2.925780
>> VLA-Cache inference mode
Current CUDA latency: 118.987358 ms | Average CUDA latency: 181.407540 ms, Average TFLOPs: 2.925802
>> VLA-Cache inference mode
Current CUDA latency: 111.361565 ms | Average CUDA latency: 181.381510 ms, Average TFLOPs: 2.925822
>> VLA-Cache inference mode
Current CUDA latency: 112.171616 ms | Average CUDA latency: 181.355800 ms, Average TFLOPs: 2.925855
>> VLA-Cache inference mode
Current CUDA latency: 147.272995 ms | Average CUDA latency: 181.343144 ms, Average TFLOPs: 2.925887
>> VLA-Cache inference mode
Current CUDA latency: 286.229523 ms | Average CUDA latency: 181.382078 ms, Average TFLOPs: 2.925914
>> VLA-Cache inference mode
Current CUDA latency: 195.278275 ms | Average CUDA latency: 181.387234 ms, Average TFLOPs: 2.925933
>> VLA-Cache inference mode
Current CUDA latency: 141.162598 ms | Average CUDA latency: 181.372314 ms, Average TFLOPs: 2.925931
>> VLA-Cache inference mode
Current CUDA latency: 175.835709 ms | Average CUDA latency: 181.370261 ms, Average TFLOPs: 2.925909
>> VLA-Cache inference mode
Current CUDA latency: 115.670013 ms | Average CUDA latency: 181.345910 ms, Average TFLOPs: 2.925884
>> VLA-Cache inference mode
Current CUDA latency: 110.024162 ms | Average CUDA latency: 181.319484 ms, Average TFLOPs: 2.925879
>> VLA-Cache inference mode
Current CUDA latency: 137.330948 ms | Average CUDA latency: 181.303192 ms, Average TFLOPs: 2.925862
>> VLA-Cache inference mode
Current CUDA latency: 107.218620 ms | Average CUDA latency: 181.275764 ms, Average TFLOPs: 2.925835
>> VLA-Cache inference mode
Current CUDA latency: 111.252701 ms | Average CUDA latency: 181.249848 ms, Average TFLOPs: 2.925814
Average time per step: 596.1430 ms, Control Frequency: 13.42 Hz, Token Reusing Ratio (Primary): 32.06 %, , Token Reusing Ratio (Wrist): 34.66 %
Saved rollout MP4 at path ./rollouts/2026_04_07/primary--2026_04_07-18_57_52--episode=185--success=True--task=put_the_wine_bottle_on_the_rack.mp4
Saved rollout MP4 at path ./rollouts/2026_04_07/wrist--2026_04_07-18_57_52--episode=185--success=True--task=put_the_wine_bottle_on_the_rack.mp4
04/07 [22:46:32] INFO     | >> Success: True              run_libero_eval.py:230
                 INFO     | >> # episodes completed so    run_libero_eval.py:230
                          far: 185                                              
                 INFO     | >> # successes: 178 (96.2%)   run_libero_eval.py:230

 25%|██▌       | 5/20 [06:37<20:12, 80.83s/it][A                 INFO     | >>                            run_libero_eval.py:230
                          Task: put the wine bottle on                          
                          the rack                                              
                 INFO     | >> Starting episode 6...      run_libero_eval.py:230
huggingface/tokenizers: The current process just got forked, after parallelism has already been used. Disabling parallelism to avoid deadlocks...
To disable this warning, you can either:
	- Avoid using `tokenizers` before the fork if possible
	- Explicitly set the environment variable TOKENIZERS_PARALLELISM=(true | false)
huggingface/tokenizers: The current process just got forked, after parallelism has already been used. Disabling parallelism to avoid deadlocks...
To disable this warning, you can either:
	- Avoid using `tokenizers` before the fork if possible
	- Explicitly set the environment variable TOKENIZERS_PARALLELISM=(true | false)
>> VLA-Cache inference mode
Current CUDA latency: 320.033844 ms | Average CUDA latency: 181.301193 ms, Average TFLOPs: 2.926098
>> VLA-Cache inference mode
Current CUDA latency: 225.549759 ms | Average CUDA latency: 181.317557 ms, Average TFLOPs: 2.926112
>> VLA-Cache inference mode
Current CUDA latency: 116.827454 ms | Average CUDA latency: 181.293716 ms, Average TFLOPs: 2.926119
>> VLA-Cache inference mode
Current CUDA latency: 120.458916 ms | Average CUDA latency: 181.271234 ms, Average TFLOPs: 2.926125
>> VLA-Cache inference mode
Current CUDA latency: 140.665497 ms | Average CUDA latency: 181.256234 ms, Average TFLOPs: 2.926141
>> VLA-Cache inference mode
Current CUDA latency: 248.281158 ms | Average CUDA latency: 181.280985 ms, Average TFLOPs: 2.926146
>> VLA-Cache inference mode
Current CUDA latency: 114.261185 ms | Average CUDA latency: 181.256245 ms, Average TFLOPs: 2.926143
>> VLA-Cache inference mode
Current CUDA latency: 130.180389 ms | Average CUDA latency: 181.237398 ms, Average TFLOPs: 2.926143
>> VLA-Cache inference mode
Current CUDA latency: 129.814880 ms | Average CUDA latency: 181.218430 ms, Average TFLOPs: 2.926169
>> VLA-Cache inference mode
Current CUDA latency: 112.001152 ms | Average CUDA latency: 181.192907 ms, Average TFLOPs: 2.926170
>> VLA-Cache inference mode
Current CUDA latency: 121.713219 ms | Average CUDA latency: 181.170983 ms, Average TFLOPs: 2.926176
>> VLA-Cache inference mode
Current CUDA latency: 136.604675 ms | Average CUDA latency: 181.154562 ms, Average TFLOPs: 2.926160
>> VLA-Cache inference mode
Current CUDA latency: 219.909119 ms | Average CUDA latency: 181.168837 ms, Average TFLOPs: 2.926134
>> VLA-Cache inference mode
Current CUDA latency: 190.261307 ms | Average CUDA latency: 181.172184 ms, Average TFLOPs: 2.926114
>> VLA-Cache inference mode
Current CUDA latency: 131.917755 ms | Average CUDA latency: 181.154056 ms, Average TFLOPs: 2.926071
>> VLA-Cache inference mode
Current CUDA latency: 117.233124 ms | Average CUDA latency: 181.130539 ms, Average TFLOPs: 2.926011
Average time per step: 595.7904 ms, Control Frequency: 13.43 Hz, Token Reusing Ratio (Primary): 32.38 %, , Token Reusing Ratio (Wrist): 34.87 %
Saved rollout MP4 at path ./rollouts/2026_04_07/primary--2026_04_07-18_57_52--episode=186--success=True--task=put_the_wine_bottle_on_the_rack.mp4
Saved rollout MP4 at path ./rollouts/2026_04_07/wrist--2026_04_07-18_57_52--episode=186--success=True--task=put_the_wine_bottle_on_the_rack.mp4
04/07 [22:47:57] INFO     | >> Success: True              run_libero_eval.py:230
                 INFO     | >> # episodes completed so    run_libero_eval.py:230
                          far: 186                                              
                 INFO     | >> # successes: 179 (96.2%)   run_libero_eval.py:230

 30%|███       | 6/20 [08:02<19:11, 82.23s/it][A                 INFO     | >>                            run_libero_eval.py:230
                          Task: put the wine bottle on                          
                          the rack                                              
                 INFO     | >> Starting episode 7...      run_libero_eval.py:230
huggingface/tokenizers: The current process just got forked, after parallelism has already been used. Disabling parallelism to avoid deadlocks...
To disable this warning, you can either:
	- Avoid using `tokenizers` before the fork if possible
	- Explicitly set the environment variable TOKENIZERS_PARALLELISM=(true | false)
huggingface/tokenizers: The current process just got forked, after parallelism has already been used. Disabling parallelism to avoid deadlocks...
To disable this warning, you can either:
	- Avoid using `tokenizers` before the fork if possible
	- Explicitly set the environment variable TOKENIZERS_PARALLELISM=(true | false)
>> VLA-Cache inference mode
Current CUDA latency: 318.160278 ms | Average CUDA latency: 181.180936 ms, Average TFLOPs: 2.926293
>> VLA-Cache inference mode
Current CUDA latency: 380.019043 ms | Average CUDA latency: 181.254038 ms, Average TFLOPs: 2.926299
>> VLA-Cache inference mode
Current CUDA latency: 155.344254 ms | Average CUDA latency: 181.244516 ms, Average TFLOPs: 2.926316
>> VLA-Cache inference mode
Current CUDA latency: 112.248192 ms | Average CUDA latency: 181.219168 ms, Average TFLOPs: 2.926344
>> VLA-Cache inference mode
Current CUDA latency: 124.867966 ms | Average CUDA latency: 181.198474 ms, Average TFLOPs: 2.926376
>> VLA-Cache inference mode
Current CUDA latency: 115.793663 ms | Average CUDA latency: 181.174463 ms, Average TFLOPs: 2.926399
>> VLA-Cache inference mode
Current CUDA latency: 110.503487 ms | Average CUDA latency: 181.148529 ms, Average TFLOPs: 2.926403
>> VLA-Cache inference mode
Current CUDA latency: 110.517120 ms | Average CUDA latency: 181.122618 ms, Average TFLOPs: 2.926422
>> VLA-Cache inference mode
Current CUDA latency: 145.599777 ms | Average CUDA latency: 181.109592 ms, Average TFLOPs: 2.926447
>> VLA-Cache inference mode
Current CUDA latency: 234.611710 ms | Average CUDA latency: 181.129204 ms, Average TFLOPs: 2.926456
>> VLA-Cache inference mode
Current CUDA latency: 340.194824 ms | Average CUDA latency: 181.187491 ms, Average TFLOPs: 2.926463
>> VLA-Cache inference mode
Current CUDA latency: 131.865433 ms | Average CUDA latency: 181.169425 ms, Average TFLOPs: 2.926436
>> VLA-Cache inference mode
Current CUDA latency: 112.438301 ms | Average CUDA latency: 181.144258 ms, Average TFLOPs: 2.926445
>> VLA-Cache inference mode
Current CUDA latency: 108.010147 ms | Average CUDA latency: 181.117488 ms, Average TFLOPs: 2.926421
>> VLA-Cache inference mode
Current CUDA latency: 132.646530 ms | Average CUDA latency: 181.099753 ms, Average TFLOPs: 2.926387
>> VLA-Cache inference mode
Current CUDA latency: 398.040466 ms | Average CUDA latency: 181.179102 ms, Average TFLOPs: 2.926363
Average time per step: 603.2701 ms, Control Frequency: 13.26 Hz, Token Reusing Ratio (Primary): 32.31 %, , Token Reusing Ratio (Wrist): 34.95 %
Saved rollout MP4 at path ./rollouts/2026_04_07/primary--2026_04_07-18_57_52--episode=187--success=True--task=put_the_wine_bottle_on_the_rack.mp4
Saved rollout MP4 at path ./rollouts/2026_04_07/wrist--2026_04_07-18_57_52--episode=187--success=True--task=put_the_wine_bottle_on_the_rack.mp4
04/07 [22:49:18] INFO     | >> Success: True              run_libero_eval.py:230
                 INFO     | >> # episodes completed so    run_libero_eval.py:230
                          far: 187                                              
                 INFO     | >> # successes: 180 (96.3%)   run_libero_eval.py:230

 35%|███▌      | 7/20 [09:24<17:47, 82.09s/it][A                 INFO     | >>                            run_libero_eval.py:230
                          Task: put the wine bottle on                          
                          the rack                                              
                 INFO     | >> Starting episode 8...      run_libero_eval.py:230
huggingface/tokenizers: The current process just got forked, after parallelism has already been used. Disabling parallelism to avoid deadlocks...
To disable this warning, you can either:
	- Avoid using `tokenizers` before the fork if possible
	- Explicitly set the environment variable TOKENIZERS_PARALLELISM=(true | false)
huggingface/tokenizers: The current process just got forked, after parallelism has already been used. Disabling parallelism to avoid deadlocks...
To disable this warning, you can either:
	- Avoid using `tokenizers` before the fork if possible
	- Explicitly set the environment variable TOKENIZERS_PARALLELISM=(true | false)
>> VLA-Cache inference mode
Current CUDA latency: 317.984558 ms | Average CUDA latency: 181.229122 ms, Average TFLOPs: 2.926643
>> VLA-Cache inference mode
Current CUDA latency: 309.316345 ms | Average CUDA latency: 181.275938 ms, Average TFLOPs: 2.926641
>> VLA-Cache inference mode
Current CUDA latency: 127.690880 ms | Average CUDA latency: 181.256360 ms, Average TFLOPs: 2.926640
>> VLA-Cache inference mode
Current CUDA latency: 118.425758 ms | Average CUDA latency: 181.233412 ms, Average TFLOPs: 2.926647
>> VLA-Cache inference mode
Current CUDA latency: 113.682175 ms | Average CUDA latency: 181.208749 ms, Average TFLOPs: 2.926658
>> VLA-Cache inference mode
Current CUDA latency: 110.508545 ms | Average CUDA latency: 181.182946 ms, Average TFLOPs: 2.926660
>> VLA-Cache inference mode
Current CUDA latency: 118.218719 ms | Average CUDA latency: 181.159975 ms, Average TFLOPs: 2.926658
>> VLA-Cache inference mode
Current CUDA latency: 139.549316 ms | Average CUDA latency: 181.144800 ms, Average TFLOPs: 2.926673
>> VLA-Cache inference mode
Current CUDA latency: 201.114075 ms | Average CUDA latency: 181.152080 ms, Average TFLOPs: 2.926681
>> VLA-Cache inference mode
Current CUDA latency: 157.376511 ms | Average CUDA latency: 181.143415 ms, Average TFLOPs: 2.926692
>> VLA-Cache inference mode
Current CUDA latency: 144.259460 ms | Average CUDA latency: 181.129979 ms, Average TFLOPs: 2.926681
>> VLA-Cache inference mode
Current CUDA latency: 126.253059 ms | Average CUDA latency: 181.109994 ms, Average TFLOPs: 2.926638
>> VLA-Cache inference mode
Current CUDA latency: 134.567429 ms | Average CUDA latency: 181.093051 ms, Average TFLOPs: 2.926602
>> VLA-Cache inference mode
Current CUDA latency: 104.001091 ms | Average CUDA latency: 181.064997 ms, Average TFLOPs: 2.926578
>> VLA-Cache inference mode
Current CUDA latency: 109.190269 ms | Average CUDA latency: 181.038852 ms, Average TFLOPs: 2.926542
Average time per step: 597.9385 ms, Control Frequency: 13.38 Hz, Token Reusing Ratio (Primary): 32.43 %, , Token Reusing Ratio (Wrist): 35.06 %
Saved rollout MP4 at path ./rollouts/2026_04_07/primary--2026_04_07-18_57_52--episode=188--success=True--task=put_the_wine_bottle_on_the_rack.mp4
Saved rollout MP4 at path ./rollouts/2026_04_07/wrist--2026_04_07-18_57_52--episode=188--success=True--task=put_the_wine_bottle_on_the_rack.mp4
04/07 [22:50:34] INFO     | >> Success: True              run_libero_eval.py:230
                 INFO     | >> # episodes completed so    run_libero_eval.py:230
                          far: 188                                              
                 INFO     | >> # successes: 181 (96.3%)   run_libero_eval.py:230

 40%|████      | 8/20 [10:40<16:01, 80.09s/it][A                 INFO     | >>                            run_libero_eval.py:230
                          Task: put the wine bottle on                          
                          the rack                                              
                 INFO     | >> Starting episode 9...      run_libero_eval.py:230
huggingface/tokenizers: The current process just got forked, after parallelism has already been used. Disabling parallelism to avoid deadlocks...
To disable this warning, you can either:
	- Avoid using `tokenizers` before the fork if possible
	- Explicitly set the environment variable TOKENIZERS_PARALLELISM=(true | false)
huggingface/tokenizers: The current process just got forked, after parallelism has already been used. Disabling parallelism to avoid deadlocks...
To disable this warning, you can either:
	- Avoid using `tokenizers` before the fork if possible
	- Explicitly set the environment variable TOKENIZERS_PARALLELISM=(true | false)
>> VLA-Cache inference mode
Current CUDA latency: 365.942780 ms | Average CUDA latency: 181.106089 ms, Average TFLOPs: 2.926821
>> VLA-Cache inference mode
Current CUDA latency: 394.462830 ms | Average CUDA latency: 181.183646 ms, Average TFLOPs: 2.926833
>> VLA-Cache inference mode
Current CUDA latency: 129.335495 ms | Average CUDA latency: 181.164805 ms, Average TFLOPs: 2.926847
>> VLA-Cache inference mode
Current CUDA latency: 115.480515 ms | Average CUDA latency: 181.140946 ms, Average TFLOPs: 2.926859
>> VLA-Cache inference mode
Current CUDA latency: 126.342590 ms | Average CUDA latency: 181.121048 ms, Average TFLOPs: 2.926858
>> VLA-Cache inference mode
Current CUDA latency: 118.754654 ms | Average CUDA latency: 181.098411 ms, Average TFLOPs: 2.926863
>> VLA-Cache inference mode
Current CUDA latency: 117.629982 ms | Average CUDA latency: 181.075382 ms, Average TFLOPs: 2.926871
>> VLA-Cache inference mode
Current CUDA latency: 308.424133 ms | Average CUDA latency: 181.121573 ms, Average TFLOPs: 2.926890
>> VLA-Cache inference mode
Current CUDA latency: 276.107758 ms | Average CUDA latency: 181.156013 ms, Average TFLOPs: 2.926904
>> VLA-Cache inference mode
Current CUDA latency: 130.308411 ms | Average CUDA latency: 181.137583 ms, Average TFLOPs: 2.926925
>> VLA-Cache inference mode
Current CUDA latency: 110.316322 ms | Average CUDA latency: 181.111923 ms, Average TFLOPs: 2.926939
>> VLA-Cache inference mode
Current CUDA latency: 170.139297 ms | Average CUDA latency: 181.107949 ms, Average TFLOPs: 2.926903
>> VLA-Cache inference mode
Current CUDA latency: 116.224480 ms | Average CUDA latency: 181.084458 ms, Average TFLOPs: 2.926892
>> VLA-Cache inference mode
Current CUDA latency: 115.554947 ms | Average CUDA latency: 181.060741 ms, Average TFLOPs: 2.926850
>> VLA-Cache inference mode
Current CUDA latency: 116.377571 ms | Average CUDA latency: 181.037339 ms, Average TFLOPs: 2.926807
>> VLA-Cache inference mode
Current CUDA latency: 108.242592 ms | Average CUDA latency: 181.011012 ms, Average TFLOPs: 2.926767
Average time per step: 597.8176 ms, Control Frequency: 13.38 Hz, Token Reusing Ratio (Primary): 32.63 %, , Token Reusing Ratio (Wrist): 34.98 %
Saved rollout MP4 at path ./rollouts/2026_04_07/primary--2026_04_07-18_57_52--episode=189--success=True--task=put_the_wine_bottle_on_the_rack.mp4
Saved rollout MP4 at path ./rollouts/2026_04_07/wrist--2026_04_07-18_57_52--episode=189--success=True--task=put_the_wine_bottle_on_the_rack.mp4
04/07 [22:51:50] INFO     | >> Success: True              run_libero_eval.py:230
                 INFO     | >> # episodes completed so    run_libero_eval.py:230
                          far: 189                                              
                 INFO     | >> # successes: 182 (96.3%)   run_libero_eval.py:230

 45%|████▌     | 9/20 [11:56<14:27, 78.90s/it][A                 INFO     | >>                            run_libero_eval.py:230
                          Task: put the wine bottle on                          
                          the rack                                              
                 INFO     | >> Starting episode 10...     run_libero_eval.py:230
huggingface/tokenizers: The current process just got forked, after parallelism has already been used. Disabling parallelism to avoid deadlocks...
To disable this warning, you can either:
	- Avoid using `tokenizers` before the fork if possible
	- Explicitly set the environment variable TOKENIZERS_PARALLELISM=(true | false)
huggingface/tokenizers: The current process just got forked, after parallelism has already been used. Disabling parallelism to avoid deadlocks...
To disable this warning, you can either:
	- Avoid using `tokenizers` before the fork if possible
	- Explicitly set the environment variable TOKENIZERS_PARALLELISM=(true | false)
>> VLA-Cache inference mode
Current CUDA latency: 399.826904 ms | Average CUDA latency: 181.090121 ms, Average TFLOPs: 2.927045
>> VLA-Cache inference mode
Current CUDA latency: 302.881439 ms | Average CUDA latency: 181.134137 ms, Average TFLOPs: 2.927064
>> VLA-Cache inference mode
Current CUDA latency: 111.427902 ms | Average CUDA latency: 181.108954 ms, Average TFLOPs: 2.927077
>> VLA-Cache inference mode
Current CUDA latency: 124.515167 ms | Average CUDA latency: 181.088515 ms, Average TFLOPs: 2.927085
>> VLA-Cache inference mode
Current CUDA latency: 110.945564 ms | Average CUDA latency: 181.063193 ms, Average TFLOPs: 2.927097
>> VLA-Cache inference mode
Current CUDA latency: 113.107361 ms | Average CUDA latency: 181.038669 ms, Average TFLOPs: 2.927124
>> VLA-Cache inference mode
Current CUDA latency: 222.503204 ms | Average CUDA latency: 181.053627 ms, Average TFLOPs: 2.927127
>> VLA-Cache inference mode
Current CUDA latency: 244.995132 ms | Average CUDA latency: 181.076686 ms, Average TFLOPs: 2.927139
>> VLA-Cache inference mode
Current CUDA latency: 199.371353 ms | Average CUDA latency: 181.083281 ms, Average TFLOPs: 2.927145
>> VLA-Cache inference mode
Current CUDA latency: 119.742111 ms | Average CUDA latency: 181.061176 ms, Average TFLOPs: 2.927149
>> VLA-Cache inference mode
Current CUDA latency: 114.960068 ms | Average CUDA latency: 181.037364 ms, Average TFLOPs: 2.927149
>> VLA-Cache inference mode
Current CUDA latency: 153.478882 ms | Average CUDA latency: 181.027441 ms, Average TFLOPs: 2.927119
>> VLA-Cache inference mode
Current CUDA latency: 150.643143 ms | Average CUDA latency: 181.016503 ms, Average TFLOPs: 2.927104
>> VLA-Cache inference mode
Current CUDA latency: 391.366058 ms | Average CUDA latency: 181.092196 ms, Average TFLOPs: 2.927073
>> VLA-Cache inference mode
Current CUDA latency: 122.925087 ms | Average CUDA latency: 181.071272 ms, Average TFLOPs: 2.927035
>> VLA-Cache inference mode
Current CUDA latency: 137.575333 ms | Average CUDA latency: 181.055632 ms, Average TFLOPs: 2.927006
Average time per step: 599.5656 ms, Control Frequency: 13.34 Hz, Token Reusing Ratio (Primary): 32.72 %, , Token Reusing Ratio (Wrist): 35.00 %
Saved rollout MP4 at path ./rollouts/2026_04_07/primary--2026_04_07-18_57_52--episode=190--success=True--task=put_the_wine_bottle_on_the_rack.mp4
Saved rollout MP4 at path ./rollouts/2026_04_07/wrist--2026_04_07-18_57_52--episode=190--success=True--task=put_the_wine_bottle_on_the_rack.mp4
04/07 [22:53:15] INFO     | >> Success: True              run_libero_eval.py:230
                 INFO     | >> # episodes completed so    run_libero_eval.py:230
                          far: 190                                              
                 INFO     | >> # successes: 183 (96.3%)   run_libero_eval.py:230

 50%|█████     | 10/20 [13:21<13:26, 80.65s/it][A                 INFO     | >>                            run_libero_eval.py:230
                          Task: put the wine bottle on                          
                          the rack                                              
                 INFO     | >> Starting episode 11...     run_libero_eval.py:230
huggingface/tokenizers: The current process just got forked, after parallelism has already been used. Disabling parallelism to avoid deadlocks...
To disable this warning, you can either:
	- Avoid using `tokenizers` before the fork if possible
	- Explicitly set the environment variable TOKENIZERS_PARALLELISM=(true | false)
huggingface/tokenizers: The current process just got forked, after parallelism has already been used. Disabling parallelism to avoid deadlocks...
To disable this warning, you can either:
	- Avoid using `tokenizers` before the fork if possible
	- Explicitly set the environment variable TOKENIZERS_PARALLELISM=(true | false)
>> VLA-Cache inference mode
Current CUDA latency: 324.168274 ms | Average CUDA latency: 181.107074 ms, Average TFLOPs: 2.927281
>> VLA-Cache inference mode
Current CUDA latency: 259.093750 ms | Average CUDA latency: 181.135097 ms, Average TFLOPs: 2.927309
>> VLA-Cache inference mode
Current CUDA latency: 190.207901 ms | Average CUDA latency: 181.138356 ms, Average TFLOPs: 2.927323
>> VLA-Cache inference mode
Current CUDA latency: 215.803360 ms | Average CUDA latency: 181.150803 ms, Average TFLOPs: 2.927348
>> VLA-Cache inference mode
Current CUDA latency: 119.152641 ms | Average CUDA latency: 181.128549 ms, Average TFLOPs: 2.927369
>> VLA-Cache inference mode
Current CUDA latency: 112.055428 ms | Average CUDA latency: 181.103765 ms, Average TFLOPs: 2.927392
>> VLA-Cache inference mode
Current CUDA latency: 109.165726 ms | Average CUDA latency: 181.077962 ms, Average TFLOPs: 2.927397
>> VLA-Cache inference mode
Current CUDA latency: 111.653442 ms | Average CUDA latency: 181.053070 ms, Average TFLOPs: 2.927415
>> VLA-Cache inference mode
Current CUDA latency: 187.860001 ms | Average CUDA latency: 181.055510 ms, Average TFLOPs: 2.927442
>> VLA-Cache inference mode
Current CUDA latency: 117.087936 ms | Average CUDA latency: 181.032591 ms, Average TFLOPs: 2.927454
>> VLA-Cache inference mode
Current CUDA latency: 118.389633 ms | Average CUDA latency: 181.010154 ms, Average TFLOPs: 2.927460
>> VLA-Cache inference mode
Current CUDA latency: 139.302780 ms | Average CUDA latency: 180.995221 ms, Average TFLOPs: 2.927424
>> VLA-Cache inference mode
Current CUDA latency: 116.675713 ms | Average CUDA latency: 180.972201 ms, Average TFLOPs: 2.927425
>> VLA-Cache inference mode
Current CUDA latency: 102.089149 ms | Average CUDA latency: 180.943978 ms, Average TFLOPs: 2.927399
>> VLA-Cache inference mode
Current CUDA latency: 119.592484 ms | Average CUDA latency: 180.922035 ms, Average TFLOPs: 2.927365
>> VLA-Cache inference mode
Current CUDA latency: 103.879295 ms | Average CUDA latency: 180.894490 ms, Average TFLOPs: 2.927323
Average time per step: 597.5756 ms, Control Frequency: 13.39 Hz, Token Reusing Ratio (Primary): 32.71 %, , Token Reusing Ratio (Wrist): 34.95 %
Saved rollout MP4 at path ./rollouts/2026_04_07/primary--2026_04_07-18_57_52--episode=191--success=True--task=put_the_wine_bottle_on_the_rack.mp4
Saved rollout MP4 at path ./rollouts/2026_04_07/wrist--2026_04_07-18_57_52--episode=191--success=True--task=put_the_wine_bottle_on_the_rack.mp4
04/07 [22:54:34] INFO     | >> Success: True              run_libero_eval.py:230
                 INFO     | >> # episodes completed so    run_libero_eval.py:230
                          far: 191                                              
                 INFO     | >> # successes: 184 (96.3%)   run_libero_eval.py:230

 55%|█████▌    | 11/20 [14:40<12:01, 80.16s/it][A                 INFO     | >>                            run_libero_eval.py:230
                          Task: put the wine bottle on                          
                          the rack                                              
                 INFO     | >> Starting episode 12...     run_libero_eval.py:230
huggingface/tokenizers: The current process just got forked, after parallelism has already been used. Disabling parallelism to avoid deadlocks...
To disable this warning, you can either:
	- Avoid using `tokenizers` before the fork if possible
	- Explicitly set the environment variable TOKENIZERS_PARALLELISM=(true | false)
huggingface/tokenizers: The current process just got forked, after parallelism has already been used. Disabling parallelism to avoid deadlocks...
To disable this warning, you can either:
	- Avoid using `tokenizers` before the fork if possible
	- Explicitly set the environment variable TOKENIZERS_PARALLELISM=(true | false)
>> VLA-Cache inference mode
Current CUDA latency: 492.616791 ms | Average CUDA latency: 181.005899 ms, Average TFLOPs: 2.927597
>> VLA-Cache inference mode
Current CUDA latency: 390.873230 ms | Average CUDA latency: 181.080879 ms, Average TFLOPs: 2.927614
>> VLA-Cache inference mode
Current CUDA latency: 148.771194 ms | Average CUDA latency: 181.069340 ms, Average TFLOPs: 2.927612
>> VLA-Cache inference mode
Current CUDA latency: 126.182274 ms | Average CUDA latency: 181.049744 ms, Average TFLOPs: 2.927623
>> VLA-Cache inference mode
Current CUDA latency: 122.569313 ms | Average CUDA latency: 181.028873 ms, Average TFLOPs: 2.927629
>> VLA-Cache inference mode
Current CUDA latency: 134.199036 ms | Average CUDA latency: 181.012166 ms, Average TFLOPs: 2.927644
>> VLA-Cache inference mode
Current CUDA latency: 233.414536 ms | Average CUDA latency: 181.030855 ms, Average TFLOPs: 2.927655
>> VLA-Cache inference mode
Current CUDA latency: 230.908966 ms | Average CUDA latency: 181.048636 ms, Average TFLOPs: 2.927663
>> VLA-Cache inference mode
Current CUDA latency: 126.648575 ms | Average CUDA latency: 181.029249 ms, Average TFLOPs: 2.927698
>> VLA-Cache inference mode
Current CUDA latency: 136.799545 ms | Average CUDA latency: 181.013492 ms, Average TFLOPs: 2.927698
>> VLA-Cache inference mode
Current CUDA latency: 114.350845 ms | Average CUDA latency: 180.989752 ms, Average TFLOPs: 2.927684
>> VLA-Cache inference mode
Current CUDA latency: 133.075806 ms | Average CUDA latency: 180.972695 ms, Average TFLOPs: 2.927649
>> VLA-Cache inference mode
Current CUDA latency: 356.555481 ms | Average CUDA latency: 181.035180 ms, Average TFLOPs: 2.927626
>> VLA-Cache inference mode
Current CUDA latency: 331.599274 ms | Average CUDA latency: 181.088742 ms, Average TFLOPs: 2.927595
>> VLA-Cache inference mode
Current CUDA latency: 124.883041 ms | Average CUDA latency: 181.068755 ms, Average TFLOPs: 2.927556
>> VLA-Cache inference mode
Current CUDA latency: 109.987648 ms | Average CUDA latency: 181.043486 ms, Average TFLOPs: 2.927536
Average time per step: 602.5366 ms, Control Frequency: 13.28 Hz, Token Reusing Ratio (Primary): 32.73 %, , Token Reusing Ratio (Wrist): 35.02 %
Saved rollout MP4 at path ./rollouts/2026_04_07/primary--2026_04_07-18_57_52--episode=192--success=True--task=put_the_wine_bottle_on_the_rack.mp4
Saved rollout MP4 at path ./rollouts/2026_04_07/wrist--2026_04_07-18_57_52--episode=192--success=True--task=put_the_wine_bottle_on_the_rack.mp4
04/07 [22:55:57] INFO     | >> Success: True              run_libero_eval.py:230
                 INFO     | >> # episodes completed so    run_libero_eval.py:230
                          far: 192                                              
                 INFO     | >> # successes: 185 (96.4%)   run_libero_eval.py:230

 60%|██████    | 12/20 [16:03<10:48, 81.12s/it][A                 INFO     | >>                            run_libero_eval.py:230
                          Task: put the wine bottle on                          
                          the rack                                              
                 INFO     | >> Starting episode 13...     run_libero_eval.py:230
huggingface/tokenizers: The current process just got forked, after parallelism has already been used. Disabling parallelism to avoid deadlocks...
To disable this warning, you can either:
	- Avoid using `tokenizers` before the fork if possible
	- Explicitly set the environment variable TOKENIZERS_PARALLELISM=(true | false)
huggingface/tokenizers: The current process just got forked, after parallelism has already been used. Disabling parallelism to avoid deadlocks...
To disable this warning, you can either:
	- Avoid using `tokenizers` before the fork if possible
	- Explicitly set the environment variable TOKENIZERS_PARALLELISM=(true | false)
>> VLA-Cache inference mode
Current CUDA latency: 380.405334 ms | Average CUDA latency: 181.114332 ms, Average TFLOPs: 2.927808
>> VLA-Cache inference mode
Current CUDA latency: 391.023041 ms | Average CUDA latency: 181.188900 ms, Average TFLOPs: 2.927821
>> VLA-Cache inference mode
Current CUDA latency: 149.641541 ms | Average CUDA latency: 181.177697 ms, Average TFLOPs: 2.927838
>> VLA-Cache inference mode
Current CUDA latency: 123.122627 ms | Average CUDA latency: 181.157088 ms, Average TFLOPs: 2.927867
>> VLA-Cache inference mode
Current CUDA latency: 122.676674 ms | Average CUDA latency: 181.136336 ms, Average TFLOPs: 2.927877
>> VLA-Cache inference mode
Current CUDA latency: 108.283745 ms | Average CUDA latency: 181.110492 ms, Average TFLOPs: 2.927884
>> VLA-Cache inference mode
Current CUDA latency: 109.915840 ms | Average CUDA latency: 181.085246 ms, Average TFLOPs: 2.927901
>> VLA-Cache inference mode
Current CUDA latency: 141.051392 ms | Average CUDA latency: 181.071055 ms, Average TFLOPs: 2.927941
>> VLA-Cache inference mode
Current CUDA latency: 110.169312 ms | Average CUDA latency: 181.045930 ms, Average TFLOPs: 2.927960
>> VLA-Cache inference mode
Current CUDA latency: 110.957344 ms | Average CUDA latency: 181.021102 ms, Average TFLOPs: 2.927968
>> VLA-Cache inference mode
Current CUDA latency: 133.964386 ms | Average CUDA latency: 181.004439 ms, Average TFLOPs: 2.927954
>> VLA-Cache inference mode
Current CUDA latency: 109.411552 ms | Average CUDA latency: 180.979097 ms, Average TFLOPs: 2.927951
>> VLA-Cache inference mode
Current CUDA latency: 108.490143 ms | Average CUDA latency: 180.953446 ms, Average TFLOPs: 2.927926
>> VLA-Cache inference mode
Current CUDA latency: 114.834335 ms | Average CUDA latency: 180.930058 ms, Average TFLOPs: 2.927893
>> VLA-Cache inference mode
Current CUDA latency: 104.677345 ms | Average CUDA latency: 180.903094 ms, Average TFLOPs: 2.927865
Average time per step: 595.9469 ms, Control Frequency: 13.42 Hz, Token Reusing Ratio (Primary): 32.61 %, , Token Reusing Ratio (Wrist): 35.04 %
Saved rollout MP4 at path ./rollouts/2026_04_07/primary--2026_04_07-18_57_52--episode=193--success=True--task=put_the_wine_bottle_on_the_rack.mp4
Saved rollout MP4 at path ./rollouts/2026_04_07/wrist--2026_04_07-18_57_52--episode=193--success=True--task=put_the_wine_bottle_on_the_rack.mp4
04/07 [22:57:05] INFO     | >> Success: True              run_libero_eval.py:230
                 INFO     | >> # episodes completed so    run_libero_eval.py:230
                          far: 193                                              
                 INFO     | >> # successes: 186 (96.4%)   run_libero_eval.py:230

 65%|██████▌   | 13/20 [17:11<08:59, 77.02s/it][A                 INFO     | >>                            run_libero_eval.py:230
                          Task: put the wine bottle on                          
                          the rack                                              
                 INFO     | >> Starting episode 14...     run_libero_eval.py:230
huggingface/tokenizers: The current process just got forked, after parallelism has already been used. Disabling parallelism to avoid deadlocks...
To disable this warning, you can either:
	- Avoid using `tokenizers` before the fork if possible
	- Explicitly set the environment variable TOKENIZERS_PARALLELISM=(true | false)
huggingface/tokenizers: The current process just got forked, after parallelism has already been used. Disabling parallelism to avoid deadlocks...
To disable this warning, you can either:
	- Avoid using `tokenizers` before the fork if possible
	- Explicitly set the environment variable TOKENIZERS_PARALLELISM=(true | false)
>> VLA-Cache inference mode
Current CUDA latency: 380.622955 ms | Average CUDA latency: 180.973691 ms, Average TFLOPs: 2.928136
>> VLA-Cache inference mode
Current CUDA latency: 279.147766 ms | Average CUDA latency: 181.008382 ms, Average TFLOPs: 2.928151
>> VLA-Cache inference mode
Current CUDA latency: 213.034302 ms | Average CUDA latency: 181.019694 ms, Average TFLOPs: 2.928159
>> VLA-Cache inference mode
Current CUDA latency: 140.224380 ms | Average CUDA latency: 181.005289 ms, Average TFLOPs: 2.928187
>> VLA-Cache inference mode
Current CUDA latency: 112.264580 ms | Average CUDA latency: 180.981025 ms, Average TFLOPs: 2.928196
>> VLA-Cache inference mode
Current CUDA latency: 115.407204 ms | Average CUDA latency: 180.957887 ms, Average TFLOPs: 2.928213
>> VLA-Cache inference mode
Current CUDA latency: 109.646881 ms | Average CUDA latency: 180.932733 ms, Average TFLOPs: 2.928227
>> VLA-Cache inference mode
Current CUDA latency: 111.736351 ms | Average CUDA latency: 180.908334 ms, Average TFLOPs: 2.928242
>> VLA-Cache inference mode
Current CUDA latency: 194.530243 ms | Average CUDA latency: 180.913135 ms, Average TFLOPs: 2.928271
>> VLA-Cache inference mode
Current CUDA latency: 372.514679 ms | Average CUDA latency: 180.980648 ms, Average TFLOPs: 2.928270
>> VLA-Cache inference mode
Current CUDA latency: 141.820801 ms | Average CUDA latency: 180.966855 ms, Average TFLOPs: 2.928251
>> VLA-Cache inference mode
Current CUDA latency: 136.636963 ms | Average CUDA latency: 180.951245 ms, Average TFLOPs: 2.928208
>> VLA-Cache inference mode
Current CUDA latency: 184.917343 ms | Average CUDA latency: 180.952641 ms, Average TFLOPs: 2.928175
>> VLA-Cache inference mode
Current CUDA latency: 210.252380 ms | Average CUDA latency: 180.962951 ms, Average TFLOPs: 2.928136
>> VLA-Cache inference mode
Current CUDA latency: 120.046654 ms | Average CUDA latency: 180.941524 ms, Average TFLOPs: 2.928095
Average time per step: 596.0337 ms, Control Frequency: 13.42 Hz, Token Reusing Ratio (Primary): 32.61 %, , Token Reusing Ratio (Wrist): 35.11 %
Saved rollout MP4 at path ./rollouts/2026_04_07/primary--2026_04_07-18_57_52--episode=194--success=True--task=put_the_wine_bottle_on_the_rack.mp4
Saved rollout MP4 at path ./rollouts/2026_04_07/wrist--2026_04_07-18_57_52--episode=194--success=True--task=put_the_wine_bottle_on_the_rack.mp4
04/07 [22:58:19] INFO     | >> Success: True              run_libero_eval.py:230
                 INFO     | >> # episodes completed so    run_libero_eval.py:230
                          far: 194                                              
                 INFO     | >> # successes: 187 (96.4%)   run_libero_eval.py:230

 70%|███████   | 14/20 [18:25<07:37, 76.23s/it][A                 INFO     | >>                            run_libero_eval.py:230
                          Task: put the wine bottle on                          
                          the rack                                              
                 INFO     | >> Starting episode 15...     run_libero_eval.py:230
huggingface/tokenizers: The current process just got forked, after parallelism has already been used. Disabling parallelism to avoid deadlocks...
To disable this warning, you can either:
	- Avoid using `tokenizers` before the fork if possible
	- Explicitly set the environment variable TOKENIZERS_PARALLELISM=(true | false)
huggingface/tokenizers: The current process just got forked, after parallelism has already been used. Disabling parallelism to avoid deadlocks...
To disable this warning, you can either:
	- Avoid using `tokenizers` before the fork if possible
	- Explicitly set the environment variable TOKENIZERS_PARALLELISM=(true | false)
>> VLA-Cache inference mode
Current CUDA latency: 403.784424 ms | Average CUDA latency: 181.019880 ms, Average TFLOPs: 2.928364
>> VLA-Cache inference mode
Current CUDA latency: 328.077698 ms | Average CUDA latency: 181.071570 ms, Average TFLOPs: 2.928383
>> VLA-Cache inference mode
Current CUDA latency: 125.825500 ms | Average CUDA latency: 181.052158 ms, Average TFLOPs: 2.928392
>> VLA-Cache inference mode
Current CUDA latency: 118.777695 ms | Average CUDA latency: 181.030284 ms, Average TFLOPs: 2.928395
>> VLA-Cache inference mode
Current CUDA latency: 109.688576 ms | Average CUDA latency: 181.005234 ms, Average TFLOPs: 2.928411
>> VLA-Cache inference mode
Current CUDA latency: 118.244476 ms | Average CUDA latency: 180.983205 ms, Average TFLOPs: 2.928425
>> VLA-Cache inference mode
Current CUDA latency: 135.651001 ms | Average CUDA latency: 180.967299 ms, Average TFLOPs: 2.928442
>> VLA-Cache inference mode
Current CUDA latency: 112.583298 ms | Average CUDA latency: 180.943313 ms, Average TFLOPs: 2.928463
>> VLA-Cache inference mode
Current CUDA latency: 140.982651 ms | Average CUDA latency: 180.929302 ms, Average TFLOPs: 2.928489
>> VLA-Cache inference mode
Current CUDA latency: 112.876419 ms | Average CUDA latency: 180.905449 ms, Average TFLOPs: 2.928494
>> VLA-Cache inference mode
Current CUDA latency: 157.785889 ms | Average CUDA latency: 180.897348 ms, Average TFLOPs: 2.928465
>> VLA-Cache inference mode
Current CUDA latency: 199.062881 ms | Average CUDA latency: 180.903711 ms, Average TFLOPs: 2.928462
>> VLA-Cache inference mode
Current CUDA latency: 166.442490 ms | Average CUDA latency: 180.898647 ms, Average TFLOPs: 2.928429
>> VLA-Cache inference mode
Current CUDA latency: 133.818939 ms | Average CUDA latency: 180.882169 ms, Average TFLOPs: 2.928401
>> VLA-Cache inference mode
Current CUDA latency: 165.760986 ms | Average CUDA latency: 180.876878 ms, Average TFLOPs: 2.928387
Average time per step: 595.7343 ms, Control Frequency: 13.43 Hz, Token Reusing Ratio (Primary): 32.57 %, , Token Reusing Ratio (Wrist): 35.06 %
Saved rollout MP4 at path ./rollouts/2026_04_07/primary--2026_04_07-18_57_52--episode=195--success=True--task=put_the_wine_bottle_on_the_rack.mp4
Saved rollout MP4 at path ./rollouts/2026_04_07/wrist--2026_04_07-18_57_52--episode=195--success=True--task=put_the_wine_bottle_on_the_rack.mp4
04/07 [22:59:38] INFO     | >> Success: True              run_libero_eval.py:230
                 INFO     | >> # episodes completed so    run_libero_eval.py:230
                          far: 195                                              
                 INFO     | >> # successes: 188 (96.4%)   run_libero_eval.py:230

 75%|███████▌  | 15/20 [19:43<06:24, 76.87s/it][A                 INFO     | >>                            run_libero_eval.py:230
                          Task: put the wine bottle on                          
                          the rack                                              
                 INFO     | >> Starting episode 16...     run_libero_eval.py:230
huggingface/tokenizers: The current process just got forked, after parallelism has already been used. Disabling parallelism to avoid deadlocks...
To disable this warning, you can either:
	- Avoid using `tokenizers` before the fork if possible
	- Explicitly set the environment variable TOKENIZERS_PARALLELISM=(true | false)
huggingface/tokenizers: The current process just got forked, after parallelism has already been used. Disabling parallelism to avoid deadlocks...
To disable this warning, you can either:
	- Avoid using `tokenizers` before the fork if possible
	- Explicitly set the environment variable TOKENIZERS_PARALLELISM=(true | false)
>> VLA-Cache inference mode
Current CUDA latency: 308.756409 ms | Average CUDA latency: 180.921606 ms, Average TFLOPs: 2.928654
>> VLA-Cache inference mode
Current CUDA latency: 253.444122 ms | Average CUDA latency: 180.946964 ms, Average TFLOPs: 2.928672
>> VLA-Cache inference mode
Current CUDA latency: 130.012253 ms | Average CUDA latency: 180.929161 ms, Average TFLOPs: 2.928674
>> VLA-Cache inference mode
Current CUDA latency: 116.851837 ms | Average CUDA latency: 180.906772 ms, Average TFLOPs: 2.928691
>> VLA-Cache inference mode
Current CUDA latency: 111.286179 ms | Average CUDA latency: 180.882454 ms, Average TFLOPs: 2.928699
>> VLA-Cache inference mode
Current CUDA latency: 114.766563 ms | Average CUDA latency: 180.859369 ms, Average TFLOPs: 2.928700
>> VLA-Cache inference mode
Current CUDA latency: 125.660225 ms | Average CUDA latency: 180.840103 ms, Average TFLOPs: 2.928701
>> VLA-Cache inference mode
Current CUDA latency: 256.445801 ms | Average CUDA latency: 180.866483 ms, Average TFLOPs: 2.928720
>> VLA-Cache inference mode
Current CUDA latency: 150.446777 ms | Average CUDA latency: 180.855873 ms, Average TFLOPs: 2.928729
>> VLA-Cache inference mode
Current CUDA latency: 145.111069 ms | Average CUDA latency: 180.843409 ms, Average TFLOPs: 2.928721
>> VLA-Cache inference mode
Current CUDA latency: 110.279549 ms | Average CUDA latency: 180.818814 ms, Average TFLOPs: 2.928716
>> VLA-Cache inference mode
Current CUDA latency: 107.247841 ms | Average CUDA latency: 180.793179 ms, Average TFLOPs: 2.928684
>> VLA-Cache inference mode
Current CUDA latency: 127.265602 ms | Average CUDA latency: 180.774535 ms, Average TFLOPs: 2.928662
>> VLA-Cache inference mode
Current CUDA latency: 581.353699 ms | Average CUDA latency: 180.914013 ms, Average TFLOPs: 2.928630
>> VLA-Cache inference mode
Current CUDA latency: 164.303009 ms | Average CUDA latency: 180.908231 ms, Average TFLOPs: 2.928595
Average time per step: 597.6324 ms, Control Frequency: 13.39 Hz, Token Reusing Ratio (Primary): 32.64 %, , Token Reusing Ratio (Wrist): 35.02 %
Saved rollout MP4 at path ./rollouts/2026_04_07/primary--2026_04_07-18_57_52--episode=196--success=True--task=put_the_wine_bottle_on_the_rack.mp4
Saved rollout MP4 at path ./rollouts/2026_04_07/wrist--2026_04_07-18_57_52--episode=196--success=True--task=put_the_wine_bottle_on_the_rack.mp4
04/07 [23:00:55] INFO     | >> Success: True              run_libero_eval.py:230
                 INFO     | >> # episodes completed so    run_libero_eval.py:230
                          far: 196                                              
                 INFO     | >> # successes: 189 (96.4%)   run_libero_eval.py:230

 80%|████████  | 16/20 [21:00<05:07, 76.95s/it][A                 INFO     | >>                            run_libero_eval.py:230
                          Task: put the wine bottle on                          
                          the rack                                              
                 INFO     | >> Starting episode 17...     run_libero_eval.py:230
huggingface/tokenizers: The current process just got forked, after parallelism has already been used. Disabling parallelism to avoid deadlocks...
To disable this warning, you can either:
	- Avoid using `tokenizers` before the fork if possible
	- Explicitly set the environment variable TOKENIZERS_PARALLELISM=(true | false)
huggingface/tokenizers: The current process just got forked, after parallelism has already been used. Disabling parallelism to avoid deadlocks...
To disable this warning, you can either:
	- Avoid using `tokenizers` before the fork if possible
	- Explicitly set the environment variable TOKENIZERS_PARALLELISM=(true | false)
>> VLA-Cache inference mode
Current CUDA latency: 307.895569 ms | Average CUDA latency: 180.952416 ms, Average TFLOPs: 2.928861
>> VLA-Cache inference mode
Current CUDA latency: 259.127167 ms | Average CUDA latency: 180.979607 ms, Average TFLOPs: 2.928879
>> VLA-Cache inference mode
Current CUDA latency: 238.400314 ms | Average CUDA latency: 180.999572 ms, Average TFLOPs: 2.928891
>> VLA-Cache inference mode
Current CUDA latency: 148.826233 ms | Average CUDA latency: 180.988390 ms, Average TFLOPs: 2.928903
>> VLA-Cache inference mode
Current CUDA latency: 132.329468 ms | Average CUDA latency: 180.971482 ms, Average TFLOPs: 2.928928
>> VLA-Cache inference mode
Current CUDA latency: 112.012192 ms | Average CUDA latency: 180.947530 ms, Average TFLOPs: 2.928948
>> VLA-Cache inference mode
Current CUDA latency: 119.183075 ms | Average CUDA latency: 180.926084 ms, Average TFLOPs: 2.928948
>> VLA-Cache inference mode
Current CUDA latency: 111.588127 ms | Average CUDA latency: 180.902016 ms, Average TFLOPs: 2.928954
>> VLA-Cache inference mode
Current CUDA latency: 128.750458 ms | Average CUDA latency: 180.883921 ms, Average TFLOPs: 2.928967
>> VLA-Cache inference mode
Current CUDA latency: 115.980515 ms | Average CUDA latency: 180.861408 ms, Average TFLOPs: 2.928965
>> VLA-Cache inference mode
Current CUDA latency: 257.053131 ms | Average CUDA latency: 180.887827 ms, Average TFLOPs: 2.928974
>> VLA-Cache inference mode
Current CUDA latency: 284.743134 ms | Average CUDA latency: 180.923826 ms, Average TFLOPs: 2.928948
>> VLA-Cache inference mode
Current CUDA latency: 121.590050 ms | Average CUDA latency: 180.903266 ms, Average TFLOPs: 2.928939
>> VLA-Cache inference mode
Current CUDA latency: 104.816673 ms | Average CUDA latency: 180.876911 ms, Average TFLOPs: 2.928913
>> VLA-Cache inference mode
Current CUDA latency: 131.429764 ms | Average CUDA latency: 180.859790 ms, Average TFLOPs: 2.928871
>> VLA-Cache inference mode
Current CUDA latency: 156.279068 ms | Average CUDA latency: 180.851282 ms, Average TFLOPs: 2.928821
>> VLA-Cache inference mode
Current CUDA latency: 226.408890 ms | Average CUDA latency: 180.867045 ms, Average TFLOPs: 2.928785
>> VLA-Cache inference mode
Current CUDA latency: 232.625473 ms | Average CUDA latency: 180.884949 ms, Average TFLOPs: 2.928762
>> VLA-Cache inference mode
Current CUDA latency: 130.826874 ms | Average CUDA latency: 180.867640 ms, Average TFLOPs: 2.928752
>> VLA-Cache inference mode
Current CUDA latency: 148.466171 ms | Average CUDA latency: 180.856440 ms, Average TFLOPs: 2.928743
>> VLA-Cache inference mode
Current CUDA latency: 112.563583 ms | Average CUDA latency: 180.832841 ms, Average TFLOPs: 2.928727
>> VLA-Cache inference mode
Current CUDA latency: 117.218079 ms | Average CUDA latency: 180.810867 ms, Average TFLOPs: 2.928715
>> VLA-Cache inference mode
Current CUDA latency: 164.482590 ms | Average CUDA latency: 180.805229 ms, Average TFLOPs: 2.928702
>> VLA-Cache inference mode
Current CUDA latency: 151.400482 ms | Average CUDA latency: 180.795079 ms, Average TFLOPs: 2.928692
>> VLA-Cache inference mode
Current CUDA latency: 192.429794 ms | Average CUDA latency: 180.799094 ms, Average TFLOPs: 2.928687
Average time per step: 594.8164 ms, Control Frequency: 13.45 Hz, Token Reusing Ratio (Primary): 32.63 %, , Token Reusing Ratio (Wrist): 35.14 %
Saved rollout MP4 at path ./rollouts/2026_04_07/primary--2026_04_07-18_57_52--episode=197--success=True--task=put_the_wine_bottle_on_the_rack.mp4
Saved rollout MP4 at path ./rollouts/2026_04_07/wrist--2026_04_07-18_57_52--episode=197--success=True--task=put_the_wine_bottle_on_the_rack.mp4
04/07 [23:02:51] INFO     | >> Success: True              run_libero_eval.py:230
                 INFO     | >> # episodes completed so    run_libero_eval.py:230
                          far: 197                                              
                 INFO     | >> # successes: 190 (96.4%)   run_libero_eval.py:230

 85%|████████▌ | 17/20 [22:57<04:26, 88.86s/it][A                 INFO     | >>                            run_libero_eval.py:230
                          Task: put the wine bottle on                          
                          the rack                                              
                 INFO     | >> Starting episode 18...     run_libero_eval.py:230
huggingface/tokenizers: The current process just got forked, after parallelism has already been used. Disabling parallelism to avoid deadlocks...
To disable this warning, you can either:
	- Avoid using `tokenizers` before the fork if possible
	- Explicitly set the environment variable TOKENIZERS_PARALLELISM=(true | false)
huggingface/tokenizers: The current process just got forked, after parallelism has already been used. Disabling parallelism to avoid deadlocks...
To disable this warning, you can either:
	- Avoid using `tokenizers` before the fork if possible
	- Explicitly set the environment variable TOKENIZERS_PARALLELISM=(true | false)
>> VLA-Cache inference mode
Current CUDA latency: 297.429047 ms | Average CUDA latency: 180.839325 ms, Average TFLOPs: 2.928951
>> VLA-Cache inference mode
Current CUDA latency: 235.602234 ms | Average CUDA latency: 180.858209 ms, Average TFLOPs: 2.928973
>> VLA-Cache inference mode
Current CUDA latency: 276.727753 ms | Average CUDA latency: 180.891256 ms, Average TFLOPs: 2.928981
>> VLA-Cache inference mode
Current CUDA latency: 432.193176 ms | Average CUDA latency: 180.977852 ms, Average TFLOPs: 2.929000
>> VLA-Cache inference mode
Current CUDA latency: 202.529984 ms | Average CUDA latency: 180.985276 ms, Average TFLOPs: 2.928997
>> VLA-Cache inference mode
Current CUDA latency: 119.817757 ms | Average CUDA latency: 180.964213 ms, Average TFLOPs: 2.929011
>> VLA-Cache inference mode
Current CUDA latency: 115.456352 ms | Average CUDA latency: 180.941663 ms, Average TFLOPs: 2.929007
>> VLA-Cache inference mode
Current CUDA latency: 134.587814 ms | Average CUDA latency: 180.925712 ms, Average TFLOPs: 2.929019
>> VLA-Cache inference mode
Current CUDA latency: 158.480255 ms | Average CUDA latency: 180.917991 ms, Average TFLOPs: 2.929051
>> VLA-Cache inference mode
Current CUDA latency: 138.305054 ms | Average CUDA latency: 180.903337 ms, Average TFLOPs: 2.929073
>> VLA-Cache inference mode
Current CUDA latency: 109.771904 ms | Average CUDA latency: 180.878885 ms, Average TFLOPs: 2.929080
>> VLA-Cache inference mode
Current CUDA latency: 115.347809 ms | Average CUDA latency: 180.856365 ms, Average TFLOPs: 2.929083
>> VLA-Cache inference mode
Current CUDA latency: 125.637054 ms | Average CUDA latency: 180.837396 ms, Average TFLOPs: 2.929083
>> VLA-Cache inference mode
Current CUDA latency: 166.623611 ms | Average CUDA latency: 180.832515 ms, Average TFLOPs: 2.929063
>> VLA-Cache inference mode
Current CUDA latency: 190.875046 ms | Average CUDA latency: 180.835963 ms, Average TFLOPs: 2.929042
>> VLA-Cache inference mode
Current CUDA latency: 133.974045 ms | Average CUDA latency: 180.819881 ms, Average TFLOPs: 2.929017
>> VLA-Cache inference mode
Current CUDA latency: 103.641281 ms | Average CUDA latency: 180.793405 ms, Average TFLOPs: 2.928996
Average time per step: 595.9173 ms, Control Frequency: 13.42 Hz, Token Reusing Ratio (Primary): 32.63 %, , Token Reusing Ratio (Wrist): 35.11 %
Saved rollout MP4 at path ./rollouts/2026_04_07/primary--2026_04_07-18_57_52--episode=198--success=True--task=put_the_wine_bottle_on_the_rack.mp4
Saved rollout MP4 at path ./rollouts/2026_04_07/wrist--2026_04_07-18_57_52--episode=198--success=True--task=put_the_wine_bottle_on_the_rack.mp4
04/07 [23:04:23] INFO     | >> Success: True              run_libero_eval.py:230
                 INFO     | >> # episodes completed so    run_libero_eval.py:230
                          far: 198                                              
04/07 [23:04:24] INFO     | >> # successes: 191 (96.5%)   run_libero_eval.py:230

 90%|█████████ | 18/20 [24:29<02:59, 89.84s/it][A                 INFO     | >>                            run_libero_eval.py:230
                          Task: put the wine bottle on                          
                          the rack                                              
                 INFO     | >> Starting episode 19...     run_libero_eval.py:230
huggingface/tokenizers: The current process just got forked, after parallelism has already been used. Disabling parallelism to avoid deadlocks...
To disable this warning, you can either:
	- Avoid using `tokenizers` before the fork if possible
	- Explicitly set the environment variable TOKENIZERS_PARALLELISM=(true | false)
huggingface/tokenizers: The current process just got forked, after parallelism has already been used. Disabling parallelism to avoid deadlocks...
To disable this warning, you can either:
	- Avoid using `tokenizers` before the fork if possible
	- Explicitly set the environment variable TOKENIZERS_PARALLELISM=(true | false)
>> VLA-Cache inference mode
Current CUDA latency: 307.235748 ms | Average CUDA latency: 180.836766 ms, Average TFLOPs: 2.929258
>> VLA-Cache inference mode
Current CUDA latency: 244.444763 ms | Average CUDA latency: 180.858572 ms, Average TFLOPs: 2.929259
>> VLA-Cache inference mode
Current CUDA latency: 114.728737 ms | Average CUDA latency: 180.835909 ms, Average TFLOPs: 2.929260
>> VLA-Cache inference mode
Current CUDA latency: 116.811615 ms | Average CUDA latency: 180.813976 ms, Average TFLOPs: 2.929263
>> VLA-Cache inference mode
Current CUDA latency: 120.754112 ms | Average CUDA latency: 180.793407 ms, Average TFLOPs: 2.929271
>> VLA-Cache inference mode
Current CUDA latency: 145.539581 ms | Average CUDA latency: 180.781338 ms, Average TFLOPs: 2.929283
>> VLA-Cache inference mode
Current CUDA latency: 162.960999 ms | Average CUDA latency: 180.775240 ms, Average TFLOPs: 2.929289
>> VLA-Cache inference mode
Current CUDA latency: 166.177505 ms | Average CUDA latency: 180.770245 ms, Average TFLOPs: 2.929302
>> VLA-Cache inference mode
Current CUDA latency: 130.679169 ms | Average CUDA latency: 180.753114 ms, Average TFLOPs: 2.929320
>> VLA-Cache inference mode
Current CUDA latency: 121.837151 ms | Average CUDA latency: 180.732972 ms, Average TFLOPs: 2.929323
>> VLA-Cache inference mode
Current CUDA latency: 179.755783 ms | Average CUDA latency: 180.732638 ms, Average TFLOPs: 2.929299
>> VLA-Cache inference mode
Current CUDA latency: 106.152702 ms | Average CUDA latency: 180.707158 ms, Average TFLOPs: 2.929274
>> VLA-Cache inference mode
Current CUDA latency: 115.047646 ms | Average CUDA latency: 180.684734 ms, Average TFLOPs: 2.929240
>> VLA-Cache inference mode
Current CUDA latency: 102.468384 ms | Average CUDA latency: 180.658029 ms, Average TFLOPs: 2.929200
>> VLA-Cache inference mode
Current CUDA latency: 103.706528 ms | Average CUDA latency: 180.631766 ms, Average TFLOPs: 2.929169
Average time per step: 592.3439 ms, Control Frequency: 13.51 Hz, Token Reusing Ratio (Primary): 32.67 %, , Token Reusing Ratio (Wrist): 35.10 %
Saved rollout MP4 at path ./rollouts/2026_04_07/primary--2026_04_07-18_57_52--episode=199--success=True--task=put_the_wine_bottle_on_the_rack.mp4
Saved rollout MP4 at path ./rollouts/2026_04_07/wrist--2026_04_07-18_57_52--episode=199--success=True--task=put_the_wine_bottle_on_the_rack.mp4
04/07 [23:05:35] INFO     | >> Success: True              run_libero_eval.py:230
                 INFO     | >> # episodes completed so    run_libero_eval.py:230
                          far: 199                                              
                 INFO     | >> # successes: 192 (96.5%)   run_libero_eval.py:230

 95%|█████████▌| 19/20 [25:41<01:24, 84.31s/it][A                 INFO     | >>                            run_libero_eval.py:230
                          Task: put the wine bottle on                          
                          the rack                                              
                 INFO     | >> Starting episode 20...     run_libero_eval.py:230
huggingface/tokenizers: The current process just got forked, after parallelism has already been used. Disabling parallelism to avoid deadlocks...
To disable this warning, you can either:
	- Avoid using `tokenizers` before the fork if possible
	- Explicitly set the environment variable TOKENIZERS_PARALLELISM=(true | false)
huggingface/tokenizers: The current process just got forked, after parallelism has already been used. Disabling parallelism to avoid deadlocks...
To disable this warning, you can either:
	- Avoid using `tokenizers` before the fork if possible
	- Explicitly set the environment variable TOKENIZERS_PARALLELISM=(true | false)
>> VLA-Cache inference mode
Current CUDA latency: 295.527039 ms | Average CUDA latency: 180.670966 ms, Average TFLOPs: 2.929430
>> VLA-Cache inference mode
Current CUDA latency: 311.105316 ms | Average CUDA latency: 180.715453 ms, Average TFLOPs: 2.929452
>> VLA-Cache inference mode
Current CUDA latency: 585.669312 ms | Average CUDA latency: 180.853521 ms, Average TFLOPs: 2.929463
>> VLA-Cache inference mode
Current CUDA latency: 207.264420 ms | Average CUDA latency: 180.862522 ms, Average TFLOPs: 2.929473
>> VLA-Cache inference mode
Current CUDA latency: 114.287521 ms | Average CUDA latency: 180.839839 ms, Average TFLOPs: 2.929490
>> VLA-Cache inference mode
Current CUDA latency: 114.201469 ms | Average CUDA latency: 180.817142 ms, Average TFLOPs: 2.929502
>> VLA-Cache inference mode
Current CUDA latency: 117.009666 ms | Average CUDA latency: 180.795417 ms, Average TFLOPs: 2.929513
>> VLA-Cache inference mode
Current CUDA latency: 116.482498 ms | Average CUDA latency: 180.773527 ms, Average TFLOPs: 2.929517
>> VLA-Cache inference mode
Current CUDA latency: 118.192032 ms | Average CUDA latency: 180.752233 ms, Average TFLOPs: 2.929547
>> VLA-Cache inference mode
Current CUDA latency: 155.890106 ms | Average CUDA latency: 180.743777 ms, Average TFLOPs: 2.929572
>> VLA-Cache inference mode
Current CUDA latency: 210.499939 ms | Average CUDA latency: 180.753895 ms, Average TFLOPs: 2.929587
>> VLA-Cache inference mode
Current CUDA latency: 231.344315 ms | Average CUDA latency: 180.771091 ms, Average TFLOPs: 2.929559
>> VLA-Cache inference mode
Current CUDA latency: 130.558365 ms | Average CUDA latency: 180.754029 ms, Average TFLOPs: 2.929561
>> VLA-Cache inference mode
Current CUDA latency: 137.804504 ms | Average CUDA latency: 180.739440 ms, Average TFLOPs: 2.929553
>> VLA-Cache inference mode
Current CUDA latency: 239.689575 ms | Average CUDA latency: 180.759457 ms, Average TFLOPs: 2.929521
>> VLA-Cache inference mode
Current CUDA latency: 224.751968 ms | Average CUDA latency: 180.774390 ms, Average TFLOPs: 2.929486
>> VLA-Cache inference mode
Current CUDA latency: 115.902397 ms | Average CUDA latency: 180.752377 ms, Average TFLOPs: 2.929443
>> VLA-Cache inference mode
Current CUDA latency: 102.351006 ms | Average CUDA latency: 180.725782 ms, Average TFLOPs: 2.929412
Average time per step: 593.8853 ms, Control Frequency: 13.47 Hz, Token Reusing Ratio (Primary): 32.68 %, , Token Reusing Ratio (Wrist): 35.10 %
Saved rollout MP4 at path ./rollouts/2026_04_07/primary--2026_04_07-18_57_52--episode=200--success=True--task=put_the_wine_bottle_on_the_rack.mp4
Saved rollout MP4 at path ./rollouts/2026_04_07/wrist--2026_04_07-18_57_52--episode=200--success=True--task=put_the_wine_bottle_on_the_rack.mp4
04/07 [23:07:04] INFO     | >> Success: True              run_libero_eval.py:230
                 INFO     | >> # episodes completed so    run_libero_eval.py:230
                          far: 200                                              
                 INFO     | >> # successes: 193 (96.5%)   run_libero_eval.py:230

100%|██████████| 20/20 [27:09<00:00, 85.62s/it][A100%|██████████| 20/20 [27:09<00:00, 81.49s/it]
                 INFO     | >> Current task success rate: run_libero_eval.py:230
                          1.0                                                   
                 INFO     | >> Current total success      run_libero_eval.py:230
                          rate: 0.965                                           
100%|██████████| 10/10 [4:08:56<00:00, 1434.94s/it]100%|██████████| 10/10 [4:08:56<00:00, 1493.66s/it]
                 INFO     | >> Final results:             run_libero_eval.py:230
                 INFO     | >> Total episodes: 200        run_libero_eval.py:230
                 INFO     | >> Total successes: 193       run_libero_eval.py:230
                 INFO     | >> Overall success rate:      run_libero_eval.py:230
                          0.9650 (96.5%)                                        
                 INFO     | >> Results saved to           run_libero_eval.py:230
                          ./experiments/results/phase12_l                       
                          ibero_goal_cache.json                                 
Exception ignored in: <function MjRenderContext.__del__ at 0x7f4626872710>
Traceback (most recent call last):
  File "/root/sj-tmp/conda-envs/openvla-oft/lib/python3.10/site-packages/robosuite/utils/binding_utils.py", line 199, in __del__
    self.gl_ctx.free()
  File "/root/sj-tmp/conda-envs/openvla-oft/lib/python3.10/site-packages/robosuite/renderers/context/egl_context.py", line 150, in free
    EGL.eglDestroyContext(EGL_DISPLAY, self._context)
  File "/root/sj-tmp/conda-envs/openvla-oft/lib/python3.10/site-packages/OpenGL/error.py", line 230, in glCheckError
    raise self._errorClass(
OpenGL.raw.EGL._errors.EGLError: EGLError(
	err = EGL_NOT_INITIALIZED,
	baseOperation = eglDestroyContext,
	cArguments = (
		<OpenGL._opaque.EGLDisplay_pointer object at 0x7f46104921c0>,
		<OpenGL._opaque.EGLContext_pointer object at 0x7f45a827d940>,
	),
	result = 0
)
Exception ignored in: <function EGLGLContext.__del__ at 0x7f4626872560>
Traceback (most recent call last):
  File "/root/sj-tmp/conda-envs/openvla-oft/lib/python3.10/site-packages/robosuite/renderers/context/egl_context.py", line 155, in __del__
    self.free()
  File "/root/sj-tmp/conda-envs/openvla-oft/lib/python3.10/site-packages/robosuite/renderers/context/egl_context.py", line 150, in free
    EGL.eglDestroyContext(EGL_DISPLAY, self._context)
  File "/root/sj-tmp/conda-envs/openvla-oft/lib/python3.10/site-packages/OpenGL/error.py", line 230, in glCheckError
    raise self._errorClass(
OpenGL.raw.EGL._errors.EGLError: EGLError(
	err = EGL_NOT_INITIALIZED,
	baseOperation = eglDestroyContext,
	cArguments = (
		<OpenGL._opaque.EGLDisplay_pointer object at 0x7f46104921c0>,
		<OpenGL._opaque.EGLContext_pointer object at 0x7f45a827d940>,
	),
	result = 0
)
