{
  "0": 0.12134696841239934,
  "1": 0.04411175932203015,
  "2": 0.04665681294032509,
  "3": 0.01675906223910195,
  "4": 0.020035239202635613,
  "5": 0.017815830452101555,
  "6": 0.023583436438015526,
  "7": 0.04774991955075947,
  "8": 0.05579323129994529,
  "9": 0.04418602968965257,
  "10": 0.05404567931379589,
  "11": 0.05488805728299273,
  "12": 0.054051761967795264,
  "13": 0.045297158615929756,
  "14": 0.059729178036962205,
  "15": 0.062229933057512565,
  "16": 0.04875670458589276,
  "17": 0.042652022838592485,
  "18": 0.042876047747475776,
  "19": 0.040815366165978584,
  "20": 0.03735061160155706,
  "21": 0.03701058924198153,
  "22": 0.06117904058524537,
  "23": 0.032425304821559364,
  "24": 0.04510955512523651,
  "25": 0.03693146237305234,
  "26": 0.038085867251668626,
  "27": 0.03770589785916467,
  "28": 0.032595143573624696,
  "29": 0.05020973214081359,
  "30": 0.06878393590450282,
  "31": 0.13939822188445505
}